brand,model,sales_12m,active_months,recent_3m_sales,prior_3m_sales,recent_3m_avg,prior_3m_avg,growth_pct,price_bucket,body_type,vehicle_level_group,fuel_type_group,primary_segment_sales,model_recent_segment_sales,segment_recent_sales,recent_segment_share_pct,current_rank,breakout,dominant,scale_hit,persistent,breakout_type,current_status
比亚迪,宋,557941.0,12,135141.0,166939.0,45047.0,55646.333333333336,-19.04767609725708,15-20万,SUV,A,新能源,413934.0,55596.0,73486.0,75.65522684592983,1,False,True,True,True,统治型爆款,下滑
比亚迪,秦,497183.0,12,114152.0,115106.0,38050.666666666664,38368.666666666664,-0.8288012788212562,10-15万,轿车,A,新能源,356713.0,34316.0,119776.0,28.65014694095645,2,False,True,True,True,统治型爆款,稳定
特斯拉,MODEL Y,463948.0,12,101511.0,136369.0,33837.0,45456.333333333336,-25.561527913235416,25-30万,SUV,B,新能源,463948.0,101511.0,130264.0,77.92713259227415,3,False,True,True,True,统治型爆款,下滑
日产,轩逸,384037.0,12,83170.0,127291.0,27723.333333333332,42430.333333333336,-34.661523595540935,5-10万,轿车,A,其他能源,248928.0,56221.0,338446.0,16.611512619442983,4,False,False,True,True,持续型爆款,下滑
大众,朗逸,336562.0,12,79245.0,91602.0,26415.0,30534.0,-13.489880133621535,10-15万,轿车,A,其他能源,244671.0,57811.0,402642.0,14.357915965050838,5,False,False,True,True,持续型爆款,稳定
AITO,问界M7,130006.0,12,74979.0,46535.0,24993.0,15511.666666666666,61.123885247663054,25-30万,SUV,C,新能源,125036.0,74979.0,101785.0,73.6640958883922,6,True,True,True,True,规模爆款,上升
长安,CS75,266760.0,12,66043.0,71032.0,22014.333333333332,23677.333333333332,-7.023594999436877,10-15万,SUV,A,其他能源,185665.0,37021.0,437593.0,8.460144472146492,7,False,False,True,True,持续型爆款,稳定
比亚迪,海鸥,286702.0,12,66022.0,107557.0,22007.333333333332,35852.333333333336,-38.61673345295983,5-10万,轿车,A0,新能源,286702.0,66022.0,105242.0,62.73350943539652,8,False,True,True,True,统治型爆款,下滑
丰田,卡罗拉,313031.0,12,61061.0,82390.0,20353.666666666668,27463.333333333332,-25.88785046728971,10-15万,SUV,A,其他能源,149280.0,34541.0,437593.0,7.893407801313092,9,False,False,True,True,持续型爆款,下滑
大众,速腾,298747.0,12,60228.0,91549.0,20076.0,30516.333333333332,-34.21227976275,10-15万,轿车,A,其他能源,298747.0,60228.0,402642.0,14.958201081854353,10,False,False,True,True,持续型爆款,下滑
大众,帕萨特,220281.0,12,55704.0,57575.0,18568.0,19191.666666666668,-3.249674337820241,15-20万,轿车,B,其他能源,209264.0,54152.0,198082.0,27.338173079835627,11,False,True,True,True,统治型爆款,稳定
哈弗,哈弗H6,227951.0,12,52858.0,67774.0,17619.333333333332,22591.333333333332,-22.008439814678194,5-10万,SUV,A,其他能源,123077.0,32482.0,190597.0,17.04224095867196,12,False,False,True,True,持续型爆款,下滑
比亚迪,元,288505.0,12,50491.0,86551.0,16830.333333333332,28850.333333333332,-41.663296784554774,10-15万,SUV,A,新能源,246972.0,46020.0,209149.0,22.00345208439916,13,False,True,True,True,统治型爆款,下滑
奥迪,A6,190872.0,12,49241.0,52731.0,16413.666666666668,17577.0,-6.618497657924172,35-40万,轿车,C,其他能源,186453.0,48282.0,67646.0,71.37450847056736,14,False,True,True,True,统治型爆款,稳定
奔驰,C级,168729.0,12,47360.0,41114.0,15786.666666666666,13704.666666666666,15.191905433672236,25-30万,轿车,B,其他能源,136120.0,46428.0,101589.0,45.70179842305762,15,False,True,True,True,规模爆款,上升
五菱,宏光MINI EV,208714.0,12,43352.0,67109.0,14450.666666666666,22369.666666666668,-35.40061690682323,5万以下,轿车,A00,新能源,208714.0,43352.0,105808.0,40.97232723423559,16,False,True,True,True,统治型爆款,下滑
吉利,博越,183360.0,12,43291.0,51669.0,14430.333333333334,17223.0,-16.214751591863585,10-15万,SUV,A,其他能源,174570.0,35169.0,437593.0,8.036920151830582,17,False,False,True,True,持续型爆款,下滑
大众,迈腾,198468.0,12,42434.0,57371.0,14144.666666666666,19123.666666666668,-26.03580206027436,15-20万,轿车,B,其他能源,187329.0,40302.0,198082.0,20.346119283932918,18,False,True,True,True,统治型爆款,下滑
丰田,锋兰达,202358.0,12,41788.0,62401.0,13929.333333333334,20800.333333333332,-33.033124469159134,10-15万,SUV,A,其他能源,202358.0,41788.0,437593.0,9.549512903542789,19,False,False,True,True,持续型爆款,下滑
吉利,星瑞,144654.0,12,41500.0,46012.0,13833.333333333334,15337.333333333334,-9.806137529340175,10-15万,轿车,A,其他能源,144244.0,41500.0,402642.0,10.306922775070658,20,False,False,True,True,持续型爆款,稳定
吉利,星越,164157.0,12,41078.0,45867.0,13692.666666666666,15289.0,-10.441057841149416,10-15万,SUV,A,其他能源,133151.0,38107.0,437593.0,8.708320288487247,21,False,False,True,True,持续型爆款,稳定
大众,途观,173993.0,12,40886.0,51253.0,13628.666666666666,17084.333333333332,-20.227108657054217,15-20万,SUV,B,其他能源,119313.0,39242.0,140216.0,27.9868203343413,22,False,True,True,True,统治型爆款,下滑
奇瑞,瑞虎8,148397.0,12,39959.0,45778.0,13319.666666666666,15259.333333333334,-12.711346061426898,10-15万,SUV,B,其他能源,124838.0,28264.0,102903.0,27.466643343731473,23,False,True,True,True,统治型爆款,稳定
比亚迪,海豚,263023.0,12,38645.0,77496.0,12881.666666666666,25832.0,-50.132910085681836,10-15万,轿车,A0,新能源,263023.0,38645.0,51452.0,75.10883930653813,24,False,True,True,True,统治型爆款,下滑
长安,逸动,169132.0,12,37826.0,41366.0,12608.666666666666,13788.666666666666,-8.557752743799252,5-10万,轿车,A,其他能源,161035.0,35723.0,338446.0,10.55500729806232,25,False,False,True,True,持续型爆款,稳定
本田,CR-V,216996.0,12,37817.0,77639.0,12605.666666666666,25879.666666666668,-51.29123249913059,15-20万,SUV,A,其他能源,206930.0,36242.0,154450.0,23.465199093557786,26,False,True,True,True,统治型爆款,下滑
奥迪,Q5,153921.0,12,37329.0,39813.0,12443.0,13271.0,-6.239168110918547,30-35万,SUV,B,其他能源,145381.0,36311.0,78482.0,46.266659871053236,27,False,True,True,True,统治型爆款,稳定
吉利,新帝豪,159679.0,12,37172.0,41082.0,12390.666666666666,13694.0,-9.517550265323017,5-10万,轿车,A,其他能源,142136.0,35352.0,338446.0,10.445388629205251,28,False,False,True,True,持续型爆款,稳定
五菱,五菱缤果,197024.0,12,36590.0,71448.0,12196.666666666666,23816.0,-48.787929683126194,5-10万,轿车,A0,新能源,197024.0,36590.0,105242.0,34.767488265141296,29,False,True,True,True,统治型爆款,下滑
宝马,3系,156726.0,12,36552.0,37218.0,12184.0,12406.0,-1.7894567144929874,25-30万,轿车,B,其他能源,130693.0,36549.0,101589.0,35.97732037917491,30,False,True,True,True,统治型爆款,稳定
丰田,RAV4荣放,180517.0,12,35320.0,58457.0,11773.333333333334,19485.666666666668,-39.57951998905178,15-20万,SUV,A,其他能源,177298.0,35300.0,154450.0,22.85529297507284,31,False,True,True,True,统治型爆款,下滑
比亚迪,汉,204518.0,12,34958.0,48716.0,11652.666666666666,16238.666666666666,-28.241234912554404,20-25万,轿车,C,新能源,160709.0,4311.0,9626.0,44.784957407022645,32,False,True,True,True,统治型爆款,下滑
理想,理想L7,160420.0,12,34538.0,52580.0,11512.666666666666,17526.666666666668,-34.313427158615454,30-35万,SUV,C,新能源,151776.0,25894.0,62554.0,41.39463503532947,33,False,True,True,True,统治型爆款,下滑
大众,探岳,147430.0,12,34349.0,37499.0,11449.666666666666,12499.666666666666,-8.400224005973488,15-20万,SUV,B,其他能源,141396.0,34087.0,140216.0,24.31034974610601,34,False,True,True,True,统治型爆款,稳定
本田,雅阁,159052.0,12,32566.0,56938.0,10855.333333333334,18979.333333333332,-42.804453967473385,15-20万,轿车,B,其他能源,153105.0,30980.0,198082.0,15.639987479932554,35,False,False,True,True,持续型爆款,下滑
比亚迪,驱逐舰05,93283.0,12,32216.0,21491.0,10738.666666666666,7163.666666666667,49.904611232608985,10-15万,轿车,A,新能源,61067.0,,119776.0,,36,True,False,True,True,规模爆款,上升
特斯拉,MODEL 3,136929.0,12,32183.0,34127.0,10727.666666666666,11375.666666666666,-5.696369443549099,20-25万,轿车,B,新能源,83278.0,14303.0,48419.0,29.54005658935542,37,False,True,True,True,统治型爆款,稳定
奔驰,GLC级,115672.0,12,31570.0,28112.0,10523.333333333334,9370.666666666666,12.300796812749027,40-45万,SUV,B,其他能源,101900.0,31570.0,36440.0,86.63556531284303,38,False,True,True,True,规模爆款,稳定
红旗,H5,123674.0,12,31533.0,37335.0,10511.0,12445.0,-15.540377661711535,10-15万,轿车,B,其他能源,67305.0,24133.0,75394.0,32.009178449213465,39,False,True,True,True,统治型爆款,下滑
埃安,AION S,199559.0,12,30872.0,44686.0,10290.666666666666,14895.333333333334,-30.913485207895096,10-15万,轿车,A,新能源,199416.0,30860.0,119776.0,25.764760886989045,40,False,True,True,True,统治型爆款,下滑
宝马,X3,121820.0,12,30017.0,29514.0,10005.666666666666,9838.0,1.7042759368435245,35-40万,SUV,B,其他能源,79823.0,,3314.0,,41,False,False,True,True,规模爆款,稳定
大众,宝来,149378.0,12,29938.0,35632.0,9979.333333333334,11877.333333333334,-15.98001796138303,10-15万,轿车,A,其他能源,103814.0,13932.0,402642.0,3.4601457374044435,42,False,False,True,True,持续型爆款,下滑
奥迪,A4,141299.0,12,29932.0,38172.0,9977.333333333334,12724.0,-21.586503196059937,20-25万,轿车,B,其他能源,80767.0,29524.0,65138.0,45.325309343240505,43,False,True,True,True,统治型爆款,下滑
长安,UNI-V,144248.0,12,29758.0,37503.0,9919.333333333334,12501.0,-20.651681198837423,10-15万,轿车,A,其他能源,123764.0,29159.0,402642.0,7.24191713730808,44,False,False,True,True,持续型爆款,下滑
奇瑞,艾瑞泽8,99725.0,12,29334.0,33243.0,9778.0,11081.0,-11.758866528291668,10-15万,轿车,A,其他能源,99725.0,29334.0,402642.0,7.285380064672836,45,False,False,True,True,持续型爆款,稳定
日产,逍客,119305.0,12,28598.0,42320.0,9532.666666666666,14106.666666666666,-32.424385633270326,10-15万,SUV,A,其他能源,119305.0,28598.0,437593.0,6.535296496973215,46,False,False,True,True,持续型爆款,下滑
埃安,AION Y,197897.0,12,28364.0,56922.0,9454.666666666666,18974.0,-50.17040862935245,10-15万,SUV,A,新能源,197897.0,28364.0,209149.0,13.561623531549277,47,False,False,True,True,持续型爆款,下滑
丰田,威兰达,148746.0,12,27760.0,43157.0,9253.333333333334,14385.666666666666,-35.676715248974666,15-20万,SUV,A,其他能源,129528.0,13254.0,154450.0,8.58141793460667,48,False,False,True,True,持续型爆款,下滑
长安,Lumin,142745.0,12,26925.0,45547.0,8975.0,15182.333333333334,-40.885239423013594,5万以下,轿车,A00,新能源,134983.0,26925.0,105808.0,25.44703614093452,49,False,True,True,True,统治型爆款,下滑
本田,思域,181436.0,12,26661.0,55487.0,8887.0,18495.666666666668,-51.950907419755985,10-15万,轿车,A,其他能源,179835.0,26572.0,402642.0,6.59941089106452,50,False,False,True,True,持续型爆款,下滑
现代,伊兰特,111073.0,12,26030.0,32742.0,8676.666666666666,10914.0,-20.499664040070865,5-10万,轿车,A,其他能源,110722.0,25855.0,338446.0,7.6393279873303275,51,False,False,True,True,持续型爆款,下滑
丰田,凯美瑞,213734.0,12,26019.0,67595.0,8673.0,22531.666666666668,-61.50750795177158,15-20万,轿车,B,其他能源,206420.0,26019.0,198082.0,13.135469149140256,52,False,False,True,True,持续型爆款,下滑
雷克萨斯,ES,119706.0,12,26001.0,38461.0,8667.0,12820.333333333334,-32.39645355034971,25-30万,轿车,B,其他能源,86329.0,18248.0,101589.0,17.962574688204434,53,False,False,True,True,持续型爆款,下滑
本田,皓影,135609.0,12,25516.0,47803.0,8505.333333333334,15934.333333333334,-46.62259690814384,15-20万,SUV,A,其他能源,130921.0,24846.0,154450.0,16.086759469083848,54,False,False,True,True,持续型爆款,下滑
大众,途岳,100171.0,12,25479.0,30621.0,8493.0,10207.0,-16.79239737435093,10-15万,SUV,A,其他能源,63465.0,25479.0,437593.0,5.822533724259758,55,False,False,True,True,持续型爆款,下滑
欧尚汽车,欧尚Z6,116757.0,12,25325.0,32722.0,8441.666666666666,10907.333333333334,-22.60558645559564,10-15万,SUV,A,其他能源,78332.0,17926.0,437593.0,4.096500629580454,56,False,False,True,True,持续型爆款,下滑
比亚迪,唐,128621.0,12,24948.0,32488.0,8316.0,10829.333333333334,-23.208569317901993,20-25万,SUV,B,新能源,92344.0,7936.0,57194.0,13.875581354687554,57,False,False,True,True,持续型爆款,下滑
宝马,X5,94202.0,12,24922.0,21396.0,8307.333333333334,7132.0,16.479715834735465,60万以上,SUV,C,其他能源,94069.0,24897.0,56472.0,44.087335316617086,58,False,True,True,True,规模爆款,上升
本田,型格,132053.0,12,24483.0,42441.0,8161.0,14147.0,-42.312857849720785,10-15万,轿车,A,其他能源,131619.0,24483.0,402642.0,6.080587718121806,59,False,False,True,True,持续型爆款,下滑
捷途,旅行者,50067.0,7,24478.0,23842.0,8159.333333333333,7947.333333333333,2.6675614461874053,15-20万,SUV,A,其他能源,50041.0,24452.0,154450.0,15.831660731628357,60,False,False,True,False,规模爆款,稳定
捷途,捷途X70,100021.0,12,24457.0,28685.0,8152.333333333333,9561.666666666666,-14.739410841903434,10-15万,SUV,B,其他能源,87878.0,24230.0,102903.0,23.546446653644697,61,False,True,True,True,统治型爆款,稳定
理想,理想L9,117234.0,12,24377.0,40015.0,8125.666666666667,13338.333333333334,-39.0803448706735,40-45万,SUV,D,新能源,86892.0,24377.0,24377.0,100.0,62,False,True,True,True,统治型爆款,下滑
宝马,X1,76573.0,12,23337.0,25350.0,7779.0,8450.0,-7.940828402366861,20-25万,SUV,A,其他能源,71848.0,23337.0,69629.0,33.51620732740668,63,False,True,True,True,统治型爆款,稳定
红旗,HS5,94371.0,12,22380.0,27872.0,7460.0,9290.666666666666,-19.704362801377716,15-20万,SUV,B,其他能源,94371.0,22380.0,140216.0,15.961088606150511,64,False,False,True,True,持续型爆款,下滑
理想,理想L8,119880.0,12,22268.0,39718.0,7422.666666666667,13239.333333333334,-43.93473991641069,30-35万,SUV,C,新能源,73292.0,22268.0,62554.0,35.59804329059693,65,False,True,True,True,统治型爆款,下滑
奔驰,E级,149785.0,12,22181.0,29144.0,7393.666666666667,9714.666666666666,-23.89171012901454,40-45万,轿车,C,其他能源,111588.0,,7148.0,,66,False,False,True,True,持续型爆款,下滑
五菱,五菱宏光,88156.0,12,22000.0,21305.0,7333.333333333333,7101.666666666667,3.2621450363764293,5-10万,MPV,A,其他能源,78632.0,19601.0,29363.0,66.754078261758,67,False,True,True,True,规模爆款,稳定
日产,天籁,96919.0,12,21589.0,30563.0,7196.333333333333,10187.666666666666,-29.36230082125446,15-20万,轿车,B,其他能源,52995.0,,198082.0,,68,False,False,True,True,持续型爆款,下滑
丰田,雷凌,102845.0,12,21474.0,24449.0,7158.0,8149.666666666667,-12.16818683790748,5-10万,轿车,A,其他能源,62867.0,21474.0,338446.0,6.344882196864493,69,False,False,True,True,持续型爆款,稳定
五菱,星光,31574.0,5,21395.0,10179.0,7131.666666666667,3393.0,110.18764122212401,10-15万,轿车,B,新能源,18300.0,10224.0,36249.0,28.204915997682694,70,True,True,True,False,规模爆款,上升
吉利,熊猫mini,104697.0,12,21199.0,37542.0,7066.333333333333,12514.0,-43.5325768472644,5万以下,轿车,A00,新能源,98797.0,21199.0,105808.0,20.035347043701798,71,False,True,True,True,统治型爆款,下滑
大众,凌渡,96048.0,12,21016.0,23510.0,7005.333333333333,7836.666666666667,-10.608251807741398,10-15万,轿车,A,其他能源,96048.0,21016.0,402642.0,5.219525037129758,72,False,False,True,True,持续型爆款,稳定
腾势,腾势D9,105694.0,12,20242.0,26279.0,6747.333333333333,8759.666666666666,-22.972715856767756,40-45万,MPV,B,新能源,85910.0,458.0,458.0,100.0,73,False,True,True,True,统治型爆款,下滑
长安,CS55,89415.0,12,19594.0,25486.0,6531.333333333333,8495.333333333334,-23.118574903868804,5-10万,SUV,A,其他能源,70221.0,19594.0,190597.0,10.280329700887213,74,False,False,True,True,持续型爆款,下滑
吉利,缤越,84667.0,12,19525.0,21913.0,6508.333333333333,7304.333333333333,-10.897640669921959,5-10万,SUV,A0,其他能源,84667.0,19525.0,66575.0,29.327825760420577,75,False,True,True,True,统治型爆款,稳定
哈弗,哈弗大狗,73764.0,12,18315.0,18116.0,6105.0,6038.666666666667,1.0984764848752437,10-15万,SUV,A,其他能源,73764.0,18315.0,437593.0,4.185396018674887,76,False,False,True,True,规模爆款,稳定
别克,GL8,111002.0,12,18094.0,25918.0,6031.333333333333,8639.333333333334,-30.187514468709008,25-30万,MPV,B,其他能源,99774.0,18094.0,38524.0,46.96812376700239,77,False,True,True,True,统治型爆款,下滑
宝马,5系,131201.0,12,17823.0,45069.0,5941.0,15023.0,-60.45397057844638,40-45万,轿车,C,其他能源,71113.0,6939.0,7148.0,97.07610520425294,78,False,True,False,True,统治型爆款,下滑
坦克,坦克300,92556.0,12,17693.0,21772.0,5897.666666666667,7257.333333333333,-18.735072570273736,20-25万,SUV,A,其他能源,92556.0,17693.0,69629.0,25.410389349265394,79,False,True,True,True,统治型爆款,下滑
大众,ID.3,88269.0,12,17639.0,37738.0,5879.666666666667,12579.333333333334,-53.25931421908952,10-15万,轿车,A,新能源,88269.0,17639.0,119776.0,14.726656425327278,80,False,False,True,True,持续型爆款,下滑
深蓝,S7,69150.0,12,17577.0,24397.0,5859.0,8132.333333333333,-27.954256670902154,15-20万,SUV,B,新能源,69020.0,17577.0,60607.0,29.001600475192635,81,False,True,True,True,统治型爆款,下滑
领克,领克03,72824.0,12,17350.0,20743.0,5783.333333333333,6914.333333333333,-16.35732536277299,10-15万,轿车,A,其他能源,72386.0,17350.0,402642.0,4.30903879873436,82,False,False,True,True,持续型爆款,下滑
凯迪拉克,CT5,87802.0,12,17189.0,31483.0,5729.666666666667,10494.333333333334,-45.402280595877144,20-25万,轿车,B,其他能源,87802.0,17189.0,65138.0,26.3885903773527,83,False,True,True,True,统治型爆款,下滑
丰田,亚洲龙,91274.0,12,16987.0,27633.0,5662.333333333333,9211.0,-38.52639959468751,15-20万,轿车,B,其他能源,70882.0,14977.0,198082.0,7.561010086731758,84,False,False,True,True,持续型爆款,下滑
别克,威朗,102315.0,12,16561.0,31560.0,5520.333333333333,10520.0,-47.525348542458815,5-10万,轿车,A,其他能源,102315.0,16561.0,338446.0,4.89324737181116,85,False,False,True,True,持续型爆款,下滑
丰田,汉兰达,77723.0,12,16338.0,21892.0,5446.0,7297.333333333333,-25.36999817284853,25-30万,SUV,B,其他能源,67090.0,16338.0,43226.0,37.79669643270254,86,False,True,True,True,统治型爆款,下滑
比亚迪,宋L,18185.0,5,16155.0,2030.0,5385.0,676.6666666666666,695.8128078817734,20-25万,SUV,B,新能源,18177.0,16155.0,57194.0,28.245969856978004,87,True,True,True,False,规模爆款,上升
丰田,赛那,76342.0,12,15994.0,19884.0,5331.333333333333,6628.0,-19.563468115067394,30-35万,MPV,B,其他能源,63120.0,15994.0,29517.0,54.185723481383604,88,False,True,True,True,统治型爆款,下滑
别克,微蓝6,51142.0,12,15947.0,21301.0,5315.666666666667,7100.333333333333,-25.134970189192984,5-10万,轿车,A,新能源,34181.0,15946.0,132782.0,12.009157867783284,89,False,False,True,True,持续型爆款,下滑
别克,昂科威,96222.0,12,15875.0,26403.0,5291.666666666667,8801.0,-39.87425671325228,15-20万,SUV,B,其他能源,85079.0,15875.0,140216.0,11.321817766873966,90,False,False,True,True,持续型爆款,下滑
沃尔沃,XC60,70722.0,12,15694.0,20467.0,5231.333333333333,6822.333333333333,-23.320467093369814,30-35万,SUV,B,其他能源,56482.0,6341.0,78482.0,8.079559644249636,91,False,False,True,True,持续型爆款,下滑
大众,探歌,59698.0,12,15506.0,15114.0,5168.666666666667,5038.0,2.593621807595614,10-15万,SUV,A,其他能源,55566.0,15506.0,437593.0,3.543475329815605,92,False,False,True,True,规模爆款,稳定
领克,领克06,70846.0,12,15451.0,19198.0,5150.333333333333,6399.333333333333,-19.517658089384316,10-15万,SUV,A0,其他能源,61898.0,12069.0,34230.0,35.25854513584575,93,False,True,True,True,统治型爆款,下滑
捷达,捷达VS5,69402.0,12,15442.0,19054.0,5147.333333333333,6351.333333333333,-18.956649522409997,5-10万,SUV,A,其他能源,69402.0,15442.0,190597.0,8.101911362718196,94,False,False,True,True,持续型爆款,下滑
荣威,荣威i5,54317.0,12,15317.0,16340.0,5105.666666666667,5446.666666666667,-6.2607099143206835,5-10万,轿车,A,其他能源,54317.0,15317.0,338446.0,4.525685042813329,95,False,False,True,True,持续型爆款,稳定
比亚迪,海豹,71678.0,12,15166.0,28429.0,5055.333333333333,9476.333333333334,-46.65306553167541,15-20万,轿车,B,新能源,37093.0,15166.0,33852.0,44.80089802670448,96,False,True,True,True,统治型爆款,下滑
领克,领克08,43783.0,8,14849.0,26250.0,4949.666666666667,8750.0,-43.432380952380946,20-25万,SUV,B,新能源,43553.0,14849.0,57194.0,25.962513550372417,97,False,True,True,False,统治型爆款,下滑
福特,蒙迪欧,62854.0,12,14666.0,21101.0,4888.666666666667,7033.666666666667,-30.4961850149282,15-20万,轿车,B,其他能源,62772.0,14666.0,198082.0,7.4040044022172635,98,False,False,True,True,持续型爆款,下滑
吉利,银河L7,62908.0,11,14538.0,21897.0,4846.0,7299.0,-33.607343471708454,15-20万,SUV,A,新能源,48328.0,,73486.0,,99,False,False,True,True,持续型爆款,下滑
广汽传祺,M8,78858.0,12,14351.0,19441.0,4783.666666666667,6480.333333333333,-26.181780772594,25-30万,MPV,B,其他能源,35572.0,6575.0,38524.0,17.067282732841864,100,False,False,True,True,持续型爆款,下滑
大众,高尔夫,56550.0,12,14345.0,13617.0,4781.666666666667,4539.0,5.346258353528688,10-15万,轿车,A,其他能源,56549.0,14344.0,402642.0,3.562469886400326,101,False,False,True,True,规模爆款,稳定
奥迪,A3,62912.0,12,14200.0,15056.0,4733.333333333333,5018.666666666667,-5.685441020191295,15-20万,轿车,A,其他能源,62912.0,14200.0,24334.0,58.35456562833895,102,False,True,True,True,统治型爆款,稳定
别克,君威,70868.0,12,13753.0,18141.0,4584.333333333333,6047.0,-24.188302739650524,10-15万,轿车,B,其他能源,70868.0,13753.0,75394.0,18.24150462901557,103,False,False,True,True,持续型爆款,下滑
广汽传祺,GS3,53598.0,12,13695.0,15827.0,4565.0,5275.666666666667,-13.470651418462133,5-10万,SUV,A0,其他能源,53598.0,13695.0,66575.0,20.570784829140067,104,False,True,True,True,统治型爆款,稳定
极氪,极氪007,14226.0,4,13668.0,558.0,4556.0,186.0,2349.462365591398,20-25万,轿车,B,新能源,13668.0,13668.0,48419.0,28.22858795101097,105,True,True,True,False,规模爆款,上升
零跑,零跑C11,85464.0,12,13479.0,24479.0,4493.0,8159.666666666667,-44.93647616324197,15-20万,SUV,B,新能源,80765.0,8780.0,60607.0,14.486775454980446,106,False,False,False,True,持续型爆款,下滑
极氪,极氪001,70146.0,12,13425.0,20301.0,4475.0,6767.0,-33.870252696911486,25-30万,轿车,C,新能源,46855.0,13425.0,19164.0,70.05322479649342,107,False,True,True,True,统治型爆款,下滑
奇瑞,瑞虎7,52741.0,12,13152.0,15908.0,4384.0,5302.666666666667,-17.324616545134532,5-10万,SUV,A,其他能源,45399.0,12792.0,190597.0,6.711543203723039,108,False,False,True,True,持续型爆款,下滑
大众,途昂,51216.0,12,12904.0,14047.0,4301.333333333333,4682.333333333333,-8.136968747775331,30-35万,SUV,C,其他能源,33408.0,3515.0,10673.0,32.93357069240139,109,False,True,True,True,统治型爆款,稳定
奇瑞,瑞虎9,44056.0,12,12684.0,15193.0,4228.0,5064.333333333333,-16.514184163759627,15-20万,SUV,B,其他能源,44049.0,12684.0,140216.0,9.046043247560906,110,False,False,False,True,持续型爆款,下滑
马自达,马自达3,53115.0,12,12624.0,16895.0,4208.0,5631.666666666667,-25.279668540988464,10-15万,轿车,A,其他能源,53115.0,12624.0,402642.0,3.1352914003010115,111,False,False,False,True,持续型爆款,下滑
雪佛兰,科鲁泽,113791.0,12,12476.0,30168.0,4158.666666666667,10056.0,-58.644921771413415,5-10万,轿车,A,其他能源,113791.0,12476.0,338446.0,3.68626014194288,112,False,False,True,True,持续型爆款,下滑
MG,MG5,47551.0,12,12284.0,12590.0,4094.6666666666665,4196.666666666667,-2.4305003971406003,5-10万,轿车,A,其他能源,44637.0,10170.0,338446.0,3.0049106799903087,113,False,False,True,True,持续型爆款,稳定
奔腾,奔腾B70,46161.0,12,12215.0,16237.0,4071.6666666666665,5412.333333333333,-24.770585699328695,5-10万,轿车,B,其他能源,46161.0,12215.0,13194.0,92.57996058814612,114,False,True,True,True,统治型爆款,下滑
哈弗,哈弗二代大狗,65127.0,12,11887.0,19102.0,3962.3333333333335,6367.333333333333,-37.77091404041462,10-15万,SUV,B,其他能源,46015.0,9324.0,102903.0,9.060960321856506,115,False,False,False,True,持续型爆款,下滑
深蓝,SL03,64167.0,12,11821.0,18837.0,3940.3333333333335,6279.0,-37.24584594149811,10-15万,轿车,B,新能源,41258.0,9466.0,36249.0,26.113823829622884,116,False,True,False,True,统治型爆款,下滑
奔驰,GLE级,45336.0,12,11810.0,13058.0,3936.6666666666665,4352.666666666667,-9.55735947311993,60万以上,SUV,C,其他能源,43261.0,11464.0,56472.0,20.300325825187706,117,False,True,True,True,统治型爆款,稳定
长安,逸达,52591.0,12,11641.0,16882.0,3880.3333333333335,5627.333333333333,-31.044899893377554,5-10万,轿车,A,其他能源,52591.0,11641.0,338446.0,3.4395442699869405,118,False,False,True,True,持续型爆款,下滑
丰田,格瑞维亚,49485.0,12,11627.0,13023.0,3875.6666666666665,4341.0,-10.719496275819706,30-35万,MPV,B,其他能源,37797.0,11627.0,29517.0,39.39085950469221,119,False,True,True,True,统治型爆款,稳定
蔚来,蔚来ET5,54649.0,12,11474.0,14760.0,3824.6666666666665,4920.0,-22.262872628726292,25-30万,轿车,B,新能源,46986.0,11474.0,29354.0,39.08836955781154,120,False,True,True,True,统治型爆款,下滑
宝马,i3,55204.0,12,11421.0,17749.0,3807.0,5916.333333333333,-35.652712828891765,25-30万,轿车,B,新能源,31538.0,,29354.0,,121,False,False,True,True,持续型爆款,下滑
蔚来,蔚来ES6,62496.0,12,11393.0,17550.0,3797.6666666666665,5850.0,-35.08262108262109,30-35万,SUV,B,新能源,61308.0,11393.0,26918.0,42.324838398097924,122,False,True,True,True,统治型爆款,下滑
奥迪,Q3,56665.0,12,11393.0,11984.0,3797.6666666666665,3994.6666666666665,-4.931575433911883,20-25万,SUV,A,其他能源,56665.0,11393.0,69629.0,16.36243519223312,122,False,False,True,True,持续型爆款,稳定
欧拉,欧拉好猫,72938.0,12,11267.0,21997.0,3755.6666666666665,7332.333333333333,-48.77937900622812,10-15万,轿车,A0,新能源,72938.0,11267.0,51452.0,21.89807976366322,124,False,True,False,True,统治型爆款,下滑
广汽传祺,M6,51726.0,12,11035.0,13155.0,3678.3333333333335,4385.0,-16.115545419992394,10-15万,MPV,B,其他能源,51726.0,11035.0,15711.0,70.23741327732162,125,False,True,False,True,统治型爆款,下滑
坦克,坦克500,37568.0,12,10998.0,14066.0,3666.0,4688.666666666667,-21.811460258780045,30-35万,SUV,C,新能源,30293.0,10053.0,62554.0,16.070914729673564,126,False,False,True,True,持续型爆款,下滑
启源,A05,15709.0,8,10703.0,4841.0,3567.6666666666665,1613.6666666666667,121.0906837430283,5-10万,轿车,A,新能源,7827.0,7827.0,132782.0,5.8946242713620824,127,True,False,True,False,规模爆款,上升
方程豹,豹5,15526.0,5,10644.0,4882.0,3548.0,1627.3333333333333,118.02539942646457,30-35万,SUV,B,新能源,15526.0,10644.0,26918.0,39.54231369343933,128,True,True,False,False,增长爆款,上升
捷途,捷途大圣,41164.0,12,10616.0,10911.0,3538.6666666666665,3637.0,-2.7036935203006207,10-15万,SUV,A,其他能源,37602.0,9936.0,437593.0,2.27060304895188,129,False,False,False,True,持续型爆款,稳定
日产,奇骏,52032.0,12,10506.0,14838.0,3502.0,4946.0,-29.195309340881526,15-20万,SUV,A,其他能源,31381.0,3836.0,154450.0,2.4836516672062157,130,False,False,False,True,持续型爆款,下滑
红旗,E-QM5,78820.0,12,10498.0,31093.0,3499.3333333333335,10364.333333333334,-66.23677355031678,15-20万,轿车,B,新能源,78820.0,10498.0,33852.0,31.011461656622945,131,False,True,False,True,统治型爆款,下滑
吉利,银河L6,23877.0,8,10219.0,11989.0,3406.3333333333335,3996.3333333333335,-14.763533238802239,10-15万,轿车,A,新能源,23474.0,10219.0,119776.0,8.531759283996793,132,False,False,False,False,普通车型,稳定
奔驰,GLB级,62263.0,12,10201.0,9580.0,3400.3333333333335,3193.3333333333335,6.482254697286005,25-30万,SUV,A,其他能源,60168.0,8106.0,8722.0,92.93739967897271,133,False,True,False,True,统治型爆款,稳定
丰田,皇冠陆放,43568.0,12,10142.0,12904.0,3380.6666666666665,4301.333333333333,-21.404215747055176,30-35万,SUV,B,其他能源,23615.0,,78482.0,,134,False,False,False,True,持续型爆款,下滑
奔驰,A级,45029.0,12,10121.0,11460.0,3373.6666666666665,3820.0,-11.68411867364747,15-20万,轿车,A,其他能源,26727.0,10098.0,24334.0,41.497493219363854,135,False,True,False,True,统治型爆款,稳定
吉利,缤瑞,36604.0,12,10030.0,10530.0,3343.3333333333335,3510.0,-4.7483380816714105,5-10万,轿车,A,其他能源,36604.0,10030.0,338446.0,2.9635451445725463,136,False,False,True,True,持续型爆款,稳定
五菱,佳辰,44502.0,12,10000.0,11911.0,3333.3333333333335,3970.3333333333335,-16.043992947695408,5-10万,MPV,A,其他能源,43609.0,9761.0,29363.0,33.24251609168001,137,False,True,True,True,统治型爆款,下滑
捷达,捷达VA3,46959.0,12,9997.0,8474.0,3332.3333333333335,2824.6666666666665,17.972622138305418,5-10万,轿车,A,其他能源,46959.0,9997.0,338446.0,2.9537946969383593,138,False,False,False,True,持续型爆款,上升
欧尚汽车,欧尚X5,67001.0,12,9813.0,21427.0,3271.0,7142.333333333333,-54.202641527045316,5-10万,SUV,A,其他能源,67001.0,9813.0,190597.0,5.148559526120558,139,False,False,False,True,持续型爆款,下滑
五菱,星驰,41696.0,12,9785.0,11836.0,3261.6666666666665,3945.3333333333335,-17.328489354511667,5-10万,SUV,A0,其他能源,41696.0,9785.0,66575.0,14.69770935035674,140,False,False,False,True,持续型爆款,下滑
哈弗,哈弗M6,48753.0,12,9538.0,11888.0,3179.3333333333335,3962.6666666666665,-19.767833109017484,5-10万,SUV,A,其他能源,48753.0,9538.0,190597.0,5.004276037922947,141,False,False,False,True,持续型爆款,下滑
现代,途胜,54028.0,12,9535.0,17920.0,3178.3333333333335,5973.333333333333,-46.79129464285714,10-15万,SUV,A,其他能源,53847.0,9518.0,437593.0,2.175080497174315,142,False,False,False,True,持续型爆款,下滑
本田,XR-V,55172.0,12,9403.0,18626.0,3134.3333333333335,6208.666666666667,-49.51680446687426,10-15万,SUV,A0,其他能源,55172.0,9403.0,34230.0,27.47005550686532,143,False,True,False,True,统治型爆款,下滑
荣威,D7,15622.0,7,9399.0,6211.0,3133.0,2070.3333333333335,51.32828852036708,10-15万,轿车,B,新能源,14811.0,9399.0,36249.0,25.928991144583296,144,True,True,False,False,增长爆款,上升
宝马,iX3,39562.0,12,9356.0,10024.0,3118.6666666666665,3341.3333333333335,-6.66400638467678,30-35万,SUV,B,新能源,26029.0,,26918.0,,145,False,False,False,True,持续型爆款,稳定
坦克,坦克400,18906.0,8,9331.0,9309.0,3110.3333333333335,3103.0,0.23633043291437783,25-30万,SUV,B,新能源,18855.0,9331.0,130264.0,7.163145611987963,146,False,False,False,False,普通车型,稳定
零跑,零跑T03,39911.0,12,9303.0,17739.0,3101.0,5913.0,-47.55623203111787,5-10万,轿车,A00,新能源,39911.0,9303.0,15822.0,58.79787637466818,147,False,True,False,True,统治型爆款,下滑
大众,CC,37370.0,12,9291.0,11115.0,3097.0,3705.0,-16.41025641025641,20-25万,轿车,B,其他能源,37370.0,9291.0,65138.0,14.26356351131444,148,False,False,True,True,持续型爆款,下滑
奇瑞,QQ冰淇淋,61229.0,12,9256.0,18831.0,3085.3333333333335,6277.0,-50.84700759386118,5万以下,轿车,A00,新能源,61229.0,9256.0,105808.0,8.747920762135188,149,False,False,False,True,持续型爆款,下滑
长安,长安X5,9086.0,2,9086.0,,3028.6666666666665,,,5-10万,SUV,A,其他能源,9086.0,9086.0,190597.0,4.767126450049056,150,False,False,False,False,普通车型,稳定
启源,A07,18773.0,9,9034.0,8986.0,3011.3333333333335,2995.3333333333335,0.5341642555085624,15-20万,轿车,C,新能源,15110.0,5556.0,43666.0,12.723858379517244,151,False,False,False,True,持续型爆款,稳定
五菱,星辰,39679.0,12,8917.0,10597.0,2972.3333333333335,3532.3333333333335,-15.853543455695007,5-10万,SUV,A,其他能源,35859.0,8917.0,190597.0,4.678457688211252,152,False,False,False,True,持续型爆款,下滑
本田,HR-V,39542.0,12,8836.0,15783.0,2945.3333333333335,5261.0,-44.015713109041364,10-15万,SUV,A,其他能源,35010.0,7525.0,437593.0,1.7196344548473124,153,False,False,False,True,持续型爆款,下滑
哈弗,哈弗猛龙,21583.0,7,8773.0,12517.0,2924.3333333333335,4172.333333333333,-29.911320603978574,15-20万,SUV,B,新能源,21290.0,8773.0,60607.0,14.475225634002673,154,False,False,False,False,普通车型,下滑
蓝电,蓝电E5,13668.0,12,8652.0,4319.0,2884.0,1439.6666666666667,100.32414910858995,10-15万,SUV,B,新能源,13668.0,8652.0,20960.0,41.278625954198475,155,True,True,False,True,增长爆款,上升
长安,CS35,39372.0,12,8628.0,10480.0,2876.0,3493.3333333333335,-17.67175572519084,5-10万,SUV,A0,其他能源,39372.0,8628.0,66575.0,12.959819752159218,156,False,False,False,True,持续型爆款,下滑
大众,揽巡,34883.0,12,8626.0,10661.0,2875.3333333333335,3553.6666666666665,-19.088265641121836,25-30万,SUV,C,其他能源,34883.0,8626.0,25857.0,33.360405306106664,157,False,True,False,True,统治型爆款,下滑
奥迪,A7L,22384.0,12,8535.0,6582.0,2845.0,2194.0,29.671832269826794,35-40万,轿车,C,其他能源,21347.0,8535.0,67646.0,12.617154007627946,158,True,False,True,True,规模爆款,上升
奇瑞,探索06,18461.0,8,8458.0,7642.0,2819.3333333333335,2547.3333333333335,10.677833028003135,10-15万,SUV,A,其他能源,18461.0,8458.0,437593.0,1.9328462749632649,159,False,False,False,False,普通车型,稳定
雪铁龙,C5,24411.0,12,8446.0,6038.0,2815.3333333333335,2012.6666666666667,39.880755216959265,15-20万,轿车,B,其他能源,13398.0,2942.0,198082.0,1.4852434850213547,160,True,False,False,True,增长爆款,上升
本田,英仕派,53197.0,12,8425.0,21402.0,2808.3333333333335,7134.0,-60.634520138304836,15-20万,轿车,B,其他能源,51622.0,8138.0,198082.0,4.108399551700811,161,False,False,False,True,持续型爆款,下滑
红旗,HS3,23972.0,12,8364.0,10789.0,2788.0,3596.3333333333335,-22.476596533506353,10-15万,SUV,A,其他能源,21389.0,8355.0,437593.0,1.9093084212955875,162,False,False,False,True,持续型爆款,下滑
广汽传祺,影豹,42676.0,12,8338.0,12600.0,2779.3333333333335,4200.0,-33.82539682539682,10-15万,轿车,A,其他能源,42676.0,8338.0,402642.0,2.070822219241907,163,False,False,False,True,持续型爆款,下滑
MG,MG7,35488.0,12,8336.0,9831.0,2778.6666666666665,3277.0,-15.206998270776118,10-15万,轿车,B,其他能源,32640.0,8336.0,75394.0,11.056582751943125,164,False,False,False,True,持续型爆款,下滑
大众,ID.4 CROZZ,41521.0,12,8234.0,14241.0,2744.6666666666665,4747.0,-42.181026613299636,15-20万,SUV,A,新能源,35535.0,5139.0,73486.0,6.9931687668399425,165,False,False,False,True,持续型爆款,下滑
吉利,豪越,28151.0,12,8219.0,6806.0,2739.6666666666665,2268.6666666666665,20.761093153100198,10-15万,SUV,B,其他能源,26428.0,6738.0,102903.0,6.54791405498382,166,False,False,False,True,持续型爆款,上升
现代,沐飒,28204.0,11,8159.0,12068.0,2719.6666666666665,4022.6666666666665,-32.39144845873384,10-15万,SUV,A,其他能源,28130.0,8159.0,437593.0,1.8645179424716576,167,False,False,False,True,持续型爆款,下滑
沃尔沃,S90,40133.0,12,8126.0,10609.0,2708.6666666666665,3536.3333333333335,-23.404656423791124,30-35万,轿车,C,其他能源,37107.0,7578.0,9747.0,77.74699907663897,168,False,True,False,True,统治型爆款,下滑
岚图,梦想家,26293.0,12,8113.0,9687.0,2704.3333333333335,3229.0,-16.248580571900483,35-40万,MPV,B,新能源,23858.0,5678.0,37650.0,15.08100929614874,169,False,False,True,True,持续型爆款,下滑
捷途,捷途X90,28875.0,12,7974.0,8054.0,2658.0,2684.6666666666665,-0.9932952570151476,10-15万,SUV,B,其他能源,28740.0,7974.0,102903.0,7.749045217340603,170,False,False,False,True,持续型爆款,稳定
广汽传祺,E8,11555.0,6,7512.0,4033.0,2504.0,1344.3333333333333,86.26332754773122,20-25万,MPV,B,新能源,11545.0,7512.0,8117.0,92.54650733029445,171,True,True,True,False,规模爆款,上升
东风风神,奕炫,37999.0,12,7452.0,9571.0,2484.0,3190.3333333333335,-22.13979730435691,5-10万,轿车,A,其他能源,26083.0,5951.0,338446.0,1.7583307233650272,172,False,False,False,True,持续型爆款,下滑
阿维塔,阿维塔12,10813.0,7,7431.0,3343.0,2477.0,1114.3333333333333,122.28537241998208,30-35万,轿车,C,新能源,10690.0,7431.0,10542.0,70.48947068867388,173,True,True,False,False,增长爆款,上升
奇瑞,艾瑞泽5,40437.0,12,7385.0,12092.0,2461.6666666666665,4030.6666666666665,-38.926563016870666,5-10万,轿车,A,其他能源,40437.0,7385.0,338446.0,2.1820319932869645,174,False,False,False,True,持续型爆款,下滑
AITO,问界M9,7628.0,3,7379.0,249.0,2459.6666666666665,83.0,2863.453815261044,50-55万,SUV,D,新能源,7379.0,7379.0,7415.0,99.51449763991909,175,True,True,True,False,规模爆款,上升
哪吒,哪吒X,13443.0,6,7301.0,6142.0,2433.6666666666665,2047.3333333333333,18.870074894171275,10-15万,SUV,A,新能源,13443.0,7301.0,209149.0,3.4908127698435085,176,False,False,False,False,普通车型,上升
小鹏,X9,7549.0,4,7223.0,326.0,2407.6666666666665,108.66666666666667,2115.644171779141,35-40万,MPV,B,新能源,7223.0,7223.0,37650.0,19.18459495351926,177,True,False,True,False,规模爆款,上升
马自达,CX-5,20651.0,12,7211.0,8130.0,2403.6666666666665,2710.0,-11.303813038130384,10-15万,SUV,A,其他能源,16316.0,7211.0,437593.0,1.6478782795885674,178,False,False,False,True,持续型爆款,稳定
本田,缤智,41128.0,12,7171.0,13413.0,2390.3333333333335,4471.0,-46.53694177290688,10-15万,SUV,A0,其他能源,31940.0,3551.0,34230.0,10.37394098743792,179,False,False,False,True,持续型爆款,下滑
丰田,bZ3,31007.0,12,7143.0,8766.0,2381.0,2922.0,-18.514715947980832,10-15万,轿车,B,新能源,22591.0,7143.0,36249.0,19.705371182653312,180,False,False,False,True,持续型爆款,下滑
广汽传祺,影酷,34646.0,12,7061.0,9093.0,2353.6666666666665,3031.0,-22.346860222148912,10-15万,SUV,A,其他能源,34646.0,7061.0,437593.0,1.6135998519171926,181,False,False,False,True,持续型爆款,下滑
启源,Q05,8178.0,7,7043.0,1095.0,2347.6666666666665,365.0,543.1963470319635,10-15万,SUV,A,新能源,7550.0,7043.0,209149.0,3.3674557372973335,182,True,False,False,False,增长爆款,上升
雷克萨斯,RX,33475.0,12,6955.0,8982.0,2318.3333333333335,2994.0,-22.567356936094406,45-50万,SUV,B,其他能源,27503.0,4104.0,8100.0,50.66666666666667,183,False,True,True,True,统治型爆款,下滑
魏牌,蓝山,30317.0,12,6906.0,7432.0,2302.0,2477.3333333333335,-7.077502691065662,30-35万,SUV,C,新能源,15979.0,,62554.0,,184,False,False,False,True,持续型爆款,稳定
福特,领睿,27167.0,12,6821.0,7623.0,2273.6666666666665,2541.0,-10.52079233897416,10-15万,SUV,B,其他能源,27167.0,6821.0,102903.0,6.62857253918739,185,False,False,False,True,持续型爆款,稳定
吉利,几何E,32993.0,12,6771.0,12704.0,2257.0,4234.666666666667,-46.70182619647355,5-10万,SUV,A0,新能源,32993.0,6771.0,16860.0,40.16014234875445,186,False,True,False,True,统治型爆款,下滑
标致,408,17854.0,12,6708.0,4185.0,2236.0,1395.0,60.286738351254485,5-10万,轿车,A,其他能源,7803.0,4992.0,338446.0,1.474976805753355,187,True,False,False,True,增长爆款,上升
凯迪拉克,XT5,34180.0,12,6546.0,7282.0,2182.0,2427.3333333333335,-10.10711343037628,25-30万,SUV,B,其他能源,27634.0,,43226.0,,188,False,False,False,True,持续型爆款,稳定
本田,飞度,43693.0,12,6230.0,11493.0,2076.6666666666665,3831.0,-45.79309144696773,5-10万,轿车,A0,其他能源,43684.0,6221.0,12726.0,48.884174131698884,189,False,True,False,True,统治型爆款,下滑
大众,揽境,29814.0,12,6183.0,6752.0,2061.0,2250.6666666666665,-8.42713270142179,25-30万,SUV,C,其他能源,18158.0,6183.0,25857.0,23.91228680821441,190,False,True,False,True,统治型爆款,稳定
智己,智己LS6,22691.0,7,6149.0,16335.0,2049.6666666666665,5445.0,-62.35690235690237,20-25万,SUV,B,新能源,21521.0,6149.0,57194.0,10.751127740672098,191,False,False,True,False,普通车型,下滑
别克,君越,30851.0,12,5942.0,8541.0,1980.6666666666667,2847.0,-30.429692073527693,15-20万,轿车,C,其他能源,29116.0,5942.0,5942.0,100.0,192,False,True,False,True,统治型爆款,下滑
北京越野,BJ40,20346.0,12,5905.0,4953.0,1968.3333333333333,1651.0,19.220674338784562,15-20万,SUV,A,其他能源,20202.0,5904.0,154450.0,3.82259630948527,193,False,False,False,True,持续型爆款,上升
东风风行,菱智,20864.0,12,5848.0,4691.0,1949.3333333333333,1563.6666666666667,24.664250692816015,5-10万,MPV,B,其他能源,15575.0,4140.0,13805.0,29.989134371604493,194,False,True,False,True,统治型爆款,上升
奔驰,S级,22973.0,12,5794.0,5715.0,1931.3333333333333,1905.0,1.3823272090988548,60万以上,轿车,D,其他能源,22286.0,5724.0,18848.0,30.369269949066215,195,False,True,True,True,规模爆款,稳定
东风风神,皓瀚,17370.0,8,5789.0,7918.0,1929.6666666666667,2639.3333333333335,-26.88810305632736,10-15万,SUV,A,其他能源,11544.0,3629.0,437593.0,0.8293094267961324,196,False,False,False,False,普通车型,下滑
福特,锐界,29273.0,12,5752.0,8248.0,1917.3333333333333,2749.3333333333335,-30.26188166828323,25-30万,SUV,B,其他能源,22363.0,2174.0,43226.0,5.029380465460602,197,False,False,False,True,持续型爆款,下滑
吉利,银河E8,5977.0,4,5696.0,281.0,1898.6666666666667,93.66666666666667,1927.0462633451957,15-20万,轿车,C,新能源,5696.0,5696.0,43666.0,13.044473961434525,198,True,False,False,False,增长爆款,上升
比亚迪,E6,12446.0,11,5695.0,4851.0,1898.3333333333333,1617.0,17.398474541331677,价格缺失/无效,MPV,B,新能源,12446.0,5695.0,10074.0,56.53166567401231,199,False,True,True,True,规模爆款,上升
大众,POLO,33688.0,12,5642.0,9265.0,1880.6666666666667,3088.3333333333335,-39.104155423637344,5-10万,轿车,A0,其他能源,33687.0,5642.0,12726.0,44.33443344334434,200,False,True,False,True,统治型爆款,下滑
启辰,启辰大V,32721.0,12,5613.0,8904.0,1871.0,2968.0,-36.96091644204852,10-15万,SUV,A,其他能源,14942.0,,437593.0,,201,False,False,False,True,持续型爆款,下滑
北京汽车,EU系列,43601.0,12,5606.0,9643.0,1868.6666666666667,3214.3333333333335,-41.86456496940786,10-15万,轿车,A,新能源,33729.0,2499.0,119776.0,2.0863946032594174,202,False,False,False,True,持续型爆款,下滑
保时捷,卡宴,26140.0,12,5578.0,8585.0,1859.3333333333333,2861.6666666666665,-35.02620850320326,60万以上,SUV,C,其他能源,22192.0,5127.0,56472.0,9.078835529111773,203,False,False,True,True,持续型爆款,下滑
本田,奥德赛,36334.0,12,5575.0,8739.0,1858.3333333333333,2913.0,-36.20551550520654,25-30万,MPV,B,其他能源,18774.0,,38524.0,,204,False,False,False,True,持续型爆款,下滑
起亚,福瑞迪,25850.0,12,5483.0,6747.0,1827.6666666666667,2249.0,-18.734252260263816,价格缺失/无效,轿车,A,其他能源,23760.0,5483.0,8951.0,61.25572561724947,205,False,True,True,True,统治型爆款,下滑
本田,艾力绅,25950.0,12,5460.0,6755.0,1820.0,2251.6666666666665,-19.17098445595854,25-30万,MPV,B,其他能源,25950.0,5460.0,38524.0,14.172983075485412,206,False,False,False,True,持续型爆款,下滑
小鹏,G6,48167.0,10,5447.0,23320.0,1815.6666666666667,7773.333333333333,-76.64236706689536,20-25万,SUV,B,新能源,48167.0,5447.0,57194.0,9.523726264992831,207,False,False,False,True,持续型爆款,下滑
林肯,航海家,24294.0,12,5373.0,6716.0,1791.0,2238.6666666666665,-19.997022036926737,30-35万,SUV,B,其他能源,23434.0,5373.0,78482.0,6.846155806426951,208,False,False,False,True,持续型爆款,下滑
荣威,RX5,29560.0,12,5303.0,9070.0,1767.6666666666667,3023.3333333333335,-41.53252480705623,10-15万,SUV,A,其他能源,16666.0,2118.0,437593.0,0.48401139871981497,209,False,False,False,True,持续型爆款,下滑
吉利,几何A,29012.0,12,5247.0,5245.0,1749.0,1748.3333333333333,0.03813155386083178,10-15万,轿车,A,新能源,12035.0,,119776.0,,210,False,False,False,True,持续型爆款,稳定
奔驰,GLS级,17941.0,12,5144.0,4942.0,1714.6666666666667,1647.3333333333333,4.08741400242818,60万以上,SUV,D,其他能源,17941.0,5144.0,8458.0,60.81816032158903,211,False,True,True,True,规模爆款,稳定
日产,骐达,19195.0,12,5120.0,6713.0,1706.6666666666667,2237.6666666666665,-23.730075971994623,5-10万,轿车,A,其他能源,15351.0,5120.0,338446.0,1.512796723849595,212,False,False,False,True,持续型爆款,下滑
捷达,捷达VS7,29713.0,12,5042.0,8171.0,1680.6666666666667,2723.6666666666665,-38.29396646677272,10-15万,SUV,B,其他能源,29713.0,5042.0,102903.0,4.899759968125322,213,False,False,False,True,持续型爆款,下滑
星途,星途瑶光,20987.0,12,4969.0,6867.0,1656.3333333333333,2289.0,-27.639434978884523,15-20万,SUV,B,其他能源,20284.0,4266.0,140216.0,3.0424487932903523,214,False,False,False,True,持续型爆款,下滑
奇瑞,瑞虎5,24534.0,12,4929.0,6365.0,1643.0,2121.6666666666665,-22.560879811468972,5-10万,SUV,A,其他能源,24533.0,4929.0,190597.0,2.5860847757309924,215,False,False,False,True,持续型爆款,下滑
丰田,威飒,28053.0,12,4920.0,7331.0,1640.0,2443.6666666666665,-32.88773700722957,15-20万,SUV,B,其他能源,16901.0,3425.0,140216.0,2.44265989616021,216,False,False,False,True,持续型爆款,下滑
宝马,4系,20446.0,12,4859.0,5790.0,1619.6666666666667,1930.0,-16.07944732297063,40-45万,轿车,B,其他能源,18576.0,2989.0,4030.0,74.16873449131513,217,False,True,False,True,统治型爆款,下滑
东风风神,风神E70,30495.0,12,4852.0,7576.0,1617.3333333333333,2525.3333333333335,-35.955649419218595,10-15万,轿车,A,新能源,30495.0,4852.0,119776.0,4.05089500400748,218,False,False,False,True,持续型爆款,下滑
本田,冠道,28833.0,12,4814.0,6770.0,1604.6666666666667,2256.6666666666665,-28.89217134416543,20-25万,SUV,B,其他能源,24670.0,4814.0,26219.0,18.360730767763837,219,False,False,False,True,持续型爆款,下滑
丰田,埃尔法,18100.0,12,4756.0,6007.0,1585.3333333333333,2002.3333333333333,-20.825703346096226,60万以上,MPV,B,其他能源,17899.0,4746.0,5575.0,85.13004484304932,220,False,True,True,True,统治型爆款,下滑
大众,ID.4 X,24123.0,12,4708.0,7641.0,1569.3333333333333,2547.0,-38.38502813767831,15-20万,SUV,A,新能源,24123.0,4708.0,73486.0,6.406662493536183,221,False,False,False,True,持续型爆款,下滑
奔腾,奔腾T55,10551.0,12,4704.0,3011.0,1568.0,1003.6666666666666,56.22716705413484,5-10万,SUV,A,其他能源,10551.0,4704.0,190597.0,2.4680346490238567,222,True,False,False,True,增长爆款,上升
长安,UNI-K,20472.0,12,4483.0,6321.0,1494.3333333333333,2107.0,-29.077677582660975,15-20万,SUV,B,其他能源,7990.0,,140216.0,,223,False,False,False,True,持续型爆款,下滑
零跑,零跑C01,26845.0,12,4473.0,7855.0,1491.0,2618.3333333333335,-43.05537873965627,15-20万,轿车,C,新能源,20842.0,,43666.0,,224,False,False,False,True,持续型爆款,下滑
林肯,冒险家,26104.0,12,4450.0,6140.0,1483.3333333333333,2046.6666666666667,-27.524429967426713,20-25万,SUV,A,其他能源,26030.0,4377.0,69629.0,6.286173864338135,225,False,False,False,True,持续型爆款,下滑
星途,星途TX,15579.0,12,4429.0,5373.0,1476.3333333333333,1791.0,-17.569328122091942,10-15万,SUV,B,其他能源,15266.0,4429.0,102903.0,4.304053331778471,226,False,False,False,True,持续型爆款,下滑
广汽传祺,GS8,30561.0,12,4399.0,8355.0,1466.3333333333333,2785.0,-47.348892878515855,15-20万,SUV,B,其他能源,18785.0,3523.0,140216.0,2.512552062532093,227,False,False,False,True,持续型爆款,下滑
大众,途铠,17131.0,12,4392.0,2765.0,1464.0,921.6666666666666,58.84267631103075,10-15万,SUV,A0,其他能源,17131.0,4392.0,34230.0,12.830850131463627,228,True,False,False,True,增长爆款,上升
东风风行,风行T5,19778.0,12,4357.0,5999.0,1452.3333333333333,1999.6666666666667,-27.37122853808969,10-15万,SUV,A,其他能源,11346.0,2308.0,437593.0,0.52743074043689,229,False,False,False,True,持续型爆款,下滑
福特,探险者,24733.0,12,4329.0,6238.0,1443.0,2079.3333333333335,-30.60275729400449,35-40万,SUV,C,其他能源,15861.0,,351.0,,230,False,False,False,True,持续型爆款,下滑
小鹏,P7,41383.0,12,4327.0,10167.0,1442.3333333333333,3389.0,-57.4407396478804,25-30万,轿车,B,新能源,22917.0,,29354.0,,231,False,False,False,True,持续型爆款,下滑
大众,威然,20181.0,12,4326.0,4808.0,1442.0,1602.6666666666667,-10.024958402662232,25-30万,MPV,B,其他能源,13283.0,4326.0,38524.0,11.229363513653826,232,False,False,False,True,持续型爆款,稳定
iCAR,iCAR 03,4446.0,4,4293.0,153.0,1431.0,51.0,2705.8823529411766,10-15万,SUV,A,新能源,3740.0,3740.0,209149.0,1.7881988438864158,233,True,False,False,False,增长爆款,上升
蔚来,蔚来EC6,13634.0,12,4285.0,7843.0,1428.3333333333333,2614.3333333333335,-45.36529389264313,35-40万,SUV,B,新能源,8998.0,,2004.0,,234,False,False,False,True,持续型爆款,下滑
零跑,零跑C10,4278.0,3,4278.0,,1426.0,,,10-15万,SUV,B,新能源,2291.0,2291.0,20960.0,10.930343511450381,235,False,False,False,False,普通车型,稳定
日产,劲客,11631.0,12,4239.0,4154.0,1413.0,1384.6666666666667,2.0462205103514597,5-10万,SUV,A0,其他能源,9934.0,4239.0,66575.0,6.367254975591438,236,False,False,False,True,持续型爆款,稳定
欧尚汽车,欧尚X7,33932.0,12,4219.0,9347.0,1406.3333333333333,3115.6666666666665,-54.86252273456724,5-10万,SUV,A,其他能源,33881.0,4170.0,190597.0,2.1878623483055875,237,False,False,False,True,持续型爆款,下滑
雷克萨斯,NX,21077.0,12,4183.0,6806.0,1394.3333333333333,2268.6666666666665,-38.53952394945635,35-40万,SUV,B,其他能源,8495.0,1876.0,3314.0,56.60832830416416,238,False,True,False,True,统治型爆款,下滑
奇瑞,eQ,27489.0,12,4174.0,7771.0,1391.3333333333333,2590.3333333333335,-46.28747908892035,5-10万,轿车,A00,新能源,27489.0,4174.0,15822.0,26.38098849702945,239,False,True,False,True,统治型爆款,下滑
路虎,揽胜,16959.0,12,4164.0,4106.0,1388.0,1368.6666666666667,1.4125669751583025,60万以上,SUV,C,其他能源,16959.0,4164.0,56472.0,7.373565660858479,240,False,False,True,True,规模爆款,稳定
沃尔沃,XC90,18720.0,12,4150.0,5259.0,1383.3333333333333,1753.0,-21.087659250808144,50-55万,SUV,C,其他能源,16957.0,3881.0,6634.0,58.50165812481157,241,False,True,True,True,统治型爆款,下滑
奥迪,Q7,18809.0,12,4146.0,4930.0,1382.0,1643.3333333333333,-15.9026369168357,60万以上,SUV,C,其他能源,12748.0,,56472.0,,242,False,False,True,True,持续型爆款,下滑
理想,理想MEGA,4019.0,4,4017.0,2.0,1339.0,0.6666666666666666,200750.0,55-60万,MPV,B,新能源,3544.0,3544.0,3544.0,100.0,243,True,True,True,False,规模爆款,上升
长安,长安X7,4006.0,2,4006.0,,1335.3333333333333,,,5-10万,SUV,A,其他能源,4006.0,4006.0,190597.0,2.1018169226168304,244,False,False,False,False,普通车型,稳定
广汽传祺,GS4,26456.0,12,3999.0,6343.0,1333.0,2114.3333333333335,-36.95412265489516,10-15万,SUV,A,其他能源,26253.0,3995.0,437593.0,0.9129487903142876,245,False,False,False,True,持续型爆款,下滑
五菱,五菱宏光S3,14447.0,12,3891.0,4073.0,1297.0,1357.6666666666667,-4.468450773385713,5-10万,SUV,B,其他能源,14447.0,3891.0,15401.0,25.264593208233233,246,False,True,False,True,统治型爆款,稳定
迈克萨斯,G50,19192.0,12,3879.0,4954.0,1293.0,1651.3333333333333,-21.699636657246668,10-15万,MPV,B,其他能源,10300.0,1205.0,15711.0,7.669785500604672,247,False,False,False,True,持续型爆款,下滑
沃尔沃,S60,20372.0,12,3864.0,4941.0,1288.0,1647.0,-21.797207043108678,20-25万,轿车,B,其他能源,20051.0,3818.0,65138.0,5.861401946636372,248,False,False,False,True,持续型爆款,下滑
凯迪拉克,XT4,19178.0,12,3809.0,4676.0,1269.6666666666667,1558.6666666666667,-18.541488451668087,20-25万,SUV,A,其他能源,19178.0,3809.0,69629.0,5.470421807005701,249,False,False,False,True,持续型爆款,下滑
比亚迪,护卫舰07,35547.0,12,3801.0,7634.0,1267.0,2544.6666666666665,-50.20958868221116,20-25万,SUV,B,新能源,32959.0,2581.0,57194.0,4.512711123544428,250,False,False,False,True,持续型爆款,下滑
路虎,揽胜极光,15330.0,12,3801.0,3768.0,1267.0,1256.0,0.8757961783439461,25-30万,SUV,B,其他能源,14772.0,3763.0,43226.0,8.705408781751723,250,False,False,False,True,持续型爆款,稳定
吉利,GX7,16057.0,12,3776.0,3888.0,1258.6666666666667,1296.0,-2.8806584362139898,5-10万,SUV,A,其他能源,16057.0,3776.0,190597.0,1.9811434597606468,252,False,False,False,True,持续型爆款,稳定
路虎,卫士,19619.0,12,3774.0,5193.0,1258.0,1731.0,-27.325245522819174,60万以上,SUV,C,其他能源,19611.0,3774.0,56472.0,6.682957926051849,253,False,False,True,True,持续型爆款,下滑
广汽传祺,E9,18785.0,11,3733.0,5913.0,1244.3333333333333,1971.0,-36.867918146456965,35-40万,MPV,B,新能源,17711.0,2659.0,37650.0,7.062416998671979,254,False,False,False,True,持续型爆款,下滑
宝马,7系,13911.0,12,3687.0,4199.0,1229.0,1399.6666666666667,-12.193379376041925,60万以上,轿车,D,其他能源,13907.0,3685.0,18848.0,19.551146010186756,255,False,False,True,True,持续型爆款,稳定
吉利,ICON,20141.0,12,3625.0,4648.0,1208.3333333333333,1549.3333333333333,-22.009466437177284,10-15万,SUV,A,其他能源,20141.0,3625.0,437593.0,0.8283953353915624,256,False,False,False,True,持续型爆款,下滑
别克,世纪,17714.0,12,3616.0,5048.0,1205.3333333333333,1682.6666666666667,-28.367670364500796,50-55万,MPV,B,其他能源,16335.0,3616.0,3616.0,100.0,257,False,True,True,True,统治型爆款,下滑
AITO,问界M5,30950.0,12,3563.0,9019.0,1187.6666666666667,3006.3333333333335,-60.494511586650404,25-30万,SUV,B,新能源,30950.0,3563.0,130264.0,2.7352146410366642,258,False,False,False,True,持续型爆款,下滑
仰望,U8,5512.0,6,3547.0,1965.0,1182.3333333333333,655.0,80.5089058524173,60万以上,SUV,D,新能源,5512.0,3547.0,3811.0,93.07268433482025,259,True,True,True,False,规模爆款,上升
长安,UNI-T,23476.0,12,3524.0,5315.0,1174.6666666666667,1771.6666666666667,-33.69708372530573,10-15万,SUV,A,其他能源,23476.0,3524.0,437593.0,0.8053145274261699,260,False,False,False,True,持续型爆款,下滑
阿维塔,阿维塔11,17192.0,12,3490.0,5968.0,1163.3333333333333,1989.3333333333333,-41.52144772117963,30-35万,SUV,C,新能源,11928.0,,62554.0,,261,False,False,False,True,持续型爆款,下滑
岚图,岚图FREE,12542.0,12,3454.0,5097.0,1151.3333333333333,1699.0,-32.23464783205808,25-30万,SUV,C,新能源,10523.0,2033.0,101785.0,1.9973473498059637,262,False,False,False,True,持续型爆款,下滑
奥迪,Q4,22981.0,12,3452.0,6068.0,1150.6666666666667,2022.6666666666667,-43.11140408701384,20-25万,SUV,A,新能源,15852.0,3452.0,8101.0,42.61202320701148,263,False,True,False,True,统治型爆款,下滑
启源,A06,4366.0,7,3438.0,879.0,1146.0,293.0,291.1262798634812,价格缺失/无效,轿车,B,新能源,4366.0,3438.0,3505.0,98.08844507845934,264,True,True,True,False,规模爆款,上升
奔驰,威霆,15140.0,12,3432.0,3618.0,1144.0,1206.0,-5.140961857379766,30-35万,MPV,B,其他能源,8090.0,,29517.0,,265,False,False,False,True,持续型爆款,稳定
保时捷,PANAMERA,19224.0,12,3416.0,4760.0,1138.6666666666667,1586.6666666666667,-28.235294117647058,60万以上,轿车,D,其他能源,17927.0,3141.0,18848.0,16.664898132427844,266,False,False,True,True,持续型爆款,下滑
埃安,AION V,21191.0,12,3335.0,8990.0,1111.6666666666667,2996.6666666666665,-62.9032258064516,15-20万,SUV,A,新能源,21191.0,3335.0,73486.0,4.538279400157854,267,False,False,False,True,持续型爆款,下滑
福特,锐际,20812.0,12,3310.0,5143.0,1103.3333333333333,1714.3333333333333,-35.6406766478709,10-15万,SUV,A,其他能源,10943.0,3310.0,437593.0,0.756410637281675,268,False,False,False,True,持续型爆款,下滑
奥迪,A5,15478.0,12,3253.0,3791.0,1084.3333333333333,1263.6666666666667,-14.191506198892123,30-35万,轿车,B,其他能源,13208.0,3253.0,3829.0,84.95690780882738,269,False,True,False,True,统治型爆款,稳定
丰田,凌放,22089.0,12,3236.0,5816.0,1078.6666666666667,1938.6666666666667,-44.36038514442916,15-20万,SUV,B,其他能源,11228.0,2156.0,140216.0,1.5376276601814345,270,False,False,False,True,持续型爆款,下滑
小鹏,G9,22337.0,12,3224.0,13422.0,1074.6666666666667,4474.0,-75.97973476382059,25-30万,SUV,C,新能源,16646.0,3224.0,101785.0,3.167460824286486,271,False,False,False,True,持续型爆款,下滑
凯翼,炫界,11919.0,12,3150.0,3606.0,1050.0,1202.0,-12.645590682196339,5-10万,SUV,A,其他能源,8904.0,2695.0,190597.0,1.4139781843365844,272,False,False,False,True,持续型爆款,稳定
丰田,兰德酷路泽,9419.0,12,3144.0,3189.0,1048.0,1063.0,-1.411100658513642,价格缺失/无效,SUV,C,其他能源,9419.0,3144.0,4025.0,78.11180124223603,273,False,True,True,True,统治型爆款,稳定
奇瑞,瑞虎3x,16056.0,12,3143.0,4040.0,1047.6666666666667,1346.6666666666667,-22.2029702970297,5-10万,SUV,A0,其他能源,16056.0,3143.0,66575.0,4.720991363124296,274,False,False,False,True,持续型爆款,下滑
大众,ID.7 VIZZION,3867.0,5,3115.0,752.0,1038.3333333333333,250.66666666666666,314.2287234042553,20-25万,轿车,B,新能源,3612.0,3115.0,48419.0,6.433424895185774,275,True,False,False,False,增长爆款,上升
长安,睿骋,16782.0,12,3097.0,3326.0,1032.3333333333333,1108.6666666666667,-6.885147324113062,5-10万,轿车,A,其他能源,12178.0,2275.0,338446.0,0.6721899505386384,276,False,False,False,True,持续型爆款,稳定
哪吒,哪吒S,17579.0,12,3050.0,4724.0,1016.6666666666666,1574.6666666666667,-35.43607112616427,15-20万,轿车,C,新能源,11352.0,3050.0,43666.0,6.984839463197911,277,False,False,False,True,持续型爆款,下滑
领克,领克09,13152.0,12,3021.0,2600.0,1007.0,866.6666666666666,16.192307692307708,30-35万,SUV,C,新能源,9684.0,2704.0,62554.0,4.322665217252294,278,False,False,False,True,持续型爆款,上升
路虎,发现运动版,12368.0,12,2940.0,3253.0,980.0,1084.3333333333333,-9.621887488472169,25-30万,SUV,B,其他能源,6442.0,,43226.0,,279,False,False,False,True,持续型爆款,稳定
比亚迪,e2,21440.0,12,2937.0,5044.0,979.0,1681.3333333333333,-41.77240285487708,10-15万,轿车,A,新能源,20011.0,1508.0,119776.0,1.259016831418648,280,False,False,False,True,持续型爆款,下滑
红旗,H6,11641.0,12,2911.0,3660.0,970.3333333333334,1220.0,-20.464480874316937,15-20万,轿车,B,其他能源,8654.0,2911.0,198082.0,1.4695934007128362,281,False,False,False,True,持续型爆款,下滑
宝骏,悦也,17613.0,11,2897.0,4409.0,965.6666666666666,1469.6666666666667,-34.293490587434796,5-10万,SUV,A0,新能源,17613.0,2897.0,16860.0,17.18268090154211,282,False,False,False,True,持续型爆款,下滑
奇瑞,风云A8,2858.0,3,2858.0,,952.6666666666666,,,10-15万,轿车,A,新能源,2858.0,2858.0,119776.0,2.3861207587496662,283,False,False,False,False,普通车型,稳定
哈弗,哈弗H5,9126.0,9,2842.0,4010.0,947.3333333333334,1336.6666666666667,-29.12718204488778,10-15万,SUV,D,其他能源,6852.0,2842.0,2842.0,100.0,284,False,True,False,True,统治型爆款,下滑
梅赛德斯-迈巴赫,S级,13442.0,12,2840.0,4132.0,946.6666666666666,1377.3333333333333,-31.268151016456926,60万以上,轿车,D,其他能源,13400.0,2817.0,18848.0,14.94588285229202,285,False,False,True,True,持续型爆款,下滑
奥迪,A8L,11907.0,12,2836.0,3117.0,945.3333333333334,1039.0,-9.015078601219118,60万以上,轿车,D,其他能源,11907.0,2836.0,18848.0,15.046689303904923,286,False,False,True,True,持续型爆款,稳定
飞凡,R7,6626.0,12,2792.0,2833.0,930.6666666666666,944.3333333333334,-1.4472290857748038,15-20万,SUV,C,新能源,5568.0,2792.0,5707.0,48.92237602943753,287,False,True,False,True,统治型爆款,稳定
保时捷,Macan,15359.0,12,2729.0,3942.0,909.6666666666666,1314.0,-30.771182141045163,50-55万,SUV,B,其他能源,9676.0,,171.0,,288,False,False,False,True,持续型爆款,下滑
MINI,MINI,12295.0,12,2728.0,3678.0,909.3333333333334,1226.0,-25.82925502990756,20-25万,轿车,A0,其他能源,8585.0,2728.0,2728.0,100.0,289,False,True,False,True,统治型爆款,下滑
奔腾,奔腾NAT,16334.0,12,2726.0,3221.0,908.6666666666666,1073.6666666666667,-15.367898168270733,价格缺失/无效,MPV,B,新能源,16334.0,2726.0,10074.0,27.059757792336708,290,False,True,True,True,统治型爆款,下滑
长安凯程,欧诺,10143.0,12,2723.0,2362.0,907.6666666666666,787.3333333333334,15.283657917019466,5万以下,MPV,A,其他能源,5874.0,,1010.0,,291,False,False,False,True,持续型爆款,上升
smart,精灵#1,23314.0,12,2697.0,5271.0,899.0,1757.0,-48.83323847467273,20-25万,SUV,A0,新能源,23314.0,2697.0,2697.0,100.0,292,False,True,False,True,统治型爆款,下滑
宝马,X7,11228.0,12,2684.0,3306.0,894.6666666666666,1102.0,-18.814277071990325,60万以上,SUV,D,其他能源,11228.0,2684.0,8458.0,31.733270276661152,293,False,True,True,True,统治型爆款,下滑
哈弗,哈弗枭龙MAX,22884.0,12,2643.0,5897.0,881.0,1965.6666666666667,-55.18060030523995,15-20万,SUV,B,新能源,22700.0,2643.0,60607.0,4.360882406322702,294,False,False,False,True,持续型爆款,下滑
别克,别克E5,16682.0,12,2635.0,5410.0,878.3333333333334,1803.3333333333333,-51.293900184842876,20-25万,SUV,C,新能源,11421.0,,6623.0,,295,False,False,False,True,持续型爆款,下滑
本田,UR-V,11579.0,12,2634.0,2725.0,878.0,908.3333333333334,-3.3394495412844116,20-25万,SUV,B,其他能源,7971.0,2634.0,26219.0,10.046149738739082,296,False,False,False,True,持续型爆款,稳定
东风纳米,纳米01,2630.0,3,2630.0,,876.6666666666666,,,5-10万,轿车,A0,新能源,2630.0,2630.0,105242.0,2.499002299462192,297,False,False,False,False,普通车型,稳定
本田,致在,13712.0,12,2621.0,3797.0,873.6666666666666,1265.6666666666667,-30.971819857782467,10-15万,SUV,A,其他能源,12569.0,2412.0,437593.0,0.55119711695571,298,False,False,False,True,持续型爆款,下滑
奥迪,Q2L,16260.0,12,2617.0,3669.0,872.3333333333334,1223.0,-28.672662850913056,15-20万,SUV,A0,其他能源,16058.0,2587.0,2587.0,100.0,299,False,True,False,True,统治型爆款,下滑
东风风神,SKY EV01,3613.0,7,2604.0,979.0,868.0,326.3333333333333,165.98569969356487,10-15万,SUV,B,新能源,3578.0,2604.0,20960.0,12.423664122137405,300,True,False,False,False,增长爆款,上升
起亚,狮铂拓界,11382.0,12,2574.0,3307.0,858.0,1102.3333333333333,-22.16510432416087,10-15万,SUV,A,其他能源,6301.0,2494.0,437593.0,0.569935990749395,301,False,False,False,True,持续型爆款,下滑
奔腾,奔腾T90,7906.0,10,2574.0,3598.0,858.0,1199.3333333333333,-28.46025569760978,5-10万,SUV,A,其他能源,4088.0,2574.0,190597.0,1.3504934495296357,301,False,False,False,True,持续型爆款,下滑
岚图,岚图追光,5246.0,12,2554.0,1237.0,851.3333333333334,412.3333333333333,106.4672594987874,25-30万,轿车,C,新能源,2279.0,1555.0,19164.0,8.114172406595701,303,True,False,False,True,增长爆款,上升
宝马,X4,8958.0,12,2536.0,2564.0,845.3333333333334,854.6666666666666,-1.0920436817472567,40-45万,SUV,B,其他能源,7138.0,2536.0,36440.0,6.959385290889133,304,False,False,False,True,持续型爆款,稳定
宝骏,云朵,13581.0,9,2534.0,7766.0,844.6666666666666,2588.6666666666665,-67.37058975019315,10-15万,轿车,A,新能源,13560.0,2534.0,119776.0,2.1156158161902217,305,False,False,False,True,持续型爆款,下滑
广汽传祺,ES9,6926.0,6,2534.0,4392.0,844.6666666666666,1464.0,-42.30418943533698,20-25万,SUV,C,新能源,6893.0,2534.0,6623.0,38.26060697569078,305,False,True,False,False,统治型爆款,下滑
奔驰,EQE,9773.0,12,2437.0,2560.0,812.3333333333334,853.3333333333334,-4.804687500000004,35-40万,轿车,C,新能源,5342.0,972.0,1280.0,75.9375,307,False,True,False,True,统治型爆款,稳定
宝马,2系,10638.0,12,2427.0,2778.0,809.0,926.0,-12.634989200863933,25-30万,轿车,A,其他能源,7303.0,909.0,1999.0,45.472736368184094,308,False,False,False,False,普通车型,稳定
荣威,荣威i6,12928.0,12,2425.0,3562.0,808.3333333333334,1187.3333333333333,-31.92026951151038,10-15万,轿车,A,新能源,11842.0,2422.0,119776.0,2.022107934811648,309,False,False,False,True,持续型爆款,下滑
奔驰,V级,12816.0,12,2419.0,3126.0,806.3333333333334,1042.0,-22.61676263595649,50-55万,MPV,B,其他能源,7628.0,,3616.0,,310,False,False,False,True,持续型爆款,下滑
丰田,C-HR,12028.0,12,2413.0,3099.0,804.3333333333334,1033.0,-22.136172959019028,10-15万,SUV,A0,其他能源,12004.0,2412.0,34230.0,7.046450482033303,311,False,False,False,False,普通车型,下滑
北京越野,BJ60,8234.0,12,2343.0,1834.0,781.0,611.3333333333334,27.753544165757905,20-25万,SUV,C,其他能源,6758.0,2343.0,4216.0,55.57400379506642,312,True,True,False,True,增长爆款,上升
领克,领克01,16443.0,12,2325.0,4283.0,775.0,1427.6666666666667,-45.715619892598646,15-20万,SUV,A,其他能源,15199.0,2228.0,154450.0,1.4425380382000648,313,False,False,False,True,持续型爆款,下滑
东风风神,皓极,8315.0,12,2311.0,2178.0,770.3333333333334,726.0,6.106519742883387,10-15万,SUV,B,其他能源,8315.0,2311.0,102903.0,2.245804301137965,314,False,False,False,False,普通车型,稳定
瑞风,瑞风M3,11128.0,12,2275.0,3097.0,758.3333333333334,1032.3333333333333,-26.54181465934775,5-10万,MPV,B,其他能源,10172.0,1955.0,13805.0,14.1615356754799,315,False,False,False,True,持续型爆款,下滑
奔驰,GLA级,18491.0,12,2246.0,3627.0,748.6666666666666,1209.0,-38.07554452715743,20-25万,SUV,A,其他能源,18484.0,2239.0,69629.0,3.2156141837452785,316,False,False,False,True,持续型爆款,下滑
现代,库斯途,13147.0,12,2164.0,3729.0,721.3333333333334,1243.0,-41.968356127648164,15-20万,MPV,B,其他能源,13147.0,2164.0,9924.0,21.805723498589277,317,False,True,False,True,统治型爆款,下滑
马自达,CX-50行也,10864.0,11,2123.0,2845.0,707.6666666666666,948.3333333333334,-25.37785588752197,15-20万,SUV,A,其他能源,10758.0,2078.0,154450.0,1.3454192295241179,318,False,False,False,True,持续型爆款,下滑
宝马,6系,8683.0,12,2100.0,2763.0,700.0,921.0,-23.995656894679694,50-55万,轿车,C,其他能源,7323.0,2100.0,7262.0,28.91765353896998,319,False,True,False,True,统治型爆款,下滑
极狐,阿尔法S,9912.0,12,2097.0,3265.0,699.0,1088.3333333333333,-35.773353751914236,20-25万,轿车,C,新能源,8405.0,2097.0,9626.0,21.78474963640141,320,False,True,False,True,统治型爆款,下滑
北汽汽车,王牌M7,7436.0,12,2091.0,2540.0,697.0,846.6666666666666,-17.677165354330704,价格缺失/无效,MPV,B,其他能源,4450.0,,302.0,,321,False,False,True,True,持续型爆款,下滑
东风纳米,纳米BOX,2066.0,3,2066.0,,688.6666666666666,,,5-10万,SUV,A0,新能源,2066.0,2066.0,16860.0,12.253855278766311,322,False,False,False,False,普通车型,稳定
曹操,曹操60,15406.0,11,2062.0,1185.0,687.3333333333334,395.0,74.00843881856541,价格缺失/无效,轿车,A,新能源,15406.0,2062.0,25126.0,8.206638541749582,323,True,False,True,True,规模爆款,上升
智界,智界S7,2366.0,4,2061.0,305.0,687.0,101.66666666666667,575.7377049180327,25-30万,轿车,C,新能源,1284.0,1284.0,19164.0,6.70006261740764,324,False,False,False,False,普通车型,上升
星途,星途揽月,9829.0,12,2049.0,2992.0,683.0,997.3333333333334,-31.517379679144387,20-25万,SUV,C,其他能源,6933.0,,4216.0,,325,False,False,False,True,持续型爆款,下滑
吉利,几何G6,2048.0,2,2048.0,,682.6666666666666,,,10-15万,轿车,A,新能源,2048.0,2048.0,119776.0,1.7098584023510555,326,False,False,False,False,普通车型,稳定
捷豹,XFL,11151.0,12,2025.0,3237.0,675.0,1079.0,-37.442075996292864,25-30万,轿车,C,其他能源,7318.0,2025.0,4258.0,47.55753875058713,327,False,False,False,False,普通车型,下滑
林肯,林肯Z,12819.0,12,2015.0,2946.0,671.6666666666666,982.0,-31.60217243720299,20-25万,轿车,B,其他能源,12497.0,1693.0,65138.0,2.599097301114557,328,False,False,False,True,持续型爆款,下滑
捷途,山海L9,2414.0,5,2001.0,413.0,667.0,137.66666666666666,384.5036319612591,15-20万,SUV,B,新能源,2414.0,2001.0,60607.0,3.301598825218209,329,True,False,False,False,增长爆款,上升
起亚,赛图斯,6286.0,10,1958.0,2178.0,652.6666666666666,726.0,-10.101010101010111,10-15万,SUV,A,其他能源,4049.0,572.0,437593.0,0.13071507085351,330,False,False,False,False,普通车型,稳定
蔚来,蔚来ES8,14774.0,12,1943.0,5204.0,647.6666666666666,1734.6666666666667,-62.66333589546503,50-55万,SUV,C,新能源,12510.0,,440.0,,331,False,False,False,False,普通车型,下滑
吉利,帝豪L,11944.0,12,1922.0,3049.0,640.6666666666666,1016.3333333333334,-36.96293866841588,10-15万,轿车,A,新能源,9210.0,,119776.0,,332,False,False,False,False,普通车型,下滑
极狐,阿尔法T5,1980.0,5,1889.0,91.0,629.6666666666666,30.333333333333332,1975.8241758241759,15-20万,SUV,B,新能源,1956.0,1889.0,60607.0,3.1168016895738115,333,False,False,False,False,普通车型,上升
凯迪拉克,CT6,9562.0,12,1887.0,2267.0,629.0,755.6666666666666,-16.762240846934272,30-35万,轿车,C,其他能源,8399.0,1887.0,9747.0,19.359803016312714,334,False,False,False,True,持续型爆款,下滑
凯迪拉克,XT6,13732.0,12,1884.0,2346.0,628.0,782.0,-19.693094629156004,30-35万,SUV,C,其他能源,11901.0,1884.0,10673.0,17.652019113651267,335,False,False,False,True,持续型爆款,下滑
启辰,D60,20100.0,12,1875.0,3713.0,625.0,1237.6666666666667,-49.501750605979,10-15万,轿车,A,新能源,16596.0,1330.0,119776.0,1.1104060913705585,336,False,False,False,False,普通车型,下滑
沃尔沃,XC40,11732.0,12,1847.0,3068.0,615.6666666666666,1022.6666666666666,-39.79791395045632,20-25万,SUV,A,其他能源,10394.0,1737.0,69629.0,2.494650217581755,337,False,False,False,True,持续型爆款,下滑
北京汽车,北京X7,8658.0,12,1826.0,2470.0,608.6666666666666,823.3333333333334,-26.072874493927134,10-15万,SUV,A,其他能源,8615.0,1826.0,437593.0,0.417282726186205,338,False,False,False,False,普通车型,下滑
魏牌,高山,3607.0,7,1799.0,1751.0,599.6666666666666,583.6666666666666,2.7412906910337043,35-40万,MPV,B,新能源,3550.0,1799.0,37650.0,4.778220451527225,339,False,False,False,False,普通车型,稳定
极氪,极氪009,17313.0,12,1789.0,5349.0,596.3333333333334,1783.0,-66.55449616750795,50-55万,MPV,B,新能源,17313.0,1789.0,1789.0,100.0,340,False,False,False,False,普通车型,下滑
宝马,X2,15807.0,12,1723.0,3889.0,574.3333333333334,1296.3333333333333,-55.69555155566983,15-20万,SUV,A,其他能源,9965.0,1431.0,154450.0,0.9265134347685335,341,False,False,False,False,普通车型,下滑
雪佛兰,迈锐宝,13378.0,12,1691.0,3137.0,563.6666666666666,1045.6666666666667,-46.094995218361504,10-15万,轿车,B,其他能源,13363.0,1691.0,75394.0,2.2428840491285778,342,False,False,False,False,普通车型,下滑
北京汽车,魔方,7676.0,12,1686.0,1896.0,562.0,632.0,-11.075949367088612,10-15万,SUV,A,其他能源,5254.0,,437593.0,,343,False,False,False,False,普通车型,稳定
奔驰,EQE SUV,6884.0,10,1667.0,2888.0,555.6666666666666,962.6666666666666,-42.27839335180056,40-45万,SUV,C,新能源,2740.0,,850.0,,344,False,False,False,True,持续型爆款,下滑
东风风光,风光,5742.0,12,1651.0,1511.0,550.3333333333334,503.6666666666667,9.265387160820659,5万以下,MPV,A,其他能源,3365.0,1010.0,1010.0,100.0,345,False,True,False,True,统治型爆款,稳定
红旗,H9,12576.0,12,1640.0,3794.0,546.6666666666666,1264.6666666666667,-56.77385345282025,25-30万,轿车,C,其他能源,12576.0,1640.0,4258.0,38.51573508689526,346,False,False,False,False,普通车型,下滑
奔驰,EQB,7649.0,12,1616.0,1310.0,538.6666666666666,436.6666666666667,23.35877862595419,25-30万,SUV,A,新能源,6620.0,1616.0,2197.0,73.55484751934456,347,False,False,False,False,普通车型,上升
捷豹,XEL,9797.0,12,1604.0,2032.0,534.6666666666666,677.3333333333334,-21.06299212598426,20-25万,轿车,B,其他能源,9797.0,1604.0,65138.0,2.4624643065491725,348,False,False,False,True,持续型爆款,下滑
奥迪,Q5 e-tron,5930.0,12,1602.0,1529.0,534.0,509.6666666666667,4.774362328319159,30-35万,SUV,C,新能源,3076.0,,62554.0,,349,False,False,False,False,普通车型,稳定
大众,途锐,9570.0,12,1581.0,2717.0,527.0,905.6666666666666,-41.81082075818918,55-60万,SUV,C,其他能源,8049.0,958.0,5114.0,18.732890105592492,350,False,False,True,True,持续型爆款,下滑
合创,合创Z03,14692.0,12,1538.0,1972.0,512.6666666666666,657.3333333333334,-22.0081135902637,15-20万,SUV,A,新能源,11825.0,,73486.0,,351,False,False,False,False,普通车型,下滑
日产,探陆,1531.0,4,1530.0,1.0,510.0,0.3333333333333333,152900.0,25-30万,SUV,C,其他能源,973.0,973.0,25857.0,3.763004215492903,352,False,False,False,False,普通车型,上升
极氪,极氪X,18713.0,11,1520.0,6265.0,506.6666666666667,2088.3333333333335,-75.73822825219474,20-25万,SUV,A,新能源,14350.0,,8101.0,,353,False,False,False,True,持续型爆款,下滑
钇为,钇为3,9682.0,11,1517.0,3867.0,505.6666666666667,1289.0,-60.770623222136024,10-15万,轿车,A0,新能源,9638.0,1517.0,51452.0,2.9483790717561997,354,False,False,False,False,普通车型,下滑
昊铂,昊铂GT,5090.0,10,1513.0,1236.0,504.3333333333333,412.0,22.41100323624594,20-25万,轿车,C,新能源,4823.0,1513.0,9626.0,15.717847496364016,355,False,False,False,False,普通车型,上升
起亚,奕跑,7575.0,12,1492.0,1971.0,497.3333333333333,657.0,-24.302384576357184,5-10万,SUV,A0,其他能源,7575.0,1492.0,66575.0,2.2410814870446867,356,False,False,False,True,持续型爆款,下滑
星途,星途追风,6735.0,12,1483.0,1986.0,494.3333333333333,662.0,-25.327291037260824,10-15万,SUV,A,其他能源,5567.0,1193.0,437593.0,0.2726277614130025,357,False,False,False,False,普通车型,下滑
小鹏,P5,14787.0,12,1466.0,5261.0,488.6666666666667,1753.6666666666667,-72.13457517582209,15-20万,轿车,A,新能源,14787.0,1466.0,2112.0,69.41287878787878,358,False,False,False,False,普通车型,下滑
起亚,K3,5574.0,12,1458.0,1042.0,486.0,347.3333333333333,39.923224568138195,5-10万,轿车,A,其他能源,5552.0,1458.0,338446.0,0.4307925045649823,359,True,False,False,True,增长爆款,上升
丰田,凌尚,8118.0,12,1453.0,2217.0,484.3333333333333,739.0,-34.460983310780335,10-15万,轿车,A,其他能源,8118.0,1453.0,402642.0,0.3608664769199438,360,False,False,False,False,普通车型,下滑
吉利,帝豪S,6654.0,12,1450.0,971.0,483.3333333333333,323.6666666666667,49.33058702368691,5-10万,SUV,A,其他能源,6654.0,1450.0,190597.0,0.7607674832237653,361,True,False,False,True,增长爆款,上升
路虎,揽胜运动版,9466.0,12,1435.0,2777.0,478.3333333333333,925.6666666666666,-48.325531148721645,60万以上,SUV,C,其他能源,9466.0,1435.0,56472.0,2.541082306275676,362,False,False,True,True,持续型爆款,下滑
奔驰,G级,5866.0,12,1435.0,1680.0,478.3333333333333,560.0,-14.583333333333337,60万以上,SUV,C,其他能源,5866.0,1435.0,56472.0,2.541082306275676,362,False,False,True,True,持续型爆款,稳定
奥迪,Q6,4677.0,12,1423.0,1119.0,474.3333333333333,373.0,27.16711349419123,45-50万,SUV,C,其他能源,4677.0,1423.0,1423.0,100.0,364,True,True,True,True,规模爆款,上升
丰田,普拉多,5036.0,12,1421.0,1215.0,473.6666666666667,405.0,16.954732510288075,价格缺失/无效,SUV,B,其他能源,5035.0,1421.0,2335.0,60.85653104925054,365,False,True,True,True,规模爆款,上升
smart,精灵#3,9718.0,11,1420.0,2587.0,473.3333333333333,862.3333333333334,-45.11016621569386,20-25万,SUV,A,新能源,9612.0,1420.0,8101.0,17.528700160474013,366,False,False,False,False,普通车型,下滑
坦克,坦克700,1389.0,3,1389.0,,463.0,,,45-50万,SUV,C,新能源,1343.0,1343.0,3286.0,40.87035909920876,367,False,True,False,False,统治型爆款,稳定
五菱,凯捷,5580.0,12,1374.0,1048.0,458.0,349.3333333333333,31.106870229007644,10-15万,MPV,A,其他能源,5580.0,1374.0,1852.0,74.19006479481641,368,False,False,False,False,普通车型,上升
欧拉,闪电猫,9299.0,12,1366.0,2721.0,455.3333333333333,907.0,-49.797868430724,15-20万,轿车,B,新能源,9299.0,1366.0,33852.0,4.035212099728229,369,False,False,False,False,普通车型,下滑
大众,探影,14616.0,12,1355.0,2339.0,451.6666666666667,779.6666666666666,-42.06926036767848,10-15万,SUV,A0,其他能源,14616.0,1355.0,34230.0,3.958515921706106,370,False,False,False,False,普通车型,下滑
睿蓝,枫叶60s,7046.0,12,1344.0,2208.0,448.0,736.0,-39.13043478260869,价格缺失/无效,轿车,A,新能源,7046.0,1344.0,25126.0,5.3490408341956535,371,False,False,True,True,持续型爆款,下滑
极狐,考拉,4436.0,8,1331.0,2684.0,443.6666666666667,894.6666666666666,-50.409836065573764,10-15万,MPV,A,新能源,3321.0,1331.0,1590.0,83.71069182389938,372,False,False,False,False,普通车型,下滑
福特,领裕,6120.0,12,1323.0,1640.0,441.0,546.6666666666666,-19.329268292682922,15-20万,SUV,C,其他能源,6120.0,1323.0,3908.0,33.85363357215967,373,False,False,False,False,普通车型,下滑
江淮,江淮X8,1317.0,3,1317.0,,439.0,,,10-15万,SUV,B,其他能源,1317.0,1317.0,102903.0,1.2798460686277369,374,False,False,False,False,普通车型,稳定
雷诺江铃,小麒麟,4113.0,12,1307.0,1600.0,435.6666666666667,533.3333333333334,-18.3125,5万以下,轿车,A00,新能源,4041.0,1307.0,105808.0,1.235256313322244,375,False,False,False,False,普通车型,下滑
路虎,揽胜星脉,2768.0,12,1267.0,767.0,422.3333333333333,255.66666666666666,65.18904823989568,45-50万,SUV,B,其他能源,2525.0,1267.0,8100.0,15.641975308641975,376,True,False,False,True,增长爆款,上升
别克,昂科旗,12436.0,12,1264.0,2509.0,421.3333333333333,836.3333333333334,-49.62136309286569,25-30万,SUV,C,其他能源,8536.0,,25857.0,,377,False,False,False,False,普通车型,下滑
斯柯达,柯米克,6383.0,12,1262.0,1633.0,420.6666666666667,544.3333333333334,-22.71892222902634,10-15万,SUV,A0,其他能源,3559.0,131.0,34230.0,0.3827052293309962,378,False,False,False,False,普通车型,下滑
哪吒,哪吒AYA,14437.0,8,1260.0,8299.0,420.0,2766.3333333333335,-84.81744788528738,5-10万,SUV,A0,新能源,14437.0,1260.0,16860.0,7.473309608540925,379,False,False,False,False,普通车型,下滑
奥迪,A7,4697.0,12,1255.0,1267.0,418.3333333333333,422.3333333333333,-0.9471191791633804,55-60万,轿车,C,其他能源,2350.0,,714.0,,380,False,False,True,True,持续型爆款,稳定
吉利,远景X1,1242.0,1,1242.0,,414.0,,,价格缺失/无效,SUV,A0,新能源,1242.0,1242.0,1378.0,90.13062409288824,381,False,True,True,False,规模爆款,稳定
启辰,VX6,2528.0,5,1241.0,1287.0,413.6666666666667,429.0,-3.5742035742035716,10-15万,SUV,A,新能源,2528.0,1241.0,209149.0,0.5933568891077653,382,False,False,False,False,普通车型,稳定
起亚,智跑,8068.0,12,1237.0,1651.0,412.3333333333333,550.3333333333334,-25.075711689884926,10-15万,SUV,A,其他能源,8068.0,1237.0,437593.0,0.2826827668632725,383,False,False,False,False,普通车型,下滑
五菱,五菱征程,6946.0,12,1235.0,1868.0,411.6666666666667,622.6666666666666,-33.88650963597429,5-10万,MPV,B,其他能源,6772.0,1205.0,13805.0,8.728721477725463,384,False,False,False,False,普通车型,下滑
哈弗,哈弗枭龙,2654.0,12,1235.0,465.0,411.6666666666667,155.0,165.5913978494624,10-15万,SUV,A,新能源,2488.0,1235.0,209149.0,0.590488120909017,384,False,False,False,False,普通车型,上升
东风奕派,eπ007,1214.0,3,1214.0,,404.6666666666667,,,15-20万,轿车,C,新能源,1031.0,1031.0,43666.0,2.3611047496908353,386,False,False,False,False,普通车型,稳定
东风风光,风光MINI EV,3954.0,12,1212.0,1186.0,404.0,395.3333333333333,2.1922428330522825,5万以下,轿车,A00,新能源,3954.0,1212.0,105808.0,1.145471041887192,387,False,False,False,False,普通车型,稳定
JEEP,牧马人,4828.0,12,1208.0,1207.0,402.6666666666667,402.3333333333333,0.08285004142503105,50-55万,SUV,C,其他能源,2722.0,1089.0,6634.0,16.415435634609587,388,False,False,False,False,普通车型,稳定
昊铂,昊铂HT,2792.0,5,1202.0,1590.0,400.6666666666667,530.0,-24.402515723270433,20-25万,SUV,C,新能源,2792.0,1202.0,6623.0,18.148875132115354,389,False,False,False,False,普通车型,下滑
MG,MG4 EV,8966.0,12,1178.0,4276.0,392.6666666666667,1425.3333333333333,-72.45088868101028,10-15万,轿车,A,新能源,8966.0,1178.0,119776.0,0.983502538071066,390,False,False,False,False,普通车型,下滑
哈弗,哈弗H9,5957.0,12,1175.0,1514.0,391.6666666666667,504.6666666666667,-22.39101717305152,20-25万,SUV,B,其他能源,5957.0,1175.0,26219.0,4.481482894084443,391,False,False,False,False,普通车型,下滑
凯翼,昆仑,5453.0,12,1173.0,1767.0,391.0,589.0,-33.616298811544986,10-15万,SUV,B,其他能源,4909.0,1173.0,102903.0,1.1399084574793736,392,False,False,False,False,普通车型,下滑
创维汽车,HT-i,4158.0,12,1094.0,1160.0,364.6666666666667,386.6666666666667,-5.689655172413788,15-20万,SUV,B,新能源,4158.0,1094.0,60607.0,1.8050720213836686,393,False,False,False,False,普通车型,稳定
荣威,荣威Ei5,6540.0,12,1092.0,1006.0,364.0,335.3333333333333,8.548707753479135,10-15万,轿车,A,新能源,3940.0,1092.0,119776.0,0.9117018434410901,394,False,False,False,False,普通车型,稳定
五菱,星云,4051.0,8,1077.0,2110.0,359.0,703.3333333333334,-48.95734597156398,10-15万,SUV,A,其他能源,2935.0,,437593.0,,395,False,False,False,False,普通车型,下滑
丰田,亚洲狮,8774.0,12,1076.0,2081.0,358.6666666666667,693.6666666666666,-48.29408938010571,10-15万,轿车,A,其他能源,8774.0,1076.0,402642.0,0.2672349133970127,396,False,False,False,False,普通车型,下滑
雪佛兰,探界者,8992.0,12,1056.0,1872.0,352.0,624.0,-43.58974358974359,10-15万,SUV,B,其他能源,8990.0,1054.0,102903.0,1.0242655704887127,397,False,False,False,False,普通车型,下滑
荣威,iMAX8,7111.0,12,1050.0,1447.0,350.0,482.3333333333333,-27.436074637180376,20-25万,MPV,B,其他能源,2969.0,,6007.0,,398,False,False,False,False,普通车型,下滑
林肯,飞行家,4606.0,12,1041.0,1239.0,347.0,413.0,-15.980629539951574,55-60万,SUV,C,其他能源,2335.0,,5114.0,,399,False,False,False,True,持续型爆款,下滑
奥迪,S4,3455.0,12,1041.0,814.0,347.0,271.3333333333333,27.886977886977892,40-45万,轿车,B,其他能源,2269.0,1041.0,4030.0,25.831265508684865,399,True,True,False,True,增长爆款,上升
极石,极石01,1413.0,7,1030.0,378.0,343.3333333333333,126.0,172.48677248677245,价格缺失/无效,SUV,C,新能源,1211.0,828.0,1150.0,72.0,401,True,True,True,False,规模爆款,上升
宝马,i5,1008.0,3,1008.0,,336.0,,,45-50万,轿车,C,新能源,772.0,772.0,772.0,100.0,402,False,True,False,False,统治型爆款,稳定
起亚,EV5,1413.0,5,1001.0,412.0,333.6666666666667,137.33333333333334,142.9611650485437,15-20万,SUV,A,新能源,1413.0,1001.0,73486.0,1.362164221756525,403,False,False,False,False,普通车型,上升
凯迪拉克,GT4,4572.0,11,992.0,1235.0,330.6666666666667,411.6666666666667,-19.67611336032389,20-25万,SUV,A,其他能源,4572.0,992.0,69629.0,1.4246937339327006,404,False,False,False,False,普通车型,下滑
长安,奔奔,11819.0,12,978.0,4025.0,326.0,1341.6666666666667,-75.70186335403727,价格缺失/无效,轿车,A00,新能源,8075.0,971.0,3208.0,30.268079800498754,405,False,True,True,True,统治型爆款,下滑
雷克萨斯,LX,3311.0,12,977.0,1011.0,325.6666666666667,337.0,-3.3630069238377747,价格缺失/无效,SUV,D,其他能源,3311.0,977.0,1357.0,71.99705232129699,406,False,True,True,True,统治型爆款,稳定
大众,ID.6 CROZZ,10199.0,12,975.0,2425.0,325.0,808.3333333333334,-59.7938144329897,20-25万,SUV,C,新能源,9320.0,975.0,6623.0,14.721425335950475,407,False,False,False,False,普通车型,下滑
宝马,X6,3918.0,12,972.0,915.0,324.0,305.0,6.229508196721301,60万以上,SUV,C,其他能源,3918.0,972.0,56472.0,1.7212069698257542,408,False,False,True,True,规模爆款,稳定
科莱威,科莱威,20362.0,12,966.0,6240.0,322.0,2080.0,-84.51923076923077,5万以下,轿车,A00,新能源,13272.0,966.0,105808.0,0.9129744442764253,409,False,False,False,False,普通车型,下滑
斯柯达,Superb,2876.0,12,958.0,963.0,319.3333333333333,321.0,-0.5192107995846351,10-15万,轿车,B,其他能源,2446.0,958.0,75394.0,1.2706581425577632,410,False,False,False,False,普通车型,稳定
奔驰,CLA级,2613.0,12,945.0,372.0,315.0,124.0,154.03225806451616,25-30万,轿车,A,其他能源,2212.0,945.0,1999.0,47.2736368184092,411,False,False,False,False,普通车型,上升
奇瑞,欧萌达,4998.0,12,935.0,1287.0,311.6666666666667,429.0,-27.350427350427342,5-10万,SUV,A,其他能源,4998.0,935.0,190597.0,0.49056385987187623,412,False,False,False,False,普通车型,下滑
奇瑞,艾瑞泽e,3426.0,12,929.0,1128.0,309.6666666666667,376.0,-17.6418439716312,价格缺失/无效,轿车,A,新能源,3426.0,929.0,25126.0,3.6973652789938707,413,False,False,True,True,持续型爆款,下滑
迈克萨斯,G20,6352.0,12,925.0,1308.0,308.3333333333333,436.0,-29.28134556574924,15-20万,MPV,B,其他能源,5573.0,925.0,9924.0,9.320838371624344,414,False,False,False,False,普通车型,下滑
睿蓝,睿蓝7,2488.0,7,922.0,1433.0,307.3333333333333,477.6666666666667,-35.65945568736916,价格缺失/无效,SUV,A,新能源,2488.0,922.0,2344.0,39.334470989761094,415,False,True,True,False,统治型爆款,下滑
奇瑞,舒享家,4257.0,8,921.0,2272.0,307.0,757.3333333333334,-59.46302816901409,15-20万,SUV,B,新能源,3089.0,,60607.0,,416,False,False,False,False,普通车型,下滑
智己,智己LS7,11165.0,12,907.0,2146.0,302.3333333333333,715.3333333333334,-57.735321528424976,30-35万,SUV,C,新能源,7075.0,,62554.0,,417,False,False,False,False,普通车型,下滑
丰田,奕泽IZOA,6251.0,12,907.0,1498.0,302.3333333333333,499.3333333333333,-39.45260347129506,10-15万,SUV,A0,其他能源,6062.0,903.0,34230.0,2.638036809815951,417,False,False,False,False,普通车型,下滑
雷克萨斯,RZ,5659.0,12,857.0,1316.0,285.6666666666667,438.6666666666667,-34.878419452887535,35-40万,SUV,B,新能源,5659.0,857.0,2004.0,42.76447105788423,419,False,True,False,True,统治型爆款,下滑
极越,极越01,2485.0,6,857.0,1628.0,285.6666666666667,542.6666666666666,-47.358722358722346,20-25万,SUV,B,新能源,2220.0,857.0,57194.0,1.4984089240130083,419,False,False,False,False,普通车型,下滑
飞凡,F7,11170.0,12,854.0,1864.0,284.6666666666667,621.3333333333334,-54.18454935622318,20-25万,轿车,C,新能源,7915.0,854.0,9626.0,8.871805526698525,421,False,False,False,False,普通车型,下滑
雷克萨斯,LM,2929.0,12,848.0,948.0,282.6666666666667,316.0,-10.548523206751048,60万以上,MPV,B,其他能源,2801.0,829.0,5575.0,14.869955156950674,422,False,False,False,True,持续型爆款,稳定
宝马,iX1,2404.0,7,847.0,1380.0,282.3333333333333,460.0,-38.6231884057971,25-30万,SUV,A,新能源,1761.0,381.0,2197.0,17.34182976786527,423,False,False,False,False,普通车型,下滑
东风风行,景逸,3788.0,12,830.0,861.0,276.6666666666667,287.0,-3.600464576074325,价格缺失/无效,轿车,A,新能源,2085.0,830.0,25126.0,3.3033511104035664,424,False,False,True,True,持续型爆款,稳定
保时捷,718,4174.0,12,826.0,975.0,275.3333333333333,325.0,-15.28205128205129,55-60万,跑车,跑车,其他能源,2346.0,,66.0,,425,False,False,False,True,持续型爆款,下滑
奔驰,AMG GLE,3965.0,12,822.0,1060.0,274.0,353.3333333333333,-22.45283018867924,60万以上,SUV,C,其他能源,3965.0,822.0,56472.0,1.4555886102847428,426,False,False,False,True,持续型爆款,下滑
五菱,晴空,6318.0,12,817.0,1098.0,272.3333333333333,366.0,-25.59198542805101,5-10万,轿车,A00,新能源,6318.0,817.0,15822.0,5.163696119327519,427,False,False,False,False,普通车型,下滑
MINI,MINI CLUBMAN,3651.0,12,816.0,1232.0,272.0,410.6666666666667,-33.76623376623377,25-30万,轿车,A0,其他能源,2476.0,816.0,816.0,100.0,428,False,False,False,False,普通车型,下滑
东风风行,风行游艇,5271.0,12,772.0,1330.0,257.3333333333333,443.3333333333333,-41.95488721804511,10-15万,MPV,B,其他能源,5266.0,767.0,15711.0,4.881929858061231,429,False,False,False,False,普通车型,下滑
标致,508,4512.0,12,771.0,1060.0,257.0,353.3333333333333,-27.264150943396224,15-20万,轿车,B,其他能源,4507.0,770.0,198082.0,0.3887279005664321,430,False,False,False,False,普通车型,下滑
奔驰,EQA,5050.0,12,768.0,1021.0,256.0,340.3333333333333,-24.77962781586679,20-25万,SUV,A,新能源,4326.0,768.0,8101.0,9.480311072707073,431,False,False,False,False,普通车型,下滑
凯翼,拾月,1401.0,5,768.0,633.0,256.0,211.0,21.327014218009488,价格缺失/无效,轿车,A00,新能源,1401.0,768.0,3208.0,23.940149625935163,431,False,True,True,False,规模爆款,上升
日产,艾睿雅,3308.0,12,767.0,1454.0,255.66666666666666,484.6666666666667,-47.24896836313618,20-25万,SUV,A,新能源,2067.0,,8101.0,,433,False,False,False,False,普通车型,下滑
捷豹,F-pace,1857.0,12,764.0,551.0,254.66666666666666,183.66666666666666,38.656987295825786,35-40万,SUV,B,其他能源,1504.0,411.0,3314.0,12.4019312009656,434,False,False,False,False,普通车型,上升
斯柯达,柯珞克,3050.0,12,759.0,972.0,253.0,324.0,-21.91358024691358,10-15万,SUV,A,其他能源,3050.0,759.0,437593.0,0.1734488440171575,435,False,False,False,False,普通车型,下滑
凌宝汽车,凌宝BOX,4246.0,12,756.0,1288.0,252.0,429.3333333333333,-41.30434782608695,5-10万,轿车,A00,新能源,3490.0,,15822.0,,436,False,False,False,False,普通车型,下滑
本田,LIFE,5517.0,12,754.0,1459.0,251.33333333333334,486.3333333333333,-48.3207676490747,5-10万,轿车,A0,其他能源,5517.0,754.0,12726.0,5.924878202105925,437,False,False,False,False,普通车型,下滑
魏牌,摩卡,5319.0,12,747.0,974.0,249.0,324.6666666666667,-23.305954825462017,20-25万,SUV,B,新能源,4876.0,746.0,57194.0,1.304332622303039,438,False,False,False,False,普通车型,下滑
腾势,腾势N7,5897.0,10,741.0,2024.0,247.0,674.6666666666666,-63.38932806324111,30-35万,SUV,B,新能源,5476.0,337.0,26918.0,1.2519503677836392,439,False,False,False,False,普通车型,下滑
本田,e:NS1,4248.0,12,734.0,1716.0,244.66666666666666,572.0,-57.226107226107224,15-20万,SUV,A0,新能源,3047.0,,245.0,,440,False,False,False,False,普通车型,下滑
蔚来,蔚来ET7,4710.0,12,728.0,1043.0,242.66666666666666,347.6666666666667,-30.201342281879207,40-45万,轿车,C,新能源,3513.0,728.0,1567.0,46.45820038289726,441,False,False,False,False,普通车型,下滑
奔驰,G级AMG,3653.0,12,717.0,1003.0,239.0,334.3333333333333,-28.514456630109663,60万以上,SUV,C,其他能源,3653.0,717.0,56472.0,1.2696557586060349,442,False,False,False,True,持续型爆款,下滑
雪佛兰,开拓者,4320.0,12,709.0,1370.0,236.33333333333334,456.6666666666667,-48.24817518248176,20-25万,SUV,C,其他能源,2834.0,173.0,4216.0,4.103415559772296,443,False,False,False,False,普通车型,下滑
MG,MG ONE,5196.0,12,689.0,1530.0,229.66666666666666,510.0,-54.96732026143791,5-10万,SUV,A,其他能源,3704.0,689.0,190597.0,0.3614957213387409,444,False,False,False,False,普通车型,下滑
比亚迪,e3,4952.0,12,687.0,712.0,229.0,237.33333333333334,-3.51123595505618,价格缺失/无效,轿车,A,新能源,4952.0,687.0,25126.0,2.7342195335509034,445,False,False,True,True,持续型爆款,稳定
宝骏,KiWi EV,4252.0,12,687.0,1729.0,229.0,576.3333333333334,-60.26604973973395,5-10万,轿车,A00,新能源,4252.0,687.0,15822.0,4.342055365946151,445,False,False,False,False,普通车型,下滑
红旗,HS7,6886.0,12,686.0,1405.0,228.66666666666666,468.3333333333333,-51.17437722419928,25-30万,SUV,C,其他能源,3496.0,686.0,25857.0,2.653053331786363,447,False,False,False,False,普通车型,下滑
雷克萨斯,UX,4402.0,12,686.0,1304.0,228.66666666666666,434.6666666666667,-47.39263803680982,25-30万,SUV,A,其他能源,2710.0,,8722.0,,447,False,False,False,False,普通车型,下滑
创维汽车,EV6,4133.0,12,685.0,947.0,228.33333333333334,315.6666666666667,-27.666314677930302,20-25万,SUV,B,新能源,4133.0,685.0,57194.0,1.1976780781200826,449,False,False,False,False,普通车型,下滑
奔驰,A级AMG,2783.0,12,677.0,270.0,225.66666666666666,90.0,150.7407407407407,35-40万,轿车,A,其他能源,1628.0,287.0,287.0,100.0,450,False,False,False,False,普通车型,上升
北汽汽车,元宝,4402.0,12,671.0,1376.0,223.66666666666666,458.6666666666667,-51.23546511627908,价格缺失/无效,轿车,A00,新能源,4402.0,671.0,3208.0,20.91645885286783,451,False,True,True,True,统治型爆款,下滑
别克,昂科拉,3526.0,12,669.0,1410.0,223.0,470.0,-52.55319148936171,10-15万,SUV,A,其他能源,3080.0,666.0,437593.0,0.152196218860905,452,False,False,False,False,普通车型,下滑
思皓,思皓曜,1100.0,12,665.0,130.0,221.66666666666666,43.333333333333336,411.5384615384615,10-15万,轿车,A,其他能源,1100.0,665.0,402642.0,0.165159123986072,453,False,False,False,False,普通车型,上升
星途,星纪元ES,772.0,4,659.0,113.0,219.66666666666666,37.666666666666664,483.1858407079646,20-25万,轿车,C,新能源,399.0,399.0,9626.0,4.145023893621442,454,False,False,False,False,普通车型,上升
奔驰,CLS级,3226.0,12,652.0,844.0,217.33333333333334,281.3333333333333,-22.748815165876767,55-60万,轿车,C,其他能源,2421.0,652.0,714.0,91.31652661064426,455,False,True,False,True,统治型爆款,下滑
斯巴鲁,森林人,4122.0,12,648.0,1008.0,216.0,336.0,-35.71428571428571,20-25万,SUV,A,其他能源,4090.0,648.0,69629.0,0.9306467132947478,456,False,False,False,False,普通车型,下滑
东风风度,帕拉丁,1449.0,7,644.0,761.0,214.66666666666666,253.66666666666666,-15.374507227332456,15-20万,SUV,B,其他能源,1405.0,644.0,140216.0,0.45929137901523365,457,False,False,False,False,普通车型,下滑
思铭,M-NV,1306.0,10,642.0,468.0,214.0,156.0,37.17948717948718,10-15万,SUV,A0,新能源,1306.0,642.0,6390.0,10.046948356807512,458,False,False,False,False,普通车型,上升
路虎,发现,3432.0,12,634.0,951.0,211.33333333333334,317.0,-33.33333333333333,60万以上,SUV,C,其他能源,3432.0,634.0,56472.0,1.122680266326675,459,False,False,False,True,持续型爆款,下滑
东风风神,AX7,5759.0,12,618.0,1171.0,206.0,390.3333333333333,-47.224594363791624,5-10万,SUV,A,其他能源,5676.0,535.0,190597.0,0.2806969679480789,460,False,False,False,False,普通车型,下滑
MINI,MINI COUNTRYMAN,2470.0,12,615.0,644.0,205.0,214.66666666666666,-4.503105590062106,25-30万,SUV,A,其他能源,1442.0,615.0,8722.0,7.05113506076588,461,False,False,False,False,普通车型,稳定
奔腾,奔腾T77,3778.0,12,604.0,771.0,201.33333333333334,257.0,-21.660181582360572,10-15万,SUV,A,其他能源,3514.0,340.0,437593.0,0.07769776938845,462,False,False,False,False,普通车型,下滑
东风风行,风行雷霆,2838.0,12,594.0,880.0,198.0,293.3333333333333,-32.49999999999999,15-20万,SUV,A,新能源,2471.0,227.0,73486.0,0.3089023759627684,463,False,False,False,False,普通车型,下滑
斯柯达,柯迪亚克,3225.0,12,593.0,433.0,197.66666666666666,144.33333333333334,36.9515011547344,15-20万,SUV,B,其他能源,3171.0,580.0,140216.0,0.4136475152621669,464,False,False,False,False,普通车型,上升
红旗,H7,2949.0,12,593.0,872.0,197.66666666666666,290.6666666666667,-31.995412844036707,25-30万,轿车,C,其他能源,2468.0,593.0,4258.0,13.926726162517614,464,False,False,False,False,普通车型,下滑
大众,ID.6 X,5660.0,12,592.0,2096.0,197.33333333333334,698.6666666666666,-71.7557251908397,20-25万,SUV,C,新能源,5660.0,592.0,6623.0,8.938547486033519,466,False,False,False,False,普通车型,下滑
丰田,铂智4X,4935.0,12,592.0,700.0,197.33333333333334,233.33333333333334,-15.428571428571425,15-20万,SUV,B,新能源,3105.0,,60607.0,,466,False,False,False,False,普通车型,下滑
瑞风,瑞风M4,3793.0,12,585.0,1024.0,195.0,341.3333333333333,-42.87109375,10-15万,MPV,B,其他能源,3793.0,585.0,15711.0,3.7235058239450067,468,False,False,False,False,普通车型,下滑
现代,索纳塔,2679.0,12,570.0,576.0,190.0,192.0,-1.041666666666663,15-20万,轿车,B,其他能源,1718.0,,198082.0,,469,False,False,False,False,普通车型,稳定
哈弗,哈弗赤兔,4866.0,12,566.0,856.0,188.66666666666666,285.3333333333333,-33.87850467289719,5-10万,SUV,A,其他能源,4667.0,565.0,190597.0,0.29643698484236375,470,False,False,False,False,普通车型,下滑
蔚来,蔚来EC7,4206.0,12,544.0,889.0,181.33333333333334,296.3333333333333,-38.80764904386951,45-50万,SUV,C,新能源,2994.0,,3286.0,,471,False,False,False,False,普通车型,下滑
福特,EVOS,2451.0,12,542.0,520.0,180.66666666666666,173.33333333333334,4.230769230769216,20-25万,SUV,B,其他能源,1907.0,142.0,26219.0,0.5415919752850986,472,False,False,False,False,普通车型,稳定
大运汽车,悦虎,3228.0,12,539.0,1022.0,179.66666666666666,340.6666666666667,-47.260273972602754,5-10万,SUV,A0,新能源,3228.0,539.0,16860.0,3.1969157769869514,473,False,False,False,False,普通车型,下滑
凯迪拉克,IQ锐歌,2611.0,12,532.0,1302.0,177.33333333333334,434.0,-59.13978494623655,30-35万,SUV,C,新能源,1661.0,532.0,62554.0,0.8504651980688684,474,False,False,False,False,普通车型,下滑
欧拉,芭蕾猫,2841.0,12,524.0,1145.0,174.66666666666666,381.6666666666667,-54.23580786026201,15-20万,轿车,A,新能源,2794.0,524.0,2112.0,24.810606060606062,475,False,False,False,False,普通车型,下滑
合创,合创A06,1566.0,12,522.0,230.0,174.0,76.66666666666667,126.95652173913041,15-20万,轿车,B,新能源,1566.0,522.0,33852.0,1.542006380716058,476,False,False,False,False,普通车型,上升
合创,合创V09,1336.0,6,507.0,829.0,169.0,276.3333333333333,-38.841978287092886,35-40万,MPV,B,新能源,1336.0,507.0,37650.0,1.3466135458167332,477,False,False,False,False,普通车型,下滑
大众,途安,1333.0,12,507.0,170.0,169.0,56.666666666666664,198.23529411764707,15-20万,MPV,A,其他能源,910.0,507.0,507.0,100.0,477,False,False,False,False,普通车型,上升
保时捷,911,3943.0,12,504.0,888.0,168.0,296.0,-43.24324324324324,60万以上,跑车,跑车,其他能源,3943.0,504.0,1090.0,46.23853211009175,479,False,True,False,True,统治型爆款,下滑
宝马,M2,1410.0,12,495.0,401.0,165.0,133.66666666666666,23.441396508728186,55-60万,轿车,A,其他能源,1410.0,495.0,495.0,100.0,480,False,False,False,False,普通车型,上升
标致,5008,3028.0,12,493.0,666.0,164.33333333333334,222.0,-25.975975975975974,15-20万,SUV,B,其他能源,3028.0,493.0,140216.0,0.35160038797284193,481,False,False,False,False,普通车型,下滑
捷豹,E-pace,1378.0,12,486.0,638.0,162.0,212.66666666666666,-23.8244514106583,20-25万,SUV,A,其他能源,1339.0,486.0,69629.0,0.6979850349710609,482,False,False,False,False,普通车型,下滑
北汽瑞翔,瑞翔X5,996.0,12,479.0,95.0,159.66666666666666,31.666666666666668,404.2105263157894,5-10万,SUV,A,其他能源,996.0,479.0,190597.0,0.25131560307874734,483,False,False,False,False,普通车型,上升
红旗,HQ9,6952.0,12,476.0,2947.0,158.66666666666666,982.3333333333334,-83.8479809976247,40-45万,MPV,B,其他能源,6476.0,,,,484,False,False,False,False,普通车型,下滑
标致,4008,3231.0,12,476.0,622.0,158.66666666666666,207.33333333333334,-23.4726688102894,15-20万,SUV,A,其他能源,2742.0,255.0,154450.0,0.16510197474910976,484,False,False,False,False,普通车型,下滑
浙江卡尔森,卡升威霆,472.0,1,472.0,,157.33333333333334,,,价格缺失/无效,MPV,B,新能源,472.0,472.0,10074.0,4.685328568592416,486,False,False,True,False,规模爆款,稳定
极狐,阿尔法T,4722.0,12,463.0,1142.0,154.33333333333334,380.6666666666667,-59.45709281961471,20-25万,SUV,B,新能源,4300.0,463.0,57194.0,0.8095254747001435,487,False,False,False,False,普通车型,下滑
领克,领克05,3739.0,12,463.0,810.0,154.33333333333334,270.0,-42.839506172839506,15-20万,SUV,A,其他能源,3391.0,453.0,154450.0,0.2932988022013597,487,False,False,False,False,普通车型,下滑
马自达,CX-30,3012.0,12,454.0,437.0,151.33333333333334,145.66666666666666,3.8901601830663823,10-15万,SUV,A,其他能源,2707.0,311.0,437593.0,0.0710706067053175,489,False,False,False,False,普通车型,稳定
雪佛兰,星迈罗,4091.0,12,445.0,1048.0,148.33333333333334,349.3333333333333,-57.538167938931295,10-15万,SUV,A,其他能源,4091.0,445.0,437593.0,0.10169266875841251,490,False,False,False,False,普通车型,下滑
宝马,iX,3684.0,12,440.0,1196.0,146.66666666666666,398.6666666666667,-63.21070234113713,55-60万,SUV,C,新能源,2229.0,,,,491,False,False,False,False,普通车型,下滑
一汽,森雅鸿雁,1505.0,11,438.0,831.0,146.0,277.0,-47.292418772563174,5-10万,SUV,A0,其他能源,1505.0,438.0,66575.0,0.65790461885092,492,False,False,False,False,普通车型,下滑
北京越野,BJ90,3850.0,12,433.0,475.0,144.33333333333334,158.33333333333334,-8.842105263157896,价格缺失/无效,SUV,D,其他能源,3417.0,,1357.0,,493,False,False,True,True,持续型爆款,稳定
北京汽车,北京U5,1393.0,12,432.0,450.0,144.0,150.0,-4.0000000000000036,5-10万,轿车,A,其他能源,1309.0,355.0,338446.0,0.10489117909504027,494,False,False,False,False,普通车型,稳定
易至,易至EV3,1447.0,12,427.0,691.0,142.33333333333334,230.33333333333334,-38.20549927641099,5-10万,轿车,A00,新能源,1447.0,427.0,15822.0,2.6987738591834156,495,False,False,False,False,普通车型,下滑
启辰,星,2683.0,12,426.0,544.0,142.0,181.33333333333334,-21.691176470588236,10-15万,SUV,A,其他能源,2683.0,426.0,437593.0,0.097350734586705,496,False,False,False,False,普通车型,下滑
哈弗,哈弗神兽,7157.0,12,407.0,1475.0,135.66666666666666,491.6666666666667,-72.40677966101696,10-15万,SUV,A,其他能源,7157.0,407.0,437593.0,0.0930088004149975,497,False,False,False,False,普通车型,下滑
长安,UNI-Z,398.0,1,398.0,,132.66666666666666,,,10-15万,SUV,A,新能源,398.0,398.0,209149.0,0.19029495718363465,498,False,False,False,False,普通车型,稳定
潍柴,U70,1667.0,12,389.0,461.0,129.66666666666666,153.66666666666666,-15.61822125813449,5-10万,SUV,B,其他能源,1416.0,389.0,15401.0,2.525810012336861,499,False,False,False,False,普通车型,下滑
起亚,嘉华,2105.0,12,381.0,536.0,127.0,178.66666666666666,-28.917910447761187,25-30万,MPV,B,其他能源,1816.0,381.0,38524.0,0.9889938739487073,500,False,False,False,False,普通车型,下滑
斯威,斯威大虎,1452.0,12,379.0,368.0,126.33333333333333,122.66666666666667,2.989130434782594,5-10万,SUV,B,其他能源,956.0,257.0,15401.0,1.6687228102071294,501,False,False,False,False,普通车型,稳定
宝马,i4,2145.0,12,378.0,576.0,126.0,192.0,-34.375,40-45万,轿车,B,新能源,1179.0,,,,502,False,False,False,False,普通车型,下滑
江淮,江淮QX PHEV,986.0,7,372.0,568.0,124.0,189.33333333333334,-34.50704225352113,10-15万,SUV,B,新能源,986.0,372.0,20960.0,1.7748091603053435,503,False,False,False,False,普通车型,下滑
迈克萨斯,大家9,2495.0,12,370.0,796.0,123.33333333333333,265.3333333333333,-53.517587939698494,30-35万,MPV,B,新能源,1491.0,154.0,3663.0,4.2042042042042045,504,False,False,False,False,普通车型,下滑
北汽汽车,212,1806.0,12,367.0,333.0,122.33333333333333,111.0,10.210210210210203,5-10万,SUV,A0,其他能源,1302.0,367.0,66575.0,0.5512579797221179,505,False,False,False,False,普通车型,稳定
腾势,腾势N8,2593.0,9,365.0,907.0,121.66666666666667,302.3333333333333,-59.757442116868795,30-35万,SUV,C,新能源,2243.0,354.0,62554.0,0.5659110528503373,506,False,False,False,False,普通车型,下滑
东风纳米,EX1,17455.0,11,364.0,5544.0,121.33333333333333,1848.0,-93.43434343434343,5万以下,SUV,A0,新能源,14286.0,364.0,364.0,100.0,507,False,False,False,False,普通车型,下滑
特斯拉,MODEL X,5494.0,12,363.0,1785.0,121.0,595.0,-79.66386554621849,60万以上,SUV,C,新能源,5494.0,363.0,1777.0,20.427687113111986,508,False,True,False,True,统治型爆款,下滑
富康,e爱丽舍,2342.0,12,360.0,743.0,120.0,247.66666666666666,-51.54777927321669,价格缺失/无效,轿车,A,新能源,2342.0,360.0,25126.0,1.4327787948738357,509,False,False,True,True,持续型爆款,下滑
瑞风,瑞风RF8,357.0,3,357.0,,119.0,,,20-25万,MPV,B,新能源,265.0,265.0,8117.0,3.264752987556979,510,False,False,False,False,普通车型,稳定
睿蓝,枫叶80v,2328.0,12,356.0,678.0,118.66666666666667,226.0,-47.49262536873155,价格缺失/无效,MPV,A,新能源,2328.0,356.0,678.0,52.50737463126843,511,False,True,True,True,统治型爆款,下滑
沃尔沃,V90,1738.0,12,349.0,507.0,116.33333333333333,169.0,-31.163708086785014,40-45万,轿车,C,其他能源,1442.0,209.0,7148.0,2.9238947957470622,512,False,False,False,False,普通车型,下滑
雪佛兰,畅巡,4909.0,12,348.0,1043.0,116.0,347.6666666666667,-66.6347075743049,15-20万,轿车,A,新能源,3125.0,,2112.0,,513,False,False,False,False,普通车型,下滑
MG,MG6,3786.0,12,348.0,1479.0,116.0,493.0,-76.47058823529412,5-10万,轿车,A,其他能源,2153.0,247.0,338446.0,0.07298062320133789,513,False,False,False,False,普通车型,下滑
小米,小米SU7,341.0,2,341.0,,113.66666666666667,,,25-30万,轿车,C,新能源,326.0,326.0,19164.0,1.7011062408682947,515,False,False,False,False,普通车型,稳定
奥迪,Q8,1956.0,12,339.0,394.0,113.0,131.33333333333334,-13.959390862944165,60万以上,SUV,C,其他能源,1956.0,339.0,56472.0,0.6002974925626859,516,False,False,False,True,持续型爆款,稳定
思皓,思皓E50A,2777.0,12,338.0,620.0,112.66666666666667,206.66666666666666,-45.483870967741936,10-15万,轿车,A,新能源,2775.0,338.0,119776.0,0.282193427731766,517,False,False,False,False,普通车型,下滑
猛士,猛士917,911.0,8,332.0,501.0,110.66666666666667,167.0,-33.732534930139714,价格缺失/无效,SUV,D,新能源,911.0,332.0,360.0,92.22222222222223,518,False,True,True,False,统治型爆款,下滑
Polestar,Polestar 4,368.0,4,327.0,41.0,109.0,13.666666666666666,697.560975609756,30-35万,SUV,C,新能源,368.0,327.0,62554.0,0.522748345429549,519,False,False,False,False,普通车型,上升
凌宝汽车,凌宝uni,2274.0,12,324.0,749.0,108.0,249.66666666666666,-56.74232309746328,5万以下,轿车,A00,新能源,2274.0,324.0,105808.0,0.30621503099954633,520,False,False,False,False,普通车型,下滑
五菱,五菱NanoEV,1856.0,12,324.0,560.0,108.0,186.66666666666666,-42.14285714285714,5-10万,轿车,A00,新能源,972.0,,15822.0,,520,False,False,False,False,普通车型,下滑
宝马,M4,1179.0,12,321.0,339.0,107.0,113.0,-5.309734513274334,60万以上,轿车,B,其他能源,1179.0,321.0,982.0,32.68839103869654,522,False,True,False,True,统治型爆款,稳定
Polestar,Polestar 2,956.0,12,315.0,112.0,105.0,37.333333333333336,181.25,30-35万,轿车,A,新能源,956.0,315.0,315.0,100.0,523,False,False,False,False,普通车型,上升
蔚来,蔚来ES7,3723.0,12,306.0,471.0,102.0,157.0,-35.031847133757964,45-50万,SUV,C,新能源,2089.0,,3286.0,,524,False,False,False,False,普通车型,下滑
宾利,添越,1566.0,12,292.0,458.0,97.33333333333333,152.66666666666666,-36.24454148471615,60万以上,SUV,C,其他能源,1489.0,277.0,56472.0,0.4905085706190679,525,False,False,False,True,持续型爆款,下滑
奔驰,EQS,1465.0,12,292.0,755.0,97.33333333333333,251.66666666666666,-61.32450331125827,60万以上,轿车,D,新能源,1465.0,292.0,1054.0,27.703984819734345,525,False,True,False,True,统治型爆款,下滑
思皓,花仙子,6229.0,12,287.0,1556.0,95.66666666666667,518.6666666666666,-81.55526992287918,5-10万,轿车,A00,新能源,6229.0,287.0,15822.0,1.8139299709265577,527,False,False,False,False,普通车型,下滑
云度,云兔,1751.0,12,287.0,631.0,95.66666666666667,210.33333333333334,-54.516640253565775,5-10万,SUV,A0,新能源,1751.0,287.0,16860.0,1.7022538552787663,527,False,False,False,False,普通车型,下滑
保时捷,Taycan,3203.0,12,286.0,1100.0,95.33333333333333,366.6666666666667,-74.0,60万以上,轿车,C,新能源,3203.0,286.0,381.0,75.06561679790026,529,False,True,False,True,统治型爆款,下滑
奔驰,AMG GT,1245.0,12,285.0,324.0,95.0,108.0,-12.037037037037035,60万以上,跑车,跑车,其他能源,1245.0,285.0,1090.0,26.146788990825687,530,False,True,False,True,统治型爆款,稳定
玛莎拉蒂,Grecale,1847.0,12,283.0,493.0,94.33333333333333,164.33333333333334,-42.59634888438134,60万以上,SUV,B,其他能源,1847.0,283.0,322.0,87.88819875776397,531,False,True,False,True,统治型爆款,下滑
别克,别克E4,2281.0,11,280.0,536.0,93.33333333333333,178.66666666666666,-47.76119402985075,20-25万,SUV,C,新能源,1827.0,,6623.0,,532,False,False,False,False,普通车型,下滑
迈克萨斯,G10,1779.0,12,280.0,277.0,93.33333333333333,92.33333333333333,1.0830324909747224,10-15万,MPV,B,其他能源,1779.0,280.0,15711.0,1.782190821717268,532,False,False,False,False,普通车型,稳定
福特,Mustang,3190.0,12,279.0,584.0,93.0,194.66666666666666,-52.226027397260275,20-25万,SUV,B,新能源,1805.0,,57194.0,,534,False,False,False,False,普通车型,下滑
奔驰,AMG GLB,2495.0,12,278.0,719.0,92.66666666666667,239.66666666666666,-61.335187760778865,40-45万,SUV,A,其他能源,1498.0,,,,535,False,False,False,False,普通车型,下滑
富康,富康ES600,2003.0,12,278.0,725.0,92.66666666666667,241.66666666666666,-61.6551724137931,价格缺失/无效,轿车,A,新能源,2003.0,278.0,25126.0,1.106423624930351,535,False,False,True,True,持续型爆款,下滑
凯迪拉克,CT4,6683.0,12,274.0,756.0,91.33333333333333,252.0,-63.75661375661375,15-20万,轿车,B,其他能源,6683.0,274.0,198082.0,0.13832655163013297,537,False,False,False,False,普通车型,下滑
宾利,飞驰,1183.0,12,274.0,301.0,91.33333333333333,100.33333333333333,-8.97009966777409,60万以上,轿车,D,其他能源,992.0,249.0,18848.0,1.321095076400679,537,False,False,False,True,持续型爆款,稳定
英菲尼迪,QX60,1610.0,12,272.0,478.0,90.66666666666667,159.33333333333334,-43.096234309623426,35-40万,SUV,C,其他能源,1106.0,272.0,351.0,77.49287749287748,539,False,False,False,False,普通车型,下滑
丰田,皇冠,652.0,9,272.0,230.0,90.66666666666667,76.66666666666667,18.260869565217398,30-35万,轿车,C,其他能源,375.0,272.0,9747.0,2.7906022365856162,539,False,False,False,False,普通车型,上升
丰田,红杉,1607.0,12,271.0,260.0,90.33333333333333,86.66666666666667,4.230769230769216,价格缺失/无效,SUV,D,其他能源,1607.0,271.0,1357.0,19.970523212969788,541,False,False,True,True,规模爆款,稳定
海马,7X,770.0,12,270.0,212.0,90.0,70.66666666666667,27.35849056603772,10-15万,MPV,A,其他能源,694.0,239.0,1852.0,12.904967602591794,542,False,False,False,False,普通车型,上升
MG,Cyberster,837.0,8,268.0,522.0,89.33333333333333,174.0,-48.65900383141762,30-35万,跑车,跑车,新能源,765.0,268.0,268.0,100.0,543,False,False,False,False,普通车型,下滑
别克,昂扬,2885.0,12,267.0,637.0,89.0,212.33333333333334,-58.08477237048666,10-15万,SUV,A,其他能源,2885.0,267.0,437593.0,0.0610156012550475,544,False,False,False,False,普通车型,下滑
比亚迪,宋MAX,4592.0,12,260.0,1129.0,86.66666666666667,376.3333333333333,-76.97077059344552,15-20万,MPV,A,新能源,3955.0,,144.0,,545,False,False,False,False,普通车型,下滑
比亚迪,D1,2023.0,12,260.0,541.0,86.66666666666667,180.33333333333334,-51.940850277264325,价格缺失/无效,MPV,A,新能源,2023.0,260.0,678.0,38.34808259587021,545,False,True,True,True,统治型爆款,下滑
迈克萨斯,G90,1915.0,12,258.0,468.0,86.0,156.0,-44.87179487179487,25-30万,MPV,B,其他能源,1915.0,258.0,38524.0,0.6697123870833767,547,False,False,False,False,普通车型,下滑
雷诺江铃,羿,1556.0,12,257.0,587.0,85.66666666666667,195.66666666666666,-56.218057921635435,15-20万,轿车,A,新能源,899.0,,2112.0,,548,False,False,False,False,普通车型,下滑
荣威,D5X,272.0,4,256.0,16.0,85.33333333333333,5.333333333333333,1500.0,价格缺失/无效,SUV,B,新能源,272.0,256.0,1523.0,16.80892974392646,549,True,False,True,False,规模爆款,上升
宏瑞,小虎,1120.0,11,252.0,453.0,84.0,151.0,-44.37086092715232,价格缺失/无效,轿车,A00,新能源,1120.0,252.0,3208.0,7.855361596009976,550,False,False,True,True,持续型爆款,下滑
鑫源,金海狮,248.0,1,248.0,,82.66666666666667,,,5-10万,MPV,B,其他能源,248.0,248.0,13805.0,1.7964505613908004,551,False,False,False,False,普通车型,稳定
宝马,M3,808.0,12,247.0,211.0,82.33333333333333,70.33333333333333,17.061611374407583,60万以上,轿车,B,其他能源,808.0,247.0,982.0,25.15274949083503,552,False,True,False,True,统治型爆款,上升
沃尔沃,EM90,247.0,1,247.0,,82.33333333333333,,,60万以上,MPV,B,新能源,247.0,247.0,247.0,100.0,552,False,True,False,False,统治型爆款,稳定
起亚,K5,2373.0,12,237.0,388.0,79.0,129.33333333333334,-38.917525773195884,15-20万,轿车,B,其他能源,1319.0,,198082.0,,554,False,False,False,False,普通车型,下滑
本田,凌派,7272.0,12,232.0,1126.0,77.33333333333333,375.3333333333333,-79.39609236234459,5-10万,轿车,A,其他能源,4792.0,29.0,338446.0,0.008568575193679345,555,False,False,False,False,普通车型,下滑
高合,HiPhi Y,5158.0,12,220.0,1977.0,73.33333333333333,659.0,-88.87202832574607,35-40万,SUV,C,新能源,4016.0,,1667.0,,556,False,False,False,False,普通车型,下滑
现代,菲斯塔,2403.0,12,220.0,546.0,73.33333333333333,182.0,-59.706959706959715,10-15万,轿车,A,其他能源,2403.0,220.0,402642.0,0.05463910868712157,556,False,False,False,False,普通车型,下滑
睿蓝,睿蓝9,1122.0,12,217.0,327.0,72.33333333333333,109.0,-33.63914373088686,价格缺失/无效,SUV,B,新能源,1122.0,217.0,1523.0,14.248194353250165,558,False,False,True,True,持续型爆款,下滑
启辰,启辰T60,1613.0,12,216.0,259.0,72.0,86.33333333333333,-16.602316602316602,5-10万,SUV,A0,其他能源,798.0,,66575.0,,559,False,False,False,False,普通车型,下滑
吉利,嘉际,2305.0,12,215.0,566.0,71.66666666666667,188.66666666666666,-62.014134275618375,10-15万,MPV,B,其他能源,2067.0,215.0,15711.0,1.3684679523900452,560,False,False,False,False,普通车型,下滑
宝马,i7,1487.0,12,214.0,464.0,71.33333333333333,154.66666666666666,-53.87931034482758,60万以上,轿车,D,新能源,1487.0,214.0,1054.0,20.30360531309298,561,False,True,False,True,统治型爆款,下滑
东风风光,风光S560,2415.0,11,213.0,744.0,71.0,248.0,-71.37096774193547,5-10万,SUV,A,其他能源,2415.0,213.0,190597.0,0.11175411994942207,562,False,False,False,False,普通车型,下滑
斯巴鲁,旭豹,1084.0,10,212.0,383.0,70.66666666666667,127.66666666666667,-44.64751958224543,20-25万,SUV,A,其他能源,963.0,91.0,69629.0,0.13069267115713282,563,False,False,False,False,普通车型,下滑
路特斯,EMEYA,212.0,3,212.0,,70.66666666666667,,,60万以上,轿车,D,新能源,178.0,178.0,1054.0,16.888045540796963,563,False,False,False,False,普通车型,稳定
宝马,Z4,1189.0,12,211.0,256.0,70.33333333333333,85.33333333333333,-17.578125,45-50万,跑车,跑车,其他能源,1111.0,133.0,133.0,100.0,565,False,False,False,False,普通车型,下滑
迈克萨斯,G70,385.0,7,211.0,167.0,70.33333333333333,55.666666666666664,26.347305389221564,15-20万,MPV,B,其他能源,375.0,211.0,9924.0,2.1261588069326884,565,False,False,False,False,普通车型,上升
MINI,MINI COUPE,210.0,1,210.0,,70.0,,,价格缺失/无效,轿车,A0,其他能源,210.0,210.0,226.0,92.92035398230088,567,False,True,True,False,规模爆款,稳定
路特斯,ELETRE,2941.0,12,208.0,1368.0,69.33333333333333,456.0,-84.7953216374269,60万以上,SUV,C,新能源,2941.0,208.0,1777.0,11.705120990433313,568,False,False,False,True,持续型爆款,下滑
奔腾,奔腾M9,758.0,12,207.0,246.0,69.0,82.0,-15.85365853658537,20-25万,MPV,B,其他能源,758.0,207.0,6007.0,3.445979690361245,569,False,False,False,False,普通车型,下滑
现代,胜达,2327.0,12,206.0,513.0,68.66666666666667,171.0,-59.844054580896675,15-20万,SUV,B,其他能源,1941.0,206.0,140216.0,0.14691618645518342,570,False,False,False,False,普通车型,下滑
宝马,1系,12509.0,12,204.0,1904.0,68.0,634.6666666666666,-89.28571428571428,15-20万,轿车,A,其他能源,11401.0,36.0,24334.0,0.14794115229719734,571,False,False,False,False,普通车型,下滑
林肯,领航员,1212.0,12,204.0,316.0,68.0,105.33333333333333,-35.44303797468354,60万以上,SUV,D,其他能源,1212.0,204.0,8458.0,2.4119177110428,571,False,False,False,True,持续型爆款,下滑
领途,缤纷,621.0,7,200.0,345.0,66.66666666666667,115.0,-42.028985507246375,价格缺失/无效,轿车,A00,新能源,621.0,200.0,3208.0,6.234413965087282,573,False,False,True,False,普通车型,下滑
思皓,思皓X8,7141.0,12,199.0,2157.0,66.33333333333333,719.0,-90.77422345850718,10-15万,SUV,B,其他能源,6949.0,7.0,102903.0,0.006802522764156536,574,False,False,False,False,普通车型,下滑
智己,智己L7,1198.0,12,198.0,295.0,66.0,98.33333333333333,-32.881355932203384,30-35万,轿车,C,新能源,830.0,198.0,10542.0,1.8782014797951052,575,False,False,False,False,普通车型,下滑
奔驰,CLA级AMG,1191.0,12,197.0,139.0,65.66666666666667,46.333333333333336,41.726618705035975,45-50万,轿车,A,其他能源,879.0,197.0,197.0,100.0,576,False,False,False,False,普通车型,上升
雷克萨斯,GX,743.0,12,194.0,139.0,64.66666666666667,46.333333333333336,39.568345323741006,价格缺失/无效,SUV,C,其他能源,740.0,191.0,4025.0,4.745341614906833,577,True,False,True,True,规模爆款,上升
东风风行,风行M7,5023.0,12,192.0,2083.0,64.0,694.3333333333334,-90.78252520403265,15-20万,MPV,B,其他能源,4080.0,,9924.0,,578,False,False,False,False,普通车型,下滑
小鹏,G3,3171.0,12,191.0,666.0,63.666666666666664,222.0,-71.32132132132132,15-20万,SUV,A,新能源,2740.0,,73486.0,,579,False,False,False,False,普通车型,下滑
三菱,欧蓝德,11676.0,12,187.0,2750.0,62.333333333333336,916.6666666666666,-93.19999999999999,15-20万,SUV,A,其他能源,11676.0,187.0,154450.0,0.12107478148268049,580,False,False,False,False,普通车型,下滑
凌宝汽车,凌宝COCO,1073.0,12,187.0,292.0,62.333333333333336,97.33333333333333,-35.95890410958904,5万以下,轿车,A00,新能源,1073.0,187.0,105808.0,0.17673521850899743,580,False,False,False,False,普通车型,下滑
奔腾,奔腾T99,1157.0,12,184.0,145.0,61.333333333333336,48.333333333333336,26.89655172413794,10-15万,SUV,C,其他能源,1157.0,184.0,184.0,100.0,582,False,False,False,False,普通车型,上升
东风风光,风光580,5580.0,11,183.0,1717.0,61.0,572.3333333333334,-89.341875364007,价格缺失/无效,SUV,B,新能源,2761.0,,1523.0,,583,False,False,True,True,持续型爆款,下滑
荣威,RX9,1586.0,12,183.0,650.0,61.0,216.66666666666666,-71.84615384615385,15-20万,SUV,B,其他能源,977.0,183.0,140216.0,0.13051292291892508,583,False,False,False,False,普通车型,下滑
捷尼赛思,G80,876.0,12,183.0,228.0,61.0,76.0,-19.736842105263154,35-40万,轿车,C,其他能源,624.0,165.0,67646.0,0.24391686130739437,583,False,False,False,False,普通车型,下滑
福特,途睿欧,1541.0,12,181.0,387.0,60.333333333333336,129.0,-53.229974160206716,20-25万,MPV,B,其他能源,1541.0,181.0,6007.0,3.013151323455968,586,False,False,False,False,普通车型,下滑
吉利,几何M6,180.0,2,180.0,,60.0,,,10-15万,SUV,A,新能源,180.0,180.0,209149.0,0.08606304596244782,587,False,False,False,False,普通车型,稳定
红旗,EH7,178.0,2,178.0,,59.333333333333336,,,30-35万,轿车,C,新能源,124.0,124.0,10542.0,1.1762473913868337,588,False,False,False,False,普通车型,稳定
奥迪,RS5,491.0,12,176.0,67.0,58.666666666666664,22.333333333333332,162.6865671641791,60万以上,轿车,B,其他能源,491.0,176.0,982.0,17.922606924643585,589,True,False,False,True,增长爆款,上升
宝马,8系,692.0,12,169.0,155.0,56.333333333333336,51.666666666666664,9.03225806451613,60万以上,轿车,D,其他能源,692.0,169.0,18848.0,0.8966468590831919,590,False,False,False,True,持续型爆款,稳定
本田,极湃1,3898.0,12,167.0,265.0,55.666666666666664,88.33333333333333,-36.9811320754717,15-20万,SUV,A0,新能源,3373.0,,245.0,,591,False,False,False,False,普通车型,下滑
斯柯达,明锐,2289.0,12,166.0,345.0,55.333333333333336,115.0,-51.8840579710145,10-15万,轿车,A,其他能源,1331.0,116.0,402642.0,0.02880971185320955,592,False,False,False,False,普通车型,下滑
迈克萨斯,大家7,297.0,7,166.0,128.0,55.333333333333336,42.666666666666664,29.68750000000002,25-30万,MPV,B,新能源,297.0,166.0,732.0,22.6775956284153,592,False,False,False,False,普通车型,上升
大运汽车,远志M1,1242.0,12,161.0,474.0,53.666666666666664,158.0,-66.03375527426161,20-25万,MPV,B,新能源,1242.0,161.0,8117.0,1.9834914377232968,594,False,False,False,False,普通车型,下滑
奔驰,EQS SUV,1010.0,12,161.0,393.0,53.666666666666664,131.0,-59.03307888040712,60万以上,SUV,D,新能源,1010.0,161.0,3811.0,4.22461296247704,594,False,False,False,True,持续型爆款,下滑
吉利,几何C,6770.0,10,160.0,1017.0,53.333333333333336,339.0,-84.26745329400195,10-15万,SUV,A,新能源,5593.0,,209149.0,,596,False,False,False,False,普通车型,下滑
凯翼,轩度,1022.0,12,160.0,156.0,53.333333333333336,52.0,2.564102564102577,5-10万,轿车,A,其他能源,695.0,160.0,338446.0,0.04727489762029984,596,False,False,False,False,普通车型,稳定
哪吒,哪吒U,29169.0,12,157.0,6024.0,52.333333333333336,2008.0,-97.3937583001328,10-15万,SUV,A,新能源,29086.0,74.0,209149.0,0.03538147445122855,598,False,False,False,False,普通车型,下滑
昌河,北斗星 X5,281.0,4,157.0,,52.333333333333336,,,价格缺失/无效,轿车,A00,其他能源,144.0,144.0,257.0,56.03112840466926,598,False,True,True,False,规模爆款,稳定
福特,Bronco,1106.0,12,154.0,287.0,51.333333333333336,95.66666666666667,-46.34146341463414,价格缺失/无效,SUV,B,其他能源,1106.0,154.0,2335.0,6.595289079229122,600,False,False,False,True,持续型爆款,下滑
斯巴鲁,傲虎,890.0,12,152.0,337.0,50.666666666666664,112.33333333333333,-54.89614243323442,25-30万,SUV,B,其他能源,510.0,152.0,43226.0,0.35164021653634386,601,False,False,False,False,普通车型,下滑
沃尔沃,V60,750.0,12,150.0,199.0,50.0,66.33333333333333,-24.623115577889443,30-35万,轿车,B,其他能源,750.0,150.0,3829.0,3.9174719247845395,602,False,False,False,False,普通车型,下滑
奥迪,RS4,385.0,12,146.0,83.0,48.666666666666664,27.666666666666668,75.90361445783131,60万以上,轿车,B,其他能源,385.0,146.0,982.0,14.867617107942973,603,True,False,False,True,增长爆款,上升
东南,DX8,3632.0,12,145.0,606.0,48.333333333333336,202.0,-76.07260726072607,10-15万,SUV,B,其他能源,3143.0,71.0,102903.0,0.06899701660787344,604,False,False,False,False,普通车型,下滑
埃安,AION LX,1468.0,12,141.0,418.0,47.0,139.33333333333334,-66.26794258373205,30-35万,SUV,B,新能源,597.0,,26918.0,,605,False,False,False,False,普通车型,下滑
奥迪,e-tron,1483.0,12,140.0,490.0,46.666666666666664,163.33333333333334,-71.42857142857143,35-40万,SUV,B,新能源,1070.0,138.0,2004.0,6.88622754491018,606,False,False,False,False,普通车型,下滑
梅赛德斯-迈巴赫,GLS,2348.0,12,137.0,614.0,45.666666666666664,204.66666666666666,-77.68729641693811,60万以上,SUV,D,其他能源,2348.0,137.0,8458.0,1.6197682667297233,607,False,False,False,True,持续型爆款,下滑
劳斯莱斯,库里南,691.0,12,137.0,177.0,45.666666666666664,59.0,-22.598870056497177,60万以上,SUV,D,其他能源,691.0,137.0,8458.0,1.6197682667297233,607,False,False,False,True,持续型爆款,下滑
奥迪,SQ7,165.0,4,135.0,30.0,45.0,10.0,350.0,60万以上,SUV,C,其他能源,135.0,135.0,56472.0,0.23905652358691032,609,False,False,False,False,普通车型,上升
奔驰,C级AMG,370.0,12,134.0,102.0,44.666666666666664,34.0,31.372549019607842,60万以上,轿车,B,其他能源,323.0,92.0,982.0,9.368635437881874,610,False,False,False,False,普通车型,上升
雷克萨斯,LS,517.0,12,130.0,116.0,43.333333333333336,38.666666666666664,12.068965517241391,60万以上,轿车,D,其他能源,517.0,130.0,18848.0,0.6897283531409168,611,False,False,False,False,普通车型,稳定
丰田,FJ酷路泽,387.0,11,129.0,133.0,43.0,44.333333333333336,-3.007518796992481,价格缺失/无效,SUV,B,其他能源,387.0,129.0,2335.0,5.524625267665953,612,False,False,False,True,持续型爆款,稳定
福特,撼路者,1300.0,12,127.0,321.0,42.333333333333336,107.0,-60.43613707165109,30-35万,SUV,B,其他能源,852.0,,78482.0,,613,False,False,False,False,普通车型,下滑
奥迪,SQ5,668.0,12,126.0,139.0,42.0,46.333333333333336,-9.35251798561152,50-55万,SUV,B,其他能源,551.0,126.0,171.0,73.68421052631578,614,False,False,False,False,普通车型,稳定
标致,2008,1236.0,12,125.0,148.0,41.666666666666664,49.333333333333336,-15.540540540540547,5-10万,SUV,A0,其他能源,1236.0,125.0,66575.0,0.1877581674802854,615,False,False,False,False,普通车型,下滑
路特斯,EMIRA,695.0,12,121.0,308.0,40.333333333333336,102.66666666666667,-60.71428571428572,60万以上,跑车,跑车,其他能源,695.0,121.0,1090.0,11.100917431192661,616,False,False,False,False,普通车型,下滑
法拉利,296,416.0,12,121.0,124.0,40.333333333333336,41.333333333333336,-2.4193548387096753,价格缺失/无效,跑车,跑车,新能源,416.0,121.0,203.0,59.60591133004927,616,False,True,False,True,统治型爆款,稳定
三菱,帕杰罗,444.0,12,114.0,106.0,38.0,35.333333333333336,7.547169811320753,价格缺失/无效,SUV,C,其他能源,444.0,114.0,4025.0,2.8322981366459627,618,False,False,False,True,持续型爆款,稳定
东风风光,风光500,2355.0,11,113.0,627.0,37.666666666666664,209.0,-81.97767145135566,5-10万,SUV,A0,其他能源,2355.0,113.0,66575.0,0.169733383402178,619,False,False,False,False,普通车型,下滑
钇为,爱跑,110.0,2,110.0,,36.666666666666664,,,15-20万,轿车,A,新能源,110.0,110.0,2112.0,5.208333333333334,620,False,False,False,False,普通车型,稳定
起亚,焕驰,1110.0,12,109.0,349.0,36.333333333333336,116.33333333333333,-68.76790830945558,5-10万,轿车,A0,其他能源,1110.0,109.0,12726.0,0.8565142228508565,621,False,False,False,False,普通车型,下滑
东风风神,风神E60,109.0,3,109.0,,36.333333333333336,,,价格缺失/无效,轿车,A,新能源,109.0,109.0,25126.0,0.43381357955902256,621,False,False,False,False,普通车型,稳定
北汽瑞翔,瑞翔X3,414.0,9,108.0,115.0,36.0,38.333333333333336,-6.08695652173914,5-10万,SUV,A,其他能源,414.0,108.0,190597.0,0.05666406081942527,623,False,False,False,False,普通车型,稳定
宝马,XM,191.0,12,103.0,31.0,34.333333333333336,10.333333333333334,232.25806451612905,60万以上,SUV,D,新能源,191.0,103.0,3811.0,2.7027027027027026,624,False,False,False,False,普通车型,上升
兰博基尼,Urus,520.0,12,101.0,122.0,33.666666666666664,40.666666666666664,-17.213114754098356,60万以上,SUV,D,其他能源,520.0,101.0,8458.0,1.1941357294868762,625,False,False,False,False,普通车型,下滑
雪佛兰,创酷,3358.0,12,100.0,443.0,33.333333333333336,147.66666666666666,-77.42663656884876,5-10万,SUV,A0,其他能源,2806.0,100.0,66575.0,0.1502065339842283,626,False,False,False,False,普通车型,下滑
迈克萨斯,领地,557.0,12,100.0,235.0,33.333333333333336,78.33333333333333,-57.44680851063829,25-30万,SUV,C,其他能源,398.0,,25857.0,,626,False,False,False,False,普通车型,下滑
奔驰,GLA级 AMG,597.0,12,96.0,91.0,32.0,30.333333333333332,5.494505494505497,40-45万,SUV,A,其他能源,410.0,,,,628,False,False,False,False,普通车型,稳定
远航,远航Y6,113.0,6,94.0,18.0,31.333333333333332,6.0,422.22222222222223,价格缺失/无效,轿车,D,新能源,113.0,94.0,153.0,61.43790849673203,629,True,True,False,False,增长爆款,上升
丰田,bZ4X,4355.0,12,93.0,619.0,31.0,206.33333333333334,-84.97576736672052,15-20万,SUV,B,新能源,4355.0,93.0,60607.0,0.15344762156186578,630,False,False,False,False,普通车型,下滑
玛莎拉蒂,Levante,842.0,12,93.0,87.0,31.0,29.0,6.896551724137923,60万以上,SUV,C,其他能源,842.0,93.0,56472.0,0.1646833829154271,630,False,False,False,False,普通车型,稳定
斯威,斯威G05,468.0,12,92.0,167.0,30.666666666666668,55.666666666666664,-44.91017964071856,10-15万,SUV,B,其他能源,376.0,,102903.0,,632,False,False,False,False,普通车型,下滑
宾利,欧陆,432.0,12,89.0,104.0,29.666666666666668,34.666666666666664,-14.423076923076916,60万以上,跑车,跑车,其他能源,432.0,89.0,1090.0,8.1651376146789,633,False,False,False,False,普通车型,稳定
铃木,吉姆尼,709.0,12,88.0,127.0,29.333333333333332,42.333333333333336,-30.708661417322848,价格缺失/无效,SUV,A0,其他能源,709.0,88.0,128.0,68.75,634,False,True,False,True,统治型爆款,下滑
高合,HiPhi Z,1578.0,11,87.0,265.0,29.0,88.33333333333333,-67.16981132075472,60万以上,轿车,C,新能源,1226.0,,381.0,,635,False,False,False,False,普通车型,下滑
马自达,MX-5,649.0,12,86.0,164.0,28.666666666666668,54.666666666666664,-47.5609756097561,价格缺失/无效,跑车,跑车,其他能源,649.0,86.0,354.0,24.293785310734464,636,False,True,False,True,统治型爆款,下滑
朋克,朋克多多,561.0,12,85.0,138.0,28.333333333333332,46.0,-38.40579710144928,价格缺失/无效,轿车,A00,新能源,561.0,85.0,3208.0,2.6496259351620948,637,False,False,False,True,持续型爆款,下滑
昌河,昌河北斗星,472.0,7,82.0,292.0,27.333333333333332,97.33333333333333,-71.91780821917808,价格缺失/无效,轿车,A00,其他能源,277.0,82.0,257.0,31.906614785992215,638,False,True,False,False,统治型爆款,下滑
众泰,T300,414.0,12,82.0,113.0,27.333333333333332,37.666666666666664,-27.43362831858407,价格缺失/无效,SUV,A,其他能源,410.0,82.0,10749.0,0.7628616615499116,638,False,False,False,True,持续型爆款,下滑
思皓,思皓A5,1819.0,12,80.0,298.0,26.666666666666668,99.33333333333333,-73.15436241610738,5-10万,轿车,A,其他能源,1819.0,80.0,338446.0,0.02363744881014992,640,False,False,False,False,普通车型,下滑
比速,比速T5,80.0,1,80.0,,26.666666666666668,,,价格缺失/无效,SUV,B,新能源,80.0,80.0,1523.0,5.252790544977019,640,False,False,False,False,普通车型,稳定
现代,帕里斯帝,536.0,12,79.0,153.0,26.333333333333332,51.0,-48.36601307189543,35-40万,SUV,C,其他能源,536.0,79.0,351.0,22.507122507122507,642,False,False,False,False,普通车型,下滑
英菲尼迪,QX55,361.0,12,78.0,138.0,26.0,46.0,-43.47826086956522,30-35万,SUV,B,其他能源,325.0,78.0,78482.0,0.09938584643612548,643,False,False,False,False,普通车型,下滑
星途,星纪元ET,78.0,1,78.0,,26.0,,,价格缺失/无效,SUV,C,新能源,78.0,78.0,1150.0,6.782608695652175,643,False,False,False,False,普通车型,稳定
北京越野,BJ80,454.0,12,77.0,76.0,25.666666666666668,25.333333333333332,1.3157894736842257,30-35万,SUV,B,其他能源,454.0,77.0,78482.0,0.09811166891771361,645,False,False,False,False,普通车型,稳定
道奇,挑战者,223.0,12,77.0,61.0,25.666666666666668,20.333333333333332,26.22950819672132,价格缺失/无效,跑车,跑车,其他能源,223.0,77.0,354.0,21.75141242937853,645,True,True,False,True,增长爆款,上升
丰田,4Runner,170.0,11,77.0,15.0,25.666666666666668,5.0,413.33333333333337,价格缺失/无效,SUV,B,其他能源,101.0,8.0,2335.0,0.3426124197002141,645,True,False,False,True,增长爆款,上升
欧尚汽车,奔奔E-Star,77.0,1,77.0,,25.666666666666668,,,5-10万,轿车,A00,新能源,77.0,77.0,15822.0,0.4866641385412716,645,False,False,False,False,普通车型,稳定
奔驰,AMG GLC,289.0,9,75.0,6.0,25.0,2.0,1150.0,60万以上,SUV,B,其他能源,214.0,,322.0,,649,False,False,False,False,普通车型,上升
福特,领界,1373.0,12,74.0,158.0,24.666666666666668,52.666666666666664,-53.16455696202531,5-10万,SUV,A,其他能源,711.0,72.0,190597.0,0.037776040546283515,650,False,False,False,False,普通车型,下滑
宝马,X5M,277.0,12,74.0,99.0,24.666666666666668,33.0,-25.25252525252525,60万以上,SUV,C,其他能源,277.0,74.0,56472.0,0.13103839070689902,650,False,False,False,False,普通车型,下滑
江淮,江淮iEV,94.0,9,73.0,11.0,24.333333333333332,3.6666666666666665,563.6363636363636,价格缺失/无效,轿车,A0,新能源,40.0,40.0,43.0,93.02325581395348,652,True,True,False,True,增长爆款,上升
奔腾,奔腾B70S,677.0,11,72.0,226.0,24.0,75.33333333333333,-68.14159292035397,10-15万,SUV,A,其他能源,677.0,72.0,437593.0,0.01645364528226,653,False,False,False,False,普通车型,下滑
北汽汽车,家宝,484.0,12,72.0,128.0,24.0,42.666666666666664,-43.75,价格缺失/无效,轿车,A00,新能源,484.0,72.0,3208.0,2.2443890274314215,653,False,False,False,True,持续型爆款,下滑
爱驰,U5,181.0,11,66.0,65.0,22.0,21.666666666666668,1.538461538461533,价格缺失/无效,SUV,B,新能源,107.0,66.0,1523.0,4.333552199606041,655,False,False,False,True,持续型爆款,稳定
哪吒,哪吒GT,9081.0,12,64.0,1195.0,21.333333333333332,398.3333333333333,-94.64435146443515,20-25万,跑车,跑车,新能源,9038.0,21.0,21.0,100.0,656,False,False,False,False,普通车型,下滑
特斯拉,MODEL S,1483.0,12,64.0,369.0,21.333333333333332,123.0,-82.65582655826557,60万以上,轿车,C,新能源,1483.0,64.0,381.0,16.79790026246719,656,False,False,False,False,普通车型,下滑
东风小康,380,64.0,1,64.0,,21.333333333333332,,,价格缺失/无效,MPV,B,其他能源,64.0,64.0,302.0,21.192052980132452,656,False,True,False,False,统治型爆款,稳定
哈弗,哈弗酷狗,3258.0,12,63.0,354.0,21.0,118.0,-82.20338983050848,10-15万,SUV,A,其他能源,3258.0,63.0,437593.0,0.014396939621977498,659,False,False,False,False,普通车型,下滑
奥迪,S5,367.0,12,62.0,68.0,20.666666666666668,22.666666666666668,-8.823529411764708,55-60万,轿车,C,其他能源,243.0,62.0,714.0,8.683473389355742,660,False,False,False,False,普通车型,稳定
英菲尼迪,QX50,1713.0,12,61.0,838.0,20.333333333333332,279.3333333333333,-92.72076372315036,25-30万,SUV,B,其他能源,1713.0,61.0,43226.0,0.14111877110998008,661,False,False,False,False,普通车型,下滑
阿斯顿马丁,DBX,355.0,12,61.0,89.0,20.333333333333332,29.666666666666668,-31.46067415730338,60万以上,SUV,C,其他能源,355.0,61.0,56472.0,0.10801813288001133,661,False,False,False,False,普通车型,下滑
捷豹,F-TYPE,314.0,12,61.0,67.0,20.333333333333332,22.333333333333332,-8.955223880597018,60万以上,跑车,跑车,其他能源,207.0,,1090.0,,661,False,False,False,False,普通车型,稳定
保时捷,BOXSTER,61.0,1,61.0,,20.333333333333332,,,价格缺失/无效,跑车,跑车,其他能源,61.0,61.0,354.0,17.231638418079097,661,False,False,False,False,普通车型,稳定
极狐,阿尔法S5,58.0,3,58.0,,19.333333333333332,,,价格缺失/无效,轿车,C,新能源,58.0,58.0,340.0,17.058823529411764,665,False,False,False,False,普通车型,稳定
长安,CS95,692.0,12,57.0,118.0,19.0,39.333333333333336,-51.69491525423729,15-20万,SUV,B,其他能源,692.0,57.0,140216.0,0.04065156615507502,666,False,False,False,False,普通车型,下滑
恒润,HR-S1,159.0,12,57.0,34.0,19.0,11.333333333333334,67.64705882352939,价格缺失/无效,SUV,A0,新能源,159.0,57.0,1378.0,4.136429608127721,666,True,False,False,True,增长爆款,上升
沃尔沃,C40,943.0,12,56.0,331.0,18.666666666666668,110.33333333333333,-83.08157099697885,25-30万,SUV,A,新能源,943.0,56.0,2197.0,2.548930359581247,668,False,False,False,False,普通车型,下滑
吉利,TX,480.0,11,56.0,131.0,18.666666666666668,43.666666666666664,-57.25190839694656,价格缺失/无效,MPV,A,新能源,480.0,56.0,678.0,8.259587020648967,668,False,False,False,True,持续型爆款,下滑
天马,天马L4600,139.0,9,55.0,69.0,18.333333333333332,23.0,-20.28985507246377,价格缺失/无效,SUV,A,其他能源,139.0,55.0,10749.0,0.5116755046981115,670,False,False,False,True,持续型爆款,下滑
红旗,E-HS9,2485.0,12,53.0,738.0,17.666666666666668,246.0,-92.81842818428184,60万以上,SUV,D,新能源,1495.0,,3811.0,,671,False,False,False,False,普通车型,下滑
英菲尼迪,Q50L,2086.0,11,52.0,423.0,17.333333333333332,141.0,-87.70685579196218,15-20万,轿车,B,其他能源,1548.0,52.0,198082.0,0.02625175432396684,672,False,False,False,False,普通车型,下滑
日产,途乐,416.0,12,52.0,108.0,17.333333333333332,36.0,-51.85185185185186,价格缺失/无效,SUV,D,其他能源,416.0,52.0,1357.0,3.831982313927782,672,False,False,False,True,持续型爆款,下滑
奇瑞,无界PRO,1949.0,12,50.0,288.0,16.666666666666668,96.0,-82.63888888888889,5-10万,轿车,A00,新能源,1949.0,50.0,15822.0,0.3160156743774491,674,False,False,False,False,普通车型,下滑
MG,ZS,777.0,12,50.0,136.0,16.666666666666668,45.333333333333336,-63.23529411764706,5-10万,SUV,A0,其他能源,730.0,47.0,66575.0,0.07059707097258731,674,False,False,False,False,普通车型,下滑
劳斯莱斯,古思特,364.0,12,49.0,94.0,16.333333333333332,31.333333333333332,-47.87234042553191,60万以上,轿车,D,其他能源,364.0,49.0,18848.0,0.25997453310696095,676,False,False,False,False,普通车型,下滑
大众,桑塔纳,13087.0,12,47.0,201.0,15.666666666666666,67.0,-76.61691542288558,5-10万,轿车,A,其他能源,13087.0,47.0,338446.0,0.013887001175963079,677,False,False,False,False,普通车型,下滑
丰田,塞纳,295.0,10,47.0,53.0,15.666666666666666,17.666666666666668,-11.32075471698114,价格缺失/无效,MPV,B,其他能源,295.0,47.0,302.0,15.562913907284766,677,False,False,False,True,持续型爆款,稳定
恒驰,恒驰5,474.0,12,46.0,149.0,15.333333333333334,49.666666666666664,-69.12751677852349,价格缺失/无效,SUV,A,新能源,474.0,46.0,2344.0,1.9624573378839592,679,False,False,False,True,持续型爆款,下滑
江淮,江淮A5 PLUS,2009.0,9,45.0,898.0,15.0,299.3333333333333,-94.98886414253897,5-10万,轿车,A,其他能源,2009.0,45.0,338446.0,0.013296064955709331,680,False,False,False,False,普通车型,下滑
兰博基尼,Huracan,201.0,12,45.0,48.0,15.0,16.0,-6.25,60万以上,跑车,跑车,其他能源,201.0,45.0,1090.0,4.128440366972478,680,False,False,False,False,普通车型,稳定
法拉利,SF90,166.0,12,42.0,34.0,14.0,11.333333333333334,23.529411764705866,价格缺失/无效,跑车,跑车,新能源,166.0,42.0,203.0,20.689655172413794,682,False,True,False,True,统治型爆款,上升
捷尼赛思,G70,110.0,11,42.0,6.0,14.0,2.0,600.0,25-30万,轿车,B,其他能源,110.0,42.0,101589.0,0.041343058795735764,682,False,False,False,False,普通车型,上升
飞凡,MARVEL R,184.0,11,41.0,29.0,13.666666666666666,9.666666666666666,41.37931034482758,价格缺失/无效,SUV,B,新能源,184.0,41.0,1523.0,2.6920551543007223,684,True,False,False,True,增长爆款,上升
威马,W6,681.0,12,40.0,108.0,13.333333333333334,36.0,-62.962962962962955,15-20万,SUV,B,新能源,641.0,,60607.0,,685,False,False,False,False,普通车型,下滑
玛莎拉蒂,Ghibli,516.0,12,38.0,92.0,12.666666666666666,30.666666666666668,-58.69565217391305,60万以上,轿车,C,其他能源,516.0,38.0,103.0,36.89320388349515,686,False,False,False,False,普通车型,下滑
凯迪拉克,凯雷德,149.0,12,38.0,44.0,12.666666666666666,14.666666666666666,-13.636363636363635,价格缺失/无效,SUV,D,其他能源,149.0,38.0,1357.0,2.800294767870302,686,False,False,False,True,持续型爆款,稳定
云度,云度π3,96.0,9,38.0,4.0,12.666666666666666,1.3333333333333333,850.0,价格缺失/无效,SUV,A0,新能源,96.0,38.0,1378.0,2.7576197387518144,686,True,False,False,True,增长爆款,上升
深蓝,G318,38.0,1,38.0,,12.666666666666666,,,价格缺失/无效,SUV,C,新能源,38.0,38.0,1150.0,3.304347826086956,686,False,False,False,False,普通车型,稳定
百智,百智大熊,247.0,9,36.0,85.0,12.0,28.333333333333332,-57.647058823529406,价格缺失/无效,轿车,A00,新能源,247.0,36.0,3208.0,1.1221945137157108,690,False,False,False,True,持续型爆款,下滑
斯威,斯威G01,190.0,12,36.0,36.0,12.0,12.0,0.0,10-15万,SUV,A,其他能源,152.0,8.0,437593.0,0.00182818280914,690,False,False,False,False,普通车型,稳定
云度,云度π1,620.0,12,34.0,111.0,11.333333333333334,37.0,-69.36936936936937,5-10万,SUV,A0,新能源,620.0,34.0,16860.0,0.20166073546856464,692,False,False,False,False,普通车型,下滑
观致,观致7,362.0,11,34.0,99.0,11.333333333333334,33.0,-65.65656565656566,价格缺失/无效,SUV,A,其他能源,362.0,34.0,10749.0,0.316308493813378,692,False,False,False,True,持续型爆款,下滑
法拉利,Roma,283.0,12,34.0,78.0,11.333333333333334,26.0,-56.41025641025641,价格缺失/无效,跑车,跑车,其他能源,283.0,34.0,354.0,9.6045197740113,692,False,False,False,True,持续型爆款,下滑
吉利,帝豪GL,63.0,8,34.0,14.0,11.333333333333334,4.666666666666667,142.85714285714283,价格缺失/无效,轿车,A,新能源,63.0,34.0,25126.0,0.13531799729364005,692,True,False,False,False,增长爆款,上升
劳斯莱斯,闪灵,44.0,5,34.0,10.0,11.333333333333334,3.3333333333333335,240.0,价格缺失/无效,跑车,跑车,新能源,44.0,34.0,203.0,16.748768472906402,692,True,False,False,False,增长爆款,上升
奔驰,AMG GLS,123.0,12,33.0,40.0,11.0,13.333333333333334,-17.500000000000004,60万以上,SUV,D,其他能源,63.0,33.0,8458.0,0.3901631591392764,697,False,False,False,False,普通车型,下滑
国金,骏行,1446.0,12,32.0,130.0,10.666666666666666,43.333333333333336,-75.38461538461539,价格缺失/无效,轿车,A,新能源,1446.0,32.0,25126.0,0.12735811509989653,698,False,False,False,True,持续型爆款,下滑
丰田,SUPRA,167.0,12,30.0,45.0,10.0,15.0,-33.333333333333336,55-60万,跑车,跑车,其他能源,103.0,5.0,66.0,7.575757575757576,699,False,False,False,False,普通车型,下滑
奥迪,RS e-tron GT,128.0,12,30.0,40.0,10.0,13.333333333333334,-25.0,价格缺失/无效,轿车,C,新能源,128.0,30.0,340.0,8.823529411764707,699,False,False,False,True,持续型爆款,下滑
五十铃,MU-X,982.0,12,29.0,466.0,9.666666666666666,155.33333333333334,-93.77682403433477,20-25万,SUV,B,其他能源,567.0,15.0,26219.0,0.05721041992448225,701,False,False,False,False,普通车型,下滑
阿尔法·罗密欧,朱丽叶,452.0,12,29.0,90.0,9.666666666666666,30.0,-67.77777777777779,30-35万,轿车,B,其他能源,305.0,16.0,3829.0,0.4178636719770175,701,False,False,False,False,普通车型,下滑
迈克萨斯,D60,389.0,12,29.0,124.0,9.666666666666666,41.333333333333336,-76.61290322580645,10-15万,SUV,B,其他能源,340.0,24.0,102903.0,0.023322935191393838,701,False,False,False,False,普通车型,下滑
奥迪,RS6,140.0,12,29.0,33.0,9.666666666666666,11.0,-12.121212121212121,60万以上,轿车,C,其他能源,140.0,29.0,103.0,28.155339805825243,701,False,False,False,False,普通车型,稳定
思皓,思皓X6,590.0,12,28.0,110.0,9.333333333333334,36.666666666666664,-74.54545454545453,5-10万,SUV,A,其他能源,590.0,28.0,190597.0,0.014690682434665814,705,False,False,False,False,普通车型,下滑
东风,俊风E11K,126.0,12,28.0,35.0,9.333333333333334,11.666666666666666,-19.999999999999996,价格缺失/无效,轿车,A,新能源,126.0,28.0,25126.0,0.11143835071240946,705,False,False,False,True,持续型爆款,下滑
起亚,KX3,3093.0,11,27.0,61.0,9.0,20.333333333333332,-55.73770491803278,5-10万,SUV,A0,其他能源,3004.0,,66575.0,,707,False,False,False,False,普通车型,下滑
威马,E.5,155.0,12,26.0,32.0,8.666666666666666,10.666666666666666,-18.75,10-15万,轿车,B,新能源,129.0,,36249.0,,708,False,False,False,False,普通车型,下滑
保时捷,CAYMAN,24.0,1,24.0,,8.0,,,价格缺失/无效,跑车,跑车,其他能源,24.0,24.0,354.0,6.779661016949152,709,False,False,False,False,普通车型,稳定
现代,ix 35,13924.0,12,23.0,353.0,7.666666666666667,117.66666666666667,-93.48441926345609,10-15万,SUV,A,其他能源,13901.0,,437593.0,,710,False,False,False,False,普通车型,下滑
潍柴,U75PLUS,579.0,12,23.0,164.0,7.666666666666667,54.666666666666664,-85.97560975609755,10-15万,SUV,B,其他能源,579.0,23.0,102903.0,0.022351146225085758,710,False,False,False,False,普通车型,下滑
奔驰,EQE AMG,155.0,11,23.0,69.0,7.666666666666667,23.0,-66.66666666666666,60万以上,轿车,C,新能源,155.0,23.0,381.0,6.036745406824147,710,False,False,False,False,普通车型,下滑
奥迪,RS Q8,85.0,11,23.0,25.0,7.666666666666667,8.333333333333334,-8.000000000000007,60万以上,SUV,C,其他能源,85.0,23.0,56472.0,0.04072814846295509,710,False,False,False,False,普通车型,稳定
奥迪,RS7,68.0,12,23.0,12.0,7.666666666666667,4.0,91.66666666666667,60万以上,轿车,C,其他能源,68.0,23.0,103.0,22.330097087378643,710,False,False,False,False,普通车型,上升
哪吒,哪吒V,11625.0,12,22.0,512.0,7.333333333333333,170.66666666666666,-95.703125,5-10万,SUV,A0,新能源,11603.0,,16860.0,,715,False,False,False,False,普通车型,下滑
宝马,X6M,153.0,12,22.0,27.0,7.333333333333333,9.0,-18.518518518518523,60万以上,SUV,C,其他能源,153.0,22.0,56472.0,0.03895735939934835,715,False,False,False,False,普通车型,下滑
菲亚特,500,140.0,12,22.0,40.0,7.333333333333333,13.333333333333334,-45.00000000000001,价格缺失/无效,轿车,A00,其他能源,140.0,22.0,257.0,8.560311284046692,715,False,False,False,True,持续型爆款,下滑
高合,HiPhi X,407.0,11,21.0,51.0,7.0,17.0,-58.82352941176471,60万以上,SUV,C,新能源,407.0,21.0,1777.0,1.1817670230725943,718,False,False,False,False,普通车型,下滑
蓝电,蓝电E3,56.0,6,21.0,26.0,7.0,8.666666666666666,-19.23076923076923,价格缺失/无效,SUV,A,新能源,35.0,,2344.0,,718,False,False,False,False,普通车型,下滑
敏安汽车,敏微ET1,43.0,10,21.0,13.0,7.0,4.333333333333333,61.53846153846154,价格缺失/无效,轿车,A00,新能源,43.0,21.0,3208.0,0.6546134663341646,718,True,False,False,True,增长爆款,上升
威马,EX5-Z,190.0,12,20.0,43.0,6.666666666666667,14.333333333333334,-53.48837209302326,10-15万,SUV,A,新能源,101.0,,209149.0,,721,False,False,False,False,普通车型,下滑
宝马,X4M,182.0,12,20.0,25.0,6.666666666666667,8.333333333333334,-20.000000000000007,60万以上,SUV,B,其他能源,182.0,20.0,322.0,6.211180124223603,721,False,False,False,False,普通车型,下滑
劳斯莱斯,幻影,88.0,12,20.0,22.0,6.666666666666667,7.333333333333333,-9.090909090909083,60万以上,轿车,D,其他能源,88.0,20.0,18848.0,0.10611205432937182,721,False,False,False,False,普通车型,稳定
本田,享域,5697.0,11,19.0,288.0,6.333333333333333,96.0,-93.40277777777779,10-15万,轿车,A,其他能源,3276.0,,402642.0,,724,False,False,False,False,普通车型,下滑
宝马,X3M,240.0,12,19.0,42.0,6.333333333333333,14.0,-54.761904761904766,60万以上,SUV,B,其他能源,240.0,19.0,322.0,5.900621118012422,724,False,False,False,False,普通车型,下滑
迈克萨斯,D90,134.0,11,19.0,48.0,6.333333333333333,16.0,-60.41666666666667,20-25万,SUV,C,其他能源,134.0,19.0,4216.0,0.4506641366223909,724,False,False,False,False,普通车型,下滑
雷丁,雷丁芒果,81.0,11,19.0,24.0,6.333333333333333,8.0,-20.833333333333336,价格缺失/无效,轿车,A00,新能源,61.0,19.0,3208.0,0.5922693266832918,724,False,False,False,True,持续型爆款,下滑
东风风行,风行游艇V9,19.0,2,19.0,,6.333333333333333,,,价格缺失/无效,MPV,B,新能源,19.0,19.0,10074.0,0.1886043279729998,724,False,False,False,False,普通车型,稳定
马自达,马自达6,3543.0,10,18.0,19.0,6.0,6.333333333333333,-5.263157894736836,15-20万,轿车,B,其他能源,3265.0,,198082.0,,729,False,False,False,False,普通车型,稳定
红旗,红旗LS7,173.0,12,18.0,46.0,6.0,15.333333333333334,-60.86956521739131,60万以上,SUV,D,其他能源,173.0,18.0,8458.0,0.2128162686214235,729,False,False,False,False,普通车型,下滑
猎豹,猎豹CS01,65.0,6,18.0,47.0,6.0,15.666666666666666,-61.702127659574465,价格缺失/无效,轿车,A00,新能源,65.0,18.0,3208.0,0.5610972568578554,729,False,False,False,False,普通车型,下滑
捷尼赛思,G90,60.0,10,18.0,17.0,6.0,5.666666666666667,5.882352941176472,60万以上,轿车,D,其他能源,39.0,18.0,18848.0,0.09550084889643463,729,False,False,False,False,普通车型,稳定
MG,MG HS,2123.0,11,17.0,1008.0,5.666666666666667,336.0,-98.31349206349206,价格缺失/无效,SUV,A,其他能源,1993.0,17.0,10749.0,0.158154246906689,733,False,False,False,True,持续型爆款,下滑
飞凡,ER6,448.0,10,17.0,37.0,5.666666666666667,12.333333333333334,-54.054054054054056,价格缺失/无效,轿车,A,新能源,448.0,17.0,25126.0,0.06765899864682003,733,False,False,False,True,持续型爆款,下滑
雪佛兰,萨伯曼,57.0,12,17.0,17.0,5.666666666666667,5.666666666666667,0.0,价格缺失/无效,SUV,D,其他能源,57.0,17.0,1357.0,1.2527634487840826,733,False,False,False,True,持续型爆款,稳定
宝沃,BX7,236.0,9,16.0,41.0,5.333333333333333,13.666666666666666,-60.97560975609756,价格缺失/无效,SUV,B,其他能源,173.0,,2335.0,,736,False,False,False,True,持续型爆款,下滑
现代,名图,155.0,12,16.0,49.0,5.333333333333333,16.333333333333332,-67.3469387755102,10-15万,轿车,B,其他能源,70.0,,75394.0,,736,False,False,False,False,普通车型,下滑
阿斯顿马丁,DB11,64.0,11,16.0,6.0,5.333333333333333,2.0,166.66666666666666,60万以上,跑车,跑车,其他能源,64.0,16.0,1090.0,1.4678899082568808,736,False,False,False,False,普通车型,上升
远航,远航H8,17.0,4,16.0,1.0,5.333333333333333,0.3333333333333333,1500.0,价格缺失/无效,SUV,D,新能源,17.0,16.0,360.0,4.444444444444445,736,True,False,False,False,增长爆款,上升
力帆,650,16.0,1,16.0,,5.333333333333333,,,价格缺失/无效,轿车,A,新能源,16.0,16.0,25126.0,0.06367905754994826,736,False,False,False,False,普通车型,稳定
荣威,RX5 MAX,4721.0,11,15.0,808.0,5.0,269.3333333333333,-98.14356435643565,10-15万,SUV,A,其他能源,3782.0,,437593.0,,741,False,False,False,False,普通车型,下滑
三菱,劲炫,986.0,11,15.0,235.0,5.0,78.33333333333333,-93.61702127659575,10-15万,SUV,A0,其他能源,985.0,14.0,34230.0,0.0408997955010225,741,False,False,False,False,普通车型,下滑
江淮,iEVA50,185.0,11,15.0,29.0,5.0,9.666666666666666,-48.275862068965516,价格缺失/无效,轿车,A,新能源,185.0,15.0,25126.0,0.059699116453076496,741,False,False,False,False,普通车型,下滑
捷尼赛思,GV60,96.0,12,14.0,32.0,4.666666666666667,10.666666666666666,-56.25,30-35万,SUV,B,新能源,50.0,,26918.0,,744,False,False,False,False,普通车型,下滑
凯迪拉克,IQ傲歌,16.0,4,14.0,2.0,4.666666666666667,0.6666666666666666,600.0000000000001,价格缺失/无效,SUV,C,新能源,16.0,14.0,1150.0,1.2173913043478262,744,False,False,False,False,普通车型,上升
马自达,CX-4,4133.0,10,13.0,88.0,4.333333333333333,29.333333333333332,-85.22727272727273,10-15万,SUV,A,其他能源,3345.0,,437593.0,,746,False,False,False,False,普通车型,下滑
三菱,奕歌,1071.0,11,13.0,246.0,4.333333333333333,82.0,-94.71544715447155,10-15万,SUV,A,其他能源,1068.0,10.0,437593.0,0.002285228511425,746,False,False,False,False,普通车型,下滑
华晨新日,新日i03,189.0,12,13.0,55.0,4.333333333333333,18.333333333333332,-76.36363636363637,价格缺失/无效,轿车,A00,新能源,189.0,13.0,3208.0,0.40523690773067333,746,False,False,False,False,普通车型,下滑
起亚,EV6,116.0,7,13.0,32.0,4.333333333333333,10.666666666666666,-59.375,40-45万,SUV,A,新能源,83.0,,,,746,False,False,False,False,普通车型,下滑
思皓,思皓QX,707.0,12,12.0,152.0,4.0,50.666666666666664,-92.10526315789474,10-15万,SUV,A,其他能源,707.0,12.0,437593.0,0.00274227421371,750,False,False,False,False,普通车型,下滑
江铃,驭胜,169.0,9,12.0,21.0,4.0,7.0,-42.85714285714286,价格缺失/无效,SUV,B,其他能源,169.0,12.0,2335.0,0.5139186295503212,750,False,False,False,False,普通车型,下滑
东南,DX5,116.0,8,12.0,17.0,4.0,5.666666666666667,-29.41176470588236,5-10万,SUV,A,其他能源,91.0,,190597.0,,750,False,False,False,False,普通车型,下滑
阿尔法·罗密欧,斯坦维,95.0,12,12.0,22.0,4.0,7.333333333333333,-45.454545454545446,35-40万,SUV,B,其他能源,54.0,12.0,3314.0,0.3621001810500905,750,False,False,False,False,普通车型,下滑
日产,GT-R,20.0,6,12.0,8.0,4.0,2.6666666666666665,50.0,价格缺失/无效,跑车,跑车,其他能源,20.0,12.0,354.0,3.389830508474576,750,False,False,False,False,普通车型,上升
哪吒,哪吒L,12.0,1,12.0,,4.0,,,价格缺失/无效,SUV,C,新能源,12.0,12.0,1150.0,1.0434782608695654,750,False,False,False,False,普通车型,稳定
电动屋,悦01,12.0,2,12.0,,4.0,,,价格缺失/无效,轿车,A00,新能源,12.0,12.0,3208.0,0.3740648379052369,750,False,False,False,False,普通车型,稳定
日产,新蓝鸟,1313.0,12,11.0,388.0,3.6666666666666665,129.33333333333334,-97.16494845360825,价格缺失/无效,轿车,A,其他能源,697.0,11.0,8951.0,0.12289129706178081,757,False,False,False,False,普通车型,下滑
奔驰,EQC,283.0,11,11.0,33.0,3.6666666666666665,11.0,-66.66666666666667,35-40万,SUV,B,新能源,261.0,,2004.0,,757,False,False,False,False,普通车型,下滑
大众,辉昂,2806.0,12,10.0,125.0,3.3333333333333335,41.666666666666664,-92.0,30-35万,轿车,C,其他能源,1901.0,10.0,9747.0,0.10259567046270648,759,False,False,False,False,普通车型,下滑
捷尼赛思,GV80,245.0,12,10.0,82.0,3.3333333333333335,27.333333333333332,-87.8048780487805,55-60万,SUV,C,其他能源,245.0,10.0,5114.0,0.19554165037152915,759,False,False,False,False,普通车型,下滑
朋克,朋克美美,93.0,11,10.0,22.0,3.3333333333333335,7.333333333333333,-54.54545454545454,价格缺失/无效,轿车,A00,新能源,93.0,10.0,3208.0,0.3117206982543641,759,False,False,False,False,普通车型,下滑
北汽汽车,勇士,91.0,11,10.0,20.0,3.3333333333333335,6.666666666666667,-50.0,10-15万,SUV,A,其他能源,91.0,10.0,437593.0,0.002285228511425,759,False,False,False,False,普通车型,下滑
合创,HYCAN 007,45.0,9,10.0,18.0,3.3333333333333335,6.0,-44.44444444444444,25-30万,SUV,B,新能源,45.0,10.0,130264.0,0.007676718049499478,759,False,False,False,False,普通车型,下滑
昊铂,昊铂SSR,20.0,5,10.0,10.0,3.3333333333333335,3.3333333333333335,0.0,60万以上,跑车,跑车,新能源,20.0,10.0,10.0,100.0,759,False,False,False,False,普通车型,稳定
魏牌,拿铁,1065.0,11,9.0,127.0,3.0,42.333333333333336,-92.91338582677166,20-25万,SUV,A,新能源,907.0,8.0,8101.0,0.09875324034069868,765,False,False,False,False,普通车型,下滑
欧尚汽车,科尚,389.0,11,9.0,40.0,3.0,13.333333333333334,-77.5,价格缺失/无效,MPV,B,新能源,319.0,9.0,10074.0,0.08933889219773675,765,False,False,False,False,普通车型,下滑
MG,领航,297.0,9,9.0,7.0,3.0,2.3333333333333335,28.57142857142856,10-15万,SUV,A,其他能源,262.0,7.0,437593.0,0.0015996599579974997,765,False,False,False,False,普通车型,上升
DS,DS 9,253.0,12,9.0,42.0,3.0,14.0,-78.57142857142857,25-30万,轿车,B,其他能源,180.0,,101589.0,,765,False,False,False,False,普通车型,下滑
朋克,朋克大熊,153.0,5,9.0,,3.0,,,价格缺失/无效,轿车,A00,新能源,153.0,9.0,3208.0,0.2805486284289277,765,False,False,False,False,普通车型,稳定
荣威,鲸,137.0,10,9.0,36.0,3.0,12.0,-75.0,价格缺失/无效,SUV,A,其他能源,137.0,9.0,10749.0,0.08372871895060005,765,False,False,False,False,普通车型,下滑
玛莎拉蒂,总裁,131.0,12,9.0,87.0,3.0,29.0,-89.65517241379311,60万以上,轿车,D,其他能源,131.0,9.0,18848.0,0.04775042444821732,765,False,False,False,False,普通车型,下滑
东风风行,星海V9,9.0,1,9.0,,3.0,,,价格缺失/无效,MPV,B,新能源,9.0,9.0,10074.0,0.08933889219773675,765,False,False,False,False,普通车型,稳定
奥迪,TT,9.0,3,9.0,,3.0,,,价格缺失/无效,跑车,跑车,其他能源,9.0,9.0,354.0,2.5423728813559325,765,False,False,False,False,普通车型,稳定
法拉利,Portofino,111.0,11,8.0,11.0,2.6666666666666665,3.6666666666666665,-27.27272727272727,价格缺失/无效,跑车,跑车,其他能源,111.0,8.0,354.0,2.2598870056497176,774,False,False,False,False,普通车型,下滑
劳斯莱斯,魅影,38.0,12,8.0,11.0,2.6666666666666665,3.6666666666666665,-27.27272727272727,价格缺失/无效,跑车,跑车,其他能源,38.0,8.0,354.0,2.2598870056497176,774,False,False,False,False,普通车型,下滑
思皓,思皓E40X,38.0,10,8.0,4.0,2.6666666666666665,1.3333333333333333,100.0,价格缺失/无效,SUV,A0,新能源,38.0,8.0,1378.0,0.5805515239477503,774,False,False,False,False,普通车型,上升
奥迪,S6,33.0,12,8.0,10.0,2.6666666666666665,3.3333333333333335,-20.000000000000007,60万以上,轿车,C,其他能源,33.0,8.0,103.0,7.766990291262135,774,False,False,False,False,普通车型,下滑
北汽汽车,战旗,27.0,2,8.0,,2.6666666666666665,,,5-10万,SUV,A,其他能源,19.0,,190597.0,,774,False,False,False,False,普通车型,稳定
国新汽车,ET300,21.0,3,8.0,,2.6666666666666665,,,价格缺失/无效,轿车,A00,新能源,21.0,8.0,3208.0,0.24937655860349126,774,False,False,False,False,普通车型,稳定
丰田,世极,9.0,4,8.0,1.0,2.6666666666666665,0.3333333333333333,700.0,价格缺失/无效,SUV,D,新能源,9.0,8.0,360.0,2.2222222222222223,774,False,False,False,False,普通车型,上升
INEOS,Grenadier,8.0,2,8.0,,2.6666666666666665,,,价格缺失/无效,SUV,B,其他能源,8.0,8.0,2335.0,0.3426124197002141,774,False,False,False,False,普通车型,稳定
奔驰,CLE,8.0,1,8.0,,2.6666666666666665,,,50-55万,轿车,B,其他能源,8.0,8.0,8.0,100.0,774,False,False,False,False,普通车型,稳定
雪铁龙,C6,1725.0,12,7.0,443.0,2.3333333333333335,147.66666666666666,-98.41986455981942,15-20万,轿车,B,其他能源,1724.0,6.0,198082.0,0.0030290485758423277,783,False,False,False,False,普通车型,下滑
斯巴鲁,BRZ,741.0,12,7.0,10.0,2.3333333333333335,3.3333333333333335,-29.999999999999993,30-35万,跑车,跑车,其他能源,723.0,,4.0,,783,False,False,False,False,普通车型,下滑
宝骏,RC-5,189.0,10,7.0,34.0,2.3333333333333335,11.333333333333334,-79.41176470588236,价格缺失/无效,轿车,A,其他能源,189.0,7.0,8951.0,0.0782035526756787,783,False,False,False,False,普通车型,下滑
海马,8S,110.0,11,7.0,63.0,2.3333333333333335,21.0,-88.88888888888889,5-10万,SUV,A,其他能源,80.0,7.0,190597.0,0.0036726706086664535,783,False,False,False,False,普通车型,下滑
野马,斯派卡,70.0,9,7.0,16.0,2.3333333333333335,5.333333333333333,-56.25,5-10万,MPV,A,其他能源,43.0,,29363.0,,783,False,False,False,False,普通车型,下滑
阿斯顿马丁,V8 Vantage,52.0,11,7.0,20.0,2.3333333333333335,6.666666666666667,-64.99999999999999,60万以上,跑车,跑车,其他能源,52.0,7.0,1090.0,0.6422018348623854,783,False,False,False,False,普通车型,下滑
宝骏,RC-6,42.0,10,7.0,10.0,2.3333333333333335,3.3333333333333335,-29.999999999999993,价格缺失/无效,轿车,B,其他能源,42.0,7.0,7298.0,0.0959166895039737,783,False,False,False,False,普通车型,下滑
丰田,威驰,15813.0,11,6.0,217.0,2.0,72.33333333333333,-97.23502304147466,5-10万,轿车,A0,其他能源,15590.0,,12726.0,,790,False,False,False,False,普通车型,下滑
天际,天际ME5,854.0,12,6.0,567.0,2.0,189.0,-98.94179894179894,15-20万,SUV,A,新能源,854.0,6.0,73486.0,0.008164820510029121,790,False,False,False,False,普通车型,下滑
荣威,MARVEL X,40.0,12,6.0,5.0,2.0,1.6666666666666667,19.999999999999996,价格缺失/无效,SUV,B,新能源,40.0,6.0,1523.0,0.3939592908732764,790,False,False,False,False,普通车型,上升
日产,日产Z,24.0,9,6.0,7.0,2.0,2.3333333333333335,-14.28571428571429,价格缺失/无效,跑车,跑车,其他能源,24.0,6.0,354.0,1.694915254237288,790,False,False,False,False,普通车型,稳定
奔驰,SL级AMG,18.0,5,6.0,11.0,2.0,3.6666666666666665,-45.454545454545446,60万以上,跑车,跑车,其他能源,17.0,6.0,1090.0,0.5504587155963303,790,False,False,False,False,普通车型,下滑
宝骏,E300,9.0,2,6.0,,2.0,,,价格缺失/无效,轿车,A00,新能源,9.0,6.0,3208.0,0.18703241895261846,790,False,False,False,False,普通车型,稳定
爱驰,U6,8.0,4,6.0,2.0,2.0,0.6666666666666666,200.0,价格缺失/无效,SUV,B,新能源,7.0,6.0,1523.0,0.3939592908732764,790,False,False,False,False,普通车型,上升
北京汽车,北京X3,1601.0,11,5.0,375.0,1.6666666666666667,125.0,-98.66666666666667,5-10万,SUV,A0,其他能源,1601.0,5.0,66575.0,0.007510326699211416,797,False,False,False,False,普通车型,下滑
福特,福克斯,1370.0,11,5.0,37.0,1.6666666666666667,12.333333333333334,-86.48648648648648,10-15万,轿车,A,其他能源,1301.0,,402642.0,,797,False,False,False,False,普通车型,下滑
荣威,RX8,559.0,12,5.0,18.0,1.6666666666666667,6.0,-72.22222222222221,10-15万,SUV,B,其他能源,536.0,,102903.0,,797,False,False,False,False,普通车型,下滑
吉利,博瑞,548.0,12,5.0,189.0,1.6666666666666667,63.0,-97.35449735449735,10-15万,轿车,B,其他能源,266.0,,75394.0,,797,False,False,False,False,普通车型,下滑
丰田,Mirai,86.0,7,5.0,9.0,1.6666666666666667,3.0,-44.44444444444444,价格缺失/无效,轿车,B,其他能源,71.0,5.0,7298.0,0.06851192107426692,797,False,False,False,False,普通车型,下滑
迈凯伦,Artura,53.0,12,5.0,8.0,1.6666666666666667,2.6666666666666665,-37.499999999999986,价格缺失/无效,跑车,跑车,新能源,53.0,5.0,203.0,2.4630541871921183,797,False,False,False,False,普通车型,下滑
雷克萨斯,LC,50.0,11,5.0,10.0,1.6666666666666667,3.3333333333333335,-50.0,60万以上,跑车,跑车,其他能源,50.0,5.0,1090.0,0.45871559633027525,797,False,False,False,False,普通车型,下滑
奥迪,S7,43.0,11,5.0,9.0,1.6666666666666667,3.0,-44.44444444444444,60万以上,轿车,C,其他能源,43.0,5.0,103.0,4.854368932038835,797,False,False,False,False,普通车型,下滑
欧尚汽车,欧尚,13.0,4,5.0,,1.6666666666666667,,,10-15万,MPV,A,新能源,5.0,,1590.0,,797,False,False,False,False,普通车型,稳定
丰田,Granvia,5.0,1,5.0,,1.6666666666666667,,,价格缺失/无效,MPV,B,其他能源,5.0,5.0,302.0,1.6556291390728477,797,False,False,False,False,普通车型,稳定
理想,理想L6,5.0,1,5.0,,1.6666666666666667,,,价格缺失/无效,SUV,B,新能源,5.0,5.0,1523.0,0.3282994090610637,797,False,False,False,False,普通车型,稳定
电动屋,YOUNG光小新,1026.0,11,4.0,348.0,1.3333333333333333,116.0,-98.85057471264368,价格缺失/无效,轿车,A00,新能源,1026.0,4.0,3208.0,0.12468827930174563,808,False,False,False,False,普通车型,下滑
力帆,力帆80V,265.0,10,4.0,113.0,1.3333333333333333,37.666666666666664,-96.46017699115043,价格缺失/无效,MPV,B,新能源,265.0,4.0,10074.0,0.039706174310105216,808,False,False,False,False,普通车型,下滑
丰田,86,113.0,10,4.0,5.0,1.3333333333333333,1.6666666666666667,-20.000000000000007,35-40万,跑车,跑车,其他能源,104.0,,,,808,False,False,False,False,普通车型,下滑
奔驰,维特斯,59.0,10,4.0,10.0,1.3333333333333333,3.3333333333333335,-60.00000000000001,价格缺失/无效,MPV,B,其他能源,59.0,4.0,302.0,1.3245033112582782,808,False,False,False,False,普通车型,下滑
三菱,阿图柯,32.0,9,4.0,5.0,1.3333333333333333,1.6666666666666667,-20.000000000000007,20-25万,SUV,A,新能源,31.0,3.0,8101.0,0.037032465127762,808,False,False,False,False,普通车型,下滑
宝骏,530,19.0,10,4.0,8.0,1.3333333333333333,2.6666666666666665,-50.0,价格缺失/无效,SUV,A,其他能源,19.0,4.0,10749.0,0.03721276397804447,808,False,False,False,False,普通车型,下滑
雪佛兰,科尔维特,12.0,5,4.0,4.0,1.3333333333333333,1.3333333333333333,0.0,价格缺失/无效,跑车,跑车,其他能源,12.0,4.0,354.0,1.1299435028248588,808,False,False,False,False,普通车型,稳定
GMC,悍马,4.0,2,4.0,,1.3333333333333333,,,价格缺失/无效,SUV,D,新能源,4.0,4.0,360.0,1.1111111111111112,808,False,False,False,False,普通车型,稳定
奥迪,RS3,4.0,2,4.0,,1.3333333333333333,,,价格缺失/无效,轿车,A,其他能源,4.0,4.0,8951.0,0.04468774438610211,808,False,False,False,False,普通车型,稳定
法拉利,Purosangue,4.0,1,4.0,,1.3333333333333333,,,60万以上,SUV,C,其他能源,4.0,4.0,56472.0,0.007083156254426973,808,False,False,False,False,普通车型,稳定
日产,途达,5089.0,10,3.0,560.0,1.0,186.66666666666666,-99.46428571428572,15-20万,SUV,B,其他能源,3301.0,,140216.0,,818,False,False,False,False,普通车型,下滑
东风,俊风EV30,296.0,12,3.0,100.0,1.0,33.333333333333336,-97.0,价格缺失/无效,轿车,A,新能源,296.0,3.0,25126.0,0.0119398232906153,818,False,False,False,False,普通车型,下滑
欧拉,欧拉黑猫,74.0,9,3.0,9.0,1.0,3.0,-66.66666666666667,价格缺失/无效,轿车,A00,新能源,74.0,3.0,3208.0,0.09351620947630923,818,False,False,False,False,普通车型,下滑
开瑞,开瑞K60,68.0,10,3.0,20.0,1.0,6.666666666666667,-85.0,价格缺失/无效,SUV,A,其他能源,68.0,3.0,10749.0,0.027909572983533353,818,False,False,False,False,普通车型,下滑
天际,天际ME7,50.0,10,3.0,14.0,1.0,4.666666666666667,-78.57142857142857,15-20万,SUV,B,新能源,50.0,3.0,60607.0,0.004949923276189219,818,False,False,False,False,普通车型,下滑
捷尼赛思,GV70,50.0,11,3.0,18.0,1.0,6.0,-83.33333333333334,40-45万,SUV,B,新能源,47.0,,,,818,False,False,False,False,普通车型,下滑
法拉利,812,45.0,11,3.0,10.0,1.0,3.3333333333333335,-70.0,价格缺失/无效,跑车,跑车,其他能源,45.0,3.0,354.0,0.847457627118644,818,False,False,False,False,普通车型,下滑
吉利,帝豪GS,27.0,7,3.0,8.0,1.0,2.6666666666666665,-62.5,价格缺失/无效,SUV,A,其他能源,26.0,3.0,10749.0,0.027909572983533353,818,False,False,False,False,普通车型,下滑
江南,U2,25.0,8,3.0,4.0,1.0,1.3333333333333333,-25.0,价格缺失/无效,轿车,A0,新能源,25.0,3.0,43.0,6.976744186046512,818,False,False,False,False,普通车型,下滑
赛力斯,赛力斯SF5,22.0,8,3.0,6.0,1.0,2.0,-50.0,价格缺失/无效,SUV,B,新能源,15.0,3.0,1523.0,0.1969796454366382,818,False,False,False,False,普通车型,下滑
阿尔法·罗密欧,托纳利,9.0,4,3.0,6.0,1.0,2.0,-50.0,30-35万,SUV,A,其他能源,8.0,2.0,286.0,0.6993006993006993,818,False,False,False,False,普通车型,下滑
起亚,Sonet,3.0,1,3.0,,1.0,,,价格缺失/无效,SUV,A0,其他能源,3.0,3.0,128.0,2.34375,818,False,False,False,False,普通车型,稳定
雪佛兰,Express,3.0,1,3.0,,1.0,,,价格缺失/无效,MPV,B,其他能源,3.0,3.0,302.0,0.9933774834437087,818,False,False,False,False,普通车型,稳定
日产,楼兰,3314.0,11,2.0,83.0,0.6666666666666666,27.666666666666668,-97.59036144578313,20-25万,SUV,B,其他能源,3112.0,,26219.0,,831,False,False,False,False,普通车型,下滑
现代,悦动,3048.0,9,2.0,4.0,0.6666666666666666,1.3333333333333333,-50.0,5-10万,轿车,A,其他能源,3042.0,,338446.0,,831,False,False,False,False,普通车型,下滑
东风风神,A60,1665.0,9,2.0,14.0,0.6666666666666666,4.666666666666667,-85.71428571428572,价格缺失/无效,轿车,A,其他能源,1665.0,2.0,8951.0,0.022343872193051055,831,False,False,False,False,普通车型,下滑
广汽传祺,GA6,543.0,11,2.0,70.0,0.6666666666666666,23.333333333333332,-97.14285714285714,10-15万,轿车,B,其他能源,364.0,,75394.0,,831,False,False,False,False,普通车型,下滑
DS,DS 7,233.0,11,2.0,80.0,0.6666666666666666,26.666666666666668,-97.5,20-25万,SUV,A,其他能源,191.0,1.0,69629.0,0.001436183199528932,831,False,False,False,False,普通车型,下滑
别克,微蓝7,51.0,10,2.0,3.0,0.6666666666666666,1.0,-33.333333333333336,15-20万,SUV,A0,新能源,47.0,,245.0,,831,False,False,False,False,普通车型,下滑
英菲尼迪,QX80,39.0,8,2.0,8.0,0.6666666666666666,2.6666666666666665,-75.0,价格缺失/无效,SUV,D,其他能源,39.0,2.0,1357.0,0.14738393515106854,831,False,False,False,False,普通车型,下滑
吉利,远景X3,13.0,6,2.0,7.0,0.6666666666666666,2.3333333333333335,-71.42857142857143,价格缺失/无效,SUV,A0,其他能源,13.0,2.0,128.0,1.5625,831,False,False,False,False,普通车型,下滑
广汽传祺,绎乐,13.0,8,2.0,1.0,0.6666666666666666,0.3333333333333333,100.0,15-20万,轿车,A,新能源,8.0,,2112.0,,831,False,False,False,False,普通车型,上升
腾势,腾势X,13.0,7,2.0,2.0,0.6666666666666666,0.6666666666666666,0.0,价格缺失/无效,SUV,B,新能源,13.0,2.0,1523.0,0.13131976362442546,831,False,False,False,False,普通车型,稳定
知豆,知豆D2,12.0,3,2.0,,0.6666666666666666,,,价格缺失/无效,轿车,A00,新能源,12.0,2.0,3208.0,0.062344139650872814,831,False,False,False,False,普通车型,稳定
奇瑞,QQ,9.0,6,2.0,2.0,0.6666666666666666,0.6666666666666666,0.0,价格缺失/无效,轿车,A00,新能源,9.0,2.0,3208.0,0.062344139650872814,831,False,False,False,False,普通车型,稳定
哈弗,哈弗H4,6.0,3,2.0,,0.6666666666666666,,,价格缺失/无效,SUV,A,其他能源,6.0,2.0,10749.0,0.018606381989022234,831,False,False,False,False,普通车型,稳定
众泰,E200,3.0,2,2.0,1.0,0.6666666666666666,0.3333333333333333,100.0,价格缺失/无效,轿车,A00,其他能源,2.0,2.0,257.0,0.7782101167315175,831,False,False,False,False,普通车型,上升
玛莎拉蒂,GranTurismo,2.0,1,2.0,,0.6666666666666666,,,60万以上,跑车,跑车,其他能源,2.0,2.0,1090.0,0.1834862385321101,831,False,False,False,False,普通车型,稳定
雷丁,雷丁i3,2.0,1,2.0,,0.6666666666666666,,,价格缺失/无效,轿车,A00,新能源,2.0,2.0,3208.0,0.062344139650872814,831,False,False,False,False,普通车型,稳定
丰田,YARiS L,8493.0,10,1.0,7.0,0.3333333333333333,2.3333333333333335,-85.71428571428572,5-10万,轿车,A0,其他能源,8461.0,,12726.0,,847,False,False,False,False,普通车型,下滑
理想,理想ONE,6793.0,8,1.0,4.0,0.3333333333333333,1.3333333333333333,-75.0,25-30万,SUV,C,新能源,6732.0,,101785.0,,847,False,False,False,False,普通车型,下滑
睿蓝,X3 PRO,6105.0,10,1.0,208.0,0.3333333333333333,69.33333333333333,-99.51923076923077,价格缺失/无效,SUV,A0,其他能源,6105.0,1.0,128.0,0.78125,847,False,False,False,False,普通车型,下滑
雪佛兰,沃兰多,2089.0,10,1.0,88.0,0.3333333333333333,29.333333333333332,-98.86363636363636,10-15万,MPV,A,其他能源,2000.0,,1852.0,,847,False,False,False,False,普通车型,下滑
斯柯达,Rapid,1463.0,10,1.0,60.0,0.3333333333333333,20.0,-98.33333333333333,5-10万,轿车,A,其他能源,1462.0,,338446.0,,847,False,False,False,False,普通车型,下滑
东风风行,风行SX6,927.0,10,1.0,117.0,0.3333333333333333,39.0,-99.14529914529915,5-10万,SUV,A,其他能源,927.0,1.0,190597.0,0.0005246672298094933,847,False,False,False,False,普通车型,下滑
别克,英朗,920.0,10,1.0,18.0,0.3333333333333333,6.0,-94.44444444444444,5-10万,轿车,A,其他能源,891.0,,338446.0,,847,False,False,False,False,普通车型,下滑
领克,领克02,891.0,10,1.0,36.0,0.3333333333333333,12.0,-97.22222222222221,15-20万,轿车,A,其他能源,705.0,,24334.0,,847,False,False,False,False,普通车型,下滑
长安,CS85 COUPE,627.0,10,1.0,144.0,0.3333333333333333,48.0,-99.30555555555556,10-15万,SUV,B,其他能源,627.0,1.0,102903.0,0.0009717889663080764,847,False,False,False,False,普通车型,下滑
雪铁龙,C3-XR,589.0,8,1.0,3.0,0.3333333333333333,1.0,-66.66666666666667,5-10万,SUV,A0,其他能源,577.0,,66575.0,,847,False,False,False,False,普通车型,下滑
荣威,RX3,465.0,10,1.0,61.0,0.3333333333333333,20.333333333333332,-98.36065573770492,5-10万,SUV,A,其他能源,403.0,,190597.0,,847,False,False,False,False,普通车型,下滑
欧尚汽车,欧尚X70A,281.0,5,1.0,,0.3333333333333333,,,价格缺失/无效,SUV,A,其他能源,281.0,1.0,10749.0,0.009303190994511117,847,False,False,False,False,普通车型,稳定
捷途,捷途X95,257.0,9,1.0,4.0,0.3333333333333333,1.3333333333333333,-75.0,10-15万,SUV,B,其他能源,185.0,,102903.0,,847,False,False,False,False,普通车型,下滑
奇瑞,艾瑞泽GX,210.0,9,1.0,14.0,0.3333333333333333,4.666666666666667,-92.85714285714286,10-15万,轿车,A,其他能源,199.0,,402642.0,,847,False,False,False,False,普通车型,下滑
宝骏,RS-3,173.0,9,1.0,46.0,0.3333333333333333,15.333333333333334,-97.82608695652173,价格缺失/无效,SUV,A0,其他能源,91.0,1.0,128.0,0.78125,847,False,False,False,False,普通车型,下滑
广汽传祺,iA5,155.0,7,1.0,1.0,0.3333333333333333,0.3333333333333333,0.0,10-15万,轿车,A,新能源,153.0,,119776.0,,847,False,False,False,False,普通车型,稳定
广汽传祺,GA8,143.0,9,1.0,48.0,0.3333333333333333,16.0,-97.91666666666666,价格缺失/无效,轿车,C,其他能源,143.0,1.0,1.0,100.0,847,False,False,False,False,普通车型,下滑
迈凯伦,迈凯伦GT,125.0,10,1.0,26.0,0.3333333333333333,8.666666666666666,-96.15384615384616,60万以上,跑车,跑车,其他能源,125.0,1.0,1090.0,0.09174311926605505,847,False,False,False,False,普通车型,下滑
现代,Verna,122.0,9,1.0,11.0,0.3333333333333333,3.6666666666666665,-90.9090909090909,5-10万,轿车,A,其他能源,97.0,,338446.0,,847,False,False,False,False,普通车型,下滑
奇瑞,大蚂蚁,66.0,6,1.0,49.0,0.3333333333333333,16.333333333333332,-97.95918367346938,价格缺失/无效,SUV,B,新能源,50.0,1.0,1523.0,0.06565988181221273,847,False,False,False,False,普通车型,下滑
北汽汽车,小猫,45.0,8,1.0,6.0,0.3333333333333333,2.0,-83.33333333333334,价格缺失/无效,轿车,A00,新能源,45.0,1.0,3208.0,0.031172069825436407,847,False,False,False,False,普通车型,下滑
理念,理念VE-1,42.0,9,1.0,6.0,0.3333333333333333,2.0,-83.33333333333334,10-15万,SUV,A0,新能源,42.0,1.0,6390.0,0.01564945226917058,847,False,False,False,False,普通车型,下滑
荣威,龙猫,40.0,8,1.0,4.0,0.3333333333333333,1.3333333333333333,-75.0,价格缺失/无效,SUV,A,其他能源,40.0,1.0,10749.0,0.009303190994511117,847,False,False,False,False,普通车型,下滑
玛莎拉蒂,MC20,33.0,9,1.0,6.0,0.3333333333333333,2.0,-83.33333333333334,60万以上,跑车,跑车,其他能源,33.0,1.0,1090.0,0.09174311926605505,847,False,False,False,False,普通车型,下滑
奥迪,R8,28.0,7,1.0,1.0,0.3333333333333333,0.3333333333333333,0.0,60万以上,跑车,跑车,其他能源,27.0,,1090.0,,847,False,False,False,False,普通车型,稳定
法拉利,Daytona SP3,22.0,9,1.0,2.0,0.3333333333333333,0.6666666666666666,-50.0,价格缺失/无效,跑车,跑车,其他能源,22.0,1.0,354.0,0.2824858757062147,847,False,False,False,False,普通车型,下滑
富康,富康ES500,17.0,5,1.0,1.0,0.3333333333333333,0.3333333333333333,0.0,10-15万,轿车,A,新能源,15.0,,119776.0,,847,False,False,False,False,普通车型,稳定
福特,福睿斯,17.0,5,1.0,,0.3333333333333333,,,价格缺失/无效,轿车,A,其他能源,17.0,1.0,8951.0,0.011171936096525528,847,False,False,False,False,普通车型,稳定
奥迪,S8,16.0,9,1.0,4.0,0.3333333333333333,1.3333333333333333,-75.0,60万以上,轿车,D,其他能源,16.0,1.0,18848.0,0.005305602716468591,847,False,False,False,False,普通车型,下滑
宝骏,RS-5,14.0,7,1.0,5.0,0.3333333333333333,1.6666666666666667,-80.0,价格缺失/无效,SUV,A,其他能源,13.0,1.0,10749.0,0.009303190994511117,847,False,False,False,False,普通车型,下滑
江淮,瑞风,14.0,9,1.0,4.0,0.3333333333333333,1.3333333333333333,-75.0,价格缺失/无效,SUV,A0,其他能源,8.0,1.0,128.0,0.78125,847,False,False,False,False,普通车型,下滑
思皓,思皓X4,13.0,4,1.0,,0.3333333333333333,,,5-10万,SUV,A0,其他能源,13.0,1.0,66575.0,0.0015020653398422831,847,False,False,False,False,普通车型,稳定
宝骏,360,11.0,5,1.0,7.0,0.3333333333333333,2.3333333333333335,-85.71428571428572,价格缺失/无效,MPV,A,其他能源,11.0,1.0,2731.0,0.03661662394727206,847,False,False,False,False,普通车型,下滑
劳斯莱斯,曜影,10.0,8,1.0,1.0,0.3333333333333333,0.3333333333333333,0.0,价格缺失/无效,跑车,跑车,其他能源,10.0,1.0,354.0,0.2824858757062147,847,False,False,False,False,普通车型,稳定
斯巴鲁,翼豹,10.0,4,1.0,1.0,0.3333333333333333,0.3333333333333333,0.0,价格缺失/无效,轿车,A,其他能源,10.0,1.0,8951.0,0.011171936096525528,847,False,False,False,False,普通车型,稳定
猎豹,迈途,10.0,7,1.0,4.0,0.3333333333333333,1.3333333333333333,-75.0,价格缺失/无效,SUV,A,其他能源,10.0,1.0,10749.0,0.009303190994511117,847,False,False,False,False,普通车型,下滑
吉利,远景,9.0,6,1.0,1.0,0.3333333333333333,0.3333333333333333,0.0,价格缺失/无效,轿车,A,其他能源,9.0,1.0,8951.0,0.011171936096525528,847,False,False,False,False,普通车型,稳定
奔腾,奔腾E01,7.0,5,1.0,1.0,0.3333333333333333,0.3333333333333333,0.0,20-25万,SUV,B,新能源,5.0,,57194.0,,847,False,False,False,False,普通车型,稳定
哈弗,哈弗H2,6.0,4,1.0,1.0,0.3333333333333333,0.3333333333333333,0.0,价格缺失/无效,SUV,A0,其他能源,6.0,1.0,128.0,0.78125,847,False,False,False,False,普通车型,稳定
本田,Pilot,5.0,4,1.0,1.0,0.3333333333333333,0.3333333333333333,0.0,价格缺失/无效,SUV,B,其他能源,5.0,1.0,2335.0,0.042826552462526764,847,False,False,False,False,普通车型,稳定
现代,领动,5.0,4,1.0,,0.3333333333333333,,,价格缺失/无效,轿车,A,其他能源,3.0,1.0,8951.0,0.011171936096525528,847,False,False,False,False,普通车型,稳定
雷诺,QM6,5.0,4,1.0,4.0,0.3333333333333333,1.3333333333333333,-75.0,价格缺失/无效,SUV,A,其他能源,5.0,1.0,10749.0,0.009303190994511117,847,False,False,False,False,普通车型,下滑
广汽传祺,GA4,4.0,4,1.0,1.0,0.3333333333333333,0.3333333333333333,0.0,价格缺失/无效,轿车,A,其他能源,4.0,1.0,8951.0,0.011171936096525528,847,False,False,False,False,普通车型,稳定
前途,前途K50,2.0,2,1.0,,0.3333333333333333,,,价格缺失/无效,跑车,跑车,新能源,2.0,1.0,203.0,0.49261083743842365,847,False,False,False,False,普通车型,稳定
威马,EX6 Plus,2.0,2,1.0,1.0,0.3333333333333333,0.3333333333333333,0.0,价格缺失/无效,SUV,B,新能源,2.0,1.0,1523.0,0.06565988181221273,847,False,False,False,False,普通车型,稳定
思皓,思皓X7,2.0,2,1.0,1.0,0.3333333333333333,0.3333333333333333,0.0,价格缺失/无效,SUV,B,其他能源,2.0,1.0,2335.0,0.042826552462526764,847,False,False,False,False,普通车型,稳定
标致,308,2.0,2,1.0,1.0,0.3333333333333333,0.3333333333333333,0.0,价格缺失/无效,轿车,A,其他能源,2.0,1.0,8951.0,0.011171936096525528,847,False,False,False,False,普通车型,稳定
红旗,红旗 L5,2.0,2,1.0,1.0,0.3333333333333333,0.3333333333333333,0.0,价格缺失/无效,轿车,D,其他能源,2.0,1.0,1.0,100.0,847,False,False,False,False,普通车型,稳定
JEEP,指挥官,1.0,1,1.0,,0.3333333333333333,,,价格缺失/无效,SUV,B,新能源,1.0,1.0,1523.0,0.06565988181221273,847,False,False,False,False,普通车型,稳定
凯翼,凯翼X5,1.0,1,1.0,,0.3333333333333333,,,价格缺失/无效,SUV,A,其他能源,1.0,1.0,10749.0,0.009303190994511117,847,False,False,False,False,普通车型,稳定
欧拉,欧拉iQ,1.0,1,1.0,,0.3333333333333333,,,价格缺失/无效,SUV,A,新能源,1.0,1.0,2344.0,0.042662116040955635,847,False,False,False,False,普通车型,稳定
腾势,腾势,1.0,1,1.0,,0.3333333333333333,,,价格缺失/无效,轿车,B,新能源,1.0,1.0,3505.0,0.028530670470756064,847,False,False,False,False,普通车型,稳定
陆风,逍遥,1.0,1,1.0,,0.3333333333333333,,,价格缺失/无效,SUV,A,其他能源,1.0,1.0,10749.0,0.009303190994511117,847,False,False,False,False,普通车型,稳定
别克,GL6,934.0,8,,4.0,,1.3333333333333333,,10-15万,MPV,A,其他能源,930.0,,1852.0,,,False,False,False,False,普通车型,稳定
大众,蔚揽,812.0,9,,66.0,,22.0,,20-25万,轿车,B,其他能源,812.0,,65138.0,,,False,False,False,False,普通车型,稳定
奔驰,B级,558.0,9,,37.0,,12.333333333333334,,20-25万,轿车,A,其他能源,558.0,,1541.0,,,False,False,False,False,普通车型,稳定
欧尚汽车,欧尚长行,553.0,8,,23.0,,7.666666666666667,,5-10万,MPV,A,其他能源,530.0,,29363.0,,,False,False,False,False,普通车型,稳定
马自达,CX-8,526.0,6,,,,,,20-25万,SUV,C,其他能源,289.0,,4216.0,,,False,False,False,False,普通车型,稳定
铃木,北斗星,505.0,6,,,,,,价格缺失/无效,轿车,A00,其他能源,505.0,,257.0,,,False,False,False,False,普通车型,稳定
日产,帕拉丁,483.0,3,,,,,,价格缺失/无效,SUV,A,其他能源,483.0,,10749.0,,,False,False,False,False,普通车型,稳定
起亚,KX5,315.0,5,,1.0,,0.3333333333333333,,10-15万,SUV,A,其他能源,311.0,,437593.0,,,False,False,False,False,普通车型,稳定
中兴,FM3,291.0,4,,,,,,价格缺失/无效,SUV,A,新能源,291.0,,2344.0,,,False,False,False,False,普通车型,稳定
宝骏,向往,185.0,8,,47.0,,15.666666666666666,,价格缺失/无效,轿车,A,其他能源,185.0,,8951.0,,,False,False,False,False,普通车型,稳定
瑞风,瑞风L5,167.0,9,,75.0,,25.0,,10-15万,MPV,B,其他能源,155.0,,15711.0,,,False,False,False,False,普通车型,稳定
东风风光,风光ix5,165.0,9,,32.0,,10.666666666666666,,10-15万,SUV,B,其他能源,165.0,,102903.0,,,False,False,False,False,普通车型,稳定
北京越野,BJ30,163.0,7,,5.0,,1.6666666666666667,,10-15万,SUV,A,其他能源,158.0,,437593.0,,,False,False,False,False,普通车型,稳定
斯巴鲁,XV,157.0,8,,2.0,,0.6666666666666666,,15-20万,SUV,A,其他能源,157.0,,154450.0,,,False,False,False,False,普通车型,稳定
铃木,启悦,152.0,3,,,,,,价格缺失/无效,轿车,A,其他能源,152.0,,8951.0,,,False,False,False,False,普通车型,稳定
奔驰,E级AMG,143.0,9,,24.0,,8.0,,60万以上,轿车,C,其他能源,143.0,,103.0,,,False,False,False,False,普通车型,稳定
东南,DX3,138.0,5,,3.0,,1.0,,5-10万,SUV,A0,其他能源,135.0,,66575.0,,,False,False,False,False,普通车型,稳定
东南,A5翼舞,135.0,5,,,,,,5-10万,轿车,A,其他能源,135.0,,338446.0,,,False,False,False,False,普通车型,稳定
JEEP,大切诺基,114.0,8,,2.0,,0.6666666666666666,,35-40万,SUV,C,其他能源,109.0,,351.0,,,False,False,False,False,普通车型,稳定
瑞风,瑞风L6 MAX,101.0,8,,37.0,,12.333333333333334,,15-20万,MPV,B,其他能源,101.0,,9924.0,,,False,False,False,False,普通车型,稳定
魏牌,玛奇朵,95.0,7,,17.0,,5.666666666666667,,价格缺失/无效,SUV,A,其他能源,77.0,,10749.0,,,False,False,False,False,普通车型,稳定
宝沃,BX5,83.0,7,,4.0,,1.3333333333333333,,价格缺失/无效,SUV,A,其他能源,83.0,,10749.0,,,False,False,False,False,普通车型,稳定
松散,松散海豚,79.0,8,,20.0,,6.666666666666667,,价格缺失/无效,跑车,跑车,新能源,79.0,,203.0,,,False,False,False,False,普通车型,稳定
讴歌,RDX,72.0,4,,,,,,价格缺失/无效,SUV,B,其他能源,72.0,,2335.0,,,False,False,False,False,普通车型,稳定
野马,博骏,69.0,6,,11.0,,3.6666666666666665,,5-10万,SUV,A0,其他能源,55.0,,66575.0,,,False,False,False,False,普通车型,稳定
雪佛兰,科沃兹,61.0,8,,13.0,,4.333333333333333,,价格缺失/无效,轿车,A,其他能源,61.0,,8951.0,,,False,False,False,False,普通车型,稳定
雪佛兰,创界,56.0,8,,13.0,,4.333333333333333,,价格缺失/无效,SUV,A,其他能源,56.0,,10749.0,,,False,False,False,False,普通车型,稳定
宝骏,510,53.0,6,,1.0,,0.3333333333333333,,5-10万,SUV,A0,其他能源,42.0,,66575.0,,,False,False,False,False,普通车型,稳定
斯威,斯威X3,52.0,7,,6.0,,2.0,,5-10万,SUV,B,其他能源,52.0,,15401.0,,,False,False,False,False,普通车型,稳定
宝骏,RM-5,50.0,8,,15.0,,5.0,,价格缺失/无效,MPV,A,其他能源,50.0,,2731.0,,,False,False,False,False,普通车型,稳定
宝马,M5,49.0,7,,1.0,,0.3333333333333333,,60万以上,轿车,C,其他能源,49.0,,103.0,,,False,False,False,False,普通车型,稳定
别克,凯越,48.0,6,,1.0,,0.3333333333333333,,价格缺失/无效,轿车,A,其他能源,48.0,,8951.0,,,False,False,False,False,普通车型,稳定
斯威,斯威X7,40.0,7,,7.0,,2.3333333333333335,,5-10万,SUV,B,其他能源,33.0,,15401.0,,,False,False,False,False,普通车型,稳定
法拉利,F8,40.0,8,,4.0,,1.3333333333333333,,价格缺失/无效,跑车,跑车,其他能源,40.0,,354.0,,,False,False,False,False,普通车型,稳定
大众,Arteon,36.0,9,,4.0,,1.3333333333333333,,30-35万,轿车,B,其他能源,35.0,,3829.0,,,False,False,False,False,普通车型,稳定
魏牌,VV7,35.0,8,,14.0,,4.666666666666667,,价格缺失/无效,SUV,B,其他能源,24.0,,2335.0,,,False,False,False,False,普通车型,稳定
凯翼,凯翼X3,34.0,3,,,,,,价格缺失/无效,SUV,A0,其他能源,34.0,,128.0,,,False,False,False,False,普通车型,稳定
赛力斯,赛力斯A5,27.0,1,,27.0,,9.0,,价格缺失/无效,SUV,B,新能源,27.0,,1523.0,,,False,False,False,False,普通车型,稳定
海马,6P,24.0,1,,24.0,,8.0,,15-20万,SUV,A,新能源,24.0,,73486.0,,,False,False,False,False,普通车型,稳定
宝骏,730,23.0,7,,2.0,,0.6666666666666666,,价格缺失/无效,MPV,A,其他能源,23.0,,2731.0,,,False,False,False,False,普通车型,稳定
斯威,斯威X2,23.0,7,,4.0,,1.3333333333333333,,价格缺失/无效,MPV,A,其他能源,23.0,,2731.0,,,False,False,False,False,普通车型,稳定
速达,SA01,23.0,6,,1.0,,0.3333333333333333,,价格缺失/无效,轿车,A0,新能源,23.0,,43.0,,,False,False,False,False,普通车型,稳定
MG,MG3,21.0,1,,,,,,价格缺失/无效,轿车,A0,其他能源,21.0,,226.0,,,False,False,False,False,普通车型,稳定
哈弗,哈弗F7,21.0,5,,3.0,,1.0,,价格缺失/无效,SUV,A,其他能源,21.0,,10749.0,,,False,False,False,False,普通车型,稳定
宝马,M8,21.0,9,,7.0,,2.3333333333333335,,60万以上,轿车,D,其他能源,21.0,,18848.0,,,False,False,False,False,普通车型,稳定
比亚迪,e1,18.0,4,,4.0,,1.3333333333333333,,价格缺失/无效,轿车,A00,新能源,18.0,,3208.0,,,False,False,False,False,普通车型,稳定
宝沃,BX3,16.0,4,,2.0,,0.6666666666666666,,价格缺失/无效,SUV,A0,其他能源,16.0,,128.0,,,False,False,False,False,普通车型,稳定
DS,DS 4,14.0,5,,2.0,,0.6666666666666666,,25-30万,轿车,A,其他能源,9.0,,1999.0,,,False,False,False,False,普通车型,稳定
潍柴,U75,14.0,2,,,,,,价格缺失/无效,SUV,B,其他能源,14.0,,2335.0,,,False,False,False,False,普通车型,稳定
知豆,知豆,13.0,5,,2.0,,0.6666666666666666,,价格缺失/无效,轿车,A00,新能源,13.0,,3208.0,,,False,False,False,False,普通车型,稳定
摩登汽车,Modern in,12.0,6,,4.0,,1.3333333333333333,,价格缺失/无效,SUV,A,新能源,12.0,,2344.0,,,False,False,False,False,普通车型,稳定
国机智骏,GX5,11.0,2,,,,,,10-15万,SUV,A0,新能源,10.0,,6390.0,,,False,False,False,False,普通车型,稳定
长安,CS15,11.0,4,,1.0,,0.3333333333333333,,5-10万,SUV,A0,其他能源,11.0,,66575.0,,,False,False,False,False,普通车型,稳定
JEEP,大指挥官,10.0,5,,,,,,价格缺失/无效,SUV,B,其他能源,7.0,,2335.0,,,False,False,False,False,普通车型,稳定
JEEP,指南者,9.0,3,,1.0,,0.3333333333333333,,价格缺失/无效,SUV,A,其他能源,9.0,,10749.0,,,False,False,False,False,普通车型,稳定
宝骏,E200,9.0,3,,2.0,,0.6666666666666666,,价格缺失/无效,轿车,A00,新能源,9.0,,3208.0,,,False,False,False,False,普通车型,稳定
讴歌,CDX,9.0,3,,1.0,,0.3333333333333333,,价格缺失/无效,SUV,A,其他能源,9.0,,10749.0,,,False,False,False,False,普通车型,稳定
赛力斯,赛力斯ix3,9.0,1,,9.0,,3.0,,价格缺失/无效,SUV,A,新能源,9.0,,2344.0,,,False,False,False,False,普通车型,稳定
JEEP,自由光,8.0,4,,1.0,,0.3333333333333333,,价格缺失/无效,SUV,A,其他能源,8.0,,10749.0,,,False,False,False,False,普通车型,稳定
东南,DX7星跃,8.0,4,,1.0,,0.3333333333333333,,价格缺失/无效,SUV,A,其他能源,8.0,,10749.0,,,False,False,False,False,普通车型,稳定
比亚迪,F3,8.0,4,,1.0,,0.3333333333333333,,价格缺失/无效,轿车,A,其他能源,8.0,,8951.0,,,False,False,False,False,普通车型,稳定
比亚迪,S2,8.0,3,,,,,,价格缺失/无效,SUV,A0,新能源,8.0,,1378.0,,,False,False,False,False,普通车型,稳定
东风风光,风光ix7,7.0,1,,,,,,10-15万,SUV,B,其他能源,7.0,,102903.0,,,False,False,False,False,普通车型,稳定
欧尚汽车,科赛,7.0,3,,,,,,价格缺失/无效,SUV,B,其他能源,7.0,,2335.0,,,False,False,False,False,普通车型,稳定
长安,悦翔,7.0,4,,,,,,5万以下,轿车,A0,其他能源,7.0,,,,,False,False,False,False,普通车型,稳定
魏牌,VV6,7.0,3,,3.0,,1.0,,价格缺失/无效,SUV,A,其他能源,7.0,,10749.0,,,False,False,False,False,普通车型,稳定
斯巴鲁,Ascent,6.0,3,,1.0,,0.3333333333333333,,价格缺失/无效,SUV,C,其他能源,6.0,,4025.0,,,False,False,False,False,普通车型,稳定
北京汽车,北京U7,5.0,4,,,,,,5-10万,轿车,B,其他能源,5.0,,13194.0,,,False,False,False,False,普通车型,稳定
北京汽车,北京X5,5.0,4,,2.0,,0.6666666666666666,,价格缺失/无效,SUV,A,其他能源,5.0,,10749.0,,,False,False,False,False,普通车型,稳定
现代,ix 25,5.0,5,,2.0,,0.6666666666666666,,价格缺失/无效,SUV,A0,其他能源,5.0,,128.0,,,False,False,False,False,普通车型,稳定
福特,金牛座,5.0,3,,3.0,,1.0,,价格缺失/无效,轿车,C,其他能源,5.0,,1.0,,,False,False,False,False,普通车型,稳定
阿斯顿马丁,DBS,5.0,4,,1.0,,0.3333333333333333,,60万以上,跑车,跑车,其他能源,5.0,,1090.0,,,False,False,False,False,普通车型,稳定
吉利,英伦LX,4.0,2,,,,,,价格缺失/无效,MPV,B,新能源,4.0,,10074.0,,,False,False,False,False,普通车型,稳定
大众,MULTIVAN,4.0,1,,,,,,价格缺失/无效,MPV,B,其他能源,4.0,,302.0,,,False,False,False,False,普通车型,稳定
奔腾,奔腾T33,4.0,4,,2.0,,0.6666666666666666,,价格缺失/无效,SUV,A0,其他能源,4.0,,128.0,,,False,False,False,False,普通车型,稳定
海马,M3,4.0,3,,1.0,,0.3333333333333333,,价格缺失/无效,轿车,A,新能源,4.0,,25126.0,,,False,False,False,False,普通车型,稳定
领途,E行,4.0,3,,2.0,,0.6666666666666666,,价格缺失/无效,轿车,A00,新能源,4.0,,3208.0,,,False,False,False,False,普通车型,稳定
哈弗,哈弗H7,3.0,2,,2.0,,0.6666666666666666,,价格缺失/无效,SUV,B,其他能源,3.0,,2335.0,,,False,False,False,False,普通车型,稳定
宝骏,RS-7,3.0,2,,2.0,,0.6666666666666666,,价格缺失/无效,SUV,C,其他能源,3.0,,4025.0,,,False,False,False,False,普通车型,稳定
欧拉,欧拉白猫,3.0,2,,,,,,价格缺失/无效,轿车,A00,新能源,3.0,,3208.0,,,False,False,False,False,普通车型,稳定
比亚迪,E5,3.0,2,,1.0,,0.3333333333333333,,价格缺失/无效,轿车,A,新能源,3.0,,25126.0,,,False,False,False,False,普通车型,稳定
江淮,嘉悦A5,3.0,3,,1.0,,0.3333333333333333,,价格缺失/无效,轿车,A,其他能源,3.0,,8951.0,,,False,False,False,False,普通车型,稳定
江淮,嘉悦X7,3.0,1,,,,,,价格缺失/无效,SUV,A,其他能源,3.0,,10749.0,,,False,False,False,False,普通车型,稳定
猎豹,嘉远KOMI,3.0,2,,,,,,价格缺失/无效,轿车,A00,新能源,3.0,,3208.0,,,False,False,False,False,普通车型,稳定
猎豹,猎豹CS10,3.0,3,,1.0,,0.3333333333333333,,价格缺失/无效,SUV,A,其他能源,3.0,,10749.0,,,False,False,False,False,普通车型,稳定
荣威,350,3.0,3,,,,,,价格缺失/无效,轿车,A,其他能源,3.0,,8951.0,,,False,False,False,False,普通车型,稳定
赛麟汽车,迈迈,3.0,3,,,,,,价格缺失/无效,轿车,A00,新能源,3.0,,3208.0,,,False,False,False,False,普通车型,稳定
速达,SD01,3.0,3,,1.0,,0.3333333333333333,,价格缺失/无效,轿车,A0,新能源,3.0,,43.0,,,False,False,False,False,普通车型,稳定
九龙,艾菲,2.0,1,,2.0,,0.6666666666666666,,价格缺失/无效,MPV,B,新能源,2.0,,10074.0,,,False,False,False,False,普通车型,稳定
北京汽车,EC系列,2.0,2,,2.0,,0.6666666666666666,,价格缺失/无效,轿车,A00,新能源,2.0,,3208.0,,,False,False,False,False,普通车型,稳定
哈弗,哈弗F5,2.0,1,,,,,,价格缺失/无效,SUV,A,其他能源,2.0,,10749.0,,,False,False,False,False,普通车型,稳定
奔腾,奔腾B30,2.0,2,,,,,,价格缺失/无效,轿车,A,新能源,2.0,,25126.0,,,False,False,False,False,普通车型,稳定
比亚迪,F0,2.0,2,,1.0,,0.3333333333333333,,价格缺失/无效,轿车,A00,其他能源,2.0,,257.0,,,False,False,False,False,普通车型,稳定
海马,海马E1,2.0,1,,,,,,价格缺失/无效,轿车,A00,新能源,2.0,,3208.0,,,False,False,False,False,普通车型,稳定
海马,福美来F7,2.0,1,,,,,,价格缺失/无效,MPV,B,其他能源,2.0,,302.0,,,False,False,False,False,普通车型,稳定
纳智捷,优6,2.0,2,,,,,,价格缺失/无效,SUV,A,其他能源,2.0,,10749.0,,,False,False,False,False,普通车型,稳定
JEEP,自由侠,1.0,1,,,,,,价格缺失/无效,SUV,A0,其他能源,1.0,,128.0,,,False,False,False,False,普通车型,稳定
MG,锐腾,1.0,1,,,,,,价格缺失/无效,SUV,A,其他能源,1.0,,10749.0,,,False,False,False,False,普通车型,稳定
众泰,T500,1.0,1,,1.0,,0.3333333333333333,,价格缺失/无效,SUV,A,其他能源,1.0,,10749.0,,,False,False,False,False,普通车型,稳定
众泰,T700,1.0,1,,,,,,价格缺失/无效,SUV,B,其他能源,1.0,,2335.0,,,False,False,False,False,普通车型,稳定
众泰,TS5,1.0,1,,,,,,价格缺失/无效,SUV,A,其他能源,1.0,,10749.0,,,False,False,False,False,普通车型,稳定
凯翼,凯翼V7,1.0,1,,,,,,价格缺失/无效,MPV,B,其他能源,1.0,,302.0,,,False,False,False,False,普通车型,稳定
凯迪拉克,XTS,1.0,1,,,,,,价格缺失/无效,轿车,C,其他能源,1.0,,1.0,,,False,False,False,False,普通车型,稳定
别克,阅朗,1.0,1,,,,,,价格缺失/无效,轿车,A,其他能源,1.0,,8951.0,,,False,False,False,False,普通车型,稳定
北京汽车,绅宝D70,1.0,1,,,,,,价格缺失/无效,轿车,B,其他能源,1.0,,7298.0,,,False,False,False,False,普通车型,稳定
华颂,华颂7,1.0,1,,1.0,,0.3333333333333333,,价格缺失/无效,MPV,B,其他能源,1.0,,302.0,,,False,False,False,False,普通车型,稳定
启辰,T90,1.0,1,,,,,,价格缺失/无效,SUV,B,其他能源,1.0,,2335.0,,,False,False,False,False,普通车型,稳定
哈弗,哈弗初恋,1.0,1,,,,,,价格缺失/无效,SUV,A,其他能源,1.0,,10749.0,,,False,False,False,False,普通车型,稳定
奇瑞,瑞虎3,1.0,1,,1.0,,0.3333333333333333,,价格缺失/无效,SUV,A0,其他能源,1.0,,128.0,,,False,False,False,False,普通车型,稳定
奇瑞,艾瑞泽7,1.0,1,,,,,,价格缺失/无效,轿车,A,其他能源,1.0,,8951.0,,,False,False,False,False,普通车型,稳定
奔腾,奔腾X40,1.0,1,,,,,,价格缺失/无效,SUV,A0,新能源,1.0,,1378.0,,,False,False,False,False,普通车型,稳定
宝骏,310,1.0,1,,1.0,,0.3333333333333333,,价格缺失/无效,轿车,A,其他能源,1.0,,8951.0,,,False,False,False,False,普通车型,稳定
宝骏,E100,1.0,1,,1.0,,0.3333333333333333,,价格缺失/无效,轿车,A00,新能源,1.0,,3208.0,,,False,False,False,False,普通车型,稳定
广汽传祺,GS5,1.0,1,,,,,,价格缺失/无效,SUV,A,其他能源,1.0,,10749.0,,,False,False,False,False,普通车型,稳定
斯巴鲁,SOLTERRA,1.0,1,,1.0,,0.3333333333333333,,价格缺失/无效,SUV,B,新能源,1.0,,1523.0,,,False,False,False,False,普通车型,稳定
新特,SITECH DEV 1,1.0,1,,,,,,价格缺失/无效,轿车,A0,新能源,1.0,,43.0,,,False,False,False,False,普通车型,稳定
标致,3008,1.0,1,,1.0,,0.3333333333333333,,价格缺失/无效,SUV,A,其他能源,1.0,,10749.0,,,False,False,False,False,普通车型,稳定
欧尚汽车,科赛5,1.0,1,,,,,,价格缺失/无效,SUV,A0,其他能源,1.0,,128.0,,,False,False,False,False,普通车型,稳定
比亚迪,速锐,1.0,1,,1.0,,0.3333333333333333,,价格缺失/无效,轿车,A,其他能源,1.0,,8951.0,,,False,False,False,False,普通车型,稳定
汉龙汽车,旷世,1.0,1,,,,,,价格缺失/无效,SUV,C,其他能源,1.0,,4025.0,,,False,False,False,False,普通车型,稳定
观致,观致5,1.0,1,,,,,,价格缺失/无效,SUV,A,其他能源,1.0,,10749.0,,,False,False,False,False,普通车型,稳定
长安,欧力威,1.0,1,,,,,,价格缺失/无效,轿车,A0,新能源,1.0,,43.0,,,False,False,False,False,普通车型,稳定
陆风,荣曜,1.0,1,,,,,,价格缺失/无效,SUV,A,其他能源,1.0,,10749.0,,,False,False,False,False,普通车型,稳定
雪佛兰,景程,1.0,1,,,,,,价格缺失/无效,轿车,B,其他能源,1.0,,7298.0,,,False,False,False,False,普通车型,稳定
魏牌,VV5,1.0,1,,,,,,价格缺失/无效,SUV,A,其他能源,1.0,,10749.0,,,False,False,False,False,普通车型,稳定
