price_bucket,body_type,vehicle_level_group,fuel_type_group,brand,model,sales,first_active_month,last_active_month,active_months,weighted_tp
5-10万,轿车,A0,新能源,吉利银河,星愿,414079.0,2025-08-01,2026-07-01,12.0,72659.63372401305
25-30万,SUV,B,新能源,特斯拉,MODEL Y,341077.0,2025-08-01,2026-07-01,12.0,272538.8344045956
5万以下,轿车,A00,新能源,五菱,宏光MINI EV,306138.0,2025-08-01,2026-07-01,12.0,38709.96586251673
25-30万,SUV,C,新能源,小米,YU7,259442.0,2025-08-01,2026-07-01,12.0,276023.2416093929
5-10万,轿车,A,其他能源,日产,轩逸,248509.0,2025-08-01,2026-07-01,12.0,69203.17052043047
5-10万,轿车,A,新能源,比亚迪,秦,238588.0,2025-08-01,2026-07-01,12.0,76092.0261979879
5-10万,SUV,A0,新能源,比亚迪,元,206095.0,2025-08-01,2026-07-01,12.0,83560.16695213383
10-15万,SUV,A,新能源,比亚迪,宋,202288.0,2025-08-01,2026-07-01,12.0,113837.48095166267
10-15万,轿车,A,其他能源,大众,速腾,201075.0,2025-08-01,2026-07-01,12.0,109689.81331282541
5-10万,轿车,A,其他能源,大众,朗逸,200258.0,2025-08-01,2026-07-01,12.0,80856.11979793318
5-10万,轿车,A0,新能源,五菱,五菱缤果,186335.0,2025-08-01,2026-07-01,12.0,66259.9389116015
5-10万,轿车,A0,新能源,比亚迪,海鸥,176153.0,2025-08-01,2026-07-01,12.0,66024.73123247325
10-15万,SUV,A,其他能源,吉利,星越,175360.0,2025-08-01,2026-07-01,12.0,136525.17867546587
10-15万,轿车,B,新能源,比亚迪,海豹06,168632.0,2025-08-01,2026-07-01,12.0,116517.84633888688
20-25万,轿车,C,新能源,小米,小米SU7,168239.0,2025-08-01,2026-07-01,11.0,242476.61672365238
5-10万,轿车,A0,新能源,比亚迪,海豚,167786.0,2025-08-01,2026-07-01,12.0,85960.96640812591
20-25万,SUV,C,新能源,方程豹,钛7,167522.0,2025-09-01,2026-07-01,11.0,207593.45884073013
20-25万,轿车,B,新能源,特斯拉,MODEL 3,166670.0,2025-08-01,2026-07-01,12.0,236975.95049661494
15-20万,轿车,B,其他能源,大众,迈腾,165989.0,2025-08-01,2026-07-01,12.0,162992.02714220202
20-25万,SUV,B,新能源,理想,理想i6,165784.0,2025-09-01,2026-07-01,11.0,243081.530102543
15-20万,轿车,B,其他能源,大众,帕萨特,162230.0,2025-08-01,2026-07-01,12.0,160290.32893371626
10-15万,SUV,A,其他能源,吉利,博越,161797.0,2025-08-01,2026-07-01,12.0,102355.30668441672
10-15万,SUV,B,其他能源,大众,探岳,159350.0,2025-08-01,2026-07-01,12.0,144398.7088086276
10-15万,SUV,B,其他能源,奇瑞,瑞虎8,154089.0,2025-08-01,2026-07-01,12.0,106610.81501280579
10-15万,轿车,A,新能源,小鹏,MONA M03,143758.0,2025-08-01,2026-07-01,12.0,126514.97400443976
20-25万,轿车,B,其他能源,宝马,3系,140042.0,2025-08-01,2026-07-01,12.0,240011.65738357708
15-20万,SUV,B,新能源,比亚迪,海狮06,140028.0,2025-08-01,2026-07-01,9.0,155045.56096651897
30-35万,轿车,C,其他能源,奥迪,A6,134679.0,2025-08-01,2026-07-01,12.0,321781.73981811636
5-10万,轿车,A,其他能源,长安,逸动,134342.0,2025-08-01,2026-07-01,12.0,71637.72256653971
5-10万,SUV,A0,其他能源,吉利,缤越,132803.0,2025-08-01,2026-07-01,12.0,67360.32398202039
5-10万,SUV,A,其他能源,丰田,锋兰达,132639.0,2025-08-01,2026-07-01,12.0,91589.81189242062
30-35万,SUV,C,新能源,AITO,问界M7,128848.0,2025-09-01,2026-07-01,11.0,321171.7447667977
10-15万,轿车,B,其他能源,红旗,H5,125714.0,2025-08-01,2026-07-01,12.0,128145.8880386485
10-15万,SUV,B,新能源,零跑,零跑C10,122180.0,2025-08-01,2026-07-01,12.0,128328.36086757455
10-15万,SUV,A,新能源,比亚迪,海狮05,116250.0,2025-08-01,2026-07-01,12.0,120389.60474253584
5-10万,轿车,A,新能源,MG,MG4 EV,114677.0,2025-09-01,2026-07-01,11.0,77604.12041837214
10-15万,SUV,A,其他能源,哈弗,哈弗大狗,112250.0,2025-08-01,2026-07-01,12.0,102549.17105413051
10-15万,SUV,B,新能源,深蓝,S05,111274.0,2025-08-01,2026-07-01,12.0,122502.09420774662
15-20万,SUV,A,其他能源,本田,CR-V,109834.0,2025-08-01,2026-07-01,12.0,155772.79451837766
5-10万,轿车,A,新能源,比亚迪,海豹05,107725.0,2025-08-01,2026-07-01,12.0,73093.44942640903
15-20万,SUV,B,其他能源,别克,昂科威,106535.0,2025-08-01,2026-07-01,12.0,171298.63826573727
25-30万,SUV,B,其他能源,奥迪,Q5,101586.0,2025-08-01,2026-07-01,12.0,272177.3702533984
5万以下,轿车,A00,新能源,吉利银河,熊猫mini,101543.0,2025-08-01,2026-07-01,12.0,40351.403348166525
40-45万,SUV,C,新能源,蔚来,蔚来ES8,99815.0,2025-08-01,2026-04-01,9.0,409774.4145782004
10-15万,轿车,B,新能源,比亚迪,秦,99058.0,2025-08-01,2026-07-01,12.0,111097.55973816056
15-20万,轿车,B,其他能源,丰田,凯美瑞,98317.0,2025-08-01,2026-02-01,7.0,151926.32962144824
5-10万,SUV,A,其他能源,大众,途岳,97532.0,2025-08-01,2026-07-01,12.0,87954.95282707717
5-10万,轿车,A,其他能源,吉利,新帝豪,96876.0,2025-08-01,2026-07-01,12.0,67596.83115792717
10-15万,轿车,B,其他能源,本田,雅阁,93202.0,2025-10-01,2026-07-01,10.0,142645.29655710774
10-15万,SUV,B,新能源,丰田,铂智3X,92164.0,2025-08-01,2026-07-01,12.0,128376.20714628855
10-15万,SUV,B,新能源,比亚迪,海狮06,91806.0,2025-08-01,2026-07-01,12.0,145583.67122191
5万以下,轿车,A00,新能源,启源,Lumin,90850.0,2025-08-01,2026-07-01,12.0,41527.71130473488
10-15万,SUV,A,其他能源,丰田,RAV4荣放,89225.0,2025-08-01,2026-01-01,6.0,137469.34156528694
5-10万,SUV,A,新能源,启源,Q05,88651.0,2025-12-01,2026-07-01,8.0,81765.88970213557
35-40万,SUV,D,新能源,AITO,问界M8,87726.0,2025-08-01,2026-07-01,12.0,390821.51976043836
25-30万,MPV,B,其他能源,丰田,赛那,87397.0,2025-08-01,2026-07-01,12.0,281395.42265861493
10-15万,轿车,B,其他能源,丰田,凯美瑞,86703.0,2025-08-01,2026-07-01,12.0,143340.39005154138
10-15万,轿车,B,新能源,吉利银河,银河A7,86531.0,2025-08-01,2026-07-01,12.0,104480.90186719029
5-10万,SUV,A,其他能源,丰田,卡罗拉,85824.0,2025-08-01,2026-04-01,9.0,91255.9887664054
20-25万,SUV,B,新能源,理想,理想L6,85572.0,2025-08-01,2026-07-01,12.0,227292.0146339922
10-15万,轿车,A,新能源,零跑,零跑B01,85554.0,2025-08-01,2026-07-01,12.0,106336.60698681405
10-15万,SUV,A,其他能源,本田,皓影,84833.0,2025-08-01,2026-07-01,12.0,143699.64038479634
5万以下,轿车,A00,新能源,奔腾,奔腾小马,81424.0,2025-08-01,2026-07-01,12.0,32012.908581982945
30-35万,轿车,C,其他能源,宝马,5系,81120.0,2025-08-01,2026-07-01,12.0,335906.8901063841
10-15万,SUV,A,新能源,吉利银河,银河E5,81045.0,2025-08-01,2026-07-01,12.0,110764.35495211412
10-15万,SUV,B,其他能源,大众,途观,80828.0,2025-12-01,2026-07-01,8.0,146882.70015168356
10-15万,SUV,B,新能源,比亚迪,宋L,80604.0,2025-08-01,2026-07-01,12.0,137588.47316623543
10-15万,SUV,A,新能源,比亚迪,元,80146.0,2025-08-01,2026-07-01,12.0,119166.42112630831
30-35万,SUV,C,新能源,特斯拉,MODEL Y L,79520.0,2025-08-01,2026-07-01,12.0,339000.0
20-25万,轿车,B,其他能源,雷克萨斯,ES,79509.0,2025-08-01,2026-07-01,12.0,222397.44458944674
15-20万,SUV,A,其他能源,丰田,RAV4荣放,79108.0,2025-08-01,2026-07-01,12.0,157442.9044764101
5-10万,SUV,A,其他能源,长安,CS75,78905.0,2025-08-01,2026-07-01,12.0,91108.06731083091
10-15万,轿车,A,其他能源,吉利,星瑞,78543.0,2025-08-01,2026-07-01,12.0,100987.91777696733
5-10万,SUV,A0,新能源,零跑,零跑A10,76737.0,2026-03-01,2026-07-01,5.0,79098.32160547041
5-10万,SUV,A,其他能源,吉利,博越,75848.0,2025-08-01,2026-07-01,12.0,86475.25732055113
40-45万,轿车,C,其他能源,奔驰,E级,75783.0,2025-08-01,2026-03-01,8.0,404253.9328005104
10-15万,轿车,A,其他能源,奇瑞,艾瑞泽8,74864.0,2025-08-01,2026-07-01,12.0,106220.85666602748
5-10万,轿车,A,新能源,极狐,极狐T1,74712.0,2025-09-01,2026-05-01,9.0,73159.23730762053
10-15万,SUV,A,其他能源,丰田,威兰达,72949.0,2025-08-01,2026-07-01,12.0,138364.01551593174
15-20万,轿车,B,其他能源,丰田,亚洲龙,70967.0,2025-08-01,2026-07-01,12.0,167002.21748689256
10-15万,SUV,A,新能源,零跑,零跑B10,70590.0,2025-08-01,2026-07-01,12.0,107838.26235851824
30-35万,MPV,B,新能源,魏牌,高山,70378.0,2025-08-01,2026-05-01,10.0,305291.56006268616
10-15万,SUV,A,其他能源,长安,CS75,69493.0,2025-08-01,2026-07-01,12.0,107007.99161137111
30-35万,SUV,B,其他能源,奔驰,GLC级,67968.0,2025-09-01,2026-07-01,7.0,331627.970179718
10-15万,轿车,A,其他能源,奥迪,A3,66545.0,2025-08-01,2026-07-01,12.0,136987.60153171382
15-20万,SUV,B,其他能源,大众,途观,65768.0,2025-08-01,2026-07-01,8.0,160872.08520384532
5-10万,轿车,B,新能源,比亚迪,秦,65509.0,2025-08-01,2025-12-01,5.0,96053.38820717552
50-55万,SUV,D,新能源,AITO,问界M9,65100.0,2025-08-01,2026-07-01,12.0,515762.6070984234
10-15万,SUV,A,新能源,吉利银河,银河星舰7,65020.0,2025-08-01,2026-07-01,12.0,106469.07407306317
20-25万,轿车,B,其他能源,奔驰,C级,64711.0,2025-08-01,2026-07-01,7.0,236478.06552012896
10-15万,轿车,A0,新能源,萤火虫,萤火虫,63908.0,2025-08-01,2026-07-01,12.0,121326.02215029215
55-60万,SUV,C,其他能源,宝马,X5,63849.0,2025-08-01,2026-07-01,12.0,581340.7011095935
5-10万,轿车,A,其他能源,大众,宝来,63692.0,2025-08-01,2026-07-01,12.0,83306.70934348364
5-10万,轿车,A,其他能源,丰田,卡罗拉,63204.0,2025-08-01,2026-07-01,12.0,96749.72155250363
30-35万,SUV,B,其他能源,宝马,X3,61686.0,2025-08-01,2026-04-01,9.0,313748.9883304509
15-20万,SUV,B,新能源,零跑,零跑C16,61630.0,2025-08-01,2026-07-01,12.0,162155.43577524542
20-25万,SUV,B,其他能源,丰田,汉兰达,61169.0,2025-08-01,2026-07-01,12.0,230448.7547735274
10-15万,SUV,B,其他能源,红旗,HS5,60926.0,2025-08-01,2026-07-01,12.0,145333.45020554998
15-20万,轿车,C,新能源,比亚迪,汉,59965.0,2025-08-01,2026-07-01,12.0,167905.18958794887
20-25万,SUV,C,新能源,极氪,极氪7X,59377.0,2025-08-01,2026-07-01,12.0,219478.0936861779
25-30万,SUV,D,新能源,乐道,乐道L90,58944.0,2025-08-01,2026-07-01,12.0,282231.2592735647
30-35万,MPV,B,新能源,腾势,腾势D9,58533.0,2025-08-01,2026-07-01,12.0,336480.7006231199
5-10万,SUV,A,其他能源,日产,逍客,57374.0,2025-08-01,2026-07-01,12.0,95303.71324153799
15-20万,SUV,B,新能源,哈弗,哈弗猛龙,56705.0,2025-08-01,2026-07-01,12.0,177398.9585690043
25-30万,MPV,B,其他能源,丰田,格瑞维亚,56337.0,2025-08-01,2026-07-01,12.0,272350.4714560335
15-20万,轿车,C,其他能源,别克,君越,55575.0,2025-08-01,2026-07-01,12.0,160074.79423333518
10-15万,SUV,B,新能源,埃安,AION i60,54901.0,2025-11-01,2026-07-01,9.0,115629.93641025768
10-15万,轿车,C,新能源,吉利银河,银河星耀8,54854.0,2025-08-01,2026-07-01,12.0,131493.28089172658
35-40万,轿车,C,其他能源,奔驰,E级,52803.0,2025-10-01,2026-07-01,7.0,369220.0721098049
5-10万,轿车,B,新能源,比亚迪,海豹06,52466.0,2025-09-01,2026-02-01,6.0,97202.135995166
5-10万,SUV,A,其他能源,哈弗,哈弗H6,52347.0,2025-08-01,2026-07-01,12.0,86806.30722795289
10-15万,轿车,B,新能源,埃安,AION RT,52151.0,2025-08-01,2026-07-01,12.0,109755.37663609297
5-10万,轿车,A,其他能源,吉利,星瑞,51761.0,2025-10-01,2026-07-01,6.0,97878.66495936917
5-10万,轿车,A,其他能源,奇瑞,艾瑞泽8,51462.0,2025-08-01,2026-07-01,12.0,96207.75260860135
10-15万,轿车,A,其他能源,领克,领克03,51191.0,2025-08-01,2026-07-01,12.0,117773.62395090984
10-15万,轿车,B,新能源,启源,A06,50785.0,2025-11-01,2026-07-01,9.0,129511.99009082308
20-25万,SUV,D,新能源,吉利银河,银河M9,50365.0,2025-09-01,2026-07-01,11.0,212947.2080730076
20-25万,轿车,B,其他能源,奥迪,A4,50286.0,2025-08-01,2026-07-01,12.0,211019.14218867166
10-15万,轿车,B,其他能源,日产,天籁,49853.0,2025-08-01,2026-07-01,12.0,136464.7871282446
35-40万,SUV,B,其他能源,奔驰,GLC级,48619.0,2025-08-01,2026-07-01,10.0,359286.4657039094
15-20万,轿车,C,新能源,风云,风云A9,48562.0,2025-08-01,2026-04-01,9.0,157907.53829419817
15-20万,轿车,C,新能源,小鹏,P7+,48456.0,2025-08-01,2026-07-01,12.0,175436.2703710077
10-15万,SUV,C,新能源,启源,Q07,48132.0,2025-09-01,2026-07-01,11.0,139338.84731012868
5-10万,SUV,A0,其他能源,广汽传祺,GS3,47953.0,2025-08-01,2026-07-01,12.0,69655.62387430848
10-15万,SUV,A,新能源,iCAR,iCAR V23,46927.0,2025-08-01,2026-07-01,12.0,123661.1141398513
15-20万,SUV,B,新能源,尚界,尚界H5,46372.0,2025-09-01,2026-07-01,11.0,168404.96117925528
10-15万,轿车,B,其他能源,丰田,亚洲龙,45840.0,2025-08-01,2026-07-01,12.0,138573.94889841307
价格缺失/无效,轿车,A,新能源,比亚迪,驱逐舰05,45365.0,2025-08-01,2026-07-01,12.0,0.0
5-10万,轿车,A,其他能源,现代,伊兰特,44537.0,2025-08-01,2026-07-01,12.0,77827.21929686397
25-30万,SUV,B,其他能源,凯迪拉克,XT5,44419.0,2025-08-01,2026-07-01,12.0,263801.0288349825
15-20万,SUV,A,其他能源,宝马,X1,44310.0,2025-08-01,2026-07-01,12.0,188271.7347064241
5-10万,SUV,A,其他能源,北京越野,BJ30,44279.0,2025-08-01,2026-07-01,12.0,90409.03566971826
25-30万,SUV,C,新能源,智界,智界R7,44126.0,2025-08-01,2026-07-01,10.0,268890.0506298638
15-20万,轿车,C,新能源,领克,领克10,43687.0,2025-09-01,2026-07-01,11.0,177620.00926355942
5-10万,SUV,A,其他能源,丰田,卡罗拉锐放,43631.0,2026-05-01,2026-07-01,3.0,90306.32093522704
5-10万,SUV,A,其他能源,捷达,捷达VS5,42850.0,2025-08-01,2026-07-01,12.0,77089.94149610792
10-15万,轿车,B,其他能源,本田,英仕派,42847.0,2025-08-01,2026-07-01,12.0,130311.66842018493
5-10万,SUV,A,其他能源,长安,长安X5,42433.0,2025-08-01,2026-07-01,12.0,71292.22372066547
10-15万,轿车,B,新能源,红旗,E-QM5,42121.0,2025-08-01,2026-07-01,12.0,146115.24964559017
50-55万,SUV,D,新能源,极氪,极氪9X,42037.0,2026-02-01,2026-07-01,6.0,526495.109260889
10-15万,SUV,A,其他能源,捷途,旅行者,41951.0,2025-10-01,2026-07-01,10.0,145189.5193039291
15-20万,SUV,A,新能源,北京越野,BJ40,41669.0,2025-08-01,2026-07-01,12.0,189470.61129446534
15-20万,SUV,B,新能源,领克,领克08,41272.0,2025-08-01,2026-07-01,12.0,176423.47035100302
价格缺失/无效,SUV,A,其他能源,长安,长安CS35MAX,41224.0,2025-08-01,2026-03-01,8.0,0.0
10-15万,SUV,B,新能源,零跑,零跑C11,40640.0,2025-08-01,2026-07-01,10.0,145211.08439364898
15-20万,SUV,A,新能源,方程豹,钛3,40014.0,2025-08-01,2026-07-01,6.0,151412.81798498734
25-30万,SUV,C,新能源,AITO,问界M6,39821.0,2026-04-01,2026-07-01,4.0,278266.69679833367
40-45万,SUV,D,新能源,AITO,问界M8,39818.0,2025-08-01,2025-09-01,2.0,402867.9053514069
15-20万,SUV,B,新能源,零跑,零跑C11,39633.0,2025-08-01,2026-01-01,6.0,153114.8994932724
10-15万,轿车,B,新能源,极狐,阿尔法S5,38993.0,2025-08-01,2026-07-01,12.0,125745.2727531203
10-15万,轿车,B,新能源,深蓝,L06,38617.0,2025-11-01,2026-07-01,9.0,133311.957609276
15-20万,SUV,C,新能源,乐道,乐道L60,37937.0,2025-08-01,2026-04-01,9.0,197181.04492445948
10-15万,轿车,A,新能源,比亚迪,秦,37864.0,2025-08-01,2025-11-01,4.0,104507.22969948711
25-30万,SUV,B,其他能源,沃尔沃,XC60,37788.0,2025-08-01,2026-07-01,12.0,267576.2837969385
25-30万,SUV,B,其他能源,丰田,皇冠陆放,37780.0,2025-08-01,2026-03-01,8.0,252340.7354998177
10-15万,轿车,C,新能源,日产,N7,37499.0,2025-08-01,2026-07-01,12.0,137358.4404050658
20-25万,SUV,B,其他能源,大众,途观,37255.0,2025-08-01,2026-04-01,9.0,201682.1488133396
20-25万,MPV,B,其他能源,广汽传祺,M8,37255.0,2025-08-01,2026-07-01,12.0,219080.04602299092
25-30万,轿车,C,新能源,极氪,极氪001,37234.0,2025-08-01,2026-07-01,12.0,261010.79174484336
15-20万,SUV,B,新能源,比亚迪,唐,37026.0,2025-08-01,2026-07-01,12.0,167472.76830074334
10-15万,SUV,B,新能源,风云,风云T9,36887.0,2025-08-01,2026-07-01,12.0,120439.41519278065
10-15万,SUV,B,其他能源,捷途,自由者,36568.0,2025-08-01,2026-07-01,12.0,119338.99631393785
25-30万,轿车,B,其他能源,奥迪,A5,36559.0,2025-09-01,2026-07-01,11.0,253766.70166762162
10-15万,SUV,A,其他能源,本田,CR-V,36522.0,2025-12-01,2026-07-01,4.0,148539.12348426756
20-25万,SUV,C,新能源,阿维塔,阿维塔07,36248.0,2025-08-01,2026-07-01,12.0,215721.59203668725
10-15万,轿车,A,新能源,零跑,零跑Lafa5,36050.0,2025-11-01,2026-07-01,9.0,105182.34831060733
10-15万,SUV,A,其他能源,日产,奇骏,35595.0,2025-08-01,2026-07-01,12.0,120983.25194315494
25-30万,MPV,B,其他能源,别克,GL8,35585.0,2025-08-01,2026-07-01,10.0,292857.83751690545
30-35万,SUV,D,新能源,领克,领克900,34982.0,2025-08-01,2026-07-01,12.0,330721.87632776995
5-10万,SUV,B,其他能源,捷途,捷途X70,34568.0,2025-08-01,2026-07-01,10.0,95469.77492127081
5-10万,轿车,A0,新能源,奇瑞QQ,QQ,34523.0,2026-04-01,2026-07-01,4.0,69047.08745369749
5-10万,轿车,A,其他能源,MG,MG5,34233.0,2025-08-01,2026-07-01,12.0,56550.03091241264
10-15万,SUV,B,新能源,捷途,山海L7,34069.0,2025-08-01,2026-07-01,12.0,139102.232346276
10-15万,SUV,A,其他能源,丰田,卡罗拉,33468.0,2025-08-01,2026-03-01,8.0,104725.10506683654
10-15万,轿车,A,其他能源,本田,思域,33436.0,2025-08-01,2026-07-01,12.0,106151.75873881202
10-15万,SUV,B,新能源,极狐,阿尔法T5,33397.0,2025-08-01,2026-07-01,12.0,130635.13276620026
35-40万,MPV,B,新能源,岚图,梦想家,33309.0,2025-09-01,2026-05-01,9.0,366691.66073101247
30-35万,轿车,C,新能源,享界,享界S9T,33284.0,2025-09-01,2026-07-01,11.0,335676.89708287065
30-35万,SUV,C,新能源,理想,理想i8,33259.0,2025-08-01,2026-07-01,12.0,333210.7158964867
15-20万,SUV,B,新能源,深蓝,S07,33156.0,2025-08-01,2026-07-01,12.0,153973.18617860237
15-20万,轿车,B,新能源,极氪,极氪007,32952.0,2025-08-01,2026-07-01,12.0,192422.64946188245
10-15万,轿车,B,其他能源,别克,君威,32820.0,2025-08-01,2026-07-01,12.0,107181.56947889095
10-15万,SUV,A,其他能源,大众,探歌,32003.0,2025-08-01,2026-07-01,12.0,118508.44090316212
20-25万,轿车,B,其他能源,凯迪拉克,CT5,31719.0,2025-08-01,2026-07-01,12.0,220219.7833896314
35-40万,SUV,C,新能源,蔚来,蔚来ES8,31638.0,2026-05-01,2026-07-01,3.0,396248.9510702321
25-30万,轿车,B,其他能源,奔驰,C级,31596.0,2025-12-01,2026-04-01,5.0,262884.91523668106
5万以下,轿车,A,其他能源,荣威,荣威i5,31594.0,2025-11-01,2026-05-01,7.0,46158.68096316708
5-10万,SUV,A,其他能源,奇瑞,瑞虎7,31506.0,2025-08-01,2026-07-01,12.0,74044.81199760441
5-10万,轿车,A0,新能源,埃安,AION UT,31382.0,2025-08-01,2026-07-01,12.0,76956.8822149057
10-15万,SUV,A0,其他能源,领克,领克06,31221.0,2025-08-01,2026-07-01,12.0,103584.50282760433
5-10万,SUV,A,其他能源,长安,CS55,31056.0,2025-08-01,2026-07-01,10.0,85287.21665014816
10-15万,轿车,C,新能源,启源,A07,31024.0,2025-08-01,2026-07-01,12.0,134651.368109531
15-20万,SUV,A,其他能源,坦克,坦克300,31012.0,2025-11-01,2026-07-01,9.0,198099.59770911283
15-20万,SUV,B,新能源,小鹏,G6,31008.0,2025-08-01,2026-07-01,12.0,169769.37270555555
10-15万,SUV,B,其他能源,哈弗,哈弗大狗PLUS,30457.0,2025-08-01,2026-07-01,12.0,123081.94439823698
5-10万,SUV,A,新能源,奔腾,悦意03,30019.0,2025-08-01,2026-07-01,12.0,93598.95921185942
10-15万,轿车,A,其他能源,大众,凌渡,29762.0,2025-08-01,2026-07-01,12.0,136512.88750841454
15-20万,SUV,A,其他能源,奥迪,Q3,29736.0,2025-08-01,2026-07-01,12.0,176231.79802845334
10-15万,SUV,A,新能源,红旗,HS3,29448.0,2025-08-01,2026-07-01,12.0,132323.08371915304
15-20万,SUV,B,新能源,小鹏,G7,29367.0,2025-08-01,2026-07-01,12.0,193195.16373462512
10-15万,SUV,A,其他能源,丰田,锋兰达,28857.0,2025-08-01,2026-07-01,12.0,109231.4925369362
20-25万,SUV,B,新能源,智己,智己LS6,27978.0,2025-08-01,2026-07-01,12.0,213517.23515088492
10-15万,轿车,B,其他能源,福特,蒙迪欧,27941.0,2025-08-01,2026-07-01,12.0,144719.46823941002
25-30万,MPV,B,新能源,别克,GL8,27692.0,2025-08-01,2026-07-01,9.0,284522.03097503266
30-35万,MPV,B,新能源,岚图,梦想家,27263.0,2025-08-01,2026-07-01,6.0,329665.7080528776
5-10万,MPV,A,其他能源,五菱,五菱宏光,27110.0,2025-08-01,2026-03-01,8.0,55749.09380787901
10-15万,SUV,B,其他能源,哈弗,哈弗猛龙,27095.0,2025-08-01,2026-07-01,12.0,142203.7367937184
10-15万,轿车,B,新能源,领克,领克07,27094.0,2025-08-01,2026-07-01,12.0,145334.90702444653
30-35万,SUV,D,新能源,腾势,腾势N8L,26839.0,2025-10-01,2026-07-01,10.0,315677.2656788253
20-25万,轿车,B,新能源,小鹏,P7,26602.0,2025-08-01,2026-05-01,10.0,219775.70398057363
20-25万,轿车,B,新能源,阿维塔,阿维塔06,26574.0,2025-08-01,2026-07-01,12.0,219403.94066310534
5-10万,轿车,B,新能源,吉利银河,银河星耀6,26554.0,2025-10-01,2026-07-01,10.0,81560.64558995902
5-10万,轿车,A,其他能源,荣威,荣威i5,26443.0,2025-08-01,2026-07-01,5.0,50754.88185679587
10-15万,SUV,A,新能源,埃安,AION V,26346.0,2025-08-01,2026-07-01,12.0,117980.74611724481
35-40万,轿车,C,其他能源,宝马,5系,26068.0,2025-08-01,2025-10-01,3.0,351769.2467098345
价格缺失/无效,MPV,A,新能源,五菱,五菱宏光,26027.0,2025-08-01,2026-07-01,12.0,0.0
15-20万,SUV,C,新能源,方程豹,钛7,25891.0,2026-06-01,2026-07-01,2.0,196503.85220385191
15-20万,SUV,B,新能源,比亚迪,宋Ultra,25759.0,2026-05-01,2026-07-01,3.0,167525.12305278901
20-25万,SUV,B,其他能源,福特,锐界,25648.0,2025-08-01,2026-07-01,12.0,225769.69427477277
20-25万,SUV,D,新能源,零跑,零跑D19,25604.0,2026-04-01,2026-07-01,4.0,242960.53167864404
25-30万,SUV,C,新能源,理想,理想L7,25254.0,2025-10-01,2026-07-01,10.0,284625.6868316801
25-30万,SUV,B,新能源,坦克,坦克400,25114.0,2025-08-01,2026-07-01,12.0,283648.0306234917
25-30万,SUV,C,新能源,AITO,问界M7,25005.0,2025-08-01,2025-10-01,3.0,283740.0369232753
5-10万,轿车,A0,新能源,欧拉,欧拉好猫,24929.0,2025-08-01,2026-07-01,12.0,93212.23359319706
45-50万,SUV,D,新能源,极氪,极氪9X,24914.0,2025-10-01,2026-01-01,4.0,484803.6020073312
5-10万,MPV,B,其他能源,五菱,星光730,24636.0,2025-11-01,2026-07-01,9.0,79000.28149528329
价格缺失/无效,轿车,B,新能源,比亚迪,e7,24513.0,2025-08-01,2026-07-01,12.0,0.0
30-35万,MPV,B,新能源,小鹏,X9,24438.0,2025-08-01,2026-07-01,12.0,322621.71489383146
15-20万,轿车,B,其他能源,本田,雅阁,24409.0,2025-08-01,2025-09-01,2.0,151659.54340028396
60万以上,SUV,C,其他能源,奔驰,GLE级,24253.0,2025-08-01,2026-07-01,12.0,624297.4919320375
10-15万,SUV,B,其他能源,广汽传祺,GS8,24198.0,2025-09-01,2026-07-01,11.0,143366.78612619
20-25万,SUV,C,新能源,岚图,岚图FREE,24189.0,2025-08-01,2026-05-01,10.0,221518.06704706192
10-15万,MPV,A,其他能源,广汽传祺,M6,23909.0,2025-08-01,2026-07-01,12.0,102427.2760058075
5-10万,轿车,A,新能源,荣威,D6,23666.0,2025-08-01,2026-07-01,12.0,84161.5979611493
5-10万,SUV,A,新能源,埃安,AION Y,23609.0,2025-11-01,2026-07-01,9.0,95375.56837316335
15-20万,SUV,A,其他能源,丰田,威兰达,23363.0,2025-08-01,2026-05-01,10.0,159270.15426415438
价格缺失/无效,SUV,A,其他能源,奇瑞,欧萌达,23144.0,2025-08-01,2026-07-01,12.0,0.0
10-15万,SUV,A,新能源,方程豹,钛3,23026.0,2025-11-01,2026-04-01,6.0,146478.0339427576
价格缺失/无效,轿车,A,新能源,埃安,AION S,22348.0,2025-10-01,2026-07-01,10.0,0.0
25-30万,SUV,B,新能源,方程豹,豹5,22121.0,2025-11-01,2026-07-01,9.0,264098.6456027831
10-15万,MPV,B,新能源,五菱,星光730,22107.0,2025-11-01,2026-07-01,9.0,104421.79654886236
10-15万,SUV,A,其他能源,现代,途胜,21842.0,2025-08-01,2026-07-01,12.0,125242.98212072362
10-15万,轿车,A,其他能源,大众,高尔夫,21578.0,2025-08-01,2026-07-01,12.0,139005.2377346909
5-10万,SUV,A0,新能源,宝骏,悦也,21554.0,2025-08-01,2026-07-01,12.0,76731.90688822497
20-25万,SUV,A,新能源,坦克,坦克300,21454.0,2025-08-01,2026-07-01,12.0,231771.06833224575
10-15万,轿车,B,新能源,日产,N6,20810.0,2025-12-01,2026-07-01,8.0,109730.32468602514
15-20万,SUV,A,其他能源,北京越野,BJ40,20720.0,2025-08-01,2026-03-01,8.0,156173.6409661052
15-20万,SUV,B,新能源,别克,至境E7,20588.0,2026-04-01,2026-07-01,4.0,185958.19566349327
25-30万,轿车,B,其他能源,奥迪,A5L Sportback,20545.0,2025-08-01,2026-07-01,12.0,281083.6581242757
15-20万,SUV,B,新能源,东风风神,SKY EV01,20517.0,2025-08-01,2026-07-01,12.0,154028.68410291374
35-40万,SUV,C,新能源,坦克,坦克500,20414.0,2025-09-01,2026-07-01,11.0,362454.59357891686
5-10万,SUV,B,其他能源,五菱,星光560,20381.0,2026-01-01,2026-07-01,7.0,67980.25019786558
20-25万,SUV,A,其他能源,奔驰,GLB级,20291.0,2025-08-01,2026-07-01,12.0,229065.0486538504
20-25万,轿车,B,新能源,蔚来,蔚来ET5,20219.0,2025-10-01,2026-03-01,6.0,203365.23079663984
5-10万,SUV,A,其他能源,捷途,捷途大圣,20202.0,2025-08-01,2026-07-01,11.0,93349.14178666672
45-50万,SUV,C,其他能源,丰田,普拉多,20062.0,2025-08-01,2026-07-01,12.0,472852.75668240344
20-25万,SUV,C,新能源,比亚迪,唐L,19874.0,2025-08-01,2026-07-01,12.0,230663.1576506993
10-15万,轿车,A,其他能源,大众,朗逸,19856.0,2025-12-01,2026-04-01,5.0,102108.90419988414
25-30万,SUV,B,其他能源,宝马,X3,19473.0,2026-05-01,2026-07-01,3.0,285074.2485164021
20-25万,SUV,C,其他能源,大众,揽巡,19421.0,2025-08-01,2026-07-01,12.0,229669.28048975617
5-10万,轿车,A00,新能源,零跑,零跑T03,19203.0,2025-08-01,2026-03-01,7.0,51901.19581888243
10-15万,SUV,A,其他能源,大众,途岳,19172.0,2025-08-01,2026-07-01,12.0,121576.54397666107
15-20万,轿车,B,其他能源,沃尔沃,S60,19056.0,2025-10-01,2026-07-01,9.0,181729.0786450092
10-15万,SUV,A,新能源,领克,领克Z20,18967.0,2025-08-01,2026-07-01,12.0,131729.11567339004
5-10万,轿车,A,其他能源,长安,UNI-V,18907.0,2025-12-01,2026-07-01,8.0,98674.33935342466
10-15万,SUV,B,其他能源,奇瑞,瑞虎9,18880.0,2025-08-01,2026-04-01,9.0,138258.8074932431
60万以上,轿车,D,新能源,尊界,尊界S800,18731.0,2025-08-01,2026-07-01,12.0,806460.5362998873
10-15万,轿车,A,其他能源,长安,UNI-V,18711.0,2025-08-01,2025-11-01,4.0,101756.07357576286
35-40万,SUV,C,新能源,极氪,极氪8X,18652.0,2026-04-01,2026-07-01,4.0,361476.7045538756
5-10万,SUV,A,其他能源,奇瑞,瑞虎5,18627.0,2025-08-01,2026-07-01,12.0,63571.31013593764
10-15万,轿车,B,其他能源,大众,帕萨特,18579.0,2026-06-01,2026-07-01,2.0,149755.56799999988
20-25万,SUV,C,新能源,智己,智己LS6,18530.0,2025-09-01,2026-07-01,11.0,219818.1062965765
20-25万,SUV,B,新能源,AITO,问界M5,18242.0,2025-08-01,2026-07-01,12.0,235696.20047143954
30-35万,SUV,C,新能源,理想,理想L8,18130.0,2025-08-01,2026-05-01,10.0,309800.5930426756
5-10万,SUV,B,其他能源,奇瑞,瑞虎8,17922.0,2025-08-01,2026-07-01,8.0,98181.82777210443
10-15万,SUV,A,其他能源,哈弗,哈弗H6L,17789.0,2025-11-01,2026-07-01,9.0,113006.72455255534
25-30万,轿车,B,新能源,蔚来,蔚来ET5,17647.0,2025-08-01,2026-07-01,5.0,282564.49136760226
20-25万,SUV,D,新能源,风云,风云T11,17620.0,2025-10-01,2026-07-01,10.0,221967.46271963668
55-60万,SUV,D,新能源,蔚来,蔚来ES9,17434.0,2026-05-01,2026-07-01,3.0,563977.4494651525
5-10万,轿车,A,其他能源,捷达,捷达VA3,17111.0,2025-08-01,2026-07-01,12.0,65253.72931970942
15-20万,SUV,C,新能源,东风奕派,eπ008,17096.0,2025-08-01,2026-07-01,12.0,169437.82733995974
30-35万,MPV,B,新能源,别克,GL8,17026.0,2025-09-01,2025-11-01,3.0,315355.3678947634
25-30万,SUV,C,新能源,魏牌,蓝山,17005.0,2025-08-01,2026-07-01,12.0,264854.23648856557
10-15万,SUV,B,新能源,丰田,bZ5,16933.0,2025-08-01,2026-07-01,12.0,135263.18352959497
10-15万,SUV,B,新能源,哈弗,哈弗枭龙MAX,16844.0,2025-08-01,2026-07-01,12.0,140008.97917129486
30-35万,轿车,D,新能源,腾势,腾势Z9GT,16762.0,2025-08-01,2026-07-01,12.0,312198.8970245082
10-15万,SUV,A,其他能源,本田,HR-V,16710.0,2025-08-01,2026-07-01,12.0,113874.81872171492
5-10万,SUV,A0,其他能源,起亚,奕跑,16678.0,2025-08-01,2026-07-01,12.0,59433.17874921727
5-10万,SUV,A,其他能源,长安,UNI-Z,16669.0,2025-11-01,2026-07-01,9.0,97123.92909914325
10-15万,SUV,B,新能源,吉利银河,银河M7,16571.0,2026-04-01,2026-07-01,4.0,128119.37625358399
10-15万,MPV,B,其他能源,现代,库斯途,16516.0,2025-08-01,2026-07-01,12.0,143525.2692724054
20-25万,SUV,B,其他能源,丰田,皇冠陆放,16447.0,2025-08-01,2026-07-01,12.0,244749.2949976496
10-15万,SUV,A,新能源,埃安,AION Y,16311.0,2025-08-01,2025-10-01,3.0,101772.92131476736
10-15万,轿车,A,新能源,大众,ID.3,16290.0,2025-08-01,2026-07-01,12.0,118371.96961878156
20-25万,轿车,B,新能源,极氪,极氪007,16280.0,2025-08-01,2025-12-01,5.0,204604.8211781327
30-35万,轿车,B,其他能源,雷克萨斯,ES,16208.0,2025-08-01,2026-04-01,9.0,321797.46463914844
5-10万,轿车,B,新能源,荣威,M7,16181.0,2025-09-01,2026-07-01,11.0,94279.54897475721
10-15万,SUV,A,其他能源,马自达,CX-5,16140.0,2025-08-01,2026-07-01,12.0,120305.15331218633
15-20万,SUV,D,新能源,华境,华境S,15847.0,2026-05-01,2026-07-01,3.0,175131.54179629576
25-30万,SUV,D,新能源,乐道,乐道L80,15834.0,2026-05-01,2026-07-01,3.0,253263.25656157627
10-15万,SUV,A,其他能源,北京越野,BJ30,15452.0,2025-08-01,2026-07-01,12.0,116899.5421879045
10-15万,SUV,B,其他能源,捷途,捷途X70L,15442.0,2025-09-01,2026-07-01,11.0,119828.93262021746
20-25万,轿车,B,新能源,宝马,i3,15260.0,2025-08-01,2026-07-01,12.0,204514.81980519055
10-15万,轿车,B,新能源,丰田,bZ3,15257.0,2025-08-01,2026-03-01,8.0,119871.98966749785
10-15万,SUV,B,新能源,东风风神,风神L8,15139.0,2025-08-01,2026-07-01,12.0,129597.68050552986
40-45万,SUV,B,其他能源,雷克萨斯,RX,15083.0,2025-08-01,2026-07-01,12.0,423458.51986424404
45-50万,MPV,B,新能源,别克,至境世家,15056.0,2025-12-01,2026-07-01,8.0,468835.34835747554
15-20万,轿车,B,新能源,红旗,H5,15031.0,2025-08-01,2026-07-01,12.0,153971.91320697227
20-25万,SUV,C,新能源,蔚来,蔚来ES6,15022.0,2025-09-01,2026-03-01,7.0,238282.26780663035
15-20万,SUV,A0,新能源,smart,精灵#1,14980.0,2025-08-01,2026-07-01,12.0,159492.4611182829
15-20万,SUV,C,新能源,日产,NX8,14705.0,2026-04-01,2026-07-01,4.0,166091.46738137738
10-15万,轿车,C,新能源,东风奕派,eπ007,14540.0,2025-08-01,2026-07-01,12.0,129278.72790098366
45-50万,SUV,D,新能源,AITO,问界M9,14521.0,2026-01-01,2026-05-01,5.0,483530.93204192753
10-15万,SUV,B,其他能源,捷达,捷达VS8,14510.0,2025-09-01,2026-07-01,11.0,104064.27695256293
30-35万,SUV,B,其他能源,雷克萨斯,RX,14420.0,2025-08-01,2026-07-01,12.0,338376.4132528988
30-35万,SUV,D,新能源,智己,智己LS9,14351.0,2025-11-01,2026-07-01,9.0,325639.8663580237
15-20万,SUV,C,新能源,红旗,HS6,14334.0,2026-01-01,2026-07-01,7.0,193248.74257429884
30-35万,SUV,C,新能源,坦克,坦克500,14303.0,2025-08-01,2026-07-01,12.0,339379.32551617676
15-20万,SUV,B,新能源,岚图,岚图知音,14303.0,2025-08-01,2026-07-01,9.0,188173.74479597984
60万以上,SUV,C,其他能源,保时捷,卡宴,14294.0,2025-08-01,2026-07-01,12.0,746117.5189626556
25-30万,轿车,C,其他能源,沃尔沃,S90,14266.0,2025-08-01,2026-07-01,12.0,286090.24832800304
10-15万,SUV,A,新能源,吉利银河,银河L7,14078.0,2025-08-01,2026-05-01,10.0,121019.92927692275
60万以上,SUV,C,其他能源,路虎,揽胜,14051.0,2025-08-01,2026-07-01,12.0,1554890.9608787824
5-10万,SUV,A,其他能源,荣威,RX5,13950.0,2025-08-01,2026-07-01,12.0,69360.20720116732
10-15万,SUV,A,新能源,长安,UNI-Z,13885.0,2025-08-01,2026-07-01,12.0,108298.49387344837
价格缺失/无效,SUV,B,其他能源,捷途,捷途X70,13843.0,2025-08-01,2026-02-01,7.0,0.0
5-10万,轿车,A,新能源,极狐,极狐贝塔T1,13704.0,2026-06-01,2026-07-01,2.0,69739.18201008685
15-20万,SUV,C,新能源,iCAR,iCAR V27,13614.0,2026-03-01,2026-07-01,5.0,183930.02426168532
5万以下,SUV,A0,其他能源,奇瑞,瑞虎3x,13530.0,2025-08-01,2026-07-01,12.0,46734.9889135255
5-10万,轿车,A0,新能源,东风奕派,纳米01,13463.0,2025-12-01,2026-07-01,8.0,65884.86525099006
45-50万,MPV,B,新能源,智界,智界V9,13245.0,2026-05-01,2026-07-01,3.0,466991.7075809736
10-15万,SUV,B,新能源,深蓝,S07,13228.0,2025-08-01,2026-07-01,8.0,149431.9066675568
30-35万,SUV,B,新能源,沃尔沃,XC70,13191.0,2025-10-01,2026-03-01,4.0,311561.82034781436
10-15万,SUV,A,新能源,埃安,AION N60,13175.0,2026-04-01,2026-07-01,4.0,124022.66211594445
50-55万,MPV,B,新能源,理想,理想MEGA,13166.0,2025-08-01,2026-07-01,12.0,535374.6603712969
5-10万,轿车,B,新能源,极狐,极狐贝塔S3,13110.0,2026-06-01,2026-07-01,2.0,95128.8700000001
20-25万,轿车,B,其他能源,奥迪,A5,13081.0,2025-08-01,2026-07-01,4.0,248730.30621599607
45-50万,SUV,D,新能源,理想,理想L9,13076.0,2026-05-01,2026-07-01,3.0,484007.78143629176
30-35万,SUV,D,新能源,小鹏,GX,13060.0,2026-05-01,2026-07-01,3.0,308169.5915458236
25-30万,SUV,B,新能源,沃尔沃,XC70,12788.0,2026-01-01,2026-07-01,6.0,283959.8691010822
5万以下,轿车,A,其他能源,奇瑞,艾瑞泽5,12753.0,2025-10-01,2026-07-01,9.0,49098.40994835725
10-15万,轿车,B,其他能源,红旗,H6,12710.0,2025-09-01,2026-07-01,11.0,146689.39060190573
25-30万,轿车,C,新能源,阿维塔,阿维塔12,12479.0,2025-08-01,2026-07-01,12.0,279636.4436384281
60万以上,SUV,C,其他能源,路虎,卫士,12453.0,2025-08-01,2026-07-01,12.0,731825.7419265051
15-20万,SUV,B,新能源,捷途,山海T1,12256.0,2025-08-01,2025-12-01,5.0,150885.74311698118
10-15万,轿车,B,新能源,深蓝,L07,12172.0,2025-08-01,2026-07-01,12.0,140612.7890802712
价格缺失/无效,轿车,A0,新能源,五菱,五菱缤果,12115.0,2025-08-01,2026-04-01,4.0,0.0
5-10万,轿车,A,新能源,吉利银河,银河L6,12083.0,2025-08-01,2026-05-01,10.0,88825.46765316465
20-25万,轿车,C,新能源,比亚迪,汉L,12026.0,2025-08-01,2026-07-01,12.0,217283.99694077222
15-20万,轿车,B,其他能源,林肯,林肯Z,12022.0,2025-08-01,2026-07-01,12.0,176454.0223204375
15-20万,轿车,C,新能源,别克,至境L7,12021.0,2025-10-01,2026-07-01,10.0,196869.98215536092
5-10万,SUV,A,其他能源,起亚,赛图斯,11838.0,2025-08-01,2026-07-01,12.0,88531.60631729999
5万以下,轿车,A00,新能源,奇瑞,QQ冰淇淋,11796.0,2025-08-01,2025-12-01,5.0,35329.55032107384
10-15万,SUV,B,新能源,蓝电,蓝电E5,11796.0,2025-08-01,2026-07-01,12.0,118084.11548203963
15-20万,轿车,B,其他能源,大众,CC,11757.0,2025-08-01,2026-07-01,12.0,183674.06630883392
20-25万,轿车,C,新能源,尚界,尚界Z7,11743.0,2026-06-01,2026-07-01,2.0,232034.15
20-25万,SUV,B,新能源,方程豹,豹5,11676.0,2025-08-01,2025-10-01,3.0,246836.16151909437
20-25万,SUV,C,新能源,乐道,乐道L60,11628.0,2026-05-01,2026-07-01,3.0,200392.77553077033
10-15万,轿车,B,其他能源,现代,索纳塔,11575.0,2025-08-01,2026-07-01,12.0,124689.69429274483
20-25万,MPV,B,新能源,比亚迪,夏,11572.0,2025-09-01,2026-07-01,11.0,238684.8995150326
10-15万,SUV,A,新能源,东风风神,风神L7,11514.0,2025-08-01,2026-07-01,12.0,112096.71002133374
10-15万,SUV,A,新能源,大众,ID.4 CROZZ,11407.0,2025-08-01,2026-07-01,12.0,133099.74286965965
10-15万,SUV,B,其他能源,捷途,捷途X70,11402.0,2025-08-01,2026-07-01,10.0,108049.53361172917
30-35万,轿车,C,新能源,享界,享界S9,11388.0,2025-08-01,2026-07-01,12.0,333179.46171375946
15-20万,MPV,B,其他能源,广汽传祺,E8,11285.0,2025-08-01,2026-07-01,12.0,160576.98010902974
10-15万,轿车,B,其他能源,雪铁龙,C5,11119.0,2025-08-01,2026-07-01,12.0,125961.88988419321
10-15万,轿车,B,新能源,吉利银河,银河星耀7 MAX,11116.0,2026-05-01,2026-07-01,3.0,128089.49454053758
5-10万,轿车,A0,新能源,东风纳米,纳米01,11047.0,2025-08-01,2025-11-01,4.0,68665.33082425194
10-15万,SUV,A,新能源,极狐,考拉,11041.0,2025-08-01,2026-07-01,12.0,100637.49085437121
40-45万,SUV,D,新能源,腾势,腾势N9,10964.0,2025-08-01,2026-07-01,9.0,409966.16213968885
20-25万,SUV,A,其他能源,坦克,坦克300,10945.0,2025-08-01,2025-10-01,3.0,201174.5123455553
20-25万,SUV,B,其他能源,哈弗,哈弗H9,10909.0,2025-08-01,2026-07-01,12.0,211782.15448892652
30-35万,SUV,D,新能源,大众,ID.ERA 9X,10864.0,2026-04-01,2026-07-01,4.0,334679.0324776988
20-25万,SUV,B,其他能源,路虎,揽胜极光,10863.0,2025-08-01,2026-07-01,12.0,220927.55978811928
30-35万,SUV,B,其他能源,奥迪,Q5,10836.0,2026-04-01,2026-07-01,4.0,336304.1526101762
10-15万,轿车,C,新能源,东风风行,星海S7,10808.0,2025-08-01,2026-07-01,12.0,117806.44821610546
25-30万,SUV,C,其他能源,大众,途昂,10772.0,2025-08-01,2026-07-01,12.0,267295.91883077426
15-20万,SUV,A,新能源,宝马,iX1,10661.0,2025-08-01,2026-07-01,12.0,170982.99953714074
20-25万,轿车,C,新能源,智界,智界S7,10659.0,2025-08-01,2026-07-01,12.0,243201.41955887197
20-25万,MPV,B,其他能源,本田,奥德赛,10655.0,2025-08-01,2026-05-01,8.0,204612.21969122178
60万以上,MPV,B,其他能源,丰田,埃尔法,10566.0,2025-08-01,2026-07-01,12.0,1016267.1473875633
30-35万,SUV,C,其他能源,福特,探险者,10555.0,2025-08-01,2026-07-01,12.0,324738.8993137328
30-35万,SUV,C,新能源,理想,理想L7,10543.0,2025-08-01,2025-09-01,2.0,302686.40397837356
15-20万,SUV,B,其他能源,212,T01,10537.0,2025-08-01,2026-07-01,12.0,169994.22194457974
15-20万,SUV,B,新能源,比亚迪,海狮07,10467.0,2025-08-01,2026-07-01,12.0,185043.9951317139
15-20万,SUV,B,新能源,捷途,旅行者,10458.0,2025-11-01,2026-07-01,9.0,177829.03276304065
15-20万,SUV,A,其他能源,凯迪拉克,XT4,10357.0,2025-08-01,2026-07-01,12.0,178757.90636982417
价格缺失/无效,SUV,C,其他能源,丰田,兰德酷路泽,10319.0,2025-08-01,2026-07-01,12.0,0.0
价格缺失/无效,SUV,A,其他能源,长安,CS55,10283.0,2026-01-01,2026-07-01,7.0,0.0
15-20万,轿车,B,新能源,比亚迪,海豹07,10283.0,2025-09-01,2026-07-01,11.0,160202.12725462217
35-40万,SUV,D,新能源,理想,理想L9,10239.0,2025-10-01,2026-04-01,7.0,386533.9024641082
20-25万,SUV,C,其他能源,领克,领克09,10145.0,2025-08-01,2026-07-01,11.0,205610.86570469022
20-25万,MPV,B,新能源,广汽传祺,E8,10139.0,2025-08-01,2026-07-01,12.0,211602.19695323292
15-20万,轿车,A0,新能源,MINI,MINI COOPER,10057.0,2025-08-01,2026-07-01,12.0,163490.3157442452
25-30万,SUV,B,其他能源,雷克萨斯,NX,10029.0,2025-08-01,2026-05-01,10.0,271891.07175132964
价格缺失/无效,轿车,A,新能源,欧尚汽车,欧尚520,10000.0,2025-08-01,2026-07-01,12.0,0.0
25-30万,MPV,B,新能源,魏牌,高山,9999.0,2026-06-01,2026-07-01,2.0,288851.31194819906
15-20万,SUV,A,其他能源,捷途,旅行者,9934.0,2025-08-01,2025-09-01,2.0,157273.84065523904
10-15万,SUV,B,其他能源,吉利,豪越,9884.0,2025-08-01,2026-07-01,12.0,109091.92874678227
30-35万,SUV,C,其他能源,大众,途昂,9832.0,2025-08-01,2026-05-01,9.0,306313.1561289486
5-10万,轿车,A,其他能源,东风风神,奕炫,9774.0,2025-08-01,2026-07-01,12.0,64804.788855404135
10-15万,SUV,B,新能源,比亚迪,宋Ultra,9609.0,2026-05-01,2026-07-01,3.0,139003.11805182628
10-15万,SUV,B,其他能源,捷途,捷途X90,9540.0,2025-08-01,2026-07-01,12.0,110576.87693370093
10-15万,轿车,A,其他能源,马自达,马自达3,9540.0,2025-08-01,2026-07-01,12.0,106107.9503522632
30-35万,SUV,C,新能源,蔚来,蔚来ES6,9487.0,2025-08-01,2026-07-01,5.0,321721.15343377343
10-15万,轿车,B,其他能源,MG,MG7,9399.0,2025-08-01,2026-07-01,12.0,123701.47935941978
30-35万,SUV,C,新能源,坦克,坦克400,9377.0,2025-12-01,2026-07-01,8.0,310470.2570118375
20-25万,SUV,B,新能源,岚图,岚图知音,9353.0,2025-09-01,2025-11-01,3.0,201696.3005025742
5-10万,MPV,B,新能源,五菱,星光730,9338.0,2025-12-01,2026-04-01,5.0,99560.0174106661
25-30万,SUV,C,其他能源,大众,揽境,9304.0,2025-08-01,2026-07-01,12.0,273819.1788066816
25-30万,SUV,B,其他能源,林肯,航海家,9212.0,2025-08-01,2026-07-01,12.0,264013.7420265493
15-20万,轿车,B,新能源,蔚来,蔚来ET5,9121.0,2025-09-01,2025-11-01,3.0,198072.34320319214
20-25万,轿车,B,新能源,智己,智己L6,9031.0,2025-08-01,2026-03-01,8.0,220080.97655601887
60万以上,轿车,D,其他能源,梅赛德斯-迈巴赫,S级,8988.0,2025-08-01,2026-07-01,12.0,1409835.4196604185
15-20万,SUV,C,新能源,启源,Q07,8979.0,2025-08-01,2025-08-01,1.0,150390.78100000005
10-15万,SUV,A,新能源,启辰,VX6,8926.0,2025-08-01,2026-07-01,12.0,127005.73683071195
40-45万,SUV,C,新能源,坦克,坦克700,8842.0,2025-08-01,2026-07-01,12.0,437858.0960648198
35-40万,轿车,B,其他能源,宝马,4系,8760.0,2025-08-01,2026-07-01,7.0,353707.502390686
5-10万,SUV,A,其他能源,吉利,ICON,8757.0,2025-08-01,2026-07-01,12.0,81350.97587669293
5-10万,SUV,B,其他能源,捷达,捷达VS7,8750.0,2025-09-01,2026-07-01,11.0,96192.29526644478
10-15万,SUV,A,其他能源,红旗,HS3,8619.0,2025-08-01,2026-07-01,12.0,112649.9573023915
60万以上,轿车,D,其他能源,保时捷,PANAMERA,8564.0,2025-08-01,2026-07-01,12.0,923599.7233018357
10-15万,轿车,B,新能源,深蓝,SL03,8535.0,2025-08-01,2026-07-01,12.0,126196.76743901585
10-15万,SUV,A,其他能源,起亚,狮铂拓界,8464.0,2025-08-01,2026-07-01,12.0,128044.04434355187
5-10万,轿车,A00,新能源,奇瑞,eQ,8458.0,2025-08-01,2025-12-01,5.0,55689.03612724816
25-30万,轿车,C,新能源,小米,小米SU7,8452.0,2026-03-01,2026-03-01,1.0,257884.0
60万以上,轿车,D,其他能源,宝马,7系,8379.0,2025-08-01,2026-07-01,12.0,749108.6636022837
10-15万,轿车,A,新能源,埃安,AION S,8364.0,2025-08-01,2025-09-01,2.0,106866.36444292487
5-10万,MPV,B,其他能源,北京汽车制造厂,王牌M7,8313.0,2025-08-01,2026-06-01,11.0,80234.15654785915
5-10万,轿车,A,其他能源,标致,408,8249.0,2025-08-01,2026-07-01,12.0,79371.85625421263
30-35万,SUV,D,新能源,猛士,猛士M817,8141.0,2025-10-01,2026-07-01,10.0,329643.7191848069
10-15万,SUV,B,其他能源,福特,领睿,8066.0,2025-08-01,2026-07-01,12.0,121421.3450904739
10-15万,SUV,A,新能源,欧拉,欧拉5,7998.0,2025-12-01,2026-07-01,8.0,118058.84741568357
价格缺失/无效,轿车,A,其他能源,起亚,福瑞迪,7907.0,2025-08-01,2026-07-01,12.0,0.0
价格缺失/无效,MPV,A,其他能源,五菱,五菱宏光,7837.0,2026-04-01,2026-07-01,4.0,0.0
10-15万,轿车,A,其他能源,本田,型格,7808.0,2025-08-01,2026-07-01,12.0,110689.53948285095
40-45万,MPV,B,新能源,极氪,极氪009,7761.0,2026-02-01,2026-07-01,5.0,438267.06172702333
15-20万,MPV,B,其他能源,广汽传祺,M8,7730.0,2025-08-01,2026-07-01,9.0,184850.56732433508
10-15万,SUV,B,其他能源,别克,昂科威,7716.0,2025-08-01,2026-07-01,12.0,146702.3132546349
10-15万,SUV,B,其他能源,星途,星途TX,7692.0,2025-08-01,2026-07-01,12.0,109759.02716036701
15-20万,SUV,B,新能源,马自达,EZ-60,7629.0,2025-09-01,2026-07-01,11.0,153631.66282727226
5-10万,轿车,A,其他能源,别克,威朗,7628.0,2025-08-01,2026-07-01,12.0,74427.7988643269
35-40万,SUV,C,新能源,理想,理想L8,7580.0,2026-06-01,2026-07-01,2.0,363557.3280000002
5-10万,MPV,B,其他能源,东风风行,菱智,7571.0,2025-08-01,2026-07-01,12.0,63921.02963569937
45-50万,MPV,B,新能源,极氪,极氪009,7566.0,2025-08-01,2026-04-01,7.0,466005.8143237878
60万以上,轿车,D,其他能源,奔驰,S级,7487.0,2025-08-01,2026-07-01,12.0,870328.9118284177
40-45万,SUV,D,新能源,理想,理想L9,7475.0,2025-08-01,2025-09-01,2.0,408363.5238260864
10-15万,SUV,A,新能源,宝骏,云海,7406.0,2025-08-01,2026-01-01,6.0,108712.50373511763
5万以下,轿车,A00,新能源,雷诺江铃,易至EV2,7363.0,2025-10-01,2026-07-01,10.0,39204.17939995246
35-40万,SUV,C,新能源,方程豹,豹8,7333.0,2025-08-01,2026-05-01,10.0,394874.84223908954
25-30万,SUV,C,新能源,智己,智己LS8,7258.0,2026-04-01,2026-07-01,4.0,264795.64947919536
10-15万,SUV,B,新能源,风云,风云T8,7258.0,2025-08-01,2026-07-01,12.0,108472.73950097708
价格缺失/无效,MPV,A,其他能源,长安凯程,欧诺,7217.0,2025-08-01,2026-07-01,12.0,0.0
30-35万,MPV,B,其他能源,别克,GL8,7213.0,2025-12-01,2026-02-01,2.0,300840.31609952066
15-20万,轿车,C,新能源,丰田,铂智7,7185.0,2026-05-01,2026-07-01,3.0,191032.801553712
15-20万,SUV,D,其他能源,哈弗,哈弗H5,7164.0,2025-08-01,2026-07-01,12.0,151447.953331492
50-55万,SUV,C,其他能源,奥迪,Q7,7141.0,2025-09-01,2026-07-01,11.0,529442.3331675873
价格缺失/无效,轿车,A,新能源,曹操,曹操60,7123.0,2025-08-01,2026-07-01,12.0,0.0
15-20万,SUV,C,新能源,风云,风云T9L,7111.0,2026-04-01,2026-07-01,4.0,154922.9961569283
5-10万,轿车,A,其他能源,吉利,缤瑞,7100.0,2025-08-01,2026-07-01,12.0,68123.00070788192
25-30万,SUV,D,新能源,比亚迪,大唐,7060.0,2026-06-01,2026-07-01,2.0,275439.72000000067
15-20万,SUV,B,新能源,比亚迪,宋Ultra EV,6986.0,2026-03-01,2026-04-01,2.0,172708.0244774709
20-25万,轿车,A0,其他能源,MINI,MINI,6964.0,2025-08-01,2026-07-01,12.0,235924.4031387627
5-10万,轿车,B,其他能源,奔腾,奔腾B70,6962.0,2025-08-01,2026-07-01,12.0,83046.93492890109
60万以上,SUV,D,其他能源,奔驰,GLS级,6951.0,2025-08-01,2026-07-01,12.0,1030473.767190402
30-35万,轿车,C,其他能源,奥迪,A7L,6922.0,2025-08-01,2026-05-01,10.0,330928.22218956257
5-10万,SUV,A,其他能源,广汽传祺,GS4,6920.0,2025-08-01,2026-07-01,12.0,91909.11303912575
55-60万,SUV,C,其他能源,奔驰,GLE级,6855.0,2026-05-01,2026-07-01,3.0,594197.7019780747
25-30万,SUV,B,其他能源,丰田,汉兰达,6851.0,2025-08-01,2026-04-01,6.0,256025.7634070705
25-30万,SUV,D,新能源,深蓝,S09,6831.0,2025-08-01,2026-07-01,12.0,263315.95963284874
20-25万,轿车,C,其他能源,捷豹,XFL,6802.0,2025-08-01,2026-07-01,12.0,238970.21042713898
5-10万,轿车,A,其他能源,起亚,K3,6768.0,2025-08-01,2026-07-01,12.0,72291.62630447364
15-20万,SUV,C,新能源,广汽传祺,向往S7,6713.0,2025-12-01,2026-07-01,8.0,181328.3133136953
5-10万,轿车,B,新能源,丰田,bZ3,6682.0,2026-04-01,2026-07-01,4.0,95428.55652760589
价格缺失/无效,SUV,C,新能源,五菱,星光L,6630.0,2026-04-01,2026-07-01,4.0,0.0
35-40万,SUV,D,新能源,岚图,岚图泰山,6630.0,2025-12-01,2026-03-01,4.0,392575.95196210436
20-25万,轿车,C,新能源,尚界,尚界Z7T,6584.0,2026-06-01,2026-07-01,2.0,243348.47000000026
5-10万,轿车,A,新能源,北京汽车,EU系列,6442.0,2025-08-01,2026-07-01,12.0,96253.47856241853
5-10万,轿车,A,其他能源,丰田,雷凌,6439.0,2025-08-01,2025-11-01,4.0,88793.79234830137
10-15万,SUV,A,其他能源,长安,UNI-Z,6394.0,2025-08-01,2025-10-01,3.0,101671.38743799076
15-20万,SUV,B,新能源,捷途,山海T2,6369.0,2025-08-01,2025-10-01,3.0,186463.12140088333
10-15万,SUV,A,新能源,MG,MG 4X,6302.0,2026-06-01,2026-07-01,2.0,101983.25399999997
30-35万,轿车,B,其他能源,宝马,4系,6272.0,2025-12-01,2026-05-01,5.0,348122.20311767363
15-20万,轿车,A,其他能源,奔驰,A级,6262.0,2025-08-01,2026-07-01,12.0,162758.20628869976
10-15万,轿车,C,新能源,风云,风云A9,6059.0,2026-05-01,2026-07-01,3.0,146455.5981260175
价格缺失/无效,SUV,C,新能源,奥迪,E7X,6041.0,2026-04-01,2026-07-01,4.0,0.0
10-15万,SUV,A,新能源,大众,ID.4 X,6024.0,2025-08-01,2026-07-01,12.0,142409.3998335465
20-25万,SUV,C,其他能源,大众,途昂,5960.0,2025-08-01,2026-07-01,12.0,241746.10738255034
10-15万,SUV,B,新能源,捷途,山海T1,5920.0,2026-01-01,2026-07-01,7.0,146242.46536628678
40-45万,轿车,C,新能源,奔驰,E级,5893.0,2025-08-01,2025-12-01,5.0,406820.8722212795
5-10万,SUV,B,新能源,五菱,星光560,5877.0,2026-01-01,2026-07-01,7.0,89241.80704441041
价格缺失/无效,轿车,A,新能源,吉利银河,几何A,5877.0,2025-08-01,2026-07-01,12.0,0.0
10-15万,轿车,B,新能源,五菱,星光,5869.0,2025-08-01,2026-07-01,12.0,105330.85581263299
15-20万,轿车,A,其他能源,宝马,2系,5825.0,2025-08-01,2026-07-01,12.0,179935.09204704908
10-15万,轿车,B,新能源,荣威,D7,5815.0,2025-08-01,2026-07-01,12.0,112901.55506297134
10-15万,轿车,B,新能源,风云,风云A8,5733.0,2025-08-01,2026-07-01,12.0,106369.13476146747
10-15万,SUV,A,其他能源,领克,领克01,5675.0,2025-08-01,2026-07-01,12.0,130840.0970820298
10-15万,SUV,A,其他能源,北京越野,BJ40,5649.0,2026-04-01,2026-07-01,4.0,147538.27973357754
10-15万,SUV,B,新能源,五菱,星光S,5539.0,2025-08-01,2026-07-01,12.0,110055.53718732407
5-10万,SUV,A0,其他能源,本田,缤智,5527.0,2025-08-01,2026-07-01,12.0,93804.14771946314
20-25万,轿车,B,其他能源,沃尔沃,S60,5517.0,2025-08-01,2025-11-01,3.0,201386.52893809334
20-25万,SUV,C,新能源,小鹏,G9,5509.0,2025-10-01,2026-07-01,10.0,237963.05246548168
25-30万,SUV,B,新能源,蔚来,蔚来EC6,5500.0,2025-09-01,2026-03-01,7.0,259363.41602266146
15-20万,SUV,A,新能源,东风风行,星海T5,5463.0,2026-03-01,2026-07-01,5.0,158787.99212021177
45-50万,SUV,C,其他能源,沃尔沃,XC90,5399.0,2025-09-01,2026-07-01,11.0,473695.48018922255
5-10万,轿车,A,其他能源,奇瑞,艾瑞泽5,5374.0,2025-08-01,2025-12-01,4.0,53773.34067636242
20-25万,SUV,C,新能源,广汽传祺,向往S7,5346.0,2025-08-01,2025-11-01,4.0,202723.95398787133
15-20万,轿车,B,新能源,大众,帕萨特,5294.0,2025-08-01,2026-07-01,12.0,180539.42852624692
25-30万,轿车,B,新能源,奥迪,E5 Sportback,5292.0,2025-09-01,2026-01-01,5.0,259245.02836307528
20-25万,轿车,B,新能源,奥迪,E5 Sportback,5260.0,2026-02-01,2026-07-01,6.0,244149.31004877598
20-25万,SUV,C,其他能源,坦克,坦克400,5194.0,2025-08-01,2026-07-01,12.0,242456.91789695804
5万以下,轿车,A00,新能源,奇瑞QQ,QQ冰淇淋,5183.0,2026-01-01,2026-07-01,7.0,37109.09844373407
5-10万,MPV,B,其他能源,五菱,五菱宏光,5176.0,2025-08-01,2026-07-01,12.0,57717.83625644416
35-40万,轿车,B,其他能源,奔驰,CLE,5173.0,2025-08-01,2026-07-01,12.0,386657.0430797519
10-15万,轿车,A,其他能源,广汽传祺,影豹,5167.0,2025-08-01,2026-05-01,7.0,102495.32608569768
15-20万,轿车,C,新能源,吉利银河,银河E8,5147.0,2025-08-01,2026-07-01,12.0,159310.84533652832
10-15万,SUV,A,新能源,极氪,极氪X,5052.0,2025-09-01,2026-05-01,8.0,147572.31804684497
15-20万,SUV,C,新能源,别克,别克E5,5050.0,2025-08-01,2026-04-01,7.0,155721.29974789813
25-30万,轿车,B,其他能源,雷克萨斯,ES,5034.0,2026-05-01,2026-07-01,3.0,299874.4013038608
5-10万,SUV,A,其他能源,吉利,牛仔,5005.0,2025-08-01,2026-07-01,12.0,88035.38747871404
10-15万,SUV,A,新能源,大众,与众06,4901.0,2026-01-01,2026-07-01,7.0,142101.96806370295
5-10万,MPV,A,其他能源,五菱,佳辰,4858.0,2025-08-01,2026-07-01,12.0,69330.0711000329
5-10万,轿车,A,其他能源,大众,速腾,4763.0,2026-04-01,2026-07-01,4.0,91578.9289696861
5-10万,轿车,A,其他能源,荣威,荣威i6,4741.0,2026-04-01,2026-07-01,4.0,64368.13412978275
35-40万,轿车,C,其他能源,奥迪,A6,4719.0,2026-04-01,2026-07-01,4.0,391875.82350600057
10-15万,SUV,B,新能源,星途,星途ET5,4711.0,2025-12-01,2026-07-01,8.0,146654.53502547232
40-45万,SUV,D,新能源,岚图,岚图泰山,4685.0,2025-11-01,2026-07-01,5.0,407255.5893440366
20-25万,MPV,B,其他能源,本田,艾力绅,4683.0,2025-08-01,2026-07-01,12.0,232920.0180407869
20-25万,轿车,C,新能源,丰田,铂智7,4636.0,2026-04-01,2026-04-01,1.0,202053.81999999977
15-20万,SUV,B,新能源,哈弗,哈弗大狗PLUS,4623.0,2025-08-01,2026-07-01,12.0,157916.12061830118
15-20万,SUV,A,新能源,大众,与众06,4604.0,2025-08-01,2025-12-01,5.0,163433.25615796156
20-25万,SUV,B,其他能源,本田,冠道,4550.0,2025-08-01,2026-07-01,12.0,217775.50416025094
20-25万,SUV,A,其他能源,宝马,X2,4519.0,2025-08-01,2026-07-01,12.0,206929.6205120949
5-10万,MPV,B,其他能源,瑞风,瑞风M3,4470.0,2025-08-01,2026-05-01,10.0,72238.65663552991
30-35万,SUV,D,新能源,岚图,岚图泰山X8,4403.0,2026-05-01,2026-07-01,3.0,337435.3782292157
60万以上,SUV,C,其他能源,路虎,揽胜运动版,4388.0,2025-08-01,2026-07-01,12.0,837506.7003179393
15-20万,轿车,C,新能源,星途,星纪元ES,4374.0,2025-08-01,2026-05-01,9.0,166147.28046664287
25-30万,SUV,C,新能源,红旗,HS7,4374.0,2025-08-01,2026-05-01,10.0,253937.07693529455
5-10万,SUV,A,新能源,东风纳米,纳米06,4337.0,2025-08-01,2025-11-01,4.0,92434.62741866868
35-40万,SUV,B,其他能源,福特,烈马,4320.0,2025-08-01,2026-07-01,12.0,380632.8849654177
25-30万,MPV,B,其他能源,奔驰,威霆,4311.0,2025-08-01,2026-07-01,12.0,265652.99008458294
30-35万,轿车,C,新能源,宝马,i5,4301.0,2025-08-01,2026-07-01,12.0,313560.8057405297
15-20万,SUV,B,其他能源,奇瑞,瑞虎9,4278.0,2026-05-01,2026-07-01,3.0,151595.7003584858
10-15万,SUV,B,新能源,马自达,EZ-60,4274.0,2025-12-01,2026-07-01,8.0,144432.82363014892
5-10万,SUV,A,其他能源,欧拉,欧拉5,4261.0,2026-04-01,2026-07-01,4.0,92499.6166218728
5-10万,轿车,B,新能源,五菱,星光,4177.0,2025-08-01,2026-07-01,12.0,83786.3195978135
10-15万,SUV,A,新能源,捷途,山海L7,4161.0,2025-08-01,2026-07-01,12.0,125685.96068268231
10-15万,轿车,B,其他能源,斯柯达,Superb,4128.0,2025-08-01,2026-05-01,10.0,119115.76782959494
15-20万,轿车,C,新能源,比亚迪,汉L,4109.0,2025-11-01,2026-07-01,9.0,196516.9173573852
5-10万,SUV,B,其他能源,五菱,五菱宏光S3,4109.0,2025-08-01,2026-07-01,12.0,61622.2209232508
60万以上,MPV,B,其他能源,雷克萨斯,LM,4084.0,2025-08-01,2026-07-01,12.0,1582118.762862024
30-35万,SUV,C,新能源,奥迪,Q6,4079.0,2025-12-01,2026-07-01,7.0,327751.75866479526
15-20万,SUV,B,新能源,比亚迪,宋L,4062.0,2025-08-01,2026-07-01,12.0,180657.2291790881
20-25万,SUV,C,新能源,星途,星纪元ET,4053.0,2025-08-01,2026-07-01,12.0,216942.38497814626
20-25万,MPV,B,新能源,东风风行,星海V9,4001.0,2025-08-01,2026-07-01,12.0,216715.85268118416
60万以上,轿车,D,其他能源,奥迪,A8L,3999.0,2025-08-01,2026-07-01,12.0,698847.2809129698
价格缺失/无效,轿车,A,新能源,比亚迪,e2,3984.0,2025-08-01,2026-07-01,9.0,0.0
10-15万,SUV,A,新能源,风云,风云X3L,3966.0,2025-09-01,2026-07-01,11.0,133052.3102888538
20-25万,SUV,C,其他能源,日产,探陆,3892.0,2025-08-01,2026-07-01,12.0,224180.90318792398
30-35万,SUV,C,其他能源,奥迪,Q6,3876.0,2025-08-01,2026-01-01,6.0,323677.1775317123
25-30万,轿车,C,其他能源,红旗,H9,3872.0,2025-08-01,2026-07-01,8.0,251594.22919259305
5-10万,SUV,A0,其他能源,五菱,星驰,3829.0,2025-08-01,2026-07-01,12.0,53578.25736369809
15-20万,SUV,C,其他能源,星途,星途揽月,3810.0,2025-08-01,2026-07-01,12.0,171693.5363193146
25-30万,轿车,D,新能源,腾势,腾势Z9GT,3809.0,2026-05-01,2026-05-01,1.0,287990.3824096181
60万以上,SUV,D,其他能源,宝马,X7,3754.0,2025-08-01,2026-07-01,12.0,916282.7233590401
20-25万,SUV,C,新能源,智界,智界R7,3746.0,2026-03-01,2026-04-01,2.0,245639.04816797236
15-20万,MPV,B,其他能源,本田,奥德赛,3679.0,2026-03-01,2026-07-01,4.0,194628.63544739285
5-10万,轿车,A,其他能源,丰田,雷凌L,3671.0,2025-12-01,2026-07-01,8.0,91903.60758460968
价格缺失/无效,MPV,B,新能源,奔腾,奔腾NAT,3665.0,2025-08-01,2026-07-01,12.0,0.0
30-35万,SUV,B,新能源,蔚来,蔚来EC6,3638.0,2025-08-01,2026-07-01,5.0,341747.8923893067
价格缺失/无效,轿车,A0,新能源,凯翼,拾月,3605.0,2026-04-01,2026-07-01,4.0,0.0
价格缺失/无效,轿车,B,新能源,领汇,领汇e5,3540.0,2026-07-01,2026-07-01,1.0,0.0
10-15万,轿车,A,其他能源,吉利,新帝豪,3534.0,2025-08-01,2026-05-01,10.0,105574.68218610632
15-20万,SUV,B,新能源,本田,P7,3534.0,2025-11-01,2026-07-01,9.0,155605.30574136908
价格缺失/无效,轿车,A00,新能源,睿蓝,蓝气球,3533.0,2025-09-01,2026-07-01,11.0,0.0
5-10万,轿车,B,新能源,荣威,D7,3532.0,2025-11-01,2026-07-01,9.0,82030.0146063901
15-20万,轿车,B,其他能源,福特,蒙迪欧,3461.0,2025-08-01,2026-07-01,12.0,181839.8503369836
5-10万,轿车,A0,新能源,奇瑞,多米,3459.0,2025-08-01,2025-12-01,5.0,57116.98277354727
10-15万,SUV,A,其他能源,福特,锐际,3457.0,2025-08-01,2026-07-01,12.0,131219.8777039018
50-55万,轿车,C,新能源,小米,小米SU7,3449.0,2025-08-01,2026-07-01,12.0,529900.0
15-20万,轿车,B,新能源,小鹏,P7,3439.0,2026-06-01,2026-07-01,2.0,198572.38800000006
10-15万,SUV,A,新能源,风云,风云X3 PLUS,3424.0,2025-08-01,2026-07-01,12.0,120239.56072022006
15-20万,SUV,B,新能源,smart,精灵#5,3407.0,2025-10-01,2026-07-01,9.0,197494.54598333372
35-40万,SUV,D,新能源,魏牌,V9X,3373.0,2026-05-01,2026-07-01,3.0,365873.8277014774
30-35万,SUV,C,新能源,奔驰,EQE SUV,3317.0,2025-08-01,2026-07-01,12.0,335688.2155684819
20-25万,SUV,B,新能源,smart,精灵#5,3301.0,2025-08-01,2026-07-01,12.0,218671.03379762592
30-35万,MPV,B,新能源,广汽传祺,E9,3262.0,2025-08-01,2026-07-01,12.0,314475.3832981224
15-20万,SUV,B,新能源,星途,星途瑶光,3246.0,2025-08-01,2025-12-01,5.0,159940.06219027474
10-15万,SUV,B,其他能源,凯翼,昆仑,3204.0,2025-08-01,2026-07-01,11.0,102737.24406219658
15-20万,轿车,B,其他能源,捷豹,XEL,3199.0,2025-08-01,2026-05-01,10.0,179563.1690829069
5-10万,轿车,A0,新能源,埃安,AION UT super,3189.0,2026-01-01,2026-07-01,7.0,90134.61553248549
价格缺失/无效,MPV,B,新能源,北京汽车制造厂,王牌M7,3188.0,2025-08-01,2026-06-01,11.0,0.0
35-40万,MPV,B,新能源,腾势,腾势D9,3177.0,2026-06-01,2026-07-01,2.0,388406.0169000004
5-10万,轿车,A,其他能源,捷达,捷达VA7,3165.0,2025-08-01,2026-07-01,12.0,88839.28450527362
价格缺失/无效,轿车,A0,新能源,埃安,AION UT super,3165.0,2025-12-01,2025-12-01,1.0,0.0
5-10万,SUV,A,其他能源,凯翼,炫界,3157.0,2025-08-01,2026-07-01,12.0,68005.46611153525
15-20万,SUV,C,新能源,广汽昊铂,昊铂HT,3152.0,2025-11-01,2026-07-01,9.0,185679.3405520304
10-15万,SUV,B,新能源,奔腾,悦意07,3148.0,2025-08-01,2026-07-01,12.0,113603.89876870957
45-50万,SUV,B,其他能源,保时捷,Macan,3134.0,2025-11-01,2026-07-01,9.0,481548.9956144649
5-10万,SUV,A,新能源,东风奕派,纳米06,3134.0,2025-12-01,2026-07-01,8.0,88847.05874190417
15-20万,SUV,A,新能源,smart,精灵#3,3116.0,2025-08-01,2026-07-01,12.0,173146.70931485214
5万以下,轿车,A00,新能源,雷诺江铃,小麒麟,3111.0,2025-08-01,2025-09-01,2.0,38711.35211700282
30-35万,SUV,B,其他能源,雷克萨斯,NX,3075.0,2025-09-01,2026-07-01,8.0,327578.4574313445
10-15万,轿车,A,新能源,荣威,荣威i6,3002.0,2025-08-01,2026-07-01,12.0,138599.84406495668
5-10万,轿车,A0,其他能源,本田,飞度,2999.0,2025-08-01,2026-04-01,8.0,67302.20522681247
5-10万,SUV,A,其他能源,北京汽车,北京X7,2988.0,2025-11-01,2026-07-01,9.0,98761.49996347073
5-10万,SUV,A,其他能源,启辰,启辰大V,2968.0,2025-08-01,2026-07-01,12.0,85300.96594230732
15-20万,SUV,B,新能源,奇瑞,瑞虎9,2963.0,2025-08-01,2026-07-01,12.0,156031.37946563
60万以上,SUV,D,其他能源,雷克萨斯,LX,2962.0,2025-08-01,2026-07-01,12.0,1496840.3960184527
20-25万,轿车,C,其他能源,红旗,H9,2962.0,2025-09-01,2026-03-01,4.0,247804.5187416371
5-10万,轿车,A,其他能源,广汽传祺,影豹,2952.0,2025-12-01,2026-07-01,5.0,99205.3738435626
35-40万,MPV,B,新能源,广汽传祺,向往M8,2893.0,2025-08-01,2025-12-01,5.0,369784.8788432843
价格缺失/无效,SUV,B,新能源,凯翼,昆仑,2891.0,2025-08-01,2026-07-01,12.0,0.0
5-10万,轿车,A00,新能源,奇瑞QQ,eQ,2876.0,2026-01-01,2026-07-01,7.0,55304.6358867976
20-25万,MPV,B,其他能源,大众,威然,2865.0,2025-08-01,2026-02-01,5.0,245643.9826862233
35-40万,SUV,C,新能源,奥迪,Q6,2801.0,2025-08-01,2026-05-01,10.0,354405.2145868617
10-15万,SUV,A0,其他能源,奥迪,Q2L,2792.0,2025-08-01,2026-07-01,12.0,137909.69890974215
15-20万,SUV,A,新能源,奥迪,Q4,2775.0,2025-08-01,2026-07-01,12.0,194177.80753285537
15-20万,SUV,C,新能源,深蓝,G318,2731.0,2025-08-01,2025-12-01,5.0,198454.22729702404
15-20万,SUV,B,其他能源,大众,探岳,2701.0,2025-08-01,2026-07-01,12.0,178002.21776668425
60万以上,SUV,C,其他能源,奔驰,G级,2680.0,2025-08-01,2026-07-01,12.0,1920328.1574363057
价格缺失/无效,轿车,A,新能源,睿蓝,枫叶60s,2669.0,2025-08-01,2026-07-01,12.0,0.0
20-25万,SUV,C,新能源,广汽传祺,向往S9,2664.0,2025-09-01,2026-07-01,11.0,238555.08191756165
10-15万,SUV,A,新能源,东风风行,风行雷霆,2652.0,2025-08-01,2026-07-01,12.0,119533.13478104192
10-15万,SUV,C,新能源,别克,别克E5,2649.0,2025-11-01,2026-07-01,5.0,147216.28420185464
50-55万,MPV,B,其他能源,别克,世纪,2616.0,2025-08-01,2026-04-01,9.0,534826.6241848354
60万以上,SUV,C,其他能源,雷克萨斯,GX,2596.0,2025-08-01,2026-07-01,12.0,808383.1242699769
45-50万,MPV,B,其他能源,奔驰,V级,2593.0,2025-08-01,2025-12-01,5.0,489320.2207414252
15-20万,SUV,A,其他能源,本田,皓影,2586.0,2025-08-01,2026-07-01,12.0,160599.17903866162
5-10万,轿车,A00,新能源,易至,易至EV3,2551.0,2025-08-01,2026-07-01,12.0,61536.811457467695
价格缺失/无效,SUV,A0,其他能源,铃木,吉姆尼,2549.0,2025-08-01,2026-07-01,12.0,0.0
5-10万,SUV,A,新能源,启源,Q05经典,2547.0,2025-08-01,2026-01-01,6.0,86377.69578052616
价格缺失/无效,SUV,D,新能源,猛士,猛士M817,2547.0,2025-08-01,2025-09-01,2.0,0.0
价格缺失/无效,SUV,A,新能源,小鹏,MONA L03,2524.0,2026-06-01,2026-07-01,2.0,0.0
10-15万,SUV,A,其他能源,马自达,CX-30,2521.0,2025-08-01,2026-07-01,12.0,107275.99467792212
60万以上,SUV,D,新能源,仰望,U8L,2491.0,2025-09-01,2026-07-01,11.0,1282223.6063026898
25-30万,SUV,D,新能源,广汽昊铂,昊铂HL,2465.0,2025-08-01,2026-07-01,12.0,276212.9084255649
30-35万,SUV,B,其他能源,林肯,航海家,2454.0,2025-08-01,2026-07-01,12.0,319977.28219959093
10-15万,轿车,C,新能源,宝骏,享境,2447.0,2025-08-01,2026-07-01,12.0,131741.8650429097
5-10万,SUV,A,新能源,宝骏,云海,2426.0,2025-12-01,2026-07-01,8.0,99195.20963564618
20-25万,SUV,A,新能源,奔驰,EQB,2421.0,2025-08-01,2026-03-01,8.0,204402.89141077403
15-20万,SUV,B,其他能源,广汽传祺,GS8,2395.0,2025-08-01,2025-08-01,1.0,151134.64823464796
25-30万,MPV,B,新能源,广汽传祺,向往M8,2378.0,2026-03-01,2026-07-01,5.0,284336.42792704917
40-45万,SUV,B,其他能源,奔驰,GLC级,2364.0,2025-11-01,2026-04-01,6.0,402450.57407618425
价格缺失/无效,MPV,B,新能源,五菱,星光730,2350.0,2025-09-01,2025-10-01,2.0,0.0
5-10万,MPV,B,其他能源,迈克萨斯,G50,2345.0,2025-08-01,2026-07-01,12.0,69298.15790645733
5-10万,轿车,A,新能源,别克,微蓝6,2341.0,2025-08-01,2026-07-01,12.0,80878.07071238988
60万以上,轿车,D,新能源,仰望,U7,2334.0,2025-08-01,2026-07-01,12.0,636349.2724855554
5-10万,轿车,A,新能源,长安,逸动,2332.0,2025-08-01,2026-07-01,12.0,89337.75900715248
价格缺失/无效,轿车,A00,新能源,埃尚,埃尚,2300.0,2025-10-01,2026-07-01,10.0,0.0
30-35万,轿车,C,新能源,奔驰,EQE,2288.0,2025-08-01,2026-07-01,12.0,326868.6296133141
价格缺失/无效,轿车,A,新能源,长安,逸动,2288.0,2025-08-01,2026-07-01,12.0,0.0
25-30万,SUV,C,新能源,小鹏,G9,2283.0,2025-08-01,2025-09-01,2.0,250799.2458607094
10-15万,轿车,B,新能源,大众,与众07,2277.0,2026-05-01,2026-07-01,3.0,114696.76393061042
30-35万,MPV,B,新能源,红旗,HQ9,2272.0,2025-11-01,2026-07-01,9.0,338198.2790883385
20-25万,SUV,B,其他能源,本田,UR-V,2270.0,2025-08-01,2026-07-01,12.0,223497.16949443918
价格缺失/无效,轿车,A00,新能源,凯翼,拾月,2265.0,2025-08-01,2026-07-01,12.0,0.0
15-20万,轿车,B,新能源,智己,智己L6,2259.0,2026-04-01,2026-07-01,4.0,198385.8688281735
15-20万,轿车,B,新能源,红旗,天工05,2248.0,2025-08-01,2026-03-01,8.0,159687.08913483706
10-15万,SUV,A0,其他能源,本田,XR-V,2244.0,2025-08-01,2026-07-01,12.0,103013.01239462278
25-30万,轿车,A,其他能源,宝马,2系,2233.0,2025-08-01,2026-03-01,7.0,280647.73560791265
60万以上,SUV,C,其他能源,奔驰,G级AMG,2227.0,2025-08-01,2026-07-01,12.0,2732906.651591199
20-25万,MPV,B,新能源,广汽传祺,向往E8,2202.0,2026-07-01,2026-07-01,1.0,212166.76463384784
15-20万,SUV,B,新能源,捷途,山海L9,2197.0,2025-08-01,2026-07-01,12.0,162272.7169955314
价格缺失/无效,轿车,C,新能源,比亚迪,海豹08,2183.0,2026-06-01,2026-07-01,2.0,0.0
15-20万,SUV,A0,新能源,MINI,MINI ACEMAN,2140.0,2025-08-01,2026-07-01,12.0,180118.8876232765
25-30万,SUV,C,新能源,领克,领克09,2127.0,2025-08-01,2026-02-01,7.0,257094.92602463547
价格缺失/无效,MPV,A,新能源,易至,颐驰06,2120.0,2025-08-01,2026-07-01,11.0,0.0
价格缺失/无效,SUV,A,新能源,东风风行,星海T5,2113.0,2026-01-01,2026-02-01,2.0,0.0
20-25万,SUV,C,新能源,广汽昊铂,昊铂HT,2112.0,2025-08-01,2025-10-01,3.0,201838.19971424807
10-15万,SUV,A,新能源,MG,MG ES5,2112.0,2025-08-01,2026-07-01,12.0,113616.9873238607
15-20万,轿车,C,新能源,飞凡,F7,2106.0,2025-08-01,2026-07-01,12.0,167588.18708973582
15-20万,轿车,C,新能源,领克,领克Z10,2099.0,2025-08-01,2026-02-01,7.0,182442.58942778135
25-30万,MPV,B,其他能源,大众,威然,2083.0,2025-12-01,2026-07-01,7.0,259196.70800306337
价格缺失/无效,MPV,B,新能源,迈克萨斯,G50,2078.0,2025-08-01,2026-07-01,12.0,0.0
10-15万,SUV,A,其他能源,雪铁龙,C5,2071.0,2025-08-01,2026-07-01,12.0,126663.43032153549
15-20万,SUV,A,其他能源,林肯,冒险家,2050.0,2025-09-01,2026-07-01,8.0,196267.05182698712
10-15万,轿车,B,新能源,比亚迪,海豹07,2029.0,2025-08-01,2025-08-01,1.0,137182.62599999947
40-45万,SUV,C,其他能源,大众,途锐,2024.0,2025-12-01,2026-07-01,6.0,421097.6608474904
5-10万,SUV,B,新能源,五菱,星光S,2007.0,2025-11-01,2026-07-01,8.0,98990.29726382277
5-10万,SUV,A,其他能源,东风风神,皓瀚,2001.0,2025-08-01,2026-07-01,12.0,81112.40991360112
价格缺失/无效,SUV,A,新能源,坦克,坦克300,1995.0,2026-06-01,2026-07-01,2.0,0.0
价格缺失/无效,MPV,B,其他能源,迈克萨斯,G50,1959.0,2025-08-01,2026-07-01,12.0,0.0
60万以上,SUV,D,其他能源,梅赛德斯-迈巴赫,GLS,1947.0,2025-08-01,2026-07-01,12.0,1587788.9590196768
20-25万,SUV,C,新能源,红旗,天工08,1935.0,2025-08-01,2026-07-01,11.0,219196.50381889846
10-15万,SUV,A,新能源,风云,风云X3,1929.0,2025-08-01,2026-01-01,6.0,105851.18313518971
15-20万,SUV,A,其他能源,马自达,CX-50行也,1927.0,2025-08-01,2026-02-01,7.0,157149.2973866098
15-20万,SUV,C,新能源,岚图,岚图FREE,1919.0,2026-06-01,2026-07-01,2.0,195396.80649680697
25-30万,轿车,A,新能源,奔驰,CLA级,1914.0,2025-11-01,2026-04-01,6.0,264352.4397946708
35-40万,SUV,D,新能源,捷途,纵横G700,1911.0,2025-11-01,2026-02-01,4.0,359456.4459924008
10-15万,SUV,B,新能源,本田,S7,1908.0,2026-02-01,2026-07-01,6.0,144170.56873165618
5-10万,SUV,B,其他能源,东风风神,皓极,1881.0,2025-08-01,2026-07-01,12.0,97255.78413173844
10-15万,SUV,A,其他能源,现代,沐飒,1872.0,2025-08-01,2026-04-01,9.0,107434.27767096845
10-15万,SUV,B,其他能源,星途,星途瑶光,1865.0,2025-08-01,2026-07-01,12.0,109438.70684122747
15-20万,轿车,B,新能源,本田,雅阁,1858.0,2025-08-01,2026-01-01,6.0,177777.69795369435
60万以上,SUV,C,其他能源,奔驰,AMG GLE,1822.0,2025-08-01,2026-07-01,12.0,893045.2877373644
价格缺失/无效,MPV,A,新能源,鑫源,鑫源向上V6,1821.0,2026-03-01,2026-07-01,5.0,0.0
20-25万,SUV,A,其他能源,林肯,冒险家,1797.0,2025-08-01,2026-07-01,12.0,203082.57189654702
15-20万,SUV,C,新能源,阿维塔,阿维塔07,1795.0,2025-09-01,2026-07-01,3.0,198963.44162296862
价格缺失/无效,轿车,B,其他能源,雪佛兰,迈锐宝,1780.0,2025-11-01,2026-07-01,9.0,0.0
5-10万,SUV,A,其他能源,奇瑞,探索06,1774.0,2025-08-01,2026-05-01,10.0,94978.87461691971
10-15万,SUV,A,其他能源,马自达,CX-50行也,1754.0,2026-03-01,2026-07-01,5.0,147316.90188814138
价格缺失/无效,轿车,B,新能源,领汇,领汇e7,1743.0,2026-07-01,2026-07-01,1.0,0.0
20-25万,SUV,A,其他能源,奔驰,GLA级,1719.0,2025-08-01,2026-07-01,12.0,208715.11028462704
10-15万,MPV,B,新能源,东风风行,菱智,1711.0,2025-08-01,2026-07-01,12.0,121244.54062463173
15-20万,轿车,B,新能源,比亚迪,海豹,1710.0,2025-08-01,2026-07-01,12.0,178481.6700250623
20-25万,SUV,C,新能源,星途,星途揽月,1710.0,2025-08-01,2026-07-01,12.0,212217.1006582544
价格缺失/无效,SUV,B,新能源,飞凡,MARVEL R,1693.0,2025-08-01,2026-07-01,12.0,0.0
10-15万,SUV,A,新能源,启源,Q05,1672.0,2025-11-01,2025-11-01,1.0,101933.11603311614
30-35万,SUV,C,其他能源,坦克,坦克500,1667.0,2025-08-01,2026-07-01,12.0,344246.21691554633
5-10万,轿车,B,新能源,灵悉,灵悉L,1663.0,2025-08-01,2026-07-01,10.0,94470.81734313536
60万以上,轿车,A,其他能源,宝马,M2,1662.0,2025-10-01,2026-07-01,10.0,799967.9565907941
5-10万,轿车,A0,新能源,钇为,钇为3,1661.0,2025-08-01,2026-05-01,10.0,79320.57271830528
20-25万,SUV,C,新能源,深蓝,G318,1654.0,2026-01-01,2026-07-01,7.0,204151.72746733684
45-50万,SUV,C,其他能源,大众,途锐,1651.0,2025-08-01,2026-03-01,6.0,463551.71539417363
10-15万,轿车,C,新能源,东风奕派,eπ007+,1628.0,2025-12-01,2026-07-01,8.0,139867.31442414006
价格缺失/无效,SUV,B,新能源,示界,示界06,1615.0,2025-08-01,2026-07-01,12.0,0.0
30-35万,SUV,B,新能源,沃尔沃,XC60,1614.0,2025-09-01,2026-07-01,11.0,335461.6666299126
15-20万,SUV,B,其他能源,标致,5008,1609.0,2025-08-01,2026-07-01,12.0,153173.8999362237
10-15万,SUV,A,新能源,起亚,EV5,1604.0,2025-08-01,2026-07-01,12.0,144460.80309365856
5-10万,轿车,A0,新能源,奇瑞QQ,多米,1596.0,2026-01-01,2026-07-01,7.0,56067.16098997494
10-15万,SUV,A,其他能源,捷途,捷途大圣,1591.0,2025-09-01,2025-09-01,1.0,101782.98509554895
50-55万,MPV,B,其他能源,奔驰,V级,1588.0,2026-01-01,2026-07-01,7.0,504701.70711590524
5万以下,轿车,A00,新能源,零跑,零跑T03,1581.0,2026-01-01,2026-05-01,3.0,49363.52395951934
价格缺失/无效,轿车,B,新能源,奔腾,悦意08,1580.0,2026-04-01,2026-07-01,4.0,0.0
价格缺失/无效,SUV,B,其他能源,丰田,普拉多,1574.0,2025-08-01,2026-07-01,12.0,0.0
5-10万,轿车,A,其他能源,启辰,D60,1563.0,2025-08-01,2026-07-01,12.0,65129.088175495854
10-15万,轿车,A,新能源,易至,羿驰05,1554.0,2025-08-01,2026-07-01,12.0,135581.2746776283
25-30万,SUV,B,新能源,福特,智趣烈马,1554.0,2025-12-01,2026-07-01,8.0,262155.39675160847
35-40万,SUV,B,其他能源,雷克萨斯,NX,1537.0,2025-10-01,2025-12-01,3.0,354773.05582706846
价格缺失/无效,轿车,B,新能源,北京汽车,EU系列,1515.0,2025-08-01,2026-07-01,10.0,0.0
价格缺失/无效,MPV,B,其他能源,迈克萨斯,G20,1510.0,2025-08-01,2026-07-01,12.0,0.0
60万以上,轿车,B,其他能源,宝马,M4,1503.0,2025-08-01,2026-07-01,12.0,819547.7143690714
20-25万,SUV,C,新能源,红旗,HS6,1484.0,2025-12-01,2025-12-01,1.0,203185.89999999982
15-20万,SUV,B,新能源,本田,S7,1480.0,2025-09-01,2026-01-01,5.0,166797.41402027025
35-40万,SUV,C,其他能源,奥迪,Q6,1480.0,2026-02-01,2026-07-01,6.0,357511.67619584745
5-10万,轿车,A,其他能源,日产,骐达,1478.0,2025-08-01,2026-07-01,12.0,81765.91659350475
60万以上,轿车,D,新能源,蔚来,蔚来ET9,1477.0,2025-08-01,2026-07-01,12.0,753331.1891706876
60万以上,SUV,C,其他能源,宝马,X6,1476.0,2025-08-01,2026-07-01,12.0,634299.5221962598
15-20万,SUV,A,新能源,极氪,极氪X,1441.0,2025-08-01,2026-07-01,4.0,150600.14825364464
10-15万,SUV,A,新能源,启辰,启辰大V,1439.0,2025-08-01,2026-07-01,12.0,124532.28697333806
10-15万,轿车,B,新能源,本田,雅阁,1437.0,2026-02-01,2026-07-01,6.0,140572.28648436785
30-35万,轿车,C,其他能源,凯迪拉克,CT6,1424.0,2025-11-01,2026-07-01,9.0,311932.88542747684
25-30万,轿车,B,新能源,奔驰,C级,1421.0,2025-08-01,2026-07-01,12.0,279667.6988036594
50-55万,SUV,B,其他能源,保时捷,Macan,1412.0,2025-08-01,2025-10-01,3.0,503322.5639000421
20-25万,MPV,B,新能源,极狐,问道V9,1411.0,2026-05-01,2026-07-01,3.0,240757.75938916794
10-15万,轿车,B,新能源,马自达,EZ-6,1406.0,2025-11-01,2026-07-01,9.0,143526.18545899875
10-15万,轿车,B,新能源,红旗,天工05,1399.0,2026-04-01,2026-07-01,4.0,140478.7473340245
15-20万,SUV,A,其他能源,吉利,星越,1397.0,2025-08-01,2026-05-01,10.0,151962.052996063
15-20万,SUV,A,新能源,奔驰,EQB,1395.0,2026-04-01,2026-07-01,4.0,192148.74552480993
价格缺失/无效,SUV,C,新能源,莲花跑车,FOR ME,1388.0,2026-01-01,2026-05-01,5.0,0.0
5-10万,SUV,A,新能源,长安,CS55,1381.0,2025-08-01,2025-11-01,4.0,98734.5120238957
20-25万,轿车,B,新能源,尚界,尚界Z7,1370.0,2026-04-01,2026-05-01,2.0,243915.41394890533
25-30万,MPV,B,新能源,比亚迪,夏,1370.0,2025-08-01,2025-08-01,1.0,270859.28619999834
35-40万,SUV,D,新能源,纵横,纵横G700,1368.0,2026-03-01,2026-07-01,5.0,369842.6121304698
20-25万,SUV,B,其他能源,雷克萨斯,NX,1359.0,2026-06-01,2026-07-01,2.0,249001.7396000001
10-15万,轿车,C,新能源,零跑,零跑C01,1352.0,2025-08-01,2026-02-01,7.0,122412.8543662419
15-20万,轿车,B,其他能源,标致,508,1343.0,2025-08-01,2026-04-01,9.0,151481.04140141472
60万以上,跑车,跑车,其他能源,保时捷,911,1339.0,2025-08-01,2026-07-01,12.0,1454145.17207506
10-15万,SUV,A,新能源,长安,CS55,1328.0,2025-12-01,2026-07-01,8.0,102883.72303572981
10-15万,SUV,A,新能源,荣威,D5X,1314.0,2025-08-01,2026-07-01,12.0,113672.46702172446
30-35万,轿车,A,其他能源,宝马,2系,1310.0,2025-10-01,2026-07-01,5.0,324984.2021495
10-15万,SUV,A,其他能源,标致,4008,1309.0,2025-08-01,2026-07-01,12.0,131305.88366088617
40-45万,轿车,C,其他能源,奥迪,A6,1308.0,2025-08-01,2026-07-01,12.0,423272.56029533636
40-45万,SUV,C,新能源,方程豹,豹8,1306.0,2026-06-01,2026-07-01,2.0,407154.7850643549
价格缺失/无效,轿车,A,新能源,凯翼,轩度,1303.0,2025-08-01,2026-07-01,12.0,0.0
价格缺失/无效,SUV,A,新能源,睿蓝,睿蓝7,1294.0,2025-08-01,2026-07-01,12.0,0.0
10-15万,SUV,B,其他能源,捷达,捷达VS7,1289.0,2025-08-01,2025-08-01,1.0,100068.99790000007
20-25万,轿车,B,其他能源,林肯,林肯Z,1282.0,2025-08-01,2026-07-01,12.0,229946.46481747273
20-25万,MPV,B,新能源,瑞风,瑞风RF8,1272.0,2025-08-01,2026-07-01,12.0,220212.0090942154
20-25万,SUV,C,新能源,星途,星途EX7,1271.0,2026-05-01,2026-07-01,3.0,213824.9532808812
25-30万,轿车,B,新能源,尚界,尚界Z7T,1271.0,2026-04-01,2026-05-01,2.0,261777.17202989798
45-50万,SUV,C,其他能源,JEEP,牧马人,1263.0,2025-08-01,2026-07-01,12.0,490325.61884567066
价格缺失/无效,轿车,C,新能源,风云,风云A9,1256.0,2026-06-01,2026-07-01,2.0,0.0
20-25万,轿车,A,其他能源,奔驰,CLA级,1252.0,2025-08-01,2026-07-01,12.0,223498.43595959732
10-15万,SUV,A,新能源,本田,极湃2,1251.0,2025-08-01,2026-04-01,9.0,107489.04876099121
30-35万,轿车,C,其他能源,丰田,皇冠,1248.0,2025-08-01,2026-07-01,12.0,330520.0503939904
30-35万,轿车,B,其他能源,奥迪,A5,1241.0,2025-08-01,2026-07-01,6.0,312698.99558468966
15-20万,轿车,B,其他能源,红旗,H6,1236.0,2025-08-01,2025-08-01,1.0,151372.0390736048
30-35万,SUV,A,其他能源,奔驰,AMG GLB,1231.0,2025-08-01,2026-07-01,12.0,327326.9414625507
价格缺失/无效,SUV,B,新能源,奔驰,GLC级,1231.0,2026-05-01,2026-07-01,3.0,0.0
价格缺失/无效,MPV,B,新能源,北京汽车制造厂,锐胜M8,1228.0,2025-09-01,2026-07-01,11.0,0.0
20-25万,SUV,B,新能源,大众,途观,1228.0,2025-08-01,2026-07-01,11.0,202912.19878117013
20-25万,SUV,B,其他能源,现代,胜达,1226.0,2025-08-01,2026-07-01,12.0,212081.7197091648
5万以下,轿车,A00,新能源,凌宝汽车,凌宝BOX,1216.0,2025-08-01,2026-05-01,10.0,47328.69385458403
价格缺失/无效,轿车,A,新能源,奇瑞,艾瑞泽e,1211.0,2025-08-01,2026-07-01,12.0,0.0
15-20万,SUV,B,新能源,丰田,铂智4X,1204.0,2025-08-01,2026-07-01,12.0,159544.47051352222
45-50万,SUV,C,其他能源,林肯,飞行家,1204.0,2025-08-01,2026-07-01,12.0,467502.5105922757
15-20万,SUV,C,新能源,星途,星纪元ET,1198.0,2026-03-01,2026-07-01,5.0,181046.3930097546
5-10万,SUV,A,新能源,风云,风云X3,1197.0,2026-02-01,2026-07-01,6.0,99057.42425229742
15-20万,轿车,B,新能源,马自达,EZ-6,1183.0,2025-08-01,2026-03-01,8.0,153903.95012418338
价格缺失/无效,轿车,C,新能源,启境,启境GT7,1179.0,2026-06-01,2026-07-01,2.0,0.0
60万以上,轿车,B,其他能源,奔驰,CLE AMG,1173.0,2025-08-01,2026-07-01,12.0,709926.9062707588
30-35万,轿车,C,新能源,沃尔沃,S90,1162.0,2025-09-01,2026-07-01,11.0,343559.90974181955
价格缺失/无效,SUV,D,新能源,岚图,岚图泰山X8,1160.0,2026-04-01,2026-07-01,2.0,0.0
5-10万,SUV,A0,其他能源,日产,劲客,1159.0,2025-08-01,2025-10-01,3.0,82379.98462968077
30-35万,MPV,B,新能源,迈克萨斯,大家9,1158.0,2025-08-01,2026-07-01,12.0,321809.18585400574
价格缺失/无效,MPV,A,新能源,睿蓝,枫叶80v,1158.0,2025-08-01,2026-03-01,8.0,0.0
15-20万,SUV,A,其他能源,凯迪拉克,GT4,1154.0,2025-08-01,2026-07-01,12.0,169502.59020510424
5-10万,MPV,B,其他能源,五菱,五菱征程,1151.0,2025-08-01,2026-07-01,12.0,74319.49912470234
20-25万,MPV,B,新能源,荣威,iMAX8,1137.0,2025-08-01,2026-07-01,12.0,230247.99857240744
5万以下,轿车,A00,新能源,凌宝汽车,凌宝uni,1136.0,2025-08-01,2026-05-01,10.0,33306.07245490383
价格缺失/无效,SUV,A,其他能源,星途,星途追风,1131.0,2025-11-01,2026-07-01,9.0,0.0
25-30万,轿车,C,新能源,岚图,岚图追光L,1113.0,2025-12-01,2026-07-01,8.0,285558.2067026054
10-15万,SUV,A,其他能源,北京汽车,北京X7,1109.0,2025-08-01,2025-10-01,3.0,100814.67947174971
10-15万,SUV,A,新能源,吉利,博越,1105.0,2026-04-01,2026-07-01,4.0,118149.00657782
15-20万,SUV,B,新能源,红旗,天工06,1097.0,2025-08-01,2026-07-01,12.0,183097.37683687042
35-40万,SUV,B,新能源,奔驰,GLC级,1096.0,2025-08-01,2026-07-01,12.0,392288.59489051095
60万以上,轿车,B,其他能源,宝马,M3,1092.0,2025-08-01,2026-07-01,12.0,769506.2873771063
价格缺失/无效,SUV,D,新能源,大众,ID.ERA 9X,1089.0,2026-03-01,2026-03-01,1.0,0.0
35-40万,SUV,D,新能源,腾势,腾势N9,1073.0,2026-02-01,2026-04-01,3.0,394470.94024231104
10-15万,SUV,A,新能源,iCAR,iCAR 03,1061.0,2025-08-01,2025-10-01,3.0,119543.91526424178
15-20万,SUV,A,新能源,本田,皓影,1059.0,2025-08-01,2026-02-01,7.0,187048.5584891407
价格缺失/无效,轿车,A,新能源,思皓,思皓E50A,1057.0,2025-08-01,2026-07-01,12.0,0.0
20-25万,SUV,C,新能源,大众,与众08,1051.0,2026-05-01,2026-07-01,3.0,231736.21078972405
55-60万,MPV,B,其他能源,别克,世纪,1050.0,2026-05-01,2026-07-01,3.0,552662.7789638095
价格缺失/无效,MPV,B,其他能源,五菱,星光730,1035.0,2025-09-01,2025-10-01,2.0,0.0
5-10万,SUV,A,其他能源,奔腾,奔腾T90,1033.0,2025-08-01,2026-07-01,12.0,96624.25977374871
10-15万,SUV,A,新能源,奇瑞,瑞虎7,1024.0,2025-08-01,2026-07-01,12.0,119156.17926994062
10-15万,轿车,A,新能源,MG,MG4 EV,1019.0,2025-08-01,2025-08-01,1.0,118966.66666666708
25-30万,SUV,C,新能源,北京越野,BJ60,1012.0,2025-08-01,2026-07-01,12.0,259764.3873350058
45-50万,跑车,跑车,其他能源,奔驰,CLE,991.0,2025-08-01,2026-07-01,12.0,482856.4326394402
45-50万,SUV,C,新能源,坦克,坦克700,989.0,2026-05-01,2026-07-01,3.0,484022.9362750719
55-60万,SUV,C,其他能源,路虎,发现,987.0,2025-08-01,2026-07-01,12.0,578261.1830271888
15-20万,轿车,C,新能源,广汽昊铂,昊铂GT,984.0,2025-08-01,2026-07-01,12.0,172668.43223545057
30-35万,SUV,C,新能源,阿维塔,阿维塔11,982.0,2025-08-01,2026-03-01,7.0,310247.9396918891
10-15万,SUV,A,新能源,本田,e:NS2猎光,975.0,2025-08-01,2026-07-01,12.0,120402.94784735687
35-40万,SUV,C,其他能源,凯迪拉克,XT6,975.0,2025-08-01,2026-04-01,7.0,351898.71714871784
25-30万,MPV,B,其他能源,起亚,嘉华,974.0,2025-08-01,2026-07-01,12.0,257771.0659288642
15-20万,SUV,B,新能源,魏牌,摩卡,969.0,2025-08-01,2026-07-01,12.0,187905.4702165806
10-15万,SUV,A,其他能源,斯柯达,柯珞克,964.0,2025-08-01,2026-03-01,6.0,111185.36801050387
25-30万,SUV,C,新能源,阿维塔,阿维塔11,963.0,2025-08-01,2026-07-01,12.0,279980.65711968375
20-25万,轿车,C,新能源,岚图,岚图追光,958.0,2025-08-01,2025-12-01,5.0,214662.5554018789
55-60万,跑车,跑车,其他能源,保时捷,718,957.0,2025-11-01,2026-04-01,6.0,587675.2022932877
35-40万,轿车,C,新能源,享界,享界S9,951.0,2025-12-01,2026-01-01,2.0,362002.2729984227
30-35万,轿车,B,新能源,宝马,i4,949.0,2025-08-01,2026-07-01,12.0,317951.46915424295
50-55万,SUV,B,其他能源,奔驰,AMG GLC,931.0,2025-08-01,2026-05-01,10.0,531781.3180027928
20-25万,SUV,A,其他能源,沃尔沃,XC40,929.0,2025-08-01,2026-07-01,12.0,214454.866289723
10-15万,SUV,B,新能源,星途,星途瑶光,922.0,2026-01-01,2026-07-01,7.0,134575.4640114544
价格缺失/无效,轿车,B,新能源,领克,领克07,911.0,2026-07-01,2026-07-01,1.0,0.0
价格缺失/无效,MPV,B,其他能源,东风风行,风行M7,908.0,2026-03-01,2026-07-01,5.0,0.0
价格缺失/无效,轿车,C,新能源,别克,至境L7,900.0,2025-08-01,2026-07-01,4.0,0.0
15-20万,轿车,B,新能源,大众,ID.7 VIZZION,897.0,2025-08-01,2026-03-01,6.0,197288.7219012565
30-35万,轿车,D,新能源,腾势,腾势Z9,897.0,2025-08-01,2026-07-01,12.0,332059.4694127926
5-10万,轿车,A,新能源,启源,A05,895.0,2025-08-01,2026-01-01,6.0,80827.47365358297
20-25万,轿车,C,新能源,极狐,阿尔法S6,884.0,2025-12-01,2026-07-01,8.0,209441.96298642535
60万以上,SUV,D,新能源,仰望,U8,883.0,2025-08-01,2026-07-01,12.0,992192.9062570779
10-15万,MPV,B,其他能源,瑞风,瑞风M4,882.0,2025-08-01,2026-07-01,12.0,113225.79172173286
价格缺失/无效,轿车,A,其他能源,本田,凌派,880.0,2025-10-01,2026-07-01,10.0,0.0
价格缺失/无效,轿车,A0,新能源,零跑,零跑A05,872.0,2026-07-01,2026-07-01,1.0,0.0
20-25万,轿车,C,新能源,红旗,EH7,870.0,2025-10-01,2026-07-01,7.0,201686.1623399746
5-10万,轿车,A,其他能源,MG,MG6,864.0,2025-08-01,2026-07-01,12.0,92830.48723657177
50-55万,SUV,C,其他能源,沃尔沃,XC90,854.0,2025-08-01,2025-08-01,1.0,507352.7339999998
价格缺失/无效,SUV,B,新能源,沃尔沃,XC70,853.0,2025-08-01,2025-09-01,2.0,0.0
15-20万,SUV,B,新能源,创维汽车,EV6,852.0,2025-08-01,2026-05-01,10.0,176944.52808341078
55-60万,SUV,C,其他能源,奥迪,Q7,851.0,2025-08-01,2025-08-01,1.0,551086.2177000006
20-25万,MPV,B,新能源,迈克萨斯,大家7,850.0,2025-08-01,2026-07-01,12.0,233364.90628539678
价格缺失/无效,SUV,A,其他能源,日产,逍客,849.0,2025-09-01,2026-03-01,7.0,0.0
15-20万,轿车,B,新能源,大众,迈腾,840.0,2026-06-01,2026-07-01,2.0,175455.55000000008
5-10万,轿车,A,新能源,风云,风云A8,839.0,2025-08-01,2026-07-01,12.0,82691.51509238278
15-20万,SUV,B,其他能源,东风风度,帕拉丁,834.0,2025-08-01,2026-07-01,12.0,185554.8149491155
50-55万,轿车,C,其他能源,奥迪,A7,834.0,2025-08-01,2026-07-01,11.0,520051.8303742205
15-20万,MPV,B,其他能源,东风风行,风行M7,834.0,2025-08-01,2026-02-01,7.0,168592.0085007338
25-30万,轿车,A,其他能源,奔驰,A级AMG,833.0,2025-11-01,2026-07-01,9.0,280588.9555822329
50-55万,SUV,C,新能源,莲花跑车,FOR ME,828.0,2026-06-01,2026-07-01,2.0,503800.2500220459
60万以上,跑车,跑车,其他能源,奔驰,AMG GT,826.0,2025-08-01,2026-07-01,12.0,895896.6792087639
50-55万,跑车,跑车,其他能源,保时捷,718,822.0,2025-08-01,2025-10-01,3.0,518982.67947598966
30-35万,MPV,B,新能源,吉利银河,银河V900,820.0,2026-02-01,2026-04-01,3.0,304216.3738275287
5-10万,SUV,A,其他能源,东风风神,奕炫,818.0,2025-08-01,2026-07-01,12.0,72487.94541840712
10-15万,SUV,B,其他能源,长安,UNI-K,818.0,2025-08-01,2026-07-01,12.0,130027.83206992666
25-30万,MPV,B,新能源,零跑,零跑D99,815.0,2026-06-01,2026-07-01,2.0,277900.6134969325
价格缺失/无效,轿车,A00,新能源,知豆,彩虹,810.0,2025-08-01,2026-07-01,12.0,0.0
25-30万,MPV,B,新能源,吉利银河,银河V900,808.0,2026-05-01,2026-07-01,3.0,296707.6488118812
价格缺失/无效,SUV,C,新能源,AITO,问界M6,780.0,2026-03-01,2026-03-01,1.0,0.0
10-15万,轿车,C,新能源,星途,星纪元ES,780.0,2026-04-01,2026-05-01,2.0,137720.67891042176
20-25万,SUV,C,新能源,广汽昊铂,昊铂S600,780.0,2026-06-01,2026-07-01,2.0,205611.37041025635
15-20万,SUV,C,其他能源,领克,领克09,772.0,2026-05-01,2026-05-01,1.0,199940.0099999998
15-20万,轿车,C,新能源,红旗,EH7,764.0,2025-08-01,2026-05-01,5.0,196908.56512724404
35-40万,轿车,B,其他能源,奥迪,A5L Sportback,755.0,2026-05-01,2026-07-01,3.0,356541.2459214033
价格缺失/无效,SUV,B,新能源,五菱,星光560,751.0,2025-12-01,2025-12-01,1.0,0.0
60万以上,SUV,C,其他能源,宾利,添越,750.0,2025-08-01,2026-07-01,12.0,2863517.8864700277
35-40万,MPV,B,新能源,红旗,HQ9,748.0,2025-08-01,2025-10-01,3.0,356266.6800519563
5-10万,轿车,B,新能源,极狐,极狐S3,748.0,2026-05-01,2026-05-01,1.0,94794.99699999997
35-40万,轿车,A,其他能源,奔驰,CLA级AMG,747.0,2025-09-01,2026-07-01,11.0,381831.81952016323
5-10万,SUV,A0,其他能源,斯柯达,柯米克,744.0,2025-08-01,2026-06-01,10.0,81222.21808286096
15-20万,SUV,C,新能源,风云,风云T10,741.0,2025-08-01,2026-07-01,12.0,171130.80015467008
30-35万,轿车,A,其他能源,奔驰,A级AMG,738.0,2025-08-01,2025-12-01,5.0,308457.46128713485
20-25万,SUV,C,其他能源,红旗,HS7,731.0,2025-08-01,2026-02-01,7.0,246198.42138630507
15-20万,SUV,A,新能源,现代,EO 羿欧,730.0,2025-10-01,2026-03-01,6.0,153519.12142836238
15-20万,SUV,A,新能源,奔驰,EQA,729.0,2025-08-01,2026-07-01,12.0,176868.31275720164
60万以上,轿车,C,新能源,保时捷,Taycan,728.0,2025-08-01,2026-07-01,12.0,872950.7966086311
价格缺失/无效,轿车,C,新能源,岚图,岚图追光L,728.0,2025-10-01,2025-11-01,2.0,0.0
10-15万,SUV,A,其他能源,起亚,智跑,719.0,2025-08-01,2026-07-01,12.0,112912.1873984631
价格缺失/无效,轿车,C,新能源,丰田,铂智7,719.0,2025-10-01,2026-03-01,2.0,0.0
10-15万,SUV,A0,新能源,领克,领克06,711.0,2025-08-01,2026-07-01,12.0,129748.5298818565
30-35万,MPV,B,新能源,广汽传祺,向往M8,706.0,2026-01-01,2026-02-01,2.0,314252.2011625073
20-25万,SUV,B,其他能源,路虎,发现运动版,704.0,2025-08-01,2026-03-01,8.0,215066.01720563916
价格缺失/无效,MPV,B,其他能源,瑞风,瑞风M3,696.0,2026-06-01,2026-07-01,2.0,0.0
5-10万,SUV,A,新能源,荣威,RX5,692.0,2025-08-01,2026-05-01,9.0,98305.09593526665
10-15万,轿车,B,其他能源,雪佛兰,迈锐宝,690.0,2025-08-01,2025-10-01,3.0,106157.82725159427
55-60万,轿车,D,新能源,莲花跑车,EMEYA,689.0,2025-08-01,2026-07-01,11.0,572872.9816967716
20-25万,SUV,C,其他能源,北京越野,BJ60,687.0,2025-08-01,2026-07-01,12.0,236303.32335304402
35-40万,轿车,C,其他能源,奥迪,A7L,681.0,2026-06-01,2026-07-01,2.0,354468.6388
价格缺失/无效,SUV,B,其他能源,五菱,星光560,678.0,2025-12-01,2025-12-01,1.0,0.0
15-20万,SUV,B,新能源,大众,探岳,676.0,2026-06-01,2026-07-01,2.0,178540.0
15-20万,MPV,A,新能源,瑞风,瑞风M3,675.0,2025-08-01,2026-04-01,9.0,155452.59118660798
20-25万,轿车,B,新能源,大众,ID.7 VIZZION,673.0,2025-10-01,2026-07-01,6.0,211403.2856585116
35-40万,轿车,C,其他能源,沃尔沃,V90,669.0,2025-08-01,2026-07-01,12.0,367299.88843826606
20-25万,SUV,A,其他能源,斯巴鲁,森林人,667.0,2025-08-01,2026-07-01,8.0,239547.94418846382
35-40万,SUV,B,其他能源,路虎,揽胜星脉,665.0,2025-08-01,2026-07-01,8.0,393179.26728910295
35-40万,轿车,A,其他能源,奔驰,A级AMG,659.0,2025-08-01,2026-07-01,10.0,354073.077858338
60万以上,MPV,B,新能源,沃尔沃,EM90,656.0,2025-08-01,2026-05-01,10.0,779739.6478963414
20-25万,SUV,A0,新能源,沃尔沃,EX30,655.0,2025-08-01,2026-02-01,7.0,228938.09905205315
价格缺失/无效,SUV,D,新能源,极氪,极氪9X,654.0,2025-09-01,2025-09-01,1.0,0.0
价格缺失/无效,轿车,A,新能源,启辰,D60,653.0,2025-10-01,2026-07-01,9.0,0.0
40-45万,轿车,C,新能源,享界,享界S9,648.0,2025-08-01,2025-11-01,4.0,407721.2628667139
价格缺失/无效,SUV,A0,其他能源,睿蓝,X3 PRO,624.0,2025-08-01,2026-07-01,12.0,0.0
20-25万,SUV,B,新能源,本田,P7,614.0,2025-08-01,2025-10-01,3.0,206622.25940570026
价格缺失/无效,SUV,A,其他能源,长安,CS75,609.0,2025-08-01,2026-07-01,11.0,0.0
价格缺失/无效,SUV,A,其他能源,广汽传祺,GS4,604.0,2025-10-01,2026-07-01,7.0,0.0
价格缺失/无效,SUV,D,新能源,哈弗,长城H10,603.0,2026-06-01,2026-07-01,2.0,0.0
5万以下,MPV,A,其他能源,东风风光,风光,603.0,2025-08-01,2026-05-01,10.0,38695.88327548937
10-15万,SUV,A,新能源,捷途,山海L6,603.0,2025-08-01,2026-04-01,9.0,123941.48657456263
10-15万,MPV,B,其他能源,东风风行,菱智,592.0,2025-08-01,2026-07-01,12.0,111827.28679257499
10-15万,SUV,B,新能源,奇瑞,瑞虎8,590.0,2025-08-01,2026-07-01,12.0,140438.34794694968
60万以上,SUV,D,新能源,奔驰,EQS SUV,585.0,2025-08-01,2026-07-01,12.0,627205.8443755851
30-35万,SUV,D,新能源,广汽昊铂,昊铂HL,584.0,2025-08-01,2026-04-01,6.0,310929.70708204166
30-35万,SUV,C,其他能源,英菲尼迪,QX60,583.0,2025-08-01,2026-05-01,10.0,326123.8675841255
价格缺失/无效,轿车,B,新能源,日产,N6,579.0,2025-11-01,2025-11-01,1.0,0.0
价格缺失/无效,MPV,B,新能源,荣威,iMAX8,576.0,2025-08-01,2026-07-01,12.0,0.0
20-25万,轿车,C,新能源,阿维塔,阿维塔12,574.0,2025-10-01,2025-10-01,1.0,244766.04000733877
5-10万,SUV,A,其他能源,长安,长安X7,573.0,2025-08-01,2025-12-01,5.0,86196.23351434292
25-30万,跑车,跑车,其他能源,斯巴鲁,BRZ,572.0,2025-08-01,2026-07-01,12.0,284451.6760068101
20-25万,轿车,C,新能源,极狐,阿尔法S,565.0,2025-08-01,2025-10-01,3.0,202938.93031947708
价格缺失/无效,SUV,C,新能源,阿维塔,阿维塔07,556.0,2026-06-01,2026-07-01,2.0,0.0
50-55万,SUV,B,新能源,保时捷,Macan,553.0,2025-08-01,2026-02-01,7.0,520370.6411674026
35-40万,轿车,C,新能源,蔚来,蔚来ET7,553.0,2025-08-01,2026-07-01,5.0,361433.6826329105
10-15万,SUV,B,新能源,江淮,江淮QX PHEV,550.0,2025-08-01,2026-05-01,10.0,116927.63980992313
10-15万,轿车,C,新能源,星途,星途ES,549.0,2026-06-01,2026-07-01,2.0,135875.449
价格缺失/无效,SUV,C,其他能源,三菱,帕杰罗,548.0,2025-08-01,2026-07-01,12.0,0.0
价格缺失/无效,轿车,B,新能源,吉利银河,银河星耀7,547.0,2026-04-01,2026-04-01,1.0,0.0
价格缺失/无效,SUV,B,新能源,别克,至境E7,547.0,2026-03-01,2026-03-01,1.0,0.0
55-60万,轿车,B,其他能源,奔驰,C级AMG,546.0,2025-08-01,2026-07-01,12.0,566527.8388278388
价格缺失/无效,SUV,A,新能源,合创,合创Z03,545.0,2025-08-01,2026-07-01,10.0,0.0
5-10万,SUV,A,其他能源,吉利,豪越,545.0,2025-08-01,2025-12-01,5.0,77968.1020951468
20-25万,轿车,A,新能源,奔驰,CLA级,545.0,2026-05-01,2026-07-01,3.0,245423.81660891612
价格缺失/无效,SUV,B,新能源,哈弗,哈弗猛龙,542.0,2026-04-01,2026-04-01,1.0,0.0
10-15万,轿车,A,新能源,东风风神,风神E70,542.0,2025-08-01,2025-12-01,5.0,109887.9568744754
价格缺失/无效,轿车,A,新能源,比亚迪,e3,540.0,2025-08-01,2026-07-01,12.0,0.0
5-10万,轿车,A,新能源,长安,UNI-V,538.0,2025-10-01,2026-04-01,7.0,99323.79098553609
价格缺失/无效,轿车,A,其他能源,本田,思域,538.0,2025-08-01,2026-07-01,12.0,0.0
20-25万,SUV,C,新能源,凯迪拉克,IQ锐歌,537.0,2025-11-01,2026-05-01,6.0,248050.74029784923
15-20万,SUV,C,新能源,福特,领裕,535.0,2025-08-01,2026-07-01,12.0,177788.0660829571
价格缺失/无效,SUV,B,新能源,极越,极越01,533.0,2025-08-01,2026-07-01,12.0,0.0
35-40万,SUV,B,新能源,沃尔沃,XC60,533.0,2025-08-01,2025-08-01,1.0,352185.2918000005
55-60万,轿车,D,新能源,宝马,i7,529.0,2025-08-01,2026-07-01,12.0,574057.0296760198
15-20万,MPV,B,其他能源,荣威,iMAX8,529.0,2025-08-01,2026-07-01,12.0,161731.08573518685
价格缺失/无效,SUV,A,新能源,iCAR,iCAR 03,528.0,2025-11-01,2026-05-01,4.0,0.0
30-35万,轿车,C,其他能源,捷尼赛思,G80,514.0,2025-10-01,2026-07-01,10.0,338056.6987967508
10-15万,SUV,A,其他能源,长安,UNI-T,514.0,2025-08-01,2026-07-01,12.0,102289.4887025292
价格缺失/无效,轿车,B,新能源,MG,MG 07,513.0,2026-06-01,2026-07-01,2.0,0.0
价格缺失/无效,SUV,A,新能源,凯翼,炫界,511.0,2025-08-01,2026-07-01,12.0,0.0
5-10万,MPV,B,其他能源,北京汽车制造厂,锐胜王牌M7,503.0,2026-07-01,2026-07-01,1.0,77250.0
价格缺失/无效,SUV,D,新能源,华境,华境S,495.0,2026-03-01,2026-04-01,2.0,0.0
35-40万,MPV,B,其他能源,红旗,HQ9,489.0,2025-08-01,2026-07-01,8.0,374362.11545660987
10-15万,MPV,B,其他能源,迈克萨斯,G10,488.0,2025-08-01,2026-07-01,10.0,146839.3585895236
价格缺失/无效,SUV,C,新能源,iCAR,iCAR V27,488.0,2026-01-01,2026-02-01,2.0,0.0
30-35万,SUV,C,新能源,智己,智己LS7,488.0,2025-08-01,2026-07-01,12.0,329088.4457681116
价格缺失/无效,轿车,B,新能源,启源,A06,485.0,2025-08-01,2025-10-01,3.0,0.0
价格缺失/无效,轿车,C,新能源,奥迪,A6,484.0,2025-09-01,2026-03-01,7.0,0.0
10-15万,MPV,B,新能源,瑞风,瑞风M3,480.0,2025-08-01,2026-07-01,12.0,121391.3885743924
20-25万,轿车,C,新能源,星途,星纪元ES,479.0,2025-08-01,2026-04-01,9.0,209095.70736656868
5-10万,SUV,A0,其他能源,长安,CS35,475.0,2025-08-01,2026-01-01,6.0,69170.21400315789
价格缺失/无效,SUV,C,其他能源,雷克萨斯,GX,465.0,2025-08-01,2026-07-01,12.0,0.0
35-40万,轿车,C,新能源,享界,享界S9T,462.0,2025-09-01,2025-09-01,1.0,350881.64408164425
25-30万,SUV,C,新能源,JEEP,大切诺基,457.0,2026-03-01,2026-07-01,5.0,279639.75148949673
5-10万,轿车,A00,新能源,钇为,花仙子,456.0,2025-08-01,2026-05-01,10.0,58871.19144736842
价格缺失/无效,轿车,C,新能源,岚图,岚图追光,455.0,2026-03-01,2026-07-01,5.0,0.0
10-15万,轿车,B,其他能源,起亚,K5,452.0,2025-08-01,2026-07-01,12.0,130914.59845820896
价格缺失/无效,SUV,B,其他能源,捷达,捷达VS8,447.0,2025-08-01,2025-08-01,1.0,0.0
60万以上,SUV,C,新能源,特斯拉,MODEL X,441.0,2025-08-01,2026-07-01,10.0,864320.6743764173
价格缺失/无效,轿车,A,新能源,富康,e爱丽舍,441.0,2025-08-01,2026-07-01,12.0,0.0
20-25万,SUV,C,新能源,奥迪,Q5 e-tron,441.0,2025-08-01,2026-07-01,12.0,237729.783925704
30-35万,SUV,C,新能源,极石,极石01,439.0,2025-08-01,2025-11-01,4.0,314877.85906605923
30-35万,SUV,C,其他能源,凯迪拉克,XT6,437.0,2025-12-01,2026-07-01,5.0,349549.889290618
20-25万,SUV,A,其他能源,奥迪,Q3,434.0,2025-08-01,2025-09-01,2.0,201713.1185179724
价格缺失/无效,轿车,C,新能源,领克,领克10,433.0,2025-08-01,2025-08-01,1.0,0.0
价格缺失/无效,SUV,B,新能源,吉利银河,银河M7,432.0,2026-03-01,2026-03-01,1.0,0.0
25-30万,SUV,D,新能源,启源,E07,432.0,2025-08-01,2026-07-01,12.0,285284.3953913922
40-45万,MPV,B,新能源,吉利银河,翼真L380,427.0,2025-08-01,2026-03-01,8.0,422531.0310686319
20-25万,SUV,B,其他能源,英菲尼迪,QX50,424.0,2025-08-01,2026-07-01,12.0,230650.48889664712
10-15万,轿车,A,其他能源,斯柯达,明锐,424.0,2025-08-01,2025-12-01,5.0,118866.90372712266
25-30万,轿车,C,新能源,蔚来,蔚来ET7,424.0,2025-09-01,2026-02-01,6.0,277061.5007033502
价格缺失/无效,SUV,B,其他能源,捷途,自由者,423.0,2026-06-01,2026-07-01,2.0,0.0
价格缺失/无效,MPV,B,新能源,睿蓝,睿蓝8,420.0,2026-04-01,2026-07-01,4.0,0.0
价格缺失/无效,轿车,A,新能源,富康,富康ES600,417.0,2025-08-01,2026-07-01,9.0,0.0
15-20万,SUV,C,新能源,飞凡,R7,414.0,2025-08-01,2026-07-01,12.0,165966.63424009676
35-40万,轿车,C,新能源,奔驰,E级,410.0,2026-01-01,2026-07-01,7.0,398855.85365853657
55-60万,SUV,C,新能源,沃尔沃,XC90,410.0,2025-09-01,2025-12-01,4.0,575218.7747346342
10-15万,MPV,A,新能源,瑞风,瑞风M3,408.0,2026-05-01,2026-07-01,3.0,145719.51645162643
20-25万,SUV,B,新能源,腾势,腾势N7,407.0,2025-12-01,2026-07-01,8.0,241812.66390663385
15-20万,SUV,C,新能源,广汽传祺,ES9,399.0,2025-08-01,2026-07-01,12.0,194295.8320802005
15-20万,SUV,B,新能源,福特,领睿,399.0,2025-08-01,2026-07-01,12.0,152850.1441155867
价格缺失/无效,轿车,A0,其他能源,丰田,雅力士,397.0,2025-10-01,2026-07-01,8.0,0.0
价格缺失/无效,SUV,C,新能源,智己,智己LS6,397.0,2025-08-01,2025-08-01,1.0,0.0
60万以上,跑车,跑车,其他能源,保时捷,718,395.0,2025-11-01,2026-04-01,6.0,966198.547385872
30-35万,SUV,C,其他能源,现代,帕里斯帝,395.0,2025-08-01,2026-07-01,12.0,338963.97342108714
45-50万,SUV,C,新能源,宝马,iX,395.0,2025-08-01,2026-07-01,12.0,462118.14033624576
价格缺失/无效,SUV,D,新能源,魏牌,V9X,394.0,2026-04-01,2026-04-01,1.0,0.0
价格缺失/无效,轿车,A00,新能源,零跑,零跑T03,394.0,2026-06-01,2026-07-01,2.0,0.0
5-10万,SUV,B,其他能源,凯翼,昆仑,394.0,2026-01-01,2026-01-01,1.0,83414.12633370295
价格缺失/无效,轿车,A,新能源,国金,骏行,392.0,2025-08-01,2026-07-01,12.0,0.0
25-30万,SUV,B,新能源,腾势,腾势N7,392.0,2025-08-01,2025-11-01,4.0,270408.982968216
价格缺失/无效,SUV,D,新能源,吉利银河,银河M9,392.0,2025-08-01,2025-08-01,1.0,0.0
价格缺失/无效,轿车,C,新能源,极越,极越07,391.0,2025-08-01,2026-07-01,12.0,0.0
45-50万,SUV,B,新能源,保时捷,Macan,387.0,2026-03-01,2026-07-01,5.0,476019.3753578946
25-30万,MPV,B,新能源,极氪,极氪MIX,383.0,2025-08-01,2026-07-01,12.0,263762.1508511749
价格缺失/无效,轿车,C,新能源,红旗,H7,383.0,2026-06-01,2026-07-01,2.0,0.0
价格缺失/无效,SUV,A,新能源,易至,羿驰05S,377.0,2025-10-01,2026-07-01,10.0,0.0
价格缺失/无效,轿车,A00,新能源,骏驰,骏驰EA,376.0,2025-08-01,2026-07-01,12.0,0.0
20-25万,轿车,C,新能源,smart,精灵#6,376.0,2026-06-01,2026-07-01,2.0,203664.34000000008
价格缺失/无效,SUV,C,新能源,日产,NX8,371.0,2026-02-01,2026-03-01,2.0,0.0
55-60万,SUV,C,新能源,莲花跑车,ELETRE,371.0,2025-08-01,2026-07-01,6.0,577595.5935783869
30-35万,SUV,A,其他能源,MINI,MINI COUNTRYMAN,369.0,2025-09-01,2026-05-01,9.0,345137.39837398374
价格缺失/无效,SUV,B,新能源,小鹏,G7,369.0,2025-12-01,2025-12-01,1.0,0.0
价格缺失/无效,SUV,C,新能源,智己,智己LS8,365.0,2026-03-01,2026-03-01,1.0,0.0
价格缺失/无效,跑车,跑车,其他能源,马自达,MX-5,365.0,2025-08-01,2026-07-01,12.0,0.0
60万以上,SUV,D,其他能源,劳斯莱斯,库里南,365.0,2025-08-01,2026-07-01,12.0,6476663.652523025
40-45万,轿车,B,其他能源,奥迪,S4,362.0,2025-08-01,2025-11-01,4.0,402234.80662983423
20-25万,SUV,C,新能源,大众,ID.6 CROZZ,360.0,2025-08-01,2026-03-01,8.0,233525.20956980457
10-15万,轿车,B,其他能源,标致,408,358.0,2025-08-01,2026-07-01,12.0,127673.51001201119
35-40万,SUV,B,其他能源,宝马,X4,356.0,2025-08-01,2026-04-01,9.0,366945.90822148265
60万以上,SUV,C,新能源,莲花跑车,ELETRE,353.0,2025-11-01,2026-04-01,6.0,636708.8462475054
10-15万,轿车,A,新能源,长安,UNI-V,353.0,2025-08-01,2025-09-01,2.0,101128.51883002839
价格缺失/无效,SUV,C,新能源,东风奕派,奕派M8,352.0,2026-07-01,2026-07-01,1.0,0.0
50-55万,SUV,D,新能源,凯迪拉克,凯威德,352.0,2026-04-01,2026-07-01,4.0,507178.95635014196
20-25万,SUV,C,新能源,红旗,HS7,351.0,2026-06-01,2026-07-01,2.0,249621.2360462841
价格缺失/无效,SUV,D,其他能源,雷克萨斯,LX,349.0,2025-08-01,2026-07-01,12.0,0.0
价格缺失/无效,SUV,C,新能源,星途,星途EX7,346.0,2026-03-01,2026-04-01,2.0,0.0
价格缺失/无效,轿车,A,新能源,东风风神,风神E70,341.0,2026-01-01,2026-07-01,7.0,0.0
价格缺失/无效,跑车,跑车,其他能源,保时捷,718,339.0,2026-05-01,2026-07-01,3.0,0.0
价格缺失/无效,轿车,A00,新能源,猎豹,猎豹CS01,336.0,2025-08-01,2026-07-01,12.0,0.0
价格缺失/无效,SUV,A,其他能源,吉利,星越,335.0,2025-08-01,2026-07-01,4.0,0.0
价格缺失/无效,SUV,B,其他能源,思皓,思皓X8,335.0,2025-09-01,2026-07-01,11.0,0.0
15-20万,SUV,B,新能源,创维汽车,HT-i,334.0,2025-08-01,2026-07-01,12.0,170293.75400665638
价格缺失/无效,SUV,B,新能源,星途,星途ET5,334.0,2025-11-01,2025-11-01,1.0,0.0
20-25万,SUV,B,其他能源,丰田,凌放,333.0,2025-08-01,2026-05-01,10.0,210348.70742669367
10-15万,SUV,A,新能源,现代,EO 羿欧,333.0,2026-04-01,2026-07-01,4.0,142585.59750641833
价格缺失/无效,轿车,C,新能源,小鹏,P7+,330.0,2025-12-01,2025-12-01,1.0,0.0
20-25万,SUV,B,新能源,雷克萨斯,RZ,330.0,2025-08-01,2026-05-01,10.0,245610.66967417274
60万以上,SUV,B,其他能源,宝马,X3M,328.0,2025-08-01,2026-07-01,12.0,610095.731707317
25-30万,SUV,C,新能源,凯迪拉克,IQ锐歌,327.0,2025-08-01,2026-07-01,6.0,253569.84332249433
50-55万,SUV,C,新能源,沃尔沃,XC90,326.0,2026-01-01,2026-07-01,7.0,520076.3111542944
价格缺失/无效,轿车,B,新能源,深蓝,L06,324.0,2025-10-01,2026-03-01,4.0,0.0
价格缺失/无效,MPV,B,新能源,别克,至境世家,323.0,2025-10-01,2026-02-01,5.0,0.0
价格缺失/无效,SUV,A,新能源,欧拉,欧拉5,323.0,2025-10-01,2025-11-01,2.0,0.0
60万以上,轿车,D,新能源,宾利,飞驰,323.0,2025-10-01,2026-07-01,10.0,2616640.9542955854
5-10万,轿车,A0,其他能源,大众,POLO,322.0,2025-08-01,2026-05-01,10.0,82481.67715670342
价格缺失/无效,SUV,D,新能源,兰博基尼,Urus,318.0,2025-08-01,2026-07-01,12.0,0.0
价格缺失/无效,轿车,B,新能源,吉利银河,银河星耀6,318.0,2025-09-01,2025-09-01,1.0,0.0
价格缺失/无效,SUV,A,新能源,吉利银河,银河星舰7,314.0,2026-05-01,2026-05-01,1.0,0.0
10-15万,轿车,A,新能源,启辰,D60,314.0,2025-08-01,2025-09-01,2.0,114522.89200942029
30-35万,MPV,B,其他能源,红旗,HQ9,311.0,2025-12-01,2026-05-01,4.0,338148.34935801174
40-45万,SUV,B,其他能源,玛莎拉蒂,Grecale,306.0,2025-12-01,2026-07-01,8.0,435792.4310676533
20-25万,SUV,C,新能源,领克,领克09,305.0,2026-03-01,2026-07-01,5.0,248231.1475409836
价格缺失/无效,SUV,A,新能源,MG,MG 4X,304.0,2026-05-01,2026-05-01,1.0,0.0
10-15万,SUV,A,新能源,本田,皓影,300.0,2026-03-01,2026-07-01,5.0,138791.30430826047
25-30万,MPV,B,新能源,迈克萨斯,大家9,300.0,2025-08-01,2026-07-01,12.0,283207.86308939784
价格缺失/无效,轿车,A,新能源,吉利银河,银河L6,293.0,2026-06-01,2026-07-01,2.0,0.0
5-10万,轿车,A,其他能源,长安,睿骋,287.0,2025-08-01,2025-10-01,3.0,87286.35548571435
40-45万,SUV,B,其他能源,路虎,揽胜星脉,286.0,2025-09-01,2025-12-01,4.0,407886.9752357268
10-15万,轿车,A,新能源,欧拉,芭蕾猫,283.0,2025-08-01,2026-07-01,12.0,147140.4562251849
15-20万,SUV,B,其他能源,斯柯达,柯迪亚克,283.0,2025-08-01,2026-04-01,5.0,157979.17047112086
价格缺失/无效,SUV,A,新能源,奇瑞,瑞虎5新能源,282.0,2025-08-01,2026-07-01,10.0,0.0
5-10万,SUV,A,其他能源,星途,星途追风,281.0,2025-08-01,2025-10-01,3.0,85658.02249809884
60万以上,轿车,D,其他能源,雷克萨斯,LS,281.0,2025-08-01,2026-07-01,12.0,872138.1221520224
价格缺失/无效,SUV,A0,其他能源,MG,ZS,279.0,2025-08-01,2026-07-01,12.0,0.0
10-15万,轿车,A,新能源,雷诺江铃,羿,279.0,2025-08-01,2026-07-01,12.0,139257.13557656758
20-25万,SUV,B,新能源,凯迪拉克,IQ傲歌,279.0,2025-08-01,2026-07-01,12.0,234801.61152108095
价格缺失/无效,SUV,A,其他能源,哈弗,哈弗H6L,278.0,2025-10-01,2025-10-01,1.0,0.0
价格缺失/无效,SUV,C,新能源,魏牌,V8X,277.0,2026-07-01,2026-07-01,1.0,0.0
10-15万,轿车,B,新能源,灵悉,灵悉L,273.0,2026-02-01,2026-03-01,2.0,102279.16620510031
15-20万,SUV,B,其他能源,丰田,威飒,271.0,2025-08-01,2025-11-01,4.0,172660.46377749075
价格缺失/无效,SUV,B,新能源,哪吒,哪吒L,266.0,2025-08-01,2026-07-01,12.0,0.0
5-10万,SUV,A,其他能源,启辰,星,265.0,2025-08-01,2026-05-01,10.0,97883.55571586809
35-40万,跑车,跑车,其他能源,福特,Mustang,265.0,2025-08-01,2026-05-01,9.0,361062.2551852076
5-10万,SUV,A,其他能源,五菱,星辰,262.0,2025-08-01,2026-07-01,12.0,67479.59209873289
价格缺失/无效,跑车,跑车,新能源,宾利,欧陆,261.0,2025-08-01,2026-07-01,12.0,0.0
30-35万,SUV,C,新能源,Polestar,Polestar 4,260.0,2025-08-01,2026-06-01,11.0,317955.63020431995
30-35万,轿车,B,其他能源,沃尔沃,V60,258.0,2025-08-01,2026-07-01,12.0,315835.82876057946
60万以上,SUV,D,新能源,宝马,XM,256.0,2025-08-01,2026-07-01,12.0,983881.9385125017
15-20万,MPV,B,其他能源,瑞风,瑞风RF8,256.0,2025-08-01,2026-07-01,12.0,169055.83990472433
35-40万,SUV,C,新能源,蔚来,蔚来EC7,253.0,2025-08-01,2026-07-01,6.0,391061.42384189734
10-15万,轿车,B,其他能源,标致,508,252.0,2026-05-01,2026-07-01,3.0,148785.04419166665
价格缺失/无效,轿车,A,其他能源,斯巴鲁,翼豹,252.0,2025-09-01,2026-07-01,11.0,0.0
10-15万,SUV,A,新能源,荣威,RX5,250.0,2025-12-01,2026-07-01,3.0,101585.34785990878
价格缺失/无效,SUV,D,新能源,蔚来,蔚来ES9,243.0,2026-03-01,2026-04-01,2.0,0.0
60万以上,轿车,B,其他能源,奥迪,RS5,239.0,2025-08-01,2026-07-01,12.0,670115.6195594147
价格缺失/无效,轿车,A,其他能源,长安,睿骋,238.0,2025-11-01,2026-07-01,9.0,0.0
20-25万,MPV,B,其他能源,迈克萨斯,G90,237.0,2025-08-01,2026-07-01,12.0,223164.5011265169
60万以上,SUV,C,其他能源,奥迪,Q8,236.0,2025-08-01,2026-07-01,12.0,746899.2343198835
20-25万,SUV,B,其他能源,丰田,威飒,236.0,2025-08-01,2025-11-01,4.0,207288.6618108501
15-20万,MPV,B,新能源,瑞风,瑞风M4,235.0,2025-08-01,2026-07-01,12.0,176237.36847060855
价格缺失/无效,MPV,B,新能源,北京汽车制造厂,锐胜王牌M7,234.0,2026-07-01,2026-07-01,1.0,0.0
价格缺失/无效,轿车,A,新能源,极狐,极狐T1,233.0,2025-08-01,2025-08-01,1.0,0.0
45-50万,SUV,B,其他能源,奔驰,AMG GLC,233.0,2026-06-01,2026-07-01,2.0,499909.0935
价格缺失/无效,MPV,B,新能源,吉利银河,银河V900,232.0,2026-01-01,2026-01-01,1.0,0.0
5-10万,轿车,A,其他能源,雪佛兰,科鲁泽,231.0,2025-08-01,2025-10-01,3.0,56404.463612962616
25-30万,SUV,A,其他能源,斯巴鲁,森林人,230.0,2026-02-01,2026-05-01,4.0,255306.43778869568
价格缺失/无效,SUV,D,其他能源,丰田,红杉,229.0,2025-08-01,2026-07-01,12.0,0.0
35-40万,轿车,C,新能源,沃尔沃,S90,229.0,2025-08-01,2025-08-01,1.0,358669.34079999995
15-20万,SUV,A,其他能源,斯巴鲁,旭豹,227.0,2025-08-01,2026-07-01,12.0,192466.1833369285
价格缺失/无效,轿车,C,新能源,广汽昊铂,昊铂A800,225.0,2025-09-01,2026-02-01,6.0,0.0
15-20万,轿车,B,新能源,欧拉,闪电猫,225.0,2025-08-01,2026-07-01,12.0,164523.36781312674
价格缺失/无效,SUV,B,新能源,马自达,EZ-60,222.0,2025-08-01,2025-08-01,1.0,0.0
30-35万,跑车,跑车,新能源,MG,Cyberster,219.0,2025-08-01,2026-07-01,12.0,340266.12441174366
40-45万,跑车,跑车,其他能源,宝马,Z4,218.0,2025-08-01,2026-03-01,7.0,417963.09118479426
10-15万,SUV,B,其他能源,斯柯达,柯迪亚克,217.0,2025-09-01,2026-07-01,9.0,145676.67931213212
价格缺失/无效,轿车,A,新能源,东风风行,风行S60EV,217.0,2025-08-01,2026-07-01,11.0,0.0
10-15万,SUV,A,新能源,风云,风云T6,214.0,2025-08-01,2025-10-01,3.0,121890.98287809483
5-10万,轿车,A,其他能源,本田,凌派,212.0,2025-08-01,2025-09-01,2.0,89888.83705660378
5-10万,SUV,A,其他能源,现代,沐飒,211.0,2026-05-01,2026-07-01,3.0,98072.68454128476
价格缺失/无效,SUV,C,新能源,大众,与众08,210.0,2026-03-01,2026-03-01,1.0,0.0
价格缺失/无效,SUV,A,新能源,吉利银河,银河L7,206.0,2026-06-01,2026-07-01,2.0,0.0
价格缺失/无效,SUV,B,新能源,奥迪,e-tron,205.0,2025-08-01,2026-07-01,12.0,0.0
60万以上,SUV,C,新能源,奔驰,GLE级,198.0,2025-08-01,2026-07-01,12.0,655079.2929292929
价格缺失/无效,SUV,C,新能源,红旗,HS6,197.0,2025-10-01,2025-11-01,2.0,0.0
55-60万,SUV,B,其他能源,玛莎拉蒂,Grecale,197.0,2025-08-01,2025-10-01,3.0,562757.9866695432
价格缺失/无效,SUV,A,新能源,魏牌,拿铁,195.0,2025-08-01,2026-03-01,7.0,0.0
60万以上,SUV,D,其他能源,奔驰,AMG GLS,195.0,2025-08-01,2026-07-01,12.0,2078873.8461538462
60万以上,SUV,D,其他能源,林肯,领航员,194.0,2025-08-01,2026-07-01,12.0,1236243.9935783504
15-20万,SUV,A0,新能源,沃尔沃,EX30,194.0,2026-03-01,2026-07-01,5.0,175641.98434277045
60万以上,轿车,D,其他能源,宝马,8系,193.0,2025-08-01,2026-07-01,12.0,738882.5933028908
15-20万,SUV,C,新能源,红旗,天工08,192.0,2026-05-01,2026-05-01,1.0,194977.20243761397
10-15万,SUV,B,新能源,创维汽车,EV6,191.0,2026-06-01,2026-07-01,2.0,129468.355996481
价格缺失/无效,SUV,C,新能源,岚图,岚图追光S,191.0,2026-07-01,2026-07-01,1.0,0.0
价格缺失/无效,轿车,C,新能源,领汇,领汇e9,184.0,2026-07-01,2026-07-01,1.0,0.0
价格缺失/无效,轿车,A,新能源,东风风行,景逸,184.0,2025-08-01,2026-07-01,11.0,0.0
价格缺失/无效,SUV,A0,其他能源,日产,劲客,184.0,2025-11-01,2026-07-01,9.0,0.0
价格缺失/无效,轿车,A,其他能源,吉利,星瑞,184.0,2026-04-01,2026-07-01,4.0,0.0
10-15万,SUV,B,新能源,江淮,江淮X8,184.0,2025-08-01,2026-05-01,10.0,134353.02862733966
60万以上,SUV,D,新能源,梅赛德斯-迈巴赫,EQS SUV,183.0,2025-08-01,2026-05-01,9.0,1401573.9088234138
10-15万,SUV,A0,新能源,本田,e:NS1,180.0,2025-08-01,2025-10-01,3.0,122617.24866849321
30-35万,SUV,C,新能源,极石,极石ADAMAS,180.0,2025-12-01,2026-07-01,8.0,334587.5730244179
价格缺失/无效,SUV,D,新能源,猛士,猛士917,178.0,2025-08-01,2026-07-01,12.0,0.0
10-15万,MPV,A,新能源,极狐,考拉,177.0,2025-08-01,2025-11-01,4.0,101659.13032833213
价格缺失/无效,MPV,B,新能源,合创,合创V09,176.0,2025-08-01,2026-06-01,9.0,0.0
10-15万,SUV,A,其他能源,日产,逍客,174.0,2025-08-01,2025-08-01,1.0,128983.64661843599
价格缺失/无效,轿车,B,新能源,大众,与众07,174.0,2026-01-01,2026-04-01,4.0,0.0
价格缺失/无效,轿车,A,新能源,奔驰,CLA,173.0,2025-10-01,2025-10-01,1.0,0.0
价格缺失/无效,轿车,A0,新能源,奇瑞QQ,QQ,173.0,2026-03-01,2026-03-01,1.0,0.0
15-20万,SUV,A,其他能源,捷豹,E-pace,173.0,2025-08-01,2026-07-01,11.0,165943.80983009268
10-15万,SUV,B,新能源,奇瑞,舒享家,171.0,2025-08-01,2025-10-01,3.0,136478.35156838532
价格缺失/无效,SUV,A,新能源,风云,风云T6,169.0,2025-11-01,2026-07-01,9.0,0.0
15-20万,MPV,B,其他能源,迈克萨斯,G70,169.0,2025-08-01,2026-07-01,12.0,156545.85622170917
价格缺失/无效,轿车,B,新能源,奥迪,E5 Sportback,168.0,2025-08-01,2025-08-01,1.0,0.0
25-30万,轿车,C,其他能源,凯迪拉克,CT6,168.0,2025-08-01,2025-10-01,3.0,288658.6312503376
10-15万,SUV,A0,其他能源,大众,途铠,167.0,2025-08-01,2025-10-01,3.0,110150.35581173534
30-35万,轿车,A0,其他能源,MINI,MINI CABRIO,166.0,2025-10-01,2026-07-01,8.0,310442.17821850895
25-30万,SUV,B,其他能源,斯巴鲁,傲虎,166.0,2025-08-01,2026-07-01,8.0,290207.9983572282
60万以上,SUV,C,其他能源,阿斯顿马丁,DBX,165.0,2025-08-01,2026-07-01,12.0,2654269.760503946
15-20万,SUV,B,新能源,极狐,阿尔法T,165.0,2025-08-01,2025-10-01,3.0,190979.1684148212
15-20万,MPV,B,新能源,迈克萨斯,大家7,164.0,2025-08-01,2026-07-01,10.0,198972.0887887675
55-60万,轿车,A,其他能源,宝马,M2,164.0,2025-09-01,2025-09-01,1.0,554090.8836999993
20-25万,轿车,C,新能源,广汽昊铂,昊铂A800,162.0,2026-03-01,2026-07-01,4.0,233661.4230631578
60万以上,轿车,D,其他能源,宾利,飞驰,160.0,2025-08-01,2026-07-01,12.0,2737399.0872923597
价格缺失/无效,轿车,C,新能源,极狐,阿尔法S,158.0,2025-11-01,2025-11-01,1.0,0.0
10-15万,MPV,A,其他能源,大众,途安,157.0,2025-08-01,2026-07-01,12.0,146454.7780904666
价格缺失/无效,SUV,B,新能源,比亚迪,海狮07,156.0,2025-08-01,2026-01-01,6.0,0.0
5-10万,轿车,A0,其他能源,本田,LIFE,156.0,2025-08-01,2025-11-01,4.0,86448.82420360167
5-10万,SUV,A,其他能源,东风风行,风行T5,155.0,2025-08-01,2026-02-01,7.0,80355.04128807392
60万以上,SUV,C,其他能源,奥迪,SQ7,154.0,2025-08-01,2026-07-01,12.0,945124.025974026
20-25万,SUV,D,新能源,广汽昊铂,昊铂HL,153.0,2026-05-01,2026-07-01,3.0,244107.55098039214
50-55万,轿车,A,其他能源,宝马,M2,152.0,2025-08-01,2025-08-01,1.0,529300.0
价格缺失/无效,轿车,B,新能源,大众,ID.ERA 5S,149.0,2026-07-01,2026-07-01,1.0,0.0
价格缺失/无效,轿车,A,其他能源,丰田,亚洲狮,149.0,2025-11-01,2026-06-01,8.0,0.0
价格缺失/无效,SUV,D,其他能源,凯迪拉克,凯雷德,149.0,2025-08-01,2026-07-01,12.0,0.0
30-35万,SUV,D,新能源,捷途,纵横G700,148.0,2025-10-01,2025-10-01,1.0,349052.52515252546
35-40万,轿车,C,新能源,奥迪,A6,148.0,2026-04-01,2026-07-01,4.0,368179.3358368741
45-50万,SUV,B,新能源,雷克萨斯,RX,147.0,2025-08-01,2026-07-01,11.0,469234.0136054422
价格缺失/无效,SUV,B,其他能源,丰田,威飒,146.0,2025-12-01,2026-07-01,8.0,0.0
35-40万,轿车,A,其他能源,本田,思域,144.0,2025-08-01,2025-10-01,3.0,371374.30555555556
20-25万,SUV,B,新能源,埃安,AION LX,143.0,2025-08-01,2026-07-01,12.0,224013.53137400985
60万以上,SUV,C,其他能源,法拉利,Purosangue,143.0,2025-08-01,2026-07-01,12.0,4709751.748251748
20-25万,MPV,B,其他能源,福特,途睿欧,142.0,2025-08-01,2026-02-01,7.0,221728.19480470047
价格缺失/无效,SUV,A0,新能源,本田,e:NS1,142.0,2025-11-01,2026-06-01,4.0,0.0
价格缺失/无效,轿车,A00,其他能源,菲亚特,500,142.0,2025-08-01,2026-07-01,11.0,0.0
5-10万,SUV,A,其他能源,欧尚汽车,欧尚Z6,141.0,2025-08-01,2025-09-01,2.0,94632.99987432451
60万以上,SUV,C,其他能源,玛莎拉蒂,Levante,141.0,2025-08-01,2026-07-01,12.0,780188.6524822694
价格缺失/无效,SUV,C,其他能源,迈克萨斯,领地,141.0,2025-12-01,2026-07-01,8.0,0.0
价格缺失/无效,SUV,B,其他能源,福特,Bronco,141.0,2025-08-01,2026-07-01,12.0,0.0
价格缺失/无效,轿车,A0,新能源,钇为,钇为3,140.0,2026-06-01,2026-07-01,2.0,0.0
价格缺失/无效,SUV,B,新能源,大众,途观,140.0,2026-05-01,2026-05-01,1.0,0.0
15-20万,MPV,B,其他能源,迈克萨斯,G10,139.0,2025-12-01,2026-01-01,2.0,153620.8036060572
10-15万,轿车,A,其他能源,现代,菲斯塔,139.0,2025-08-01,2025-08-01,1.0,122035.085964914
15-20万,SUV,B,其他能源,丰田,凌放,139.0,2025-08-01,2026-05-01,10.0,157909.05099023719
60万以上,SUV,C,新能源,沃尔沃,XC90,137.0,2025-08-01,2025-08-01,1.0,635335.6799999998
10-15万,轿车,A,其他能源,丰田,凌尚,137.0,2025-08-01,2025-10-01,3.0,104150.33241678831
价格缺失/无效,SUV,C,其他能源,红旗,HS7,136.0,2026-03-01,2026-07-01,5.0,0.0
价格缺失/无效,MPV,B,新能源,领汇,领汇M9,136.0,2026-07-01,2026-07-01,1.0,0.0
10-15万,轿车,A,新能源,荣威,荣威Ei5,134.0,2025-08-01,2026-06-01,9.0,135981.6640511194
价格缺失/无效,SUV,A,其他能源,奔腾,奔腾T77,133.0,2025-08-01,2026-07-01,12.0,0.0
60万以上,轿车,B,其他能源,奥迪,RS4,132.0,2025-08-01,2026-06-01,11.0,645469.7820157076
60万以上,SUV,C,新能源,奔驰,G级,132.0,2025-08-01,2026-07-01,11.0,2163881.0606060605
25-30万,轿车,A,其他能源,现代,伊兰特,132.0,2025-09-01,2026-07-01,11.0,255725.09810606064
价格缺失/无效,SUV,A,其他能源,长安,长安X7,132.0,2026-01-01,2026-07-01,7.0,0.0
60万以上,轿车,D,新能源,奔驰,S级,131.0,2025-08-01,2026-07-01,12.0,1053453.4351145038
价格缺失/无效,轿车,A,其他能源,丰田,凌尚,131.0,2025-11-01,2026-07-01,9.0,0.0
5-10万,MPV,A,其他能源,东风风光,风光,130.0,2025-08-01,2026-02-01,7.0,54566.153846153844
10-15万,SUV,A,新能源,欧尚汽车,欧尚Z6,129.0,2025-08-01,2026-04-01,9.0,123312.29203410853
价格缺失/无效,MPV,B,其他能源,奔驰,V级,129.0,2025-08-01,2026-07-01,12.0,0.0
价格缺失/无效,SUV,A,新能源,吉利,博越,127.0,2026-02-01,2026-03-01,2.0,0.0
价格缺失/无效,轿车,C,新能源,哪吒,哪吒S,126.0,2025-08-01,2026-07-01,10.0,0.0
45-50万,轿车,C,新能源,宝马,i5,125.0,2025-08-01,2026-07-01,12.0,475175.59481888
60万以上,SUV,C,其他能源,宝马,X5M,124.0,2025-08-01,2026-07-01,12.0,1122524.1935483871
价格缺失/无效,SUV,C,其他能源,INEOS,Grenadier,124.0,2025-08-01,2026-07-01,12.0,0.0
价格缺失/无效,SUV,C,新能源,广汽传祺,向往S9,123.0,2025-08-01,2025-08-01,1.0,0.0
10-15万,SUV,A0,新能源,本田,极湃1,122.0,2025-08-01,2025-10-01,3.0,130081.45752873365
价格缺失/无效,跑车,跑车,新能源,法拉利,SF90,122.0,2025-08-01,2026-07-01,12.0,0.0
45-50万,SUV,B,其他能源,宝马,X3,122.0,2025-08-01,2025-09-01,2.0,456359.87703606545
35-40万,轿车,B,其他能源,奥迪,S4,122.0,2025-12-01,2026-07-01,8.0,399173.7704918033
价格缺失/无效,轿车,A,其他能源,奇瑞,艾瑞泽5,122.0,2025-11-01,2026-07-01,9.0,0.0
价格缺失/无效,SUV,B,其他能源,丰田,FJ酷路泽,120.0,2025-08-01,2026-07-01,12.0,0.0
价格缺失/无效,MPV,A,其他能源,东风风光,风光,119.0,2026-03-01,2026-07-01,5.0,0.0
价格缺失/无效,轿车,B,新能源,大众,帕萨特,117.0,2026-05-01,2026-05-01,1.0,0.0
价格缺失/无效,轿车,C,新能源,smart,精灵#6,117.0,2026-05-01,2026-05-01,1.0,0.0
价格缺失/无效,SUV,D,新能源,宝骏,华境S,117.0,2026-01-01,2026-02-01,2.0,0.0
价格缺失/无效,SUV,A,新能源,启源,Q05,116.0,2025-09-01,2025-10-01,2.0,0.0
20-25万,SUV,B,其他能源,五十铃,MU-X,115.0,2025-08-01,2026-07-01,12.0,203923.9624077202
60万以上,轿车,C,新能源,特斯拉,MODEL S,114.0,2025-08-01,2026-05-01,8.0,828968.6692982456
价格缺失/无效,MPV,B,其他能源,福特,途睿欧,114.0,2026-03-01,2026-07-01,5.0,0.0
60万以上,轿车,C,新能源,宝马,M5,113.0,2025-08-01,2026-07-01,12.0,1270854.8672566372
价格缺失/无效,MPV,B,其他能源,丰田,Granvia,112.0,2025-08-01,2026-07-01,12.0,0.0
价格缺失/无效,轿车,D,新能源,远航,远航Y6,112.0,2025-08-01,2026-06-01,11.0,0.0
10-15万,MPV,B,其他能源,吉利,嘉际,112.0,2025-08-01,2026-01-01,5.0,106262.84219732143
价格缺失/无效,跑车,跑车,其他能源,法拉利,12Cilindri,111.0,2025-08-01,2026-07-01,12.0,0.0
60万以上,轿车,D,其他能源,劳斯莱斯,古思特,110.0,2025-08-01,2026-07-01,12.0,4975368.260264439
5-10万,MPV,A,新能源,东风风光,风光,110.0,2025-08-01,2026-04-01,8.0,98706.71567542134
价格缺失/无效,MPV,B,新能源,比亚迪,E6,107.0,2025-08-01,2026-05-01,5.0,0.0
价格缺失/无效,轿车,A00,新能源,北京汽车制造厂,L7H,107.0,2025-08-01,2026-07-01,12.0,0.0
25-30万,轿车,C,新能源,智己,智己L7,106.0,2025-08-01,2026-07-01,12.0,291656.6037735849
20-25万,SUV,B,新能源,宝马,iX3,106.0,2025-08-01,2025-08-01,1.0,249801.00149999995
60万以上,轿车,C,其他能源,奥迪,RS6,106.0,2025-08-01,2026-07-01,12.0,1308787.8077211357
价格缺失/无效,轿车,A,其他能源,荣威,荣威i6,106.0,2025-08-01,2026-03-01,7.0,0.0
20-25万,SUV,C,其他能源,别克,昂科旗,105.0,2025-08-01,2026-02-01,7.0,239516.02054664126
10-15万,SUV,A,其他能源,东风风神,皓瀚,104.0,2025-08-01,2026-07-01,6.0,101104.68846442309
35-40万,SUV,A,其他能源,MINI,MINI COUNTRYMAN,101.0,2025-08-01,2026-07-01,3.0,363935.64356435643
价格缺失/无效,SUV,A0,其他能源,标致,2008,101.0,2025-08-01,2025-12-01,4.0,0.0
25-30万,SUV,B,新能源,宝马,iX3,100.0,2025-09-01,2025-12-01,4.0,251025.061598
30-35万,SUV,C,新能源,JEEP,大切诺基,99.0,2025-11-01,2026-02-01,4.0,336555.5230972188
价格缺失/无效,SUV,D,其他能源,日产,途乐,98.0,2025-08-01,2026-07-01,12.0,0.0
15-20万,SUV,B,新能源,极狐,阿尔法T6,98.0,2025-12-01,2026-07-01,8.0,187902.41010204083
35-40万,轿车,C,其他能源,捷尼赛思,G80,98.0,2025-08-01,2025-09-01,2.0,351439.82938775513
价格缺失/无效,SUV,D,新能源,捷途,纵横G700,98.0,2025-09-01,2025-09-01,1.0,0.0
40-45万,轿车,A,其他能源,奔驰,CLA级AMG,95.0,2025-08-01,2025-08-01,1.0,408809.7156097157
5-10万,MPV,B,新能源,东风风行,菱智,94.0,2026-05-01,2026-07-01,3.0,94272.29964255319
15-20万,SUV,B,其他能源,捷途,捷途X95,92.0,2026-02-01,2026-07-01,6.0,173446.8399978261
25-30万,SUV,C,新能源,大众,与众08,92.0,2026-04-01,2026-04-01,1.0,267273.6999999999
价格缺失/无效,SUV,B,新能源,玛莎拉蒂,Grecale,92.0,2025-11-01,2026-03-01,5.0,0.0
价格缺失/无效,SUV,A0,新能源,东风奕派,EX1,91.0,2025-12-01,2026-07-01,8.0,0.0
60万以上,跑车,跑车,新能源,兰博基尼,Revuelto,91.0,2025-10-01,2026-06-01,9.0,5499614.285714285
价格缺失/无效,跑车,跑车,新能源,法拉利,296,90.0,2025-08-01,2026-05-01,9.0,0.0
价格缺失/无效,SUV,A,其他能源,欧尚汽车,欧尚Z6,90.0,2025-10-01,2026-07-01,10.0,0.0
价格缺失/无效,SUV,B,新能源,比亚迪,护卫舰07,89.0,2025-08-01,2026-07-01,10.0,0.0
15-20万,轿车,C,新能源,星途,星途ES,88.0,2026-06-01,2026-07-01,2.0,195835.92300000007
价格缺失/无效,SUV,B,新能源,smart,精灵#5,88.0,2025-09-01,2025-09-01,1.0,0.0
价格缺失/无效,SUV,B,新能源,福特,智趣烈马,88.0,2025-11-01,2025-11-01,1.0,0.0
60万以上,跑车,跑车,其他能源,宾利,欧陆,88.0,2025-08-01,2026-04-01,9.0,2817735.8508269605
60万以上,跑车,跑车,其他能源,莲花跑车,EMIRA,87.0,2025-08-01,2026-07-01,12.0,812475.8622805746
15-20万,SUV,B,新能源,雪佛兰,探界者,86.0,2025-08-01,2025-10-01,3.0,168047.28139534884
60万以上,SUV,C,其他能源,奥迪,RS Q8,86.0,2025-08-01,2026-07-01,12.0,1265043.5691418604
20-25万,轿车,B,新能源,本田,英仕派,86.0,2025-08-01,2026-05-01,10.0,211004.8996634453
25-30万,SUV,B,其他能源,阿尔法·罗密欧,斯坦维,85.0,2025-08-01,2026-03-01,8.0,290379.1507780384
55-60万,SUV,B,其他能源,奔驰,AMG GLC,84.0,2026-01-01,2026-07-01,7.0,564788.0952380953
价格缺失/无效,MPV,B,其他能源,北京汽车制造厂,锐胜M8,84.0,2025-11-01,2026-07-01,9.0,0.0
60万以上,轿车,C,其他能源,奥迪,RS7,83.0,2025-08-01,2026-07-01,12.0,1259900.049913253
价格缺失/无效,轿车,A00,新能源,北京汽车制造厂,元宝,83.0,2025-08-01,2026-07-01,11.0,0.0
价格缺失/无效,轿车,A,其他能源,大众,速腾,83.0,2026-03-01,2026-03-01,1.0,0.0
价格缺失/无效,轿车,A,新能源,长安,UNI-V,82.0,2026-05-01,2026-07-01,3.0,0.0
10-15万,SUV,B,其他能源,雪佛兰,探界者,82.0,2025-08-01,2025-10-01,3.0,138619.41256381327
10-15万,SUV,B,其他能源,思皓,思皓X8,82.0,2025-08-01,2025-08-01,1.0,102423.07409777002
价格缺失/无效,SUV,C,新能源,北京越野,泰钽700,81.0,2026-07-01,2026-07-01,1.0,0.0
价格缺失/无效,MPV,B,新能源,领途,领途M8,80.0,2025-08-01,2026-07-01,12.0,0.0
价格缺失/无效,轿车,A0,其他能源,本田,飞度,80.0,2025-12-01,2026-07-01,4.0,0.0
5-10万,轿车,A,其他能源,江淮,江淮A5 PLUS,79.0,2025-08-01,2026-03-01,8.0,53789.08174374833
价格缺失/无效,轿车,A,新能源,吉利,帝豪L,79.0,2025-08-01,2025-12-01,5.0,0.0
5-10万,MPV,A,新能源,极狐,考拉,79.0,2025-12-01,2026-04-01,4.0,99249.10585572243
价格缺失/无效,MPV,B,新能源,大运汽车,远志M1,78.0,2025-08-01,2026-06-01,11.0,0.0
价格缺失/无效,SUV,A,其他能源,哈弗,哈弗M6,78.0,2025-08-01,2026-05-01,9.0,0.0
30-35万,SUV,C,新能源,蔚来,蔚来EC7,78.0,2025-09-01,2026-02-01,6.0,306576.1426308176
价格缺失/无效,SUV,A0,新能源,大运汽车,悦虎,77.0,2025-08-01,2026-07-01,12.0,0.0
30-35万,SUV,A,其他能源,奔驰,GLA级 AMG,75.0,2025-08-01,2026-06-01,11.0,324529.3333333333
60万以上,轿车,D,新能源,保时捷,PANAMERA,73.0,2025-08-01,2026-05-01,9.0,1177132.3103186002
5-10万,SUV,A0,其他能源,北京汽车制造厂,212,72.0,2025-08-01,2026-07-01,11.0,88380.28781944445
价格缺失/无效,SUV,A0,其他能源,大众,探影,72.0,2025-09-01,2026-06-01,10.0,0.0
60万以上,轿车,D,新能源,奔驰,EQS,71.0,2025-08-01,2026-06-01,11.0,1033753.654084695
价格缺失/无效,轿车,A,新能源,启源,A05,70.0,2026-02-01,2026-07-01,6.0,0.0
价格缺失/无效,SUV,D,新能源,丰田,世极,70.0,2025-08-01,2026-07-01,12.0,0.0
50-55万,轿车,C,其他能源,奥迪,S5,70.0,2025-08-01,2026-07-01,12.0,511876.47610499145
5-10万,轿车,A0,其他能源,起亚,焕驰,69.0,2025-08-01,2026-06-01,9.0,59936.21147681159
15-20万,SUV,B,新能源,长安,UNI-K,69.0,2025-08-01,2026-03-01,8.0,168034.84237164492
45-50万,SUV,C,新能源,沃尔沃,EX90,68.0,2026-06-01,2026-07-01,2.0,490966.69999999984
价格缺失/无效,SUV,B,新能源,宝马,iX3,67.0,2026-01-01,2026-07-01,7.0,0.0
价格缺失/无效,SUV,A,其他能源,荣威,RX5 MAX,66.0,2025-08-01,2026-06-01,4.0,0.0
价格缺失/无效,SUV,A,其他能源,马自达,CX-50行也,66.0,2025-09-01,2026-06-01,9.0,0.0
价格缺失/无效,SUV,C,新能源,广汽昊铂,昊铂S600,65.0,2026-05-01,2026-05-01,1.0,0.0
价格缺失/无效,轿车,A00,新能源,凌宝汽车,凌宝uni,65.0,2026-06-01,2026-07-01,2.0,0.0
价格缺失/无效,SUV,A0,新能源,MG,ZS,64.0,2025-08-01,2026-06-01,7.0,0.0
20-25万,SUV,B,新能源,本田,S7,64.0,2025-08-01,2025-08-01,1.0,209975.25
60万以上,跑车,跑车,新能源,法拉利,296,63.0,2025-11-01,2026-04-01,6.0,2760747.3343746033
价格缺失/无效,SUV,B,其他能源,星途,星途ET5,62.0,2025-10-01,2025-10-01,1.0,0.0
40-45万,SUV,B,其他能源,奥迪,SQ5,62.0,2025-08-01,2026-05-01,10.0,441366.12903225806
价格缺失/无效,轿车,A,新能源,小鹏,P5,61.0,2025-08-01,2026-06-01,8.0,0.0
60万以上,跑车,跑车,其他能源,阿斯顿马丁,DB12,61.0,2025-08-01,2026-07-01,12.0,2384575.7764914655
价格缺失/无效,轿车,A00,新能源,凌宝汽车,凌宝BOX,60.0,2026-06-01,2026-07-01,2.0,0.0
10-15万,SUV,A,新能源,星途,星途追风,59.0,2025-08-01,2026-07-01,8.0,127779.47958254129
10-15万,SUV,A,其他能源,广汽传祺,GS4,58.0,2025-08-01,2025-09-01,2.0,110792.14606896552
价格缺失/无效,SUV,A,新能源,启源,Q05经典,58.0,2026-02-01,2026-07-01,6.0,0.0
50-55万,SUV,B,其他能源,宝马,X3,58.0,2025-10-01,2026-04-01,5.0,543613.2560896553
60万以上,轿车,D,其他能源,红旗,红旗金葵花国雅,58.0,2025-11-01,2026-07-01,9.0,1465718.0025411274
25-30万,SUV,B,其他能源,北京越野,BJ80,57.0,2025-08-01,2026-04-01,7.0,277042.2037498364
价格缺失/无效,轿车,A,其他能源,雪佛兰,科鲁泽,57.0,2025-11-01,2026-05-01,6.0,0.0
60万以上,轿车,C,新能源,奔驰,EQE AMG,57.0,2025-08-01,2026-07-01,12.0,620092.9824561403
价格缺失/无效,SUV,A,其他能源,奇瑞,探索06,57.0,2026-06-01,2026-07-01,2.0,0.0
15-20万,SUV,A,其他能源,起亚,狮铂拓界,56.0,2025-09-01,2026-05-01,7.0,168131.7825139005
5-10万,轿车,A,其他能源,北京汽车,北京U5,56.0,2025-08-01,2026-04-01,9.0,61261.21955619932
价格缺失/无效,SUV,B,其他能源,北京越野,BJ80,56.0,2026-05-01,2026-07-01,3.0,0.0
60万以上,SUV,B,其他能源,宝马,X4M,55.0,2025-08-01,2026-06-01,10.0,626072.7272727273
价格缺失/无效,轿车,A,新能源,吉利,新帝豪,55.0,2025-08-01,2026-07-01,7.0,0.0
20-25万,SUV,D,新能源,启源,E07,55.0,2025-08-01,2026-07-01,11.0,239803.6379004735
价格缺失/无效,SUV,B,新能源,凯迪拉克,XT5,55.0,2026-06-01,2026-07-01,2.0,0.0
价格缺失/无效,SUV,A0,新能源,东风纳米,EX1,54.0,2025-08-01,2025-11-01,4.0,0.0
20-25万,SUV,C,其他能源,迈克萨斯,领地,54.0,2025-08-01,2025-11-01,4.0,240243.8465685427
价格缺失/无效,SUV,D,新能源,猛士,猛士M800,54.0,2025-08-01,2026-07-01,12.0,0.0
价格缺失/无效,SUV,B,新能源,大众,探岳,54.0,2025-08-01,2026-02-01,4.0,0.0
价格缺失/无效,SUV,B,新能源,捷途,捷途X70,54.0,2026-03-01,2026-07-01,4.0,0.0
30-35万,轿车,B,其他能源,奥迪,A4,54.0,2025-08-01,2026-04-01,9.0,308460.2360375117
价格缺失/无效,MPV,A,新能源,吉利,TX,53.0,2025-09-01,2025-10-01,2.0,0.0
价格缺失/无效,SUV,B,其他能源,英菲尼迪,QX55,53.0,2025-08-01,2026-07-01,11.0,0.0
5-10万,SUV,A,其他能源,东风风光,风光S560,52.0,2025-08-01,2026-01-01,6.0,83101.01536346156
35-40万,SUV,B,新能源,现代,IONIQ 5,52.0,2025-08-01,2026-07-01,9.0,390284.73810384615
60万以上,SUV,C,其他能源,宝马,X6M,52.0,2025-08-01,2026-05-01,9.0,1109505.7692307692
55-60万,轿车,D,新能源,奔驰,EQS,52.0,2025-12-01,2026-07-01,8.0,581944.2327474997
45-50万,轿车,C,新能源,沃尔沃,ES90,52.0,2026-06-01,2026-07-01,2.0,454299.99974074116
价格缺失/无效,SUV,B,新能源,睿蓝,睿蓝9,51.0,2025-08-01,2026-06-01,9.0,0.0
15-20万,SUV,C,新能源,别克,别克E4,51.0,2025-08-01,2025-11-01,4.0,156137.6072663264
15-20万,轿车,C,新能源,岚图,岚图追光,50.0,2026-01-01,2026-02-01,2.0,192812.54100000003
25-30万,轿车,C,新能源,广汽昊铂,昊铂A800,50.0,2026-05-01,2026-05-01,1.0,250200.27959971997
45-50万,SUV,B,其他能源,玛莎拉蒂,Grecale,50.0,2025-11-01,2025-11-01,1.0,498472.0752000002
35-40万,轿车,B,其他能源,阿尔法·罗密欧,朱丽叶,49.0,2025-09-01,2026-07-01,7.0,358274.35057521216
35-40万,SUV,C,新能源,JEEP,大切诺基,49.0,2025-08-01,2025-10-01,3.0,380706.14795918367
50-55万,轿车,B,其他能源,奔驰,C级AMG,48.0,2025-08-01,2026-01-01,5.0,508034.0403583333
价格缺失/无效,轿车,A00,新能源,雷丁,雷丁芒果,48.0,2025-08-01,2026-07-01,10.0,0.0
价格缺失/无效,轿车,A0,其他能源,MINI,MINI CABRIO,48.0,2025-08-01,2025-09-01,2.0,0.0
45-50万,轿车,C,其他能源,奥迪,A7,48.0,2026-05-01,2026-05-01,1.0,491668.2709999999
60万以上,SUV,D,其他能源,红旗,红旗金葵花国耀,48.0,2025-11-01,2026-07-01,9.0,1519739.6489651017
35-40万,MPV,B,新能源,吉利银河,翼真L380,47.0,2026-04-01,2026-07-01,4.0,375965.3779690578
价格缺失/无效,SUV,C,其他能源,英菲尼迪,QX60,46.0,2026-06-01,2026-07-01,2.0,0.0
价格缺失/无效,SUV,C,其他能源,福特,领裕,46.0,2025-11-01,2026-07-01,8.0,0.0
30-35万,轿车,B,其他能源,阿尔法·罗密欧,朱丽叶,45.0,2025-08-01,2026-03-01,4.0,336590.4644493933
价格缺失/无效,MPV,B,新能源,东风风行,风行游艇,44.0,2025-08-01,2026-03-01,8.0,0.0
价格缺失/无效,轿车,C,新能源,零跑,零跑C01,44.0,2026-03-01,2026-07-01,5.0,0.0
价格缺失/无效,SUV,A0,其他能源,长安,CS35,44.0,2026-02-01,2026-07-01,6.0,0.0
价格缺失/无效,SUV,B,其他能源,三菱,帕杰罗,43.0,2026-02-01,2026-07-01,6.0,0.0
20-25万,SUV,C,新能源,大众,ID.6 X,43.0,2025-08-01,2026-02-01,7.0,209186.8656744186
15-20万,SUV,C,其他能源,福特,领裕,42.0,2025-08-01,2025-10-01,3.0,167684.97979322658
价格缺失/无效,SUV,A0,新能源,吉利银河,几何E,42.0,2026-01-01,2026-07-01,7.0,0.0
10-15万,轿车,A,新能源,雪佛兰,畅巡,42.0,2025-08-01,2025-10-01,3.0,143427.00198321018
价格缺失/无效,MPV,A,新能源,海马,INJOY,42.0,2025-08-01,2026-07-01,10.0,0.0
60万以上,SUV,C,新能源,保时捷,卡宴,41.0,2025-08-01,2025-12-01,5.0,810495.5071285319
价格缺失/无效,轿车,A,新能源,大众,朗逸,41.0,2025-08-01,2026-07-01,9.0,0.0
价格缺失/无效,跑车,跑车,其他能源,法拉利,Roma,41.0,2025-08-01,2026-07-01,12.0,0.0
价格缺失/无效,SUV,A,其他能源,斯巴鲁,XV,41.0,2025-12-01,2025-12-01,1.0,0.0
15-20万,MPV,B,其他能源,奔腾,奔腾M9,41.0,2025-09-01,2026-06-01,10.0,196627.2039088747
价格缺失/无效,轿车,A,其他能源,长安,UNI-V,41.0,2026-05-01,2026-07-01,3.0,0.0
价格缺失/无效,轿车,A00,新能源,电动屋,悦01,41.0,2025-08-01,2026-04-01,7.0,0.0
价格缺失/无效,SUV,C,新能源,广汽传祺,越7,40.0,2026-07-01,2026-07-01,1.0,0.0
价格缺失/无效,轿车,D,其他能源,雷克萨斯,LS,40.0,2025-11-01,2026-04-01,4.0,0.0
55-60万,MPV,B,新能源,沃尔沃,EM90,40.0,2026-06-01,2026-07-01,2.0,597400.0
价格缺失/无效,轿车,A,新能源,北京汽车,EU系列,39.0,2025-08-01,2026-05-01,6.0,0.0
价格缺失/无效,轿车,B,新能源,荣威,M7,39.0,2025-08-01,2025-08-01,1.0,0.0
60万以上,轿车,D,新能源,奔驰,S级AMG,39.0,2025-08-01,2026-07-01,10.0,2673799.778036667
55-60万,SUV,B,其他能源,宝马,X3,39.0,2025-11-01,2025-12-01,2.0,554376.2778846155
价格缺失/无效,轿车,B,新能源,本田,英仕派,39.0,2026-06-01,2026-07-01,2.0,0.0
价格缺失/无效,SUV,D,其他能源,英菲尼迪,QX80,39.0,2025-08-01,2026-07-01,8.0,0.0
价格缺失/无效,SUV,B,新能源,江淮,江淮QX PHEV,37.0,2026-06-01,2026-07-01,2.0,0.0
20-25万,SUV,A,其他能源,阿尔法·罗密欧,托纳利,37.0,2025-08-01,2026-03-01,8.0,209364.87491792662
价格缺失/无效,SUV,B,其他能源,潍柴,U70,37.0,2025-08-01,2026-03-01,8.0,0.0
60万以上,轿车,D,其他能源,劳斯莱斯,幻影,36.0,2025-08-01,2026-06-01,10.0,7914512.870881666
5-10万,SUV,A,其他能源,北京汽车,魔方,36.0,2025-08-01,2026-04-01,7.0,88551.68304414801
价格缺失/无效,轿车,A,其他能源,日产,轩逸,36.0,2025-08-01,2026-06-01,11.0,0.0
价格缺失/无效,轿车,A,其他能源,领克,领克03,35.0,2025-08-01,2026-07-01,12.0,0.0
价格缺失/无效,SUV,A,新能源,丰田,RAV4荣放,35.0,2025-12-01,2026-05-01,6.0,0.0
价格缺失/无效,SUV,C,新能源,极石,极石ADAMAS,35.0,2025-11-01,2025-11-01,1.0,0.0
15-20万,SUV,A,新能源,本田,CR-V,35.0,2025-08-01,2025-10-01,3.0,183418.53251618744
价格缺失/无效,轿车,A00,新能源,领途,缤纷,34.0,2025-08-01,2026-06-01,10.0,0.0
价格缺失/无效,SUV,B,新能源,合创,HYCAN 007,34.0,2025-10-01,2025-12-01,2.0,0.0
30-35万,跑车,跑车,其他能源,福特,Mustang,34.0,2026-06-01,2026-07-01,2.0,347400.00216375006
10-15万,SUV,A0,其他能源,大众,探影,34.0,2025-08-01,2025-08-01,1.0,101900.00000294104
60万以上,跑车,跑车,新能源,仰望,U9,34.0,2025-08-01,2026-06-01,10.0,1778823.5294117648
20-25万,MPV,B,其他能源,奔腾,奔腾M9,34.0,2025-08-01,2025-08-01,1.0,201421.64010000008
60万以上,跑车,跑车,其他能源,奔驰,SL级AMG,34.0,2025-08-01,2026-05-01,9.0,1833747.0588235294
价格缺失/无效,MPV,B,其他能源,丰田,埃尔法,33.0,2025-08-01,2026-07-01,6.0,0.0
10-15万,轿车,A,其他能源,本田,凌派,33.0,2025-08-01,2025-10-01,3.0,118692.94213714657
价格缺失/无效,轿车,B,其他能源,广汽传祺,GA6,33.0,2025-08-01,2026-07-01,6.0,0.0
价格缺失/无效,轿车,D,其他能源,红旗,红旗金葵花国礼,33.0,2025-11-01,2026-07-01,9.0,0.0
5-10万,SUV,A0,其他能源,起亚,索奈,33.0,2025-08-01,2026-07-01,10.0,75393.5550242424
价格缺失/无效,轿车,A,新能源,吉祥汽车,AIR,33.0,2025-08-01,2026-06-01,7.0,0.0
价格缺失/无效,SUV,A0,其他能源,丰田,奕泽IZOA,33.0,2025-08-01,2026-03-01,3.0,0.0
60万以上,跑车,跑车,其他能源,雷克萨斯,LC,32.0,2025-08-01,2026-07-01,11.0,1199243.2402571875
10-15万,MPV,B,其他能源,广汽传祺,M8,32.0,2026-01-01,2026-04-01,4.0,147303.760746875
价格缺失/无效,SUV,A,新能源,哪吒,哪吒X,32.0,2025-08-01,2026-06-01,8.0,0.0
价格缺失/无效,轿车,D,新能源,宾利,飞驰,32.0,2025-08-01,2025-09-01,2.0,0.0
60万以上,轿车,C,其他能源,奥迪,S6,31.0,2025-08-01,2026-06-01,10.0,739604.4817548387
60万以上,轿车,D,新能源,莲花跑车,EMEYA,31.0,2026-01-01,2026-01-01,1.0,609335.758664241
价格缺失/无效,轿车,A00,新能源,骏驰,骏驰ET,31.0,2025-08-01,2026-07-01,5.0,0.0
10-15万,MPV,B,其他能源,东风风行,风行游艇,31.0,2025-08-01,2026-02-01,7.0,112010.85733989644
5-10万,轿车,B,其他能源,东风风神,奕炫,30.0,2025-08-01,2026-05-01,8.0,82479.20373875998
价格缺失/无效,SUV,C,新能源,高合,HiPhi X,30.0,2025-09-01,2026-06-01,6.0,0.0
价格缺失/无效,SUV,C,新能源,高合,HiPhi Y,29.0,2025-08-01,2026-03-01,8.0,0.0
价格缺失/无效,SUV,A,其他能源,天马,天马L4600,29.0,2025-08-01,2026-07-01,8.0,0.0
价格缺失/无效,SUV,B,新能源,奔驰,EQC,28.0,2025-08-01,2026-07-01,9.0,0.0
价格缺失/无效,SUV,D,新能源,凯迪拉克,凯威德,28.0,2026-02-01,2026-03-01,2.0,0.0
价格缺失/无效,SUV,D,新能源,路虎,神行者8,28.0,2026-07-01,2026-07-01,1.0,0.0
价格缺失/无效,轿车,B,新能源,合创,合创A06,28.0,2025-08-01,2026-07-01,5.0,0.0
60万以上,跑车,跑车,其他能源,阿斯顿马丁,Vanquish,28.0,2025-08-01,2026-06-01,11.0,4807232.698675
价格缺失/无效,SUV,B,其他能源,广汽传祺,GS8,28.0,2025-08-01,2026-07-01,7.0,0.0
30-35万,SUV,B,其他能源,捷豹,F-pace,28.0,2025-08-01,2026-04-01,7.0,304065.5507744615
60万以上,跑车,跑车,新能源,劳斯莱斯,闪灵,28.0,2025-10-01,2026-07-01,6.0,5497696.428571428
10-15万,SUV,A,其他能源,广汽传祺,影酷,27.0,2025-08-01,2025-10-01,3.0,110579.70392592593
价格缺失/无效,SUV,A,其他能源,雷诺,QM6,27.0,2025-08-01,2026-07-01,9.0,0.0
价格缺失/无效,SUV,B,其他能源,斯威,斯威大虎,27.0,2026-01-01,2026-07-01,7.0,0.0
价格缺失/无效,轿车,C,新能源,享界,享界S9,27.0,2025-08-01,2025-08-01,1.0,0.0
5-10万,SUV,B,其他能源,斯威,斯威大虎,26.0,2025-08-01,2025-11-01,4.0,58326.76433829816
价格缺失/无效,SUV,A0,其他能源,大众,途铠,26.0,2025-11-01,2026-07-01,8.0,0.0
35-40万,跑车,跑车,其他能源,宝马,Z4,26.0,2026-01-01,2026-01-01,1.0,397906.3276988221
价格缺失/无效,跑车,跑车,新能源,易至,羿驰01,26.0,2025-12-01,2026-07-01,6.0,0.0
60万以上,轿车,C,其他能源,玛莎拉蒂,Ghibli,26.0,2025-08-01,2025-12-01,5.0,672019.9753807692
60万以上,跑车,跑车,其他能源,兰博基尼,Huracan,25.0,2025-08-01,2026-05-01,8.0,2610177.995477402
价格缺失/无效,SUV,B,新能源,雪佛兰,探界者,25.0,2025-11-01,2026-07-01,9.0,0.0
价格缺失/无效,SUV,B,其他能源,雪佛兰,探界者,25.0,2025-11-01,2026-04-01,6.0,0.0
价格缺失/无效,SUV,A0,新能源,本田,极湃1,25.0,2025-11-01,2026-07-01,8.0,0.0
价格缺失/无效,SUV,D,其他能源,GMC,Yukon,24.0,2025-08-01,2025-12-01,2.0,0.0
价格缺失/无效,跑车,跑车,其他能源,道奇,挑战者,24.0,2025-08-01,2026-06-01,11.0,0.0
价格缺失/无效,SUV,D,其他能源,雪佛兰,太浩,24.0,2025-08-01,2025-12-01,3.0,0.0
价格缺失/无效,SUV,D,新能源,远航,远航H8,24.0,2025-08-01,2026-05-01,9.0,0.0
价格缺失/无效,轿车,A,其他能源,广汽传祺,影豹,24.0,2025-08-01,2026-03-01,6.0,0.0
价格缺失/无效,轿车,A0,其他能源,丰田,GR YARIS,24.0,2026-04-01,2026-05-01,2.0,0.0
价格缺失/无效,SUV,A0,新能源,东风风光,风光,24.0,2025-08-01,2026-04-01,4.0,0.0
价格缺失/无效,轿车,A00,新能源,朋克,朋克多多,24.0,2025-08-01,2026-06-01,10.0,0.0
价格缺失/无效,轿车,A00,新能源,九龙,开鹿V3,24.0,2025-08-01,2026-07-01,10.0,0.0
55-60万,SUV,C,其他能源,捷尼赛思,GV80,24.0,2025-08-01,2026-07-01,11.0,573079.4772688278
价格缺失/无效,SUV,A,新能源,本田,极湃2,24.0,2026-05-01,2026-07-01,3.0,0.0
20-25万,轿车,A,其他能源,现代,伊兰特,24.0,2025-08-01,2025-08-01,1.0,248800.0
价格缺失/无效,轿车,A,新能源,雪佛兰,畅巡,23.0,2025-11-01,2026-07-01,5.0,0.0
价格缺失/无效,轿车,A00,新能源,宝骏,KiWi EV,23.0,2025-08-01,2026-06-01,8.0,0.0
价格缺失/无效,SUV,B,其他能源,东风风行,风行T5,23.0,2025-08-01,2026-06-01,9.0,0.0
5-10万,SUV,A0,其他能源,一汽,森雅R7,23.0,2025-08-01,2025-11-01,4.0,61702.87701739131
价格缺失/无效,SUV,C,其他能源,宝马,X5,22.0,2025-09-01,2026-07-01,8.0,0.0
价格缺失/无效,SUV,A,新能源,日产,艾睿雅,22.0,2025-09-01,2026-06-01,6.0,0.0
价格缺失/无效,轿车,A,新能源,Polestar,Polestar 2,22.0,2025-08-01,2026-03-01,6.0,0.0
价格缺失/无效,轿车,A00,新能源,钇为,花仙子,22.0,2026-06-01,2026-07-01,2.0,0.0
价格缺失/无效,SUV,A0,新能源,奇瑞,瑞虎3x新能源,22.0,2025-08-01,2026-07-01,10.0,0.0
40-45万,跑车,跑车,其他能源,福特,Mustang,22.0,2025-08-01,2026-04-01,4.0,408408.8112727273
价格缺失/无效,SUV,A,其他能源,本田,致在,21.0,2025-10-01,2026-07-01,6.0,0.0
60万以上,轿车,C,其他能源,奥迪,S7,21.0,2025-09-01,2026-07-01,8.0,888933.3333333334
价格缺失/无效,轿车,A,新能源,凯翼,凯翼E5,20.0,2025-11-01,2026-04-01,3.0,0.0
价格缺失/无效,轿车,A,新能源,宝骏,云朵,20.0,2025-08-01,2026-07-01,9.0,0.0
价格缺失/无效,SUV,D,新能源,红旗,E-HS9,20.0,2026-02-01,2026-07-01,6.0,0.0
价格缺失/无效,轿车,A00,新能源,欧拉,欧拉白猫,20.0,2026-01-01,2026-02-01,2.0,0.0
价格缺失/无效,轿车,A,其他能源,凯翼,轩度,20.0,2025-12-01,2026-07-01,4.0,0.0
价格缺失/无效,SUV,D,其他能源,雪佛兰,萨伯曼,20.0,2025-11-01,2026-07-01,8.0,0.0
5万以下,轿车,A00,新能源,东风风光,风光MINI EV,19.0,2025-08-01,2026-04-01,7.0,35348.62386237735
55-60万,SUV,D,新能源,红旗,E-HS9,19.0,2025-12-01,2026-01-01,2.0,568014.0435701753
60万以上,轿车,D,其他能源,红旗,红旗国雅,19.0,2025-08-01,2025-10-01,3.0,1607386.839693158
价格缺失/无效,SUV,A,其他能源,思皓,思皓QX,19.0,2025-11-01,2026-07-01,6.0,0.0
价格缺失/无效,SUV,B,新能源,奇瑞,大蚂蚁,19.0,2026-01-01,2026-07-01,2.0,0.0
价格缺失/无效,SUV,C,新能源,特斯拉,MODEL X,19.0,2025-10-01,2025-10-01,1.0,0.0
价格缺失/无效,SUV,A,其他能源,东风风行,风行T5,19.0,2026-03-01,2026-07-01,5.0,0.0
价格缺失/无效,MPV,B,新能源,力帆,力帆80V,18.0,2025-08-01,2026-06-01,4.0,0.0
价格缺失/无效,SUV,A,新能源,本田,CR-V,18.0,2025-12-01,2026-06-01,6.0,0.0
50-55万,SUV,D,新能源,红旗,E-HS9,18.0,2025-09-01,2025-11-01,3.0,543664.8094877682
10-15万,SUV,B,新能源,捷途,捷途X70,18.0,2025-09-01,2025-12-01,3.0,149932.8882777778
10-15万,MPV,A,其他能源,海马,7X,18.0,2025-08-01,2026-04-01,9.0,127035.67925508144
价格缺失/无效,SUV,A,其他能源,日产,奇骏,18.0,2025-10-01,2026-06-01,7.0,0.0
价格缺失/无效,轿车,A00,新能源,凌宝汽车,凌宝COCO,17.0,2025-12-01,2026-07-01,5.0,0.0
10-15万,SUV,A,其他能源,启辰,星,17.0,2026-06-01,2026-07-01,2.0,100131.875
价格缺失/无效,SUV,A,新能源,哈弗,哈弗H6,17.0,2025-08-01,2025-12-01,4.0,0.0
价格缺失/无效,轿车,A0,其他能源,本田,LIFE,17.0,2025-12-01,2026-06-01,5.0,0.0
价格缺失/无效,跑车,跑车,其他能源,日产,日产Z,17.0,2025-08-01,2026-06-01,6.0,0.0
价格缺失/无效,轿车,A,其他能源,本田,型格,17.0,2026-05-01,2026-06-01,2.0,0.0
价格缺失/无效,SUV,A,新能源,吉利银河,几何C,17.0,2025-08-01,2026-04-01,6.0,0.0
60万以上,SUV,C,新能源,奔驰,EQE SUV AMG,17.0,2025-12-01,2026-06-01,6.0,700729.4117647059
价格缺失/无效,SUV,A0,其他能源,一汽,森雅R7,17.0,2026-01-01,2026-07-01,7.0,0.0
5-10万,SUV,A,其他能源,斯威,斯威G01,16.0,2025-10-01,2026-07-01,8.0,98666.58534734599
60万以上,轿车,D,其他能源,捷尼赛思,G90,16.0,2025-08-01,2026-07-01,8.0,806015.5822420847
价格缺失/无效,SUV,A,新能源,蓝电,蓝电E3,16.0,2025-08-01,2026-04-01,2.0,0.0
价格缺失/无效,MPV,A,其他能源,鑫源,鑫源向上V6,16.0,2026-06-01,2026-07-01,2.0,0.0
价格缺失/无效,SUV,C,新能源,极氪,极氪8X,16.0,2026-03-01,2026-03-01,1.0,0.0
价格缺失/无效,SUV,C,新能源,保时捷,卡宴,16.0,2026-01-01,2026-04-01,3.0,0.0
价格缺失/无效,轿车,A00,新能源,骏驰,骏驰EK,16.0,2025-08-01,2026-07-01,7.0,0.0
价格缺失/无效,轿车,A00,新能源,宏瑞,小虎,16.0,2025-08-01,2026-06-01,6.0,0.0
价格缺失/无效,轿车,A00,新能源,北京汽车制造厂,家宝,16.0,2025-08-01,2026-07-01,11.0,0.0
5-10万,SUV,A0,新能源,云度,云兔,16.0,2025-08-01,2025-11-01,4.0,69681.69408705593
30-35万,轿车,C,新能源,蔚来,蔚来ET7,16.0,2026-03-01,2026-03-01,1.0,343510.678
价格缺失/无效,SUV,C,新能源,别克,别克E4,16.0,2025-12-01,2026-06-01,6.0,0.0
价格缺失/无效,SUV,C,新能源,岚图,岚图FREE,15.0,2025-11-01,2026-06-01,6.0,0.0
价格缺失/无效,SUV,A,其他能源,海马,8S,15.0,2025-08-01,2026-01-01,4.0,0.0
价格缺失/无效,SUV,A,新能源,摩登汽车,Modern in,15.0,2025-08-01,2026-03-01,5.0,0.0
价格缺失/无效,轿车,A,新能源,首望,首望电动车,15.0,2025-09-01,2025-09-01,1.0,0.0
60万以上,跑车,跑车,新能源,迈凯伦,Artura,15.0,2025-10-01,2026-03-01,5.0,1650500.0
5-10万,SUV,B,其他能源,斯威,斯威G05,15.0,2025-09-01,2026-06-01,8.0,86652.93569593683
55-60万,轿车,C,其他能源,玛莎拉蒂,Ghibli,15.0,2026-01-01,2026-07-01,6.0,585898.1317333333
价格缺失/无效,跑车,跑车,其他能源,丰田,SUPRA,15.0,2026-01-01,2026-07-01,7.0,0.0
价格缺失/无效,SUV,A,其他能源,广汽传祺,影酷,15.0,2025-10-01,2026-07-01,8.0,0.0
价格缺失/无效,SUV,A,其他能源,哈弗,哈弗赤兔,15.0,2025-08-01,2026-05-01,8.0,0.0
价格缺失/无效,轿车,B,其他能源,捷尼赛思,G70,15.0,2025-09-01,2026-01-01,5.0,0.0
10-15万,轿车,A,其他能源,丰田,亚洲狮,15.0,2025-08-01,2025-08-01,1.0,117500.002979999
价格缺失/无效,SUV,A,其他能源,北京汽车制造厂,勇士,15.0,2025-08-01,2025-12-01,5.0,0.0
价格缺失/无效,SUV,B,新能源,极狐,阿尔法T,15.0,2025-11-01,2025-11-01,1.0,0.0
5-10万,SUV,A,其他能源,雪佛兰,星迈罗,14.0,2025-09-01,2025-09-01,1.0,93800.0005
价格缺失/无效,轿车,C,新能源,特斯拉,MODEL S,14.0,2025-10-01,2026-07-01,2.0,0.0
45-50万,SUV,C,新能源,JEEP,牧马人,14.0,2025-08-01,2026-06-01,6.0,482059.6287758307
40-45万,SUV,B,新能源,雷克萨斯,NX,14.0,2025-10-01,2026-07-01,6.0,413777.41776741564
价格缺失/无效,MPV,B,其他能源,广汽传祺,M8,14.0,2026-05-01,2026-07-01,3.0,0.0
价格缺失/无效,SUV,B,新能源,理想,理想i6,14.0,2025-08-01,2025-08-01,1.0,0.0
20-25万,SUV,A,其他能源,领克,领克05,13.0,2025-09-01,2026-06-01,5.0,223238.46153846153
价格缺失/无效,跑车,跑车,其他能源,丰田,86,13.0,2025-10-01,2026-06-01,7.0,0.0
价格缺失/无效,跑车,跑车,新能源,兰博基尼,Revuelto,13.0,2025-09-01,2025-09-01,1.0,0.0
10-15万,SUV,A,其他能源,斯威,斯威G01,13.0,2025-08-01,2025-09-01,2.0,100626.05913520415
价格缺失/无效,MPV,A,新能源,比亚迪,D1,12.0,2025-08-01,2026-01-01,4.0,0.0
价格缺失/无效,SUV,A,其他能源,观致,观致7,12.0,2025-09-01,2026-04-01,6.0,0.0
价格缺失/无效,SUV,B,新能源,启源,Q06,12.0,2026-07-01,2026-07-01,1.0,0.0
5-10万,轿车,A,其他能源,丰田,凌尚,12.0,2025-10-01,2025-10-01,1.0,95667.01286701292
价格缺失/无效,轿车,A,新能源,富康,富康ES500,12.0,2026-05-01,2026-07-01,3.0,0.0
价格缺失/无效,SUV,A,新能源,福特,领界,12.0,2025-08-01,2025-12-01,4.0,0.0
价格缺失/无效,SUV,A,新能源,领克,领克01,12.0,2025-08-01,2026-04-01,8.0,0.0
价格缺失/无效,SUV,A,新能源,长安,CS75,12.0,2025-11-01,2026-01-01,2.0,0.0
价格缺失/无效,跑车,跑车,新能源,劳斯莱斯,闪灵,11.0,2025-08-01,2025-09-01,2.0,0.0
价格缺失/无效,MPV,B,其他能源,丰田,塞纳,11.0,2025-12-01,2025-12-01,1.0,0.0
10-15万,SUV,B,其他能源,潍柴,U75PLUS,11.0,2025-08-01,2026-01-01,6.0,119721.5280405679
60万以上,跑车,跑车,其他能源,玛莎拉蒂,GranTurismo,11.0,2025-08-01,2026-06-01,6.0,1484466.6474063618
价格缺失/无效,SUV,B,其他能源,迈克萨斯,D60,11.0,2025-11-01,2026-07-01,6.0,0.0
价格缺失/无效,MPV,B,新能源,尊界,尊界V800,11.0,2026-07-01,2026-07-01,1.0,0.0
价格缺失/无效,SUV,A,其他能源,哈弗,哈弗神兽,11.0,2025-08-01,2025-11-01,4.0,0.0
60万以上,跑车,跑车,其他能源,阿斯顿马丁,V8 Vantage,11.0,2026-04-01,2026-07-01,4.0,1613736.3673054546
价格缺失/无效,轿车,A00,新能源,百智,百智大熊,11.0,2025-08-01,2026-04-01,5.0,0.0
价格缺失/无效,跑车,跑车,新能源,阿斯顿马丁,Valhalla,10.0,2026-05-01,2026-07-01,3.0,0.0
价格缺失/无效,SUV,D,新能源,比亚迪,大唐,10.0,2026-04-01,2026-05-01,2.0,0.0
价格缺失/无效,轿车,A,新能源,别克,微蓝6,9.0,2025-11-01,2026-04-01,4.0,0.0
价格缺失/无效,轿车,A,其他能源,大众,高尔夫,9.0,2025-08-01,2026-05-01,5.0,0.0
价格缺失/无效,轿车,A,新能源,领汇,领汇e3,9.0,2026-07-01,2026-07-01,1.0,0.0
价格缺失/无效,SUV,D,新能源,智己,智己LS9,9.0,2025-10-01,2025-10-01,1.0,0.0
60万以上,跑车,跑车,新能源,奔驰,AMG GT,9.0,2025-08-01,2026-04-01,5.0,2285500.0
价格缺失/无效,SUV,A,其他能源,MG,MG ONE,9.0,2025-10-01,2026-04-01,5.0,0.0
60万以上,跑车,跑车,其他能源,玛莎拉蒂,MC20,9.0,2025-08-01,2026-04-01,6.0,2306122.222222222
价格缺失/无效,SUV,A,新能源,哪吒,哪吒U,9.0,2025-09-01,2026-06-01,5.0,0.0
价格缺失/无效,SUV,A0,新能源,恒润,HR-S1,9.0,2025-08-01,2026-03-01,4.0,0.0
45-50万,轿车,B,其他能源,奔驰,C级AMG,9.0,2026-03-01,2026-07-01,4.0,477766.6666666667
5万以下,轿车,A00,新能源,凌宝汽车,凌宝COCO,9.0,2025-08-01,2025-11-01,4.0,35805.01133333333
价格缺失/无效,SUV,A,新能源,捷途,山海L6,9.0,2026-05-01,2026-07-01,3.0,0.0
5-10万,SUV,A0,新能源,吉利银河,几何E,9.0,2025-08-01,2025-09-01,2.0,54000.0
价格缺失/无效,SUV,A,新能源,大众,途岳,8.0,2026-01-01,2026-03-01,3.0,0.0
价格缺失/无效,SUV,B,新能源,长安,UNI-K,8.0,2026-05-01,2026-07-01,3.0,0.0
50-55万,跑车,跑车,其他能源,丰田,SUPRA,8.0,2025-08-01,2025-10-01,3.0,545824.995125
价格缺失/无效,SUV,B,其他能源,荣威,RX9,8.0,2025-10-01,2026-07-01,5.0,0.0
价格缺失/无效,SUV,A,新能源,恒驰,恒驰5,8.0,2025-08-01,2025-10-01,3.0,0.0
价格缺失/无效,轿车,A,其他能源,思皓,思皓A5,8.0,2025-09-01,2026-06-01,6.0,0.0
价格缺失/无效,轿车,A,其他能源,思皓,思皓曜,8.0,2026-03-01,2026-07-01,4.0,0.0
价格缺失/无效,SUV,B,其他能源,宝马,X4,8.0,2026-05-01,2026-07-01,3.0,0.0
价格缺失/无效,轿车,A,新能源,东风,俊风EV30,8.0,2025-12-01,2026-01-01,2.0,0.0
价格缺失/无效,轿车,A,其他能源,吉利,帝豪L,8.0,2026-01-01,2026-02-01,2.0,0.0
价格缺失/无效,SUV,A,其他能源,奔腾,奔腾T55,8.0,2025-08-01,2026-06-01,5.0,0.0
60万以上,轿车,B,新能源,奔驰,C级AMG,8.0,2026-03-01,2026-04-01,2.0,1015600.0
价格缺失/无效,轿车,D,其他能源,红旗,红旗国礼,8.0,2025-08-01,2025-10-01,3.0,0.0
价格缺失/无效,MPV,A,新能源,东风,帅客,8.0,2026-06-01,2026-07-01,2.0,0.0
价格缺失/无效,跑车,跑车,新能源,迈凯伦,Artura,7.0,2025-08-01,2026-07-01,3.0,0.0
价格缺失/无效,轿车,A00,新能源,极狐,LITE,7.0,2025-09-01,2026-05-01,5.0,0.0
60万以上,跑车,跑车,其他能源,法拉利,Roma,7.0,2025-08-01,2025-09-01,2.0,2760928.5714285714
60万以上,SUV,D,其他能源,红旗,红旗国耀,7.0,2025-08-01,2025-10-01,3.0,1416171.4335561884
价格缺失/无效,SUV,A,新能源,捷途,捷途大圣,7.0,2025-09-01,2026-01-01,3.0,0.0
价格缺失/无效,SUV,B,新能源,奇瑞,舒享家,7.0,2025-11-01,2026-05-01,4.0,0.0
35-40万,SUV,B,新能源,雷克萨斯,NX,7.0,2025-08-01,2025-09-01,2.0,387745.6283428571
价格缺失/无效,SUV,C,新能源,方程豹,钛7,7.0,2025-08-01,2025-08-01,1.0,0.0
价格缺失/无效,MPV,A,其他能源,五菱,凯捷,7.0,2025-08-01,2026-04-01,4.0,0.0
5-10万,轿车,A,其他能源,丰田,亚洲狮,7.0,2025-09-01,2025-10-01,2.0,98642.33206953936
价格缺失/无效,SUV,B,新能源,比亚迪,唐,7.0,2025-08-01,2025-12-01,4.0,0.0
价格缺失/无效,SUV,B,其他能源,江铃,驭胜,7.0,2025-10-01,2026-04-01,4.0,0.0
价格缺失/无效,SUV,A,其他能源,奇瑞,瑞虎7,7.0,2026-03-01,2026-03-01,1.0,0.0
价格缺失/无效,SUV,A,其他能源,吉利,豪越,7.0,2026-01-01,2026-07-01,5.0,0.0
价格缺失/无效,MPV,A,其他能源,海马,7X,6.0,2026-01-01,2026-06-01,2.0,0.0
价格缺失/无效,轿车,A,新能源,飞凡,ER6,6.0,2025-08-01,2026-06-01,4.0,0.0
价格缺失/无效,MPV,B,其他能源,吉利,嘉际,6.0,2026-02-01,2026-04-01,3.0,0.0
价格缺失/无效,SUV,C,新能源,路虎,揽胜,6.0,2026-01-01,2026-06-01,3.0,0.0
价格缺失/无效,轿车,B,新能源,现代,名图,6.0,2026-01-01,2026-06-01,4.0,0.0
价格缺失/无效,SUV,B,其他能源,丰田,凌放,6.0,2026-06-01,2026-06-01,1.0,0.0
20-25万,SUV,A,新能源,丰田,RAV4荣放,6.0,2025-08-01,2025-10-01,3.0,222616.52835
价格缺失/无效,SUV,D,新能源,小鹏,GX,6.0,2026-04-01,2026-04-01,1.0,0.0
价格缺失/无效,轿车,B,新能源,大众,迈腾,6.0,2025-08-01,2025-09-01,2.0,0.0
价格缺失/无效,MPV,A,新能源,大众,ID. Buzz,6.0,2026-05-01,2026-07-01,2.0,0.0
10-15万,MPV,B,其他能源,瑞风,瑞风M3,6.0,2025-12-01,2025-12-01,1.0,100161.88420000001
价格缺失/无效,轿车,A00,新能源,朋克,朋克大熊,6.0,2026-02-01,2026-07-01,4.0,0.0
价格缺失/无效,MPV,B,其他能源,东风风行,风行游艇,6.0,2026-03-01,2026-06-01,4.0,0.0
价格缺失/无效,SUV,A,其他能源,别克,昂科拉,6.0,2025-11-01,2026-06-01,5.0,0.0
价格缺失/无效,跑车,跑车,新能源,哪吒,哪吒GT,6.0,2025-08-01,2026-05-01,2.0,0.0
5-10万,SUV,B,其他能源,东风风光,风光580,6.0,2025-08-01,2025-11-01,3.0,90282.01173699946
价格缺失/无效,SUV,B,新能源,斯威,斯威大虎,6.0,2025-08-01,2025-11-01,3.0,0.0
价格缺失/无效,SUV,A,其他能源,阿尔法·罗密欧,托纳利,6.0,2026-04-01,2026-07-01,3.0,0.0
价格缺失/无效,SUV,B,新能源,江淮,江淮X8,6.0,2026-06-01,2026-07-01,2.0,0.0
10-15万,SUV,A,其他能源,东风风神,AX7,6.0,2025-09-01,2025-12-01,4.0,110050.0
价格缺失/无效,SUV,B,新能源,爱驰,U5,6.0,2025-09-01,2026-02-01,4.0,0.0
价格缺失/无效,SUV,B,其他能源,欧尚汽车,科赛,5.0,2025-11-01,2026-04-01,3.0,0.0
价格缺失/无效,轿车,A00,新能源,北京汽车制造厂,L2H,5.0,2025-10-01,2026-03-01,3.0,0.0
价格缺失/无效,轿车,A,新能源,东风风神,风神E60,5.0,2025-12-01,2025-12-01,1.0,0.0
价格缺失/无效,MPV,A,新能源,海马,7X,5.0,2025-09-01,2026-02-01,3.0,0.0
价格缺失/无效,轿车,B,新能源,比亚迪,秦,5.0,2026-05-01,2026-05-01,1.0,0.0
20-25万,SUV,A,其他能源,马自达,CX-50行也,5.0,2025-08-01,2025-08-01,1.0,214898.80479999998
价格缺失/无效,轿车,A,新能源,海马,M3,5.0,2025-08-01,2025-11-01,3.0,0.0
价格缺失/无效,轿车,B,新能源,阿维塔,阿维塔06,5.0,2026-03-01,2026-03-01,1.0,0.0
60万以上,SUV,C,新能源,宾利,添越,5.0,2025-10-01,2026-06-01,5.0,2283376.36114395
价格缺失/无效,SUV,A,其他能源,别克,昂扬,5.0,2025-09-01,2025-10-01,2.0,0.0
价格缺失/无效,SUV,D,新能源,GMC,悍马,5.0,2025-08-01,2026-03-01,4.0,0.0
价格缺失/无效,SUV,B,新能源,福特,Mustang,5.0,2025-08-01,2026-04-01,5.0,0.0
价格缺失/无效,轿车,A,其他能源,奔驰,CLA级,5.0,2026-03-01,2026-06-01,4.0,0.0
价格缺失/无效,SUV,B,其他能源,路虎,发现运动版,5.0,2026-04-01,2026-06-01,2.0,0.0
价格缺失/无效,SUV,C,其他能源,雪佛兰,开拓者,5.0,2025-11-01,2026-01-01,2.0,0.0
价格缺失/无效,SUV,C,新能源,小鹏,G9L,5.0,2026-07-01,2026-07-01,1.0,0.0
30-35万,轿车,C,新能源,岚图,岚图追光,5.0,2025-09-01,2026-02-01,3.0,335899.9962200004
价格缺失/无效,轿车,A,其他能源,北京汽车,北京U5,5.0,2026-05-01,2026-05-01,1.0,0.0
价格缺失/无效,SUV,C,新能源,大众,ID.6 CROZZ,5.0,2026-04-01,2026-07-01,3.0,0.0
价格缺失/无效,SUV,A,新能源,威马,EX5-Z,4.0,2025-12-01,2026-03-01,3.0,0.0
价格缺失/无效,跑车,跑车,其他能源,奔驰,SL级AMG,4.0,2026-07-01,2026-07-01,1.0,0.0
价格缺失/无效,SUV,B,其他能源,凯迪拉克,XT5,4.0,2025-12-01,2026-01-01,2.0,0.0
15-20万,SUV,A,其他能源,领克,领克05,4.0,2025-08-01,2025-08-01,1.0,182200.00034125
价格缺失/无效,SUV,C,其他能源,别克,昂科旗,4.0,2026-03-01,2026-03-01,1.0,0.0
价格缺失/无效,SUV,A,新能源,欧尚汽车,欧尚Z6,4.0,2026-06-01,2026-07-01,2.0,0.0
价格缺失/无效,MPV,B,其他能源,雷克萨斯,LM,4.0,2025-08-01,2025-10-01,2.0,0.0
价格缺失/无效,轿车,A,其他能源,江淮,江淮A5 PLUS,4.0,2026-05-01,2026-07-01,3.0,0.0
价格缺失/无效,SUV,A,其他能源,本田,HR-V,4.0,2026-04-01,2026-05-01,2.0,0.0
价格缺失/无效,MPV,A,新能源,东风风光,风光,4.0,2026-05-01,2026-07-01,3.0,0.0
价格缺失/无效,轿车,A00,新能源,长安,奔奔,4.0,2025-12-01,2026-04-01,2.0,0.0
15-20万,SUV,A,其他能源,北京汽车制造厂,勇士,4.0,2026-03-01,2026-05-01,3.0,152936.99135231524
价格缺失/无效,SUV,A,其他能源,北京汽车制造厂,战旗,4.0,2025-10-01,2026-01-01,2.0,0.0
价格缺失/无效,轿车,B,其他能源,凯迪拉克,CT4,4.0,2025-12-01,2026-07-01,3.0,0.0
60万以上,轿车,D,其他能源,奥迪,S8,4.0,2025-09-01,2026-03-01,3.0,1837150.000445
价格缺失/无效,轿车,A,新能源,MG,MG6,4.0,2026-02-01,2026-06-01,3.0,0.0
价格缺失/无效,SUV,C,新能源,宾利,添越,4.0,2025-08-01,2025-09-01,2.0,0.0
60万以上,轿车,D,新能源,宝马,7系,4.0,2025-12-01,2026-04-01,2.0,1377850.0
价格缺失/无效,轿车,B,新能源,威马,E.5,3.0,2025-12-01,2026-01-01,2.0,0.0
价格缺失/无效,轿车,B,新能源,奔驰,C级AMG,3.0,2026-06-01,2026-07-01,2.0,0.0
15-20万,SUV,C,其他能源,雪佛兰,开拓者,3.0,2025-08-01,2025-09-01,2.0,171705.48616709033
价格缺失/无效,SUV,A,其他能源,宝骏,530,3.0,2026-05-01,2026-05-01,1.0,0.0
10-15万,SUV,A,其他能源,本田,致在,3.0,2025-08-01,2025-08-01,1.0,121910.3036
价格缺失/无效,轿车,A,其他能源,大众,桑塔纳,3.0,2025-08-01,2026-07-01,3.0,0.0
价格缺失/无效,轿车,A,其他能源,吉利,帝豪GL,3.0,2026-02-01,2026-03-01,2.0,0.0
价格缺失/无效,SUV,A,其他能源,五菱,星辰,3.0,2025-11-01,2025-12-01,2.0,0.0
25-30万,SUV,B,新能源,捷尼赛思,GV60,3.0,2025-08-01,2025-08-01,1.0,293314.274882382
价格缺失/无效,SUV,B,新能源,奔腾,奔腾E01,3.0,2025-12-01,2026-05-01,2.0,0.0
价格缺失/无效,SUV,A,其他能源,吉利,博越,3.0,2025-12-01,2026-02-01,2.0,0.0
价格缺失/无效,SUV,B,新能源,雷克萨斯,RZ,3.0,2026-06-01,2026-06-01,1.0,0.0
15-20万,SUV,B,新能源,捷途,捷途X70,3.0,2025-08-01,2025-08-01,1.0,150216.052783947
价格缺失/无效,轿车,A00,新能源,江淮,江淮iEV,3.0,2025-08-01,2026-04-01,2.0,0.0
价格缺失/无效,SUV,A,其他能源,领克,领克01,3.0,2025-08-01,2025-09-01,2.0,0.0
价格缺失/无效,SUV,C,其他能源,奔腾,奔腾T99,3.0,2025-08-01,2025-12-01,3.0,0.0
价格缺失/无效,SUV,B,新能源,荣威,MARVEL X,3.0,2025-08-01,2025-09-01,2.0,0.0
价格缺失/无效,SUV,A,其他能源,哈弗,哈弗酷狗,3.0,2025-09-01,2025-09-01,1.0,0.0
15-20万,SUV,A,其他能源,日产,奇骏,3.0,2025-08-01,2025-08-01,1.0,174720.3811
价格缺失/无效,SUV,B,其他能源,荣威,RX8,3.0,2025-11-01,2026-06-01,3.0,0.0
价格缺失/无效,轿车,B,其他能源,雷克萨斯,IS,3.0,2025-08-01,2025-11-01,2.0,0.0
5-10万,SUV,A,其他能源,MG,MG ONE,3.0,2025-08-01,2025-09-01,2.0,83600.0014999998
价格缺失/无效,SUV,B,其他能源,福特,EVOS,3.0,2025-08-01,2026-01-01,2.0,0.0
价格缺失/无效,SUV,A0,新能源,思铭,M-NV,3.0,2025-08-01,2026-05-01,3.0,0.0
价格缺失/无效,轿车,A,其他能源,本田,享域,3.0,2025-09-01,2026-05-01,3.0,0.0
价格缺失/无效,SUV,A0,其他能源,起亚,KX3,3.0,2026-03-01,2026-07-01,2.0,0.0
价格缺失/无效,轿车,A,其他能源,长安,逸达,3.0,2025-11-01,2025-12-01,2.0,0.0
价格缺失/无效,SUV,C,新能源,沃尔沃,EX90,3.0,2026-05-01,2026-05-01,1.0,0.0
价格缺失/无效,轿车,C,新能源,沃尔沃,ES90,3.0,2026-05-01,2026-05-01,1.0,0.0
价格缺失/无效,SUV,B,其他能源,大众,途观,3.0,2026-05-01,2026-07-01,2.0,0.0
60万以上,轿车,D,新能源,梅赛德斯-迈巴赫,S级,3.0,2025-08-01,2025-12-01,2.0,1900200.0
价格缺失/无效,SUV,A0,新能源,云度,云兔,3.0,2026-01-01,2026-04-01,2.0,0.0
45-50万,轿车,C,其他能源,宝马,6系,3.0,2025-08-01,2025-08-01,1.0,456953.1524
60万以上,SUV,D,其他能源,兰博基尼,Urus,2.0,2026-01-01,2026-01-01,1.0,2629952.9965
价格缺失/无效,MPV,B,其他能源,领途,领途M8,2.0,2025-09-01,2025-12-01,2.0,0.0
价格缺失/无效,SUV,A0,新能源,现代,昂希诺,2.0,2025-08-01,2026-01-01,2.0,0.0
价格缺失/无效,SUV,A,其他能源,现代,ix 35,2.0,2025-09-01,2026-02-01,2.0,0.0
价格缺失/无效,轿车,A00,新能源,华晨新日,新日i03,2.0,2026-04-01,2026-04-01,1.0,0.0
价格缺失/无效,轿车,C,新能源,奥迪,RS e-tron GT,2.0,2025-09-01,2025-09-01,1.0,0.0
价格缺失/无效,SUV,A0,新能源,雷诺,雷诺 e诺,2.0,2026-05-01,2026-05-01,1.0,0.0
35-40万,SUV,B,其他能源,捷豹,F-pace,2.0,2025-10-01,2025-10-01,1.0,368149.9961475
价格缺失/无效,轿车,A,新能源,吉利,帝豪GL,2.0,2025-09-01,2026-06-01,2.0,0.0
价格缺失/无效,SUV,B,其他能源,东风风神,皓极,2.0,2025-11-01,2025-11-01,1.0,0.0
价格缺失/无效,轿车,A,其他能源,宝骏,RC-5,2.0,2025-11-01,2026-02-01,2.0,0.0
价格缺失/无效,SUV,B,新能源,路虎,揽胜极光,2.0,2026-03-01,2026-07-01,2.0,0.0
价格缺失/无效,轿车,A00,新能源,知豆,知豆D2,2.0,2026-07-01,2026-07-01,1.0,0.0
价格缺失/无效,SUV,B,其他能源,捷豹,F-pace,2.0,2026-06-01,2026-06-01,1.0,0.0
价格缺失/无效,轿车,C,新能源,高合,HiPhi Z,2.0,2025-11-01,2026-07-01,2.0,0.0
价格缺失/无效,轿车,A00,新能源,领途,E行,2.0,2026-03-01,2026-04-01,2.0,0.0
价格缺失/无效,跑车,跑车,其他能源,日产,GT-R,2.0,2026-04-01,2026-04-01,1.0,0.0
价格缺失/无效,SUV,A,其他能源,五菱,星云,2.0,2025-10-01,2026-03-01,2.0,0.0
价格缺失/无效,SUV,A,其他能源,红旗,HS3,2.0,2026-04-01,2026-04-01,1.0,0.0
5-10万,SUV,A0,其他能源,东风风光,风光500,2.0,2025-08-01,2025-08-01,1.0,55342.8246428246
价格缺失/无效,SUV,A,新能源,天际,天际ME5,2.0,2025-11-01,2026-03-01,2.0,0.0
价格缺失/无效,SUV,A,新能源,丰田,威兰达,2.0,2025-11-01,2025-11-01,1.0,0.0
价格缺失/无效,SUV,C,新能源,北京越野,北京81VJ,2.0,2026-07-01,2026-07-01,1.0,0.0
价格缺失/无效,轿车,A,新能源,日产,轩逸,2.0,2025-09-01,2025-09-01,1.0,0.0
价格缺失/无效,SUV,D,新能源,凯迪拉克,VISTIQ,2.0,2026-01-01,2026-01-01,1.0,0.0
10-15万,SUV,A,其他能源,雪佛兰,星迈罗,2.0,2025-10-01,2025-10-01,1.0,108699.99954
价格缺失/无效,SUV,A,新能源,小鹏,G3,2.0,2025-09-01,2025-10-01,2.0,0.0
价格缺失/无效,SUV,C,新能源,RIVIAN,RIVIAN R1S,2.0,2026-07-01,2026-07-01,1.0,0.0
40-45万,SUV,B,新能源,现代,IONIQ 5,2.0,2026-01-01,2026-02-01,2.0,405920.169
价格缺失/无效,轿车,C,新能源,比亚迪,汉,2.0,2025-09-01,2025-10-01,2.0,0.0
价格缺失/无效,SUV,B,新能源,捷尼赛思,GV60,2.0,2025-09-01,2025-09-01,1.0,0.0
10-15万,SUV,B,其他能源,东风风光,风光580,2.0,2026-04-01,2026-04-01,1.0,104367.219
价格缺失/无效,轿车,C,其他能源,丰田,皇冠,2.0,2025-12-01,2025-12-01,1.0,0.0
价格缺失/无效,SUV,A0,新能源,奥迪,Q2L,2.0,2026-04-01,2026-04-01,1.0,0.0
25-30万,轿车,B,其他能源,捷尼赛思,G70,2.0,2025-08-01,2025-08-01,1.0,276890.952
价格缺失/无效,SUV,C,其他能源,宝骏,RS-7,2.0,2025-08-01,2025-08-01,1.0,0.0
10-15万,SUV,A,新能源,长安,CS75,2.0,2025-08-01,2025-09-01,2.0,127400.0
价格缺失/无效,SUV,A,新能源,MG,领航,2.0,2026-03-01,2026-03-01,1.0,0.0
价格缺失/无效,SUV,A0,新能源,思皓,思皓E40X,2.0,2025-08-01,2025-12-01,2.0,0.0
价格缺失/无效,MPV,B,其他能源,华颂,华颂7,2.0,2025-11-01,2025-11-01,1.0,0.0
价格缺失/无效,MPV,B,其他能源,雪佛兰,Express,2.0,2025-08-01,2026-01-01,2.0,0.0
价格缺失/无效,SUV,D,新能源,梅赛德斯-迈巴赫,EQS SUV,1.0,2026-07-01,2026-07-01,1.0,0.0
价格缺失/无效,SUV,A,其他能源,东风风神,AX7,1.0,2026-03-01,2026-03-01,1.0,0.0
价格缺失/无效,SUV,D,其他能源,北京越野,BJ90,1.0,2026-01-01,2026-01-01,1.0,0.0
价格缺失/无效,SUV,A,其他能源,MG,锐腾,1.0,2025-10-01,2025-10-01,1.0,0.0
价格缺失/无效,MPV,A,其他能源,比亚迪,宋MAX,1.0,2026-06-01,2026-06-01,1.0,0.0
价格缺失/无效,SUV,A,其他能源,众泰,T300,1.0,2025-09-01,2025-09-01,1.0,0.0
价格缺失/无效,SUV,A,其他能源,凯翼,凯翼X5,1.0,2026-07-01,2026-07-01,1.0,0.0
价格缺失/无效,SUV,A,其他能源,东南,DX7星跃,1.0,2026-01-01,2026-01-01,1.0,0.0
价格缺失/无效,跑车,跑车,其他能源,劳斯莱斯,魅影,1.0,2025-08-01,2025-08-01,1.0,0.0
10-15万,SUV,A,其他能源,别克,昂扬,1.0,2025-08-01,2025-08-01,1.0,112799.99909
价格缺失/无效,MPV,B,新能源,五菱,五菱征程,1.0,2025-09-01,2025-09-01,1.0,0.0
价格缺失/无效,SUV,C,新能源,蔚来,蔚来ES7,1.0,2025-12-01,2025-12-01,1.0,0.0
40-45万,跑车,跑车,其他能源,捷豹,F-TYPE,1.0,2025-09-01,2025-09-01,1.0,449300.0
价格缺失/无效,轿车,C,新能源,捷尼赛思,G80,1.0,2025-10-01,2025-10-01,1.0,0.0
35-40万,SUV,B,新能源,捷尼赛思,GV70,1.0,2025-08-01,2025-08-01,1.0,385800.005399999
60万以上,跑车,跑车,其他能源,玛莎拉蒂,GranCabrio,1.0,2025-09-01,2025-09-01,1.0,2435200.0
价格缺失/无效,MPV,A,其他能源,五菱,佳辰,1.0,2025-12-01,2025-12-01,1.0,0.0
价格缺失/无效,轿车,C,其他能源,红旗,H7,1.0,2026-05-01,2026-05-01,1.0,0.0
价格缺失/无效,轿车,B,新能源,沃尔沃,S60,1.0,2025-11-01,2025-11-01,1.0,0.0
价格缺失/无效,轿车,A00,新能源,敏安汽车,敏微ET1,1.0,2026-05-01,2026-05-01,1.0,0.0
价格缺失/无效,跑车,跑车,其他能源,宝马,Z4,1.0,2026-07-01,2026-07-01,1.0,0.0
价格缺失/无效,轿车,A,其他能源,别克,英朗,1.0,2025-09-01,2025-09-01,1.0,0.0
价格缺失/无效,轿车,A,新能源,荣威,荣威i6,1.0,2026-06-01,2026-06-01,1.0,0.0
价格缺失/无效,SUV,B,新能源,天际,天际ME7,1.0,2026-07-01,2026-07-01,1.0,0.0
价格缺失/无效,SUV,A,新能源,沃尔沃,XC40,1.0,2025-08-01,2025-08-01,1.0,0.0
价格缺失/无效,SUV,A,新能源,荣威,RX5,1.0,2026-07-01,2026-07-01,1.0,0.0
价格缺失/无效,SUV,A,新能源,起亚,EV3,1.0,2025-11-01,2025-11-01,1.0,0.0
价格缺失/无效,SUV,A0,其他能源,丰田,C-HR,1.0,2026-01-01,2026-01-01,1.0,0.0
价格缺失/无效,轿车,A,新能源,广汽传祺,绎乐,1.0,2025-09-01,2025-09-01,1.0,0.0
5-10万,SUV,A,其他能源,别克,昂科拉,1.0,2025-08-01,2025-08-01,1.0,95800.0005
价格缺失/无效,SUV,A0,其他能源,雪佛兰,创酷,1.0,2025-11-01,2025-11-01,1.0,0.0
价格缺失/无效,SUV,A0,新能源,云度,云度π1,1.0,2025-09-01,2025-09-01,1.0,0.0
价格缺失/无效,轿车,A,新能源,奔腾,奔腾B30,1.0,2025-11-01,2025-11-01,1.0,0.0
20-25万,SUV,A,新能源,丰田,威兰达,1.0,2025-08-01,2025-08-01,1.0,225686.43
价格缺失/无效,SUV,A0,新能源,比亚迪,元,1.0,2025-11-01,2025-11-01,1.0,0.0
价格缺失/无效,SUV,A0,新能源,江淮,江淮iEV,1.0,2026-06-01,2026-06-01,1.0,0.0
价格缺失/无效,SUV,A0,新能源,理念,理念VE-1,1.0,2026-02-01,2026-02-01,1.0,0.0
价格缺失/无效,SUV,B,其他能源,东风风光,风光580,1.0,2026-07-01,2026-07-01,1.0,0.0
价格缺失/无效,SUV,B,新能源,丰田,bZ4X,1.0,2025-12-01,2025-12-01,1.0,0.0
20-25万,SUV,C,其他能源,雪佛兰,开拓者,1.0,2025-10-01,2025-10-01,1.0,207459.20019056
价格缺失/无效,SUV,B,其他能源,长安,CS95,1.0,2025-08-01,2025-08-01,1.0,0.0
价格缺失/无效,轿车,A,其他能源,日产,新蓝鸟,1.0,2025-08-01,2025-08-01,1.0,0.0
价格缺失/无效,SUV,B,其他能源,捷途,捷途X90,1.0,2026-06-01,2026-06-01,1.0,0.0
价格缺失/无效,SUV,B,其他能源,日产,楼兰,1.0,2025-09-01,2025-09-01,1.0,0.0
价格缺失/无效,轿车,A,其他能源,长安,逸动,1.0,2026-03-01,2026-03-01,1.0,0.0
25-30万,SUV,A,新能源,起亚,EV6,1.0,2025-08-01,2025-08-01,1.0,277300.03239999
价格缺失/无效,SUV,B,其他能源,现代,Nexo,1.0,2025-09-01,2025-09-01,1.0,0.0
价格缺失/无效,SUV,A,新能源,广汽传祺,GS4,1.0,2025-08-01,2025-08-01,1.0,0.0
价格缺失/无效,轿车,A0,其他能源,大众,POLO,1.0,2026-07-01,2026-07-01,1.0,0.0
价格缺失/无效,轿车,B,其他能源,红旗,H5,1.0,2025-10-01,2025-10-01,1.0,0.0
45-50万,SUV,D,新能源,红旗,E-HS9,1.0,2025-08-01,2025-08-01,1.0,499251.513014849
价格缺失/无效,SUV,A,其他能源,吉利,GX7,1.0,2025-08-01,2025-08-01,1.0,0.0
价格缺失/无效,轿车,B,其他能源,奔腾,奔腾B90,1.0,2025-12-01,2025-12-01,1.0,0.0
价格缺失/无效,轿车,B,其他能源,东风风神,奕炫,1.0,2026-07-01,2026-07-01,1.0,0.0
价格缺失/无效,SUV,A,其他能源,吉利,帝豪S,1.0,2026-07-01,2026-07-01,1.0,0.0
10-15万,轿车,A0,新能源,欧拉,欧拉好猫,1.0,2025-09-01,2025-09-01,1.0,100498.680798681
价格缺失/无效,SUV,A,其他能源,启辰,启辰大V,1.0,2025-12-01,2025-12-01,1.0,0.0
价格缺失/无效,SUV,A,其他能源,哈弗,哈弗H6 COUPE,1.0,2026-02-01,2026-02-01,1.0,0.0
价格缺失/无效,轿车,A00,新能源,长安凯程,睿行ES30,1.0,2026-06-01,2026-06-01,1.0,0.0
价格缺失/无效,SUV,B,新能源,赛力斯,赛力斯SF5,1.0,2026-01-01,2026-01-01,1.0,0.0
价格缺失/无效,轿车,A00,新能源,欧尚汽车,奔奔E-Star,1.0,2026-06-01,2026-06-01,1.0,0.0
价格缺失/无效,SUV,A,其他能源,比亚迪,宋,1.0,2026-06-01,2026-06-01,1.0,0.0
价格缺失/无效,SUV,A,其他能源,现代,途胜,1.0,2025-08-01,2025-08-01,1.0,0.0
价格缺失/无效,SUV,A,其他能源,福特,领界,1.0,2025-12-01,2025-12-01,1.0,0.0
价格缺失/无效,轿车,A00,新能源,北京汽车制造厂,大猫,1.0,2026-02-01,2026-02-01,1.0,0.0
价格缺失/无效,SUV,A,其他能源,起亚,狮铂拓界,1.0,2026-07-01,2026-07-01,1.0,0.0
价格缺失/无效,跑车,跑车,新能源,前途,前途K50,1.0,2025-12-01,2025-12-01,1.0,0.0
60万以上,跑车,跑车,新能源,广汽昊铂,昊铂SSR,1.0,2025-12-01,2025-12-01,1.0,1286000.04999999
价格缺失/无效,SUV,A,其他能源,雷克萨斯,UX,1.0,2025-08-01,2025-08-01,1.0,0.0
价格缺失/无效,轿车,A00,新能源,五菱,晴空,1.0,2025-09-01,2025-09-01,1.0,0.0
5-10万,轿车,A,其他能源,思皓,思皓A5,1.0,2025-08-01,2025-08-01,1.0,87581.022
价格缺失/无效,轿车,A00,其他能源,长安,奔奔,1.0,2025-08-01,2025-08-01,1.0,0.0
5-10万,轿车,A,其他能源,凯翼,轩度,1.0,2025-10-01,2025-10-01,1.0,76668.5826685827
价格缺失/无效,SUV,A,新能源,东风风行,风行雷霆,1.0,2025-11-01,2025-11-01,1.0,0.0
价格缺失/无效,轿车,A0,新能源,江淮,江淮iEV,1.0,2026-06-01,2026-06-01,1.0,0.0
价格缺失/无效,SUV,B,新能源,威马,W6,1.0,2025-08-01,2025-08-01,1.0,0.0
40-45万,轿车,B,其他能源,阿尔法·罗密欧,朱丽叶,1.0,2026-02-01,2026-02-01,1.0,409654.074739185
