brand,model,sales_12m,active_months,recent_3m_sales,prior_3m_sales,recent_3m_avg,prior_3m_avg,growth_pct,price_bucket,body_type,vehicle_level_group,fuel_type_group,primary_segment_sales,model_recent_segment_sales,segment_recent_sales,recent_segment_share_pct,current_rank,breakout,dominant,scale_hit,persistent,breakout_type,current_status
吉利银河,星愿,414079.0,12,104947.0,77702.0,34982.333333333336,25900.666666666668,35.0634475303081,5-10万,轿车,A0,新能源,414079.0,104947.0,269657.0,38.918700423130126,1,True,True,True,True,规模爆款,上升
特斯拉,MODEL Y,341077.0,12,76820.0,68158.0,25606.666666666668,22719.333333333332,12.70870624138034,25-30万,SUV,B,新能源,341077.0,76820.0,93420.0,82.23078569899378,2,False,True,True,True,规模爆款,稳定
比亚迪,元,286242.0,12,73922.0,55001.0,24640.666666666668,18333.666666666668,34.40119270558717,5-10万,SUV,A0,新能源,206095.0,54675.0,122173.0,44.752113805832714,3,True,True,True,True,规模爆款,上升
零跑,零跑A10,76737.0,5,65513.0,11224.0,21837.666666666668,3741.3333333333335,483.6867426942266,5-10万,SUV,A0,新能源,76737.0,65513.0,122173.0,53.62314095585767,4,True,True,True,False,规模爆款,上升
小米,小米SU7,180140.0,12,65417.0,35554.0,21805.666666666668,11851.333333333334,83.99336220959668,20-25万,轿车,C,新能源,168239.0,65254.0,86828.0,75.15317639471138,5,True,True,True,True,规模爆款,上升
比亚迪,秦,441024.0,12,64081.0,62720.0,21360.333333333332,20906.666666666668,2.1699617346938593,5-10万,轿车,A,新能源,238588.0,37500.0,116458.0,32.200449947620605,6,False,True,True,True,规模爆款,稳定
理想,理想i6,165798.0,12,57549.0,61125.0,19183.0,20375.0,-5.850306748466261,20-25万,SUV,B,新能源,165784.0,57549.0,74269.0,77.48724232183011,7,False,True,True,True,统治型爆款,稳定
五菱,五菱缤果,198450.0,12,55488.0,34655.0,18496.0,11551.666666666666,60.11542345981822,5-10万,轿车,A0,新能源,186335.0,55488.0,269657.0,20.577251842155032,8,True,True,True,True,规模爆款,上升
方程豹,钛7,193420.0,12,54130.0,38011.0,18043.333333333332,12670.333333333334,42.40614558943463,20-25万,SUV,C,新能源,167522.0,28239.0,68442.0,41.25975278337863,9,True,True,True,True,规模爆款,上升
比亚迪,海狮06,231834.0,12,50992.0,43107.0,16997.333333333332,14369.0,18.29169276451619,15-20万,SUV,B,新能源,140028.0,35811.0,168688.0,21.229133074077584,10,False,True,True,True,规模爆款,上升
启源,Q05,90439.0,11,49434.0,30293.0,16478.0,10097.666666666666,63.18621463704488,5-10万,SUV,A,新能源,88651.0,49434.0,64533.0,76.60266840221283,11,True,True,True,True,规模爆款,上升
比亚迪,海狮05,116250.0,12,48541.0,13614.0,16180.333333333334,4538.0,256.552078742471,10-15万,SUV,A,新能源,116250.0,48541.0,217543.0,22.31328978638706,12,True,True,True,True,规模爆款,上升
比亚迪,宋,202289.0,12,45660.0,36453.0,15220.0,12151.0,25.25718047897292,10-15万,SUV,A,新能源,202288.0,45659.0,217543.0,20.988494228727195,13,True,True,True,True,规模爆款,上升
丰田,卡罗拉锐放,43631.0,3,43631.0,,14543.666666666666,,,5-10万,SUV,A,其他能源,43631.0,43631.0,221299.0,19.715859538452502,14,False,False,True,False,规模爆款,稳定
大众,朗逸,220155.0,12,43376.0,47211.0,14458.666666666666,15737.0,-8.123106903052257,5-10万,轿车,A,其他能源,200258.0,43368.0,222023.0,19.53311143440094,15,False,False,True,True,持续型爆款,稳定
比亚迪,海豹06,221098.0,12,43152.0,39233.0,14384.0,13077.666666666666,9.989039838911129,10-15万,轿车,B,新能源,168632.0,43152.0,188091.0,22.942086543215783,16,False,True,True,True,规模爆款,稳定
丰田,凯美瑞,185020.0,12,42119.0,33987.0,14039.666666666666,11329.0,23.92679553947097,15-20万,轿车,B,其他能源,98317.0,,76376.0,,17,False,False,True,True,规模爆款,上升
吉利,博越,238880.0,12,41206.0,51797.0,13735.333333333334,17265.666666666668,-20.447130142672354,10-15万,SUV,A,其他能源,161797.0,26929.0,227197.0,11.852709322746339,18,False,False,True,True,持续型爆款,下滑
比亚迪,海豚,167786.0,12,39879.0,37433.0,13293.0,12477.666666666666,6.534341356557061,5-10万,轿车,A0,新能源,167786.0,39879.0,269657.0,14.788787237119749,19,False,False,True,True,规模爆款,稳定
丰田,RAV4荣放,168374.0,12,39462.0,32766.0,13154.0,10922.0,20.43581761582127,10-15万,SUV,A,其他能源,89225.0,,227197.0,,20,False,False,True,True,规模爆款,上升
日产,轩逸,248547.0,12,38904.0,50792.0,12968.0,16930.666666666668,-23.405260670971817,5-10万,轿车,A,其他能源,248509.0,38898.0,222023.0,17.519806506533104,21,False,False,True,True,持续型爆款,下滑
吉利,星越,177092.0,12,38650.0,34569.0,12883.333333333334,11523.0,11.805374757730913,10-15万,SUV,A,其他能源,175360.0,38531.0,227197.0,16.959290835706458,22,False,False,True,True,规模爆款,稳定
五菱,宏光MINI EV,306138.0,12,38011.0,31869.0,12670.333333333334,10623.0,19.27264740029497,5万以下,轿车,A00,新能源,306138.0,38011.0,80552.0,47.18815175290496,23,False,True,True,True,规模爆款,上升
小鹏,MONA M03,143758.0,12,37282.0,27138.0,12427.333333333334,9046.0,37.379320509986,10-15万,轿车,A,新能源,143758.0,37282.0,68407.0,54.50027044015964,24,True,True,True,True,规模爆款,上升
吉利,缤越,132803.0,12,36685.0,31066.0,12228.333333333334,10355.333333333334,18.087298010686915,5-10万,SUV,A0,其他能源,132803.0,36685.0,50161.0,73.13450688782122,25,False,True,True,True,规模爆款,上升
大众,迈腾,166835.0,12,36275.0,33691.0,12091.666666666666,11230.333333333334,7.669704075272321,15-20万,轿车,B,其他能源,165989.0,35435.0,76376.0,46.395464543835764,26,False,True,True,True,规模爆款,稳定
大众,探岳,162781.0,12,35838.0,33834.0,11946.0,11278.0,5.923035999290649,10-15万,SUV,B,其他能源,159350.0,34737.0,141351.0,24.574994163465416,27,False,True,True,True,规模爆款,稳定
AITO,问界M6,40601.0,5,35763.0,4838.0,11921.0,1612.6666666666667,639.210417527904,25-30万,SUV,C,新能源,39821.0,35763.0,83149.0,43.010739756341025,28,True,True,True,False,规模爆款,上升
比亚迪,宋Ultra,35368.0,3,35368.0,,11789.333333333334,,,15-20万,SUV,B,新能源,25759.0,25759.0,168688.0,15.270202978279427,29,False,False,True,False,规模爆款,稳定
大众,途观,185222.0,12,35312.0,37084.0,11770.666666666666,12361.333333333334,-4.778341063531455,10-15万,SUV,B,其他能源,80828.0,24098.0,141351.0,17.048340655531266,30,False,False,True,True,持续型爆款,稳定
MG,MG4 EV,115696.0,12,35128.0,23795.0,11709.333333333334,7931.666666666667,47.62765286824964,5-10万,轿车,A,新能源,114677.0,35128.0,116458.0,30.16366415360044,31,True,True,True,True,规模爆款,上升
大众,速腾,205921.0,12,34852.0,40127.0,11617.333333333334,13375.666666666666,-13.145762204999123,10-15万,轿车,A,其他能源,201075.0,31446.0,86418.0,36.388252447406785,32,False,True,True,True,统治型爆款,稳定
特斯拉,MODEL 3,166670.0,12,34686.0,31753.0,11562.0,10584.333333333334,9.236922495512223,20-25万,轿车,B,新能源,166670.0,34686.0,47752.0,72.63779527559055,33,False,True,True,True,规模爆款,稳定
奇瑞,瑞虎8,172601.0,12,34027.0,36517.0,11342.333333333334,12172.333333333334,-6.818741955801411,10-15万,SUV,B,其他能源,154089.0,29934.0,141351.0,21.17706984740115,34,False,True,True,True,统治型爆款,稳定
大众,帕萨特,186220.0,12,33585.0,38559.0,11195.0,12853.0,-12.899712129463936,15-20万,轿车,B,其他能源,162230.0,13888.0,76376.0,18.183722635382843,35,False,False,True,True,持续型爆款,稳定
小米,YU7,259442.0,12,33542.0,43784.0,11180.666666666666,14594.666666666666,-23.392106705645897,25-30万,SUV,C,新能源,259442.0,33542.0,83149.0,40.339631264356754,36,False,True,True,True,统治型爆款,下滑
深蓝,S05,111274.0,12,33489.0,24671.0,11163.0,8223.666666666666,35.74236958372179,10-15万,SUV,B,新能源,111274.0,33489.0,216778.0,15.448523374143134,37,True,False,True,True,规模爆款,上升
丰田,锋兰达,161496.0,12,33031.0,35085.0,11010.333333333334,11695.0,-5.854353712412708,5-10万,SUV,A,其他能源,132639.0,27417.0,221299.0,12.389120601539094,38,False,False,True,True,持续型爆款,稳定
奔驰,E级,134889.0,12,32330.0,27730.0,10776.666666666666,9243.333333333334,16.588532275513867,40-45万,轿车,C,其他能源,75783.0,,190.0,,39,False,False,True,True,规模爆款,上升
蔚来,蔚来ES8,131453.0,12,31638.0,42458.0,10546.0,14152.666666666666,-25.484007725281455,40-45万,SUV,C,新能源,99815.0,,7431.0,,40,False,False,True,True,持续型爆款,下滑
宝马,3系,140042.0,12,30934.0,27445.0,10311.333333333334,9148.333333333334,12.712698123519761,20-25万,轿车,B,其他能源,140042.0,30934.0,85792.0,36.05697500932487,41,False,True,True,True,规模爆款,稳定
奔驰,GLC级,121278.0,12,30600.0,25532.0,10200.0,8510.666666666666,19.849600501331665,30-35万,SUV,B,其他能源,67968.0,28315.0,40899.0,69.23152155309421,42,False,True,True,True,规模爆款,上升
零跑,零跑C10,122180.0,12,30367.0,24275.0,10122.333333333334,8091.666666666667,25.09577754891865,10-15万,SUV,B,新能源,122180.0,30367.0,216778.0,14.008340329738258,43,True,False,True,True,规模爆款,上升
长安,CS75,149021.0,12,29394.0,33751.0,9798.0,11250.333333333334,-12.909247133418278,5-10万,SUV,A,其他能源,78905.0,12637.0,221299.0,5.710373747734964,44,False,False,True,True,持续型爆款,稳定
丰田,威兰达,96315.0,12,28974.0,18167.0,9658.0,6055.666666666667,59.48698189024053,10-15万,SUV,A,其他能源,72949.0,23394.0,227197.0,10.29679089072479,45,True,False,True,True,规模爆款,上升
比亚迪,海鸥,176153.0,12,28448.0,29934.0,9482.666666666666,9978.0,-4.964254693659386,5-10万,轿车,A0,新能源,176153.0,28448.0,269657.0,10.549698320458953,46,False,False,True,True,持续型爆款,稳定
本田,CR-V,146409.0,12,28207.0,27803.0,9402.333333333334,9267.666666666666,1.453080602812662,15-20万,SUV,A,其他能源,109834.0,5567.0,79520.0,7.000754527162978,47,False,False,True,True,规模爆款,稳定
奇瑞QQ,QQ,34696.0,5,27508.0,7188.0,9169.333333333334,2396.0,282.6933778519755,5-10万,轿车,A0,新能源,34523.0,27508.0,269657.0,10.201107332648512,48,True,False,True,False,规模爆款,上升
丰田,亚洲龙,116807.0,12,26989.0,26506.0,8996.333333333334,8835.333333333334,1.822228929299019,15-20万,轿车,B,其他能源,70967.0,16801.0,76376.0,21.99774798365979,49,False,True,True,True,规模爆款,稳定
吉利,星瑞,130488.0,12,25808.0,32323.0,8602.666666666666,10774.333333333334,-20.155926120719002,10-15万,轿车,A,其他能源,78543.0,3507.0,86418.0,4.058182323127126,50,False,False,True,True,持续型爆款,下滑
奥迪,A6,141338.0,12,24522.0,27622.0,8174.0,9207.333333333334,-11.22293823763667,30-35万,轿车,C,其他能源,134679.0,20793.0,42610.0,48.7984041304858,51,False,True,True,True,统治型爆款,稳定
奔驰,C级,97728.0,12,23717.0,17391.0,7905.666666666667,5797.0,36.375136564889885,20-25万,轿车,B,其他能源,64711.0,23696.0,85792.0,27.620290936217827,52,True,True,True,True,规模爆款,上升
零跑,零跑D19,25604.0,4,23607.0,1997.0,7869.0,665.6666666666666,1082.1231847771658,20-25万,SUV,D,新能源,25604.0,23607.0,35621.0,66.2727043036411,53,True,True,True,False,规模爆款,上升
红旗,H5,140746.0,12,23203.0,26860.0,7734.333333333333,8953.333333333334,-13.615040953090107,10-15万,轿车,B,其他能源,125714.0,20069.0,143085.0,14.025928643813119,54,False,False,True,True,持续型爆款,稳定
哈弗,哈弗猛龙,84342.0,12,23186.0,14072.0,7728.666666666667,4690.666666666667,64.76691301876065,15-20万,SUV,B,新能源,56705.0,18697.0,168688.0,11.083775965095324,55,True,False,True,True,规模爆款,上升
丰田,铂智3X,92164.0,12,22787.0,20682.0,7595.666666666667,6894.0,10.1779325016923,10-15万,SUV,B,新能源,92164.0,22787.0,216778.0,10.511675539030714,56,False,False,True,True,规模爆款,稳定
本田,雅阁,120906.0,12,22262.0,16130.0,7420.666666666667,5376.666666666667,38.01611903285802,10-15万,轿车,B,其他能源,93202.0,21999.0,143085.0,15.374777230317644,57,True,False,True,True,规模爆款,上升
长安,长安X5,42433.0,12,22181.0,6729.0,7393.666666666667,2243.0,229.63293208500522,5-10万,SUV,A,其他能源,42433.0,22181.0,221299.0,10.023090931273977,58,True,False,True,True,规模爆款,上升
大众,途岳,116712.0,12,22089.0,22766.0,7363.0,7588.666666666667,-2.9737327593780227,5-10万,SUV,A,其他能源,97532.0,20064.0,221299.0,9.066466635637758,59,False,False,True,True,持续型爆款,稳定
埃安,AION i60,54901.0,9,21519.0,18565.0,7173.0,6188.333333333333,15.911661729060068,10-15万,SUV,B,新能源,54901.0,21519.0,216778.0,9.9267453339361,60,False,False,True,True,规模爆款,上升
长安,逸动,138963.0,12,21461.0,29754.0,7153.666666666667,9918.0,-27.87188277206426,5-10万,轿车,A,其他能源,134342.0,20960.0,222023.0,9.44046337541606,61,False,False,True,True,持续型爆款,下滑
北京越野,BJ30,59731.0,12,21285.0,9618.0,7095.0,3206.0,121.30380536494071,5-10万,SUV,A,其他能源,44279.0,17567.0,221299.0,7.9381289567508215,62,True,False,True,True,规模爆款,上升
宝马,5系,107188.0,12,20841.0,20648.0,6947.0,6882.666666666667,0.9347152266563352,30-35万,轿车,C,其他能源,81120.0,20841.0,42610.0,48.91105374325276,63,False,True,True,True,规模爆款,稳定
丰田,赛那,87397.0,12,20773.0,18907.0,6924.333333333333,6302.333333333333,9.869360554292061,25-30万,MPV,B,其他能源,87397.0,20773.0,40986.0,50.68316010344995,64,False,True,True,True,规模爆款,稳定
哈弗,哈弗大狗,112250.0,12,20754.0,25150.0,6918.0,8383.333333333334,-17.479125248508954,10-15万,SUV,A,其他能源,112250.0,20754.0,227197.0,9.13480371659837,65,False,False,True,True,持续型爆款,下滑
吉利,新帝豪,100465.0,12,20522.0,27447.0,6840.666666666667,9149.0,-25.230444128684372,5-10万,轿车,A,其他能源,96876.0,19945.0,222023.0,8.983303531616095,66,False,False,True,True,持续型爆款,下滑
深蓝,L06,38941.0,10,20008.0,9300.0,6669.333333333333,3100.0,115.13978494623656,10-15万,轿车,B,新能源,38617.0,20008.0,188091.0,10.637404235184034,67,True,False,True,True,规模爆款,上升
AITO,问界M7,153853.0,12,19863.0,25773.0,6621.0,8591.0,-22.93097427540449,30-35万,SUV,C,新能源,128848.0,19863.0,51254.0,38.754048464510085,68,False,True,True,True,统治型爆款,下滑
极氪,极氪007,49232.0,12,19856.0,10074.0,6618.666666666667,3358.0,97.10144927536233,15-20万,轿车,B,新能源,32952.0,19856.0,34346.0,57.81168112735108,69,True,True,True,True,规模爆款,上升
AITO,问界M9,79621.0,12,19628.0,9276.0,6542.666666666667,3092.0,111.59982751185855,50-55万,SUV,D,新能源,65100.0,18052.0,36387.0,49.61112485228241,70,True,True,True,True,规模爆款,上升
宝马,X3,81378.0,12,19473.0,17039.0,6491.0,5679.666666666667,14.284875872997226,30-35万,SUV,B,其他能源,61686.0,,40899.0,,71,False,False,True,True,规模爆款,稳定
雷克萨斯,ES,100751.0,12,19463.0,21577.0,6487.666666666667,7192.333333333333,-9.797469527737857,20-25万,轿车,B,其他能源,79509.0,14429.0,85792.0,16.818584483401715,72,False,False,True,True,持续型爆款,稳定
丰田,卡罗拉,182496.0,12,19259.0,51653.0,6419.666666666667,17217.666666666668,-62.71465355352062,5-10万,SUV,A,其他能源,85824.0,,221299.0,,73,False,False,True,True,持续型爆款,下滑
奥迪,Q5,112422.0,12,18927.0,21809.0,6309.0,7269.666666666667,-13.214727864643038,25-30万,SUV,B,其他能源,101586.0,10646.0,46626.0,22.832754257281344,74,False,True,True,True,统治型爆款,稳定
别克,昂科威,114251.0,12,18783.0,23097.0,6261.0,7699.0,-18.67775035718925,15-20万,SUV,B,其他能源,106535.0,17986.0,35981.0,49.98749339929407,75,False,True,True,True,统治型爆款,下滑
奇瑞,艾瑞泽8,126326.0,12,18723.0,25606.0,6241.0,8535.333333333334,-26.88041865187847,10-15万,轿车,A,其他能源,74864.0,12281.0,86418.0,14.211159712097016,76,False,False,True,True,持续型爆款,下滑
萤火虫,萤火虫,63908.0,12,18477.0,13664.0,6159.0,4554.666666666667,35.223946135831376,10-15万,轿车,A0,新能源,63908.0,18477.0,18477.0,100.0,77,True,True,True,True,规模爆款,上升
极氪,极氪9X,67605.0,11,18078.0,23959.0,6026.0,7986.333333333333,-24.5460995867941,50-55万,SUV,D,新能源,42037.0,18078.0,36387.0,49.68257894302911,78,False,True,True,True,统治型爆款,下滑
别克,至境E7,21135.0,5,17929.0,3206.0,5976.333333333333,1068.6666666666667,459.23268870867116,15-20万,SUV,B,新能源,20588.0,17929.0,168688.0,10.628497581333587,79,True,False,True,False,规模爆款,上升
吉利银河,银河E5,81045.0,12,17773.0,14291.0,5924.333333333333,4763.666666666667,24.364984955566428,10-15万,SUV,A,新能源,81045.0,17773.0,217543.0,8.169879058393054,80,False,False,True,True,规模爆款,上升
零跑,零跑C11,80273.0,12,17751.0,15029.0,5917.0,5009.666666666667,18.11165080843702,10-15万,SUV,B,新能源,40640.0,17751.0,216778.0,8.188561569901005,81,False,False,True,True,规模爆款,上升
蔚来,蔚来ES9,17677.0,5,17434.0,243.0,5811.333333333333,81.0,7074.485596707818,55-60万,SUV,D,新能源,17434.0,17434.0,17434.0,100.0,82,True,True,True,False,规模爆款,上升
启源,A06,51270.0,12,17178.0,13619.0,5726.0,4539.666666666667,26.132608855275706,10-15万,轿车,B,新能源,50785.0,17178.0,188091.0,9.132813372250666,83,True,False,True,True,规模爆款,上升
腾势,腾势D9,61710.0,12,16768.0,10539.0,5589.333333333333,3513.0,59.1042793433912,30-35万,MPV,B,新能源,58533.0,13591.0,37420.0,36.3201496525922,84,True,True,True,True,规模爆款,上升
方程豹,钛3,63040.0,12,16545.0,10844.0,5515.0,3614.6666666666665,52.57285134636667,15-20万,SUV,A,新能源,40014.0,16545.0,33577.0,49.274801203204575,85,True,True,True,True,规模爆款,上升
别克,GL8,87516.0,12,16369.0,16086.0,5456.333333333333,5362.0,1.7592937958473165,25-30万,MPV,B,其他能源,35585.0,7799.0,40986.0,19.028448738593667,86,False,False,True,True,规模爆款,稳定
极氪,极氪8X,18668.0,5,16214.0,2454.0,5404.666666666667,818.0,560.717196414018,35-40万,SUV,C,新能源,18652.0,16214.0,58594.0,27.67177526709219,87,True,True,True,False,规模爆款,上升
比亚迪,海豹05,107725.0,12,16181.0,11560.0,5393.666666666667,3853.3333333333335,39.97404844290657,5-10万,轿车,A,新能源,107725.0,16181.0,116458.0,13.894279482731973,88,True,False,True,True,规模爆款,上升
特斯拉,MODEL Y L,79520.0,12,16172.0,19137.0,5390.666666666667,6379.0,-15.493546532894387,30-35万,SUV,C,新能源,79520.0,16172.0,51254.0,31.552659304639636,89,False,True,True,True,统治型爆款,下滑
华境,华境S,16342.0,5,15847.0,495.0,5282.333333333333,165.0,3101.4141414141413,15-20万,SUV,D,新能源,15847.0,15847.0,15847.0,100.0,90,True,True,True,False,规模爆款,上升
乐道,乐道L80,15834.0,3,15834.0,,5278.0,,,25-30万,SUV,D,新能源,15834.0,15834.0,30105.0,52.595914299950174,91,False,True,True,False,规模爆款,稳定
奥迪,A3,66545.0,12,15751.0,15406.0,5250.333333333333,5135.333333333333,2.239387251720104,10-15万,轿车,A,其他能源,66545.0,15751.0,86418.0,18.22652688097387,92,False,False,True,True,规模爆款,稳定
吉利银河,银河M7,17003.0,5,15718.0,1285.0,5239.333333333333,428.3333333333333,1123.1906614785992,10-15万,SUV,B,新能源,16571.0,15718.0,216778.0,7.250735775770605,93,True,False,True,False,规模爆款,上升
极狐,阿尔法S5,38993.0,12,15678.0,10420.0,5226.0,3473.3333333333335,50.46065259117083,10-15万,轿车,B,新能源,38993.0,15678.0,188091.0,8.335327049141107,94,True,False,True,True,规模爆款,上升
零跑,零跑B10,70590.0,12,15428.0,13437.0,5142.666666666667,4479.0,14.817295527275443,10-15万,SUV,A,新能源,70590.0,15428.0,217543.0,7.09193125037349,95,False,False,True,True,规模爆款,稳定
捷途,旅行者,62343.0,12,15396.0,13485.0,5132.0,4495.0,14.171301446051165,10-15万,SUV,A,其他能源,41951.0,12338.0,227197.0,5.430529452413544,96,False,False,True,True,规模爆款,稳定
腾势,腾势Z9GT,20571.0,12,15141.0,2966.0,5047.0,988.6666666666666,410.4855023600809,30-35万,轿车,D,新能源,16762.0,11332.0,11349.0,99.85020706670191,97,True,True,True,True,规模爆款,上升
零跑,零跑B01,85554.0,12,15116.0,14177.0,5038.666666666667,4725.666666666667,6.623404105240893,10-15万,轿车,A,新能源,85554.0,15116.0,68407.0,22.0971538000497,98,False,True,True,True,规模爆款,稳定
五菱,星光730,59466.0,11,15067.0,17737.0,5022.333333333333,5912.333333333333,-15.053278457461804,5-10万,MPV,B,其他能源,24636.0,5784.0,11081.0,52.19745510333003,99,False,True,True,True,统治型爆款,下滑
魏牌,高山,80377.0,12,15059.0,15827.0,5019.666666666667,5275.666666666667,-4.852467302710561,30-35万,MPV,B,新能源,70378.0,5060.0,37420.0,13.522180652057722,100,False,False,True,True,持续型爆款,稳定
坦克,坦克300,65406.0,12,15027.0,13302.0,5009.0,4434.0,12.967974740640509,15-20万,SUV,A,其他能源,31012.0,9621.0,79520.0,12.0988430583501,101,False,False,True,True,规模爆款,稳定
奔腾,奔腾小马,81424.0,12,14920.0,13933.0,4973.333333333333,4644.333333333333,7.083901528744718,5万以下,轿车,A00,新能源,81424.0,14920.0,80552.0,18.52219684179164,102,False,False,True,True,规模爆款,稳定
本田,皓影,88778.0,12,14710.0,14227.0,4903.333333333333,4742.333333333333,3.394953257889921,10-15万,SUV,A,其他能源,84833.0,14278.0,227197.0,6.284413966733715,103,False,False,True,True,规模爆款,稳定
零跑,零跑C16,61630.0,12,14387.0,10874.0,4795.666666666667,3624.6666666666665,32.30641898105575,15-20万,SUV,B,新能源,61630.0,14387.0,168688.0,8.52876316039078,104,True,False,True,True,规模爆款,上升
埃安,AION RT,52151.0,12,14254.0,10866.0,4751.333333333333,3622.0,31.179826983250504,10-15万,轿车,B,新能源,52151.0,14254.0,188091.0,7.578246699735766,105,True,False,True,True,规模爆款,上升
吉利银河,银河A7,86531.0,12,14242.0,10825.0,4747.333333333333,3608.3333333333335,31.565819861431855,10-15万,轿车,B,新能源,86531.0,14242.0,188091.0,7.57186680915089,106,True,False,False,True,增长爆款,上升
北京越野,BJ40,68038.0,12,13788.0,13445.0,4596.0,4481.666666666667,2.5511342506507884,15-20万,SUV,A,新能源,41669.0,9523.0,33577.0,28.36167614736278,107,False,True,True,True,规模爆款,稳定
极狐,极狐贝塔T1,13704.0,2,13704.0,,4568.0,,,5-10万,轿车,A,新能源,13704.0,13704.0,116458.0,11.767332428858472,108,False,False,True,False,规模爆款,稳定
岚图,梦想家,60572.0,12,13421.0,11241.0,4473.666666666667,3747.0,19.39329241170715,35-40万,MPV,B,新能源,33309.0,769.0,3979.0,19.32646393566223,109,False,False,True,True,规模爆款,上升
丰田,汉兰达,68020.0,12,13314.0,12345.0,4438.0,4115.0,7.849331713244223,20-25万,SUV,B,其他能源,61169.0,13314.0,38792.0,34.3215095896061,110,False,True,True,True,规模爆款,稳定
五菱,五菱宏光,66150.0,12,13312.0,14581.0,4437.333333333333,4860.333333333333,-8.70310678279953,5-10万,MPV,A,其他能源,27110.0,,386.0,,111,False,False,True,True,持续型爆款,稳定
智界,智界V9,13245.0,3,13245.0,,4415.0,,,45-50万,MPV,B,新能源,13245.0,13245.0,16292.0,81.2975693591947,112,False,True,True,False,规模爆款,稳定
零跑,零跑Lafa5,36050.0,9,13123.0,10884.0,4374.333333333333,3628.0,20.57148107313487,10-15万,轿车,A,新能源,36050.0,13123.0,68407.0,19.1837092695192,113,False,False,False,True,持续型爆款,上升
极狐,极狐贝塔S3,13110.0,2,13110.0,,4370.0,,,5-10万,轿车,B,新能源,13110.0,13110.0,32829.0,39.93420451430138,114,False,True,False,False,统治型爆款,稳定
理想,理想L9,30790.0,12,13076.0,2729.0,4358.666666666667,909.6666666666666,379.14987174789303,45-50万,SUV,D,新能源,13076.0,13076.0,14652.0,89.24378924378924,115,True,True,True,True,规模爆款,上升
小鹏,GX,13066.0,4,13060.0,6.0,4353.333333333333,2.0,217566.66666666666,30-35万,SUV,D,新能源,13060.0,13060.0,46598.0,28.02695394652131,116,True,True,True,False,规模爆款,上升
尚界,尚界Z7,13113.0,4,12936.0,177.0,4312.0,59.0,7208.474576271186,20-25万,轿车,C,新能源,11743.0,11743.0,86828.0,13.524439121020867,117,True,False,True,False,规模爆款,上升
日产,NX8,15076.0,6,12925.0,2151.0,4308.333333333333,717.0,500.883310088331,15-20万,SUV,C,新能源,14705.0,12925.0,65905.0,19.61156209695774,118,True,False,True,False,规模爆款,上升
深蓝,S07,46384.0,12,12628.0,8389.0,4209.333333333333,2796.3333333333335,50.53045655024435,15-20万,SUV,B,新能源,33156.0,10762.0,168688.0,6.3798254766195575,119,True,False,True,True,规模爆款,上升
极氪,极氪7X,59377.0,12,12483.0,13787.0,4161.0,4595.666666666667,-9.458185246971794,20-25万,SUV,C,新能源,59377.0,12483.0,68442.0,18.238800736389937,120,False,False,True,True,持续型爆款,稳定
广汽传祺,M8,45031.0,12,12389.0,10313.0,4129.666666666667,3437.6666666666665,20.12993309415303,20-25万,MPV,B,其他能源,37255.0,7049.0,8702.0,81.00436681222706,121,False,True,True,True,规模爆款,上升
埃安,AION N60,13175.0,4,12373.0,802.0,4124.333333333333,267.3333333333333,1442.7680798004988,10-15万,SUV,A,新能源,13175.0,12373.0,217543.0,5.687611184915166,122,True,False,False,False,增长爆款,上升
吉利银河,熊猫mini,101543.0,12,12154.0,12755.0,4051.3333333333335,4251.666666666667,-4.71187769502156,5万以下,轿车,A00,新能源,101543.0,12154.0,80552.0,15.088390108253055,123,False,False,True,True,持续型爆款,稳定
大众,宝来,63692.0,12,12138.0,12829.0,4046.0,4276.333333333333,-5.386234312884863,5-10万,轿车,A,其他能源,63692.0,12138.0,222023.0,5.467001166545808,124,False,False,False,True,持续型爆款,稳定
吉利银河,银河星舰7,65334.0,12,12125.0,9230.0,4041.6666666666665,3076.6666666666665,31.365113759479968,10-15万,SUV,A,新能源,65020.0,11811.0,217543.0,5.429271454379134,125,True,False,False,True,增长爆款,上升
领克,领克10,44120.0,12,11996.0,7202.0,3998.6666666666665,2400.6666666666665,66.56484309913913,15-20万,轿车,C,新能源,43687.0,11996.0,43557.0,27.540923387744794,126,True,True,True,True,规模爆款,上升
AITO,问界M8,127544.0,12,11989.0,14836.0,3996.3333333333335,4945.333333333333,-19.18980857373954,35-40万,SUV,D,新能源,87726.0,11989.0,16326.0,73.43501163787823,127,False,True,True,True,统治型爆款,下滑
捷途,捷途X70,59888.0,12,11955.0,11741.0,3985.0,3913.6666666666665,1.822672685461213,5-10万,SUV,B,其他能源,34568.0,5534.0,18326.0,30.1975335588781,128,False,True,False,True,统治型爆款,稳定
红旗,HS5,60926.0,12,11820.0,9879.0,3940.0,3293.0,19.647737625265705,10-15万,SUV,B,其他能源,60926.0,11820.0,141351.0,8.3621622768852,129,False,False,False,True,持续型爆款,上升
乐道,乐道L60,49565.0,12,11628.0,8377.0,3876.0,2792.3333333333335,38.80864271218813,15-20万,SUV,C,新能源,37937.0,,65905.0,,130,True,False,True,True,规模爆款,上升
启源,Lumin,90850.0,12,11595.0,7165.0,3865.0,2388.3333333333335,61.82833217027215,5万以下,轿车,A00,新能源,90850.0,11595.0,80552.0,14.394428443738205,131,True,False,False,True,增长爆款,上升
丰田,格瑞维亚,56337.0,12,11282.0,12434.0,3760.6666666666665,4144.666666666667,-9.264918771111475,25-30万,MPV,B,其他能源,56337.0,11282.0,40986.0,27.526472454008687,132,False,True,True,True,统治型爆款,稳定
比亚迪,宋L,84666.0,12,11219.0,14637.0,3739.6666666666665,4879.0,-23.35177973628476,10-15万,SUV,B,新能源,80604.0,10837.0,216778.0,4.999123527295205,133,False,False,False,True,持续型爆款,下滑
宝马,X5,63871.0,12,11171.0,13566.0,3723.6666666666665,4522.0,-17.65443019312989,55-60万,SUV,C,其他能源,63849.0,11167.0,18236.0,61.236016670322435,134,False,True,True,True,统治型爆款,下滑
吉利银河,银河星耀7 MAX,11116.0,3,11116.0,,3705.3333333333335,,,10-15万,轿车,B,新能源,11116.0,11116.0,188091.0,5.9099053117905695,135,False,False,False,False,普通车型,稳定
丰田,皇冠陆放,54227.0,12,10941.0,11932.0,3647.0,3977.3333333333335,-8.305397251089508,25-30万,SUV,B,其他能源,37780.0,,46626.0,,136,False,False,True,True,持续型爆款,稳定
别克,君越,55575.0,12,10750.0,12397.0,3583.3333333333335,4132.333333333333,-13.285472291683465,15-20万,轿车,C,其他能源,55575.0,10750.0,10750.0,100.0,137,False,True,True,True,统治型爆款,稳定
小鹏,P7+,48786.0,12,10603.0,10184.0,3534.3333333333335,3394.6666666666665,4.114296936370776,15-20万,轿车,C,新能源,48456.0,10603.0,43557.0,24.342815161742084,138,False,True,False,True,统治型爆款,稳定
吉利银河,银河星耀6,26872.0,11,10354.0,6574.0,3451.3333333333335,2191.3333333333335,57.49923942804989,5-10万,轿车,B,新能源,26554.0,10354.0,32829.0,31.539187913125588,139,True,True,False,True,增长爆款,上升
比亚迪,汉,59967.0,12,10207.0,8586.0,3402.3333333333335,2862.0,18.879571395294683,15-20万,轿车,C,新能源,59965.0,10207.0,43557.0,23.433661638772183,140,False,True,False,True,统治型爆款,上升
奥迪,A5,50881.0,12,10102.0,11704.0,3367.3333333333335,3901.3333333333335,-13.687628161312372,25-30万,轿车,B,其他能源,36559.0,3355.0,10875.0,30.85057471264368,141,False,True,True,True,统治型爆款,稳定
比亚迪,驱逐舰05,45365.0,12,9889.0,88.0,3296.3333333333335,29.333333333333332,11137.500000000002,价格缺失/无效,轿车,A,新能源,45365.0,9889.0,20017.0,49.403007443672884,142,True,True,True,True,规模爆款,上升
宝马,X1,44310.0,12,9838.0,9939.0,3279.3333333333335,3313.0,-1.016198812757818,15-20万,SUV,A,其他能源,44310.0,9838.0,79520.0,12.371730382293762,143,False,False,False,True,持续型爆款,稳定
启源,Q07,57111.0,12,9705.0,10793.0,3235.0,3597.6666666666665,-10.080607801352725,10-15万,SUV,C,新能源,48132.0,9705.0,10230.0,94.86803519061584,144,False,True,False,True,统治型爆款,稳定
红旗,E-QM5,42121.0,12,9609.0,7489.0,3203.0,2496.3333333333335,28.30818533849646,10-15万,轿车,B,新能源,42121.0,9609.0,188091.0,5.108697385839832,145,True,False,False,True,增长爆款,上升
大众,ID.ERA 9X,11953.0,5,9492.0,2461.0,3164.0,820.3333333333334,285.6968711905729,30-35万,SUV,D,新能源,10864.0,9492.0,46598.0,20.369972960212884,146,True,True,False,False,增长爆款,上升
现代,伊兰特,44693.0,12,9220.0,8366.0,3073.3333333333335,2788.6666666666665,10.207984699976102,5-10万,轿车,A,其他能源,44537.0,9179.0,222023.0,4.134256360827482,147,False,False,False,True,持续型爆款,稳定
理想,理想L6,85572.0,12,8874.0,18056.0,2958.0,6018.666666666667,-50.85290208241029,20-25万,SUV,B,新能源,85572.0,8874.0,74269.0,11.94845763373682,148,False,False,True,True,持续型爆款,下滑
凯迪拉克,XT5,44478.0,12,8737.0,9572.0,2912.3333333333335,3190.6666666666665,-8.723359799414954,25-30万,SUV,B,其他能源,44419.0,8682.0,46626.0,18.62051216059709,149,False,False,False,True,持续型爆款,稳定
智己,智己LS6,46905.0,12,8724.0,6831.0,2908.0,2277.0,27.7119016249451,20-25万,SUV,B,新能源,27978.0,5808.0,74269.0,7.8202210882063845,150,True,False,True,True,规模爆款,上升
腾势,腾势N8L,26839.0,10,8539.0,3878.0,2846.3333333333335,1292.6666666666667,120.19082001031461,30-35万,SUV,D,新能源,26839.0,8539.0,46598.0,18.32482080775999,151,True,False,False,True,增长爆款,上升
长安,UNI-Z,36948.0,12,8453.0,6544.0,2817.6666666666665,2181.3333333333335,29.17176039119802,5-10万,SUV,A,其他能源,16669.0,7086.0,221299.0,3.2020027203014925,152,True,False,False,True,增长爆款,上升
捷途,自由者,36991.0,12,8374.0,7041.0,2791.3333333333335,2347.0,18.931969890640545,10-15万,SUV,B,其他能源,36568.0,7951.0,141351.0,5.62500442161711,153,False,False,False,True,持续型爆款,上升
吉利银河,银河星耀8,54854.0,12,8370.0,8639.0,2790.0,2879.6666666666665,-3.113786317860856,10-15万,轿车,C,新能源,54854.0,8370.0,31713.0,26.392961876832842,154,False,True,False,True,统治型爆款,稳定
捷达,捷达VS5,42850.0,12,8357.0,9370.0,2785.6666666666665,3123.3333333333335,-10.811099252934909,5-10万,SUV,A,其他能源,42850.0,8357.0,221299.0,3.7763387995427,155,False,False,False,True,持续型爆款,稳定
日产,天籁,49853.0,12,8276.0,11560.0,2758.6666666666665,3853.3333333333335,-28.4083044982699,10-15万,轿车,B,其他能源,49853.0,8276.0,143085.0,5.783974560575881,156,False,False,False,True,持续型爆款,下滑
五菱,星光560,27687.0,8,8152.0,13266.0,2717.3333333333335,4422.0,-38.54967586310869,5-10万,SUV,B,其他能源,20381.0,5958.0,18326.0,32.511186292698895,157,False,True,False,False,统治型爆款,下滑
领克,领克03,51226.0,12,8118.0,11936.0,2706.0,3978.6666666666665,-31.987265415549594,10-15万,轿车,A,其他能源,51191.0,8112.0,86418.0,9.38693327778935,158,False,False,False,True,持续型爆款,下滑
蔚来,蔚来ET5,46987.0,12,8109.0,8870.0,2703.0,2956.6666666666665,-8.579481397970678,20-25万,轿车,B,新能源,20219.0,,47752.0,,159,False,False,True,True,持续型爆款,稳定
吉利银河,银河M9,50757.0,12,8055.0,8553.0,2685.0,2851.0,-5.8225184145913715,20-25万,SUV,D,新能源,50365.0,8055.0,35621.0,22.613065326633166,160,False,True,True,True,统治型爆款,稳定
理想,理想L8,25710.0,12,8003.0,4124.0,2667.6666666666665,1374.6666666666667,94.05916585838989,30-35万,SUV,C,新能源,18130.0,423.0,51254.0,0.8253014398876185,161,True,False,False,True,增长爆款,上升
长安,CS55,44048.0,12,7946.0,12258.0,2648.6666666666665,4086.0,-35.17702724751183,5-10万,SUV,A,其他能源,31056.0,7471.0,221299.0,3.3759754901739276,162,False,False,False,True,持续型爆款,下滑
捷途,山海L7,38230.0,12,7776.0,6285.0,2592.0,2095.0,23.723150357995237,10-15万,SUV,B,新能源,34069.0,6718.0,216778.0,3.0990229635848654,163,False,False,False,True,持续型爆款,上升
日产,逍客,58397.0,12,7667.0,11309.0,2555.6666666666665,3769.6666666666665,-32.20443894243523,5-10万,SUV,A,其他能源,57374.0,7667.0,221299.0,3.4645434457453486,164,False,False,False,True,持续型爆款,下滑
欧拉,欧拉5,12582.0,10,7615.0,2744.0,2538.3333333333335,914.6666666666666,177.51457725947523,10-15万,SUV,A,新能源,7998.0,3658.0,217543.0,1.681506644663354,165,True,False,False,True,增长爆款,上升
iCAR,iCAR V23,46927.0,12,7552.0,5932.0,2517.3333333333335,1977.3333333333333,27.30950775455159,10-15万,SUV,A,新能源,46927.0,7552.0,217543.0,3.4714975889824076,166,True,False,False,True,增长爆款,上升
尚界,尚界Z7T,7855.0,4,7544.0,311.0,2514.6666666666665,103.66666666666667,2325.7234726688102,20-25万,轿车,C,新能源,6584.0,6584.0,86828.0,7.582807389321417,167,True,False,True,False,规模爆款,上升
广汽传祺,GS3,47953.0,12,7355.0,9547.0,2451.6666666666665,3182.3333333333335,-22.96009217555254,5-10万,SUV,A0,其他能源,47953.0,7355.0,50161.0,14.662785829628596,168,False,False,False,True,持续型爆款,下滑
风云,风云A9,55877.0,12,7315.0,6109.0,2438.3333333333335,2036.3333333333333,19.741365198886896,15-20万,轿车,C,新能源,48562.0,,43557.0,,169,False,False,False,True,持续型爆款,上升
极狐,极狐T1,74945.0,10,7297.0,19703.0,2432.3333333333335,6567.666666666667,-62.96503070598386,5-10万,轿车,A,新能源,74712.0,7297.0,116458.0,6.265778220474334,170,False,False,False,True,持续型爆款,下滑
丰田,铂智7,12540.0,6,7185.0,5354.0,2395.0,1784.6666666666667,34.19872992155397,15-20万,轿车,C,新能源,7185.0,7185.0,43557.0,16.495626420552377,171,True,False,False,False,增长爆款,上升
iCAR,iCAR V27,14102.0,7,7151.0,6784.0,2383.6666666666665,2261.3333333333335,5.4097877358490365,15-20万,SUV,C,新能源,13614.0,7151.0,65905.0,10.85046658068432,172,False,False,False,False,普通车型,稳定
坦克,坦克700,9831.0,12,7114.0,1262.0,2371.3333333333335,420.6666666666667,463.70839936608564,40-45万,SUV,C,新能源,8842.0,6125.0,7431.0,82.42497645000672,173,True,True,True,True,规模爆款,上升
比亚迪,大唐,7070.0,4,7064.0,6.0,2354.6666666666665,2.0,117633.33333333333,25-30万,SUV,D,新能源,7060.0,7060.0,30105.0,23.451253944527487,174,True,True,False,False,增长爆款,上升
奔驰,GLE级,31306.0,12,7026.0,6375.0,2342.0,2125.0,10.211764705882342,60万以上,SUV,C,其他能源,24253.0,154.0,11719.0,1.3141052990869528,175,False,False,True,True,规模爆款,稳定
大众,探歌,32003.0,12,7010.0,5660.0,2336.6666666666665,1886.6666666666667,23.85159010600706,10-15万,SUV,A,其他能源,32003.0,7010.0,227197.0,3.085428064631135,176,False,False,False,True,持续型爆款,上升
沃尔沃,XC70,26832.0,12,6959.0,6120.0,2319.6666666666665,2040.0,13.709150326797381,30-35万,SUV,B,新能源,13191.0,,1725.0,,177,False,False,False,True,持续型爆款,稳定
坦克,坦克400,39685.0,12,6918.0,8410.0,2306.0,2803.3333333333335,-17.740784780023787,25-30万,SUV,B,新能源,25114.0,2978.0,93420.0,3.187754228216656,178,False,False,False,True,持续型爆款,下滑
比亚迪,e7,24513.0,12,6835.0,6664.0,2278.3333333333335,2221.3333333333335,2.566026410564226,价格缺失/无效,轿车,B,新能源,24513.0,6835.0,16836.0,40.59752910430031,179,False,True,True,True,规模爆款,稳定
埃安,AION Y,39920.0,12,6801.0,7633.0,2267.0,2544.3333333333335,-10.900039303026343,5-10万,SUV,A,新能源,23609.0,6801.0,64533.0,10.538794105341454,180,False,False,False,True,持续型爆款,稳定
红旗,HS3,38069.0,12,6751.0,6634.0,2250.3333333333335,2211.3333333333335,1.7636418450406977,10-15万,SUV,A,新能源,29448.0,5424.0,217543.0,2.4933001751377892,181,False,False,False,True,持续型爆款,稳定
极氪,极氪009,15327.0,12,6716.0,1539.0,2238.6666666666665,513.0,336.38726445743987,40-45万,MPV,B,新能源,7761.0,6716.0,6716.0,100.0,182,True,True,False,True,增长爆款,上升
哈弗,哈弗H6,52364.0,12,6622.0,12510.0,2207.3333333333335,4170.0,-47.066346922462024,5-10万,SUV,A,其他能源,52347.0,6622.0,221299.0,2.9923316418058827,183,False,False,False,True,持续型爆款,下滑
五菱,星光L,6630.0,4,6615.0,15.0,2205.0,5.0,44000.0,价格缺失/无效,SUV,C,新能源,6630.0,6615.0,14515.0,45.57354460902515,184,True,True,True,False,规模爆款,上升
MG,MG 4X,6606.0,3,6606.0,,2202.0,,,10-15万,SUV,A,新能源,6302.0,6302.0,217543.0,2.89689854419586,185,False,False,False,False,普通车型,稳定
风云,风云T9,36887.0,12,6588.0,5072.0,2196.0,1690.6666666666667,29.88958990536277,10-15万,SUV,B,新能源,36887.0,6588.0,216778.0,3.0390537785199605,186,True,False,False,True,增长爆款,上升
极狐,阿尔法T5,33397.0,12,6555.0,6667.0,2185.0,2222.3333333333335,-1.6799160041997996,10-15万,SUV,B,新能源,33397.0,6555.0,216778.0,3.0238308315419458,187,False,False,False,True,持续型爆款,稳定
启源,A07,31024.0,12,6497.0,5424.0,2165.6666666666665,1808.0,19.78244837758112,10-15万,轿车,C,新能源,31024.0,6497.0,31713.0,20.48686658468136,188,False,True,False,True,统治型爆款,上升
领克,领克08,41272.0,12,6442.0,6506.0,2147.3333333333335,2168.6666666666665,-0.9837073470642332,15-20万,SUV,B,新能源,41272.0,6442.0,168688.0,3.8188845679597834,189,False,False,False,True,持续型爆款,稳定
雷克萨斯,RX,29650.0,12,6400.0,6143.0,2133.3333333333335,2047.6666666666667,4.183623636659606,40-45万,SUV,B,其他能源,15083.0,3528.0,3570.0,98.82352941176471,190,False,True,False,True,统治型爆款,稳定
奥迪,Q3,30170.0,12,6311.0,6211.0,2103.6666666666665,2070.3333333333335,1.610046691354028,15-20万,SUV,A,其他能源,29736.0,6311.0,79520.0,7.936368209255533,191,False,False,False,True,持续型爆款,稳定
方程豹,豹5,33797.0,12,6296.0,3873.0,2098.6666666666665,1291.0,62.56132197263102,25-30万,SUV,B,新能源,22121.0,6296.0,93420.0,6.739456219225006,192,True,False,False,True,增长爆款,上升
本田,英仕派,42972.0,12,6172.0,6651.0,2057.3333333333335,2217.0,-7.2019245226281665,10-15万,轿车,B,其他能源,42847.0,6118.0,143085.0,4.275780130691547,193,False,False,False,True,持续型爆款,稳定
奇瑞,瑞虎7,32537.0,12,6122.0,6272.0,2040.6666666666667,2090.6666666666665,-2.3915816326530503,5-10万,SUV,A,其他能源,31506.0,5976.0,221299.0,2.700418890279667,194,False,False,False,True,持续型爆款,稳定
尚界,尚界H5,46372.0,11,6072.0,9773.0,2024.0,3257.6666666666665,-37.86964084723217,15-20万,SUV,B,新能源,46372.0,6072.0,168688.0,3.5995447216162377,195,False,False,False,True,持续型爆款,下滑
奔腾,悦意03,30019.0,12,6059.0,7293.0,2019.6666666666667,2431.0,-16.92033456739339,5-10万,SUV,A,新能源,30019.0,6059.0,64533.0,9.388994777865587,196,False,False,False,True,持续型爆款,下滑
领克,领克06,31932.0,12,5886.0,6675.0,1962.0,2225.0,-11.820224719101125,10-15万,SUV,A0,其他能源,31221.0,5838.0,6164.0,94.71122647631408,197,False,True,False,True,统治型爆款,稳定
日产,奇骏,35616.0,12,5820.0,7670.0,1940.0,2556.6666666666665,-24.119947848761402,10-15万,SUV,A,其他能源,35595.0,5812.0,227197.0,2.558132369705586,198,False,False,False,True,持续型爆款,下滑
乐道,乐道L90,58944.0,12,5789.0,8024.0,1929.6666666666667,2674.6666666666665,-27.85393818544366,25-30万,SUV,D,新能源,58944.0,5789.0,30105.0,19.229363893041025,199,False,False,False,True,持续型爆款,下滑
沃尔沃,S60,24574.0,12,5729.0,7121.0,1909.6666666666667,2373.6666666666665,-19.547816317932863,15-20万,轿车,B,其他能源,19056.0,5729.0,76376.0,7.501047449460565,200,False,False,False,True,持续型爆款,下滑
奥迪,E7X,6041.0,4,5704.0,337.0,1901.3333333333333,112.33333333333333,1592.581602373887,价格缺失/无效,SUV,C,新能源,6041.0,5704.0,14515.0,39.29727867723045,201,True,True,True,False,规模爆款,上升
阿维塔,阿维塔07,38599.0,12,5672.0,6004.0,1890.6666666666667,2001.3333333333333,-5.529646902065277,20-25万,SUV,C,新能源,36248.0,4178.0,68442.0,6.104438794892025,202,False,False,True,True,持续型爆款,稳定
风云,风云T9L,7111.0,4,5633.0,1478.0,1877.6666666666667,492.6666666666667,281.1231393775372,15-20万,SUV,C,新能源,7111.0,5633.0,65905.0,8.54715120248843,203,True,False,False,False,增长爆款,上升
沃尔沃,XC60,39935.0,12,5604.0,6185.0,1868.0,2061.6666666666665,-9.393694421988673,25-30万,SUV,B,其他能源,37788.0,5481.0,46626.0,11.755243855359671,204,False,False,False,True,持续型爆款,稳定
丰田,bZ5,16933.0,12,5451.0,3263.0,1817.0,1087.6666666666667,67.05485749310449,10-15万,SUV,B,新能源,16933.0,5451.0,216778.0,2.514554059913829,205,True,False,False,True,增长爆款,上升
岚图,岚图知音,23656.0,12,5424.0,3977.0,1808.0,1325.6666666666667,36.384209202916765,15-20万,SUV,B,新能源,14303.0,5424.0,168688.0,3.215403585317272,206,True,False,False,True,增长爆款,上升
阿维塔,阿维塔06,26579.0,12,5362.0,4235.0,1787.3333333333333,1411.6666666666667,26.61157024793388,20-25万,轿车,B,新能源,26574.0,5362.0,47752.0,11.228849053442788,207,True,False,False,True,增长爆款,上升
小鹏,P7,30041.0,12,5253.0,4152.0,1751.0,1384.0,26.51734104046244,20-25万,轿车,B,新能源,26602.0,1814.0,47752.0,3.7987937678003014,208,True,False,False,True,增长爆款,上升
哈弗,哈弗大狗PLUS,35080.0,12,5239.0,7602.0,1746.3333333333333,2534.0,-31.083925282820314,10-15万,SUV,B,其他能源,30457.0,4534.0,141351.0,3.2076179156850673,209,False,False,False,True,持续型爆款,下滑
比亚迪,唐,37033.0,12,5236.0,4968.0,1745.3333333333333,1656.0,5.394524959742353,15-20万,SUV,B,新能源,37026.0,5236.0,168688.0,3.1039552309589302,210,False,False,False,True,持续型爆款,稳定
享界,享界S9T,33746.0,11,5229.0,6012.0,1743.0,2004.0,-13.023952095808388,30-35万,轿车,C,新能源,33284.0,5229.0,8478.0,61.67728237791932,211,False,True,False,True,统治型爆款,稳定
极氪,极氪001,37234.0,12,5203.0,8265.0,1734.3333333333333,2755.0,-37.04779189352693,25-30万,轿车,C,新能源,37234.0,5203.0,8454.0,61.5448308493021,212,False,True,False,True,统治型爆款,下滑
红旗,HS6,16015.0,10,5194.0,5765.0,1731.3333333333333,1921.6666666666667,-9.90459670424979,15-20万,SUV,C,新能源,14334.0,5194.0,65905.0,7.881040892193308,213,False,False,False,True,持续型爆款,稳定
智己,智己LS8,7623.0,5,5186.0,2437.0,1728.6666666666667,812.3333333333334,112.80262617972916,25-30万,SUV,C,新能源,7258.0,5186.0,83149.0,6.23699623567331,214,True,False,False,False,增长爆款,上升
荣威,D6,23666.0,12,5181.0,3920.0,1727.0,1306.6666666666667,32.16836734693877,5-10万,轿车,A,新能源,23666.0,5181.0,116458.0,4.448814164763262,215,True,False,False,True,增长爆款,上升
奥迪,A4,50340.0,12,5171.0,6521.0,1723.6666666666667,2173.6666666666665,-20.702346265910133,20-25万,轿车,B,其他能源,50286.0,5171.0,85792.0,6.02736851920925,216,False,False,False,True,持续型爆款,下滑
丰田,bZ3,21939.0,12,5154.0,4174.0,1718.0,1391.3333333333333,23.478677527551504,10-15万,轿车,B,新能源,15257.0,,188091.0,,217,False,False,False,True,持续型爆款,上升
坦克,坦克500,36384.0,12,5153.0,5758.0,1717.6666666666667,1919.3333333333333,-10.507120527961089,35-40万,SUV,C,新能源,20414.0,2933.0,58594.0,5.0056319759702355,218,False,False,True,True,持续型爆款,稳定
领克,领克900,34982.0,12,5127.0,2479.0,1709.0,826.3333333333334,106.81726502622024,30-35万,SUV,D,新能源,34982.0,5127.0,46598.0,11.002618138117516,219,True,False,False,True,增长爆款,上升
小鹏,G6,31008.0,12,5126.0,5647.0,1708.6666666666667,1882.3333333333333,-9.22613777226845,15-20万,SUV,B,新能源,31008.0,5126.0,168688.0,3.03874608745139,220,False,False,False,True,持续型爆款,稳定
本田,HR-V,16714.0,12,5058.0,5910.0,1686.0,1970.0,-14.416243654822336,10-15万,SUV,A,其他能源,16710.0,5055.0,227197.0,2.2249413504579723,221,False,False,False,True,持续型爆款,稳定
凯迪拉克,CT5,31719.0,12,5035.0,7030.0,1678.3333333333333,2343.3333333333335,-28.37837837837839,20-25万,轿车,B,其他能源,31719.0,5035.0,85792.0,5.86884558000746,222,False,False,False,True,持续型爆款,下滑
路虎,揽胜极光,10865.0,12,5012.0,2020.0,1670.6666666666667,673.3333333333334,148.11881188118812,20-25万,SUV,B,其他能源,10863.0,5011.0,38792.0,12.917611878737883,223,True,False,False,True,增长爆款,上升
领克,领克07,28005.0,12,4965.0,4791.0,1655.0,1597.0,3.6318096430807856,10-15万,轿车,B,新能源,27094.0,4054.0,188091.0,2.1553397025907675,224,False,False,False,True,持续型爆款,稳定
小鹏,G7,29736.0,12,4872.0,5070.0,1624.0,1690.0,-3.9053254437869778,15-20万,SUV,B,新能源,29367.0,4872.0,168688.0,2.8881722469885234,225,False,False,False,True,持续型爆款,稳定
岚图,岚图泰山X8,5563.0,4,4844.0,719.0,1614.6666666666667,239.66666666666666,573.7134909596663,30-35万,SUV,D,新能源,4403.0,4403.0,46598.0,9.448903386411434,226,True,False,False,False,增长爆款,上升
哈弗,哈弗H6L,18067.0,10,4760.0,5800.0,1586.6666666666667,1933.3333333333333,-17.931034482758612,10-15万,SUV,A,其他能源,17789.0,4760.0,227197.0,2.0950980866824827,227,False,False,False,True,持续型爆款,下滑
荣威,荣威i5,58037.0,12,4736.0,16840.0,1578.6666666666667,5613.333333333333,-71.87648456057008,5万以下,轿车,A,其他能源,31594.0,2723.0,5099.0,53.40262796626789,228,False,True,False,True,统治型爆款,下滑
东风奕派,纳米01,13463.0,8,4710.0,4710.0,1570.0,1570.0,0.0,5-10万,轿车,A0,新能源,13463.0,4710.0,269657.0,1.7466633538161442,229,False,False,False,False,普通车型,稳定
大众,高尔夫,21587.0,12,4678.0,3921.0,1559.3333333333333,1307.0,19.30629941341493,10-15万,轿车,A,其他能源,21578.0,4677.0,86418.0,5.41206693050059,230,False,False,False,True,持续型爆款,上升
广汽传祺,GS8,26621.0,12,4669.0,5272.0,1556.3333333333333,1757.3333333333333,-11.437784522003035,10-15万,SUV,B,其他能源,24198.0,4649.0,141351.0,3.2889756704940183,231,False,False,False,True,持续型爆款,稳定
福特,蒙迪欧,31402.0,12,4665.0,5802.0,1555.0,1934.0,-19.59669079627715,10-15万,轿车,B,其他能源,27941.0,4008.0,143085.0,2.80113219415033,232,False,False,False,True,持续型爆款,下滑
奇瑞,瑞虎9,26121.0,12,4610.0,4320.0,1536.6666666666667,1440.0,6.712962962962976,10-15万,SUV,B,其他能源,18880.0,,141351.0,,233,False,False,False,True,持续型爆款,稳定
广汽传祺,M6,23909.0,12,4607.0,4233.0,1535.6666666666667,1411.0,8.835341365461847,10-15万,MPV,A,其他能源,23909.0,4607.0,4622.0,99.67546516659455,234,False,True,False,True,统治型爆款,稳定
起亚,奕跑,16678.0,12,4595.0,5380.0,1531.6666666666667,1793.3333333333333,-14.591078066914488,5-10万,SUV,A0,其他能源,16678.0,4595.0,50161.0,9.160503179761168,235,False,False,False,True,持续型爆款,稳定
福特,锐界,25648.0,12,4522.0,4885.0,1507.3333333333333,1628.3333333333333,-7.430910951893555,20-25万,SUV,B,其他能源,25648.0,4522.0,38792.0,11.657042689214272,236,False,False,False,True,持续型爆款,稳定
日产,N6,21389.0,9,4465.0,6740.0,1488.3333333333333,2246.6666666666665,-33.753709198813056,10-15万,轿车,B,新能源,20810.0,4465.0,188091.0,2.373850955122786,237,False,False,False,True,持续型爆款,下滑
本田,思域,34118.0,12,4450.0,5422.0,1483.3333333333333,1807.3333333333333,-17.926964219845075,10-15万,轿车,A,其他能源,33436.0,4309.0,86418.0,4.986229720660048,238,False,False,False,True,持续型爆款,下滑
东风风神,风神L7,11514.0,12,4328.0,1427.0,1442.6666666666667,475.6666666666667,203.2936229852838,10-15万,SUV,A,新能源,11514.0,4328.0,217543.0,1.9894917326689439,239,True,False,False,True,增长爆款,上升
广汽传祺,E8,21424.0,12,4291.0,3506.0,1430.3333333333333,1168.6666666666667,22.39018824871648,15-20万,MPV,B,其他能源,11285.0,1756.0,8868.0,19.80153360396933,240,False,False,False,True,持续型爆款,上升
大众,揽巡,19421.0,12,4287.0,4123.0,1429.0,1374.3333333333333,3.977686150861026,20-25万,SUV,C,其他能源,19421.0,4287.0,8174.0,52.44678248103744,241,False,True,False,True,统治型爆款,稳定
大众,途昂,26564.0,12,4269.0,5875.0,1423.0,1958.3333333333333,-27.336170212765953,25-30万,SUV,C,其他能源,10772.0,2870.0,4167.0,68.87449004079673,242,False,True,False,True,统治型爆款,下滑
荣威,荣威i6,7850.0,12,4221.0,1269.0,1407.0,423.0,232.6241134751773,5-10万,轿车,A,其他能源,4741.0,3942.0,222023.0,1.775491728334452,243,True,False,False,True,增长爆款,上升
别克,君威,32820.0,12,4203.0,6725.0,1401.0,2241.6666666666665,-37.50185873605948,10-15万,轿车,B,其他能源,32820.0,4203.0,143085.0,2.937414823356746,244,False,False,False,True,持续型爆款,下滑
比亚迪,海豹07,12312.0,12,4191.0,1963.0,1397.0,654.3333333333334,113.49974528782477,15-20万,轿车,B,新能源,10283.0,4191.0,34346.0,12.20229429919059,245,True,False,False,True,增长爆款,上升
蔚来,蔚来ES6,24509.0,12,4105.0,5056.0,1368.3333333333333,1685.3333333333333,-18.809335443037977,20-25万,SUV,C,新能源,15022.0,,68442.0,,246,False,False,False,True,持续型爆款,下滑
起亚,赛图斯,11838.0,12,4058.0,2480.0,1352.6666666666667,826.6666666666666,63.629032258064534,5-10万,SUV,A,其他能源,11838.0,4058.0,221299.0,1.8337181821878996,247,True,False,False,True,增长爆款,上升
小鹏,X9,24438.0,12,4054.0,6551.0,1351.3333333333333,2183.6666666666665,-38.11631811937109,30-35万,MPV,B,新能源,24438.0,4054.0,37420.0,10.833778727952966,248,False,False,False,True,持续型爆款,下滑
日产,N7,37499.0,12,4048.0,3676.0,1349.3333333333333,1225.3333333333333,10.1196953210011,10-15万,轿车,C,新能源,37499.0,4048.0,31713.0,12.764481442941381,249,False,False,False,True,持续型爆款,稳定
欧拉,欧拉好猫,24930.0,12,4035.0,3603.0,1345.0,1201.0,11.990008326394674,5-10万,轿车,A0,新能源,24929.0,4035.0,269657.0,1.4963453572501362,250,False,False,False,True,持续型爆款,稳定
埃安,AION S,30712.0,12,4009.0,4384.0,1336.3333333333333,1461.3333333333333,-8.553832116788318,价格缺失/无效,轿车,A,新能源,22348.0,4009.0,20017.0,20.02797622021282,251,False,True,True,True,统治型爆款,稳定
现代,途胜,21843.0,12,3985.0,4604.0,1328.3333333333333,1534.6666666666667,-13.44483058210253,10-15万,SUV,A,其他能源,21842.0,3985.0,227197.0,1.7539844276112802,252,False,False,False,True,持续型爆款,稳定
捷途,捷途大圣,21800.0,12,3965.0,5761.0,1321.6666666666667,1920.3333333333333,-31.1751432043048,5-10万,SUV,A,其他能源,20202.0,3965.0,221299.0,1.7916935910239087,253,False,False,False,True,持续型爆款,下滑
长安,UNI-V,38632.0,12,3850.0,6752.0,1283.3333333333333,2250.6666666666665,-42.979857819905206,5-10万,轿车,A,其他能源,18907.0,3727.0,222023.0,1.678654914130518,254,False,False,False,True,持续型爆款,下滑
丰田,普拉多,21636.0,12,3837.0,4478.0,1279.0,1492.6666666666667,-14.314426083072807,45-50万,SUV,C,其他能源,20062.0,3614.0,4973.0,72.6724311280917,255,False,True,True,True,统治型爆款,稳定
风云,风云T11,17620.0,10,3797.0,3613.0,1265.6666666666667,1204.3333333333333,5.092720730694733,20-25万,SUV,D,新能源,17620.0,3797.0,35621.0,10.659442463715225,256,False,False,False,True,持续型爆款,稳定
捷达,捷达VA3,17111.0,12,3717.0,3987.0,1239.0,1329.0,-6.772009029345371,5-10万,轿车,A,其他能源,17111.0,3717.0,222023.0,1.6741508762605675,257,False,False,False,True,持续型爆款,稳定
智界,智界R7,47872.0,12,3681.0,5682.0,1227.0,1894.0,-35.21647307286167,25-30万,SUV,C,新能源,44126.0,3681.0,83149.0,4.426992507426427,258,False,False,False,True,持续型爆款,下滑
大众,凌渡,29762.0,12,3681.0,6144.0,1227.0,2048.0,-40.087890625,10-15万,轿车,A,其他能源,29762.0,3681.0,86418.0,4.259529264736513,258,False,False,False,True,持续型爆款,下滑
猛士,猛士M817,10688.0,12,3542.0,1065.0,1180.6666666666667,355.0,232.58215962441318,30-35万,SUV,D,新能源,8141.0,3542.0,46598.0,7.601184600197433,260,True,False,False,True,增长爆款,上升
领汇,领汇e5,3540.0,1,3540.0,,1180.0,,,价格缺失/无效,轿车,B,新能源,3540.0,3540.0,16836.0,21.026372059871704,261,False,True,True,False,规模爆款,稳定
路虎,揽胜,14057.0,12,3409.0,2951.0,1136.3333333333333,983.6666666666666,15.520162656726534,60万以上,SUV,C,其他能源,14051.0,3407.0,11719.0,29.072446454475635,262,False,True,True,True,规模爆款,上升
宝马,4系,15032.0,12,3407.0,3261.0,1135.6666666666667,1087.0,4.477154247163462,35-40万,轿车,B,其他能源,8760.0,2220.0,4099.0,54.15955111002684,263,False,True,True,True,规模爆款,稳定
魏牌,V9X,3767.0,4,3373.0,394.0,1124.3333333333333,131.33333333333334,756.0913705583754,35-40万,SUV,D,新能源,3373.0,3373.0,16326.0,20.66029645963494,264,True,True,False,False,增长爆款,上升
理想,理想i8,33259.0,12,3363.0,5339.0,1121.0,1779.6666666666667,-37.010676156583635,30-35万,SUV,C,新能源,33259.0,3363.0,51254.0,6.561439107191634,265,False,False,False,True,持续型爆款,下滑
凯翼,拾月,5870.0,12,3345.0,564.0,1115.0,188.0,493.0851063829787,价格缺失/无效,轿车,A0,新能源,3605.0,3336.0,4349.0,76.70728903196137,266,True,True,True,True,规模爆款,上升
奔驰,GLB级,20291.0,12,3281.0,3662.0,1093.6666666666667,1220.6666666666667,-10.40415073730202,20-25万,SUV,A,其他能源,20291.0,3281.0,4064.0,80.73326771653542,267,False,True,False,True,统治型爆款,稳定
奥迪,A5L Sportback,21300.0,12,3241.0,3963.0,1080.3333333333333,1321.0,-18.21852132223064,25-30万,轿车,B,其他能源,20545.0,2486.0,10875.0,22.859770114942528,268,False,True,False,True,统治型爆款,下滑
宝马,i3,15260.0,12,3227.0,2856.0,1075.6666666666667,952.0,12.99019607843137,20-25万,轿车,B,新能源,15260.0,3227.0,47752.0,6.757832132685541,269,False,False,False,True,持续型爆款,稳定
捷达,捷达VS8,14957.0,12,3207.0,3682.0,1069.0,1227.3333333333333,-12.900597501357957,10-15万,SUV,B,其他能源,14510.0,3207.0,141351.0,2.2688201710635227,270,False,False,False,True,持续型爆款,稳定
起亚,K3,6768.0,12,3153.0,2399.0,1051.0,799.6666666666666,31.429762401000417,5-10万,轿车,A,其他能源,6768.0,3153.0,222023.0,1.4201231403953645,271,True,False,False,True,增长爆款,上升
奇瑞,瑞虎5,18627.0,12,3144.0,3664.0,1048.0,1221.3333333333333,-14.19213973799126,5-10万,SUV,A,其他能源,18627.0,3144.0,221299.0,1.4207023077374954,272,False,False,False,True,持续型爆款,稳定
现代,库斯途,16516.0,12,3134.0,3997.0,1044.6666666666667,1332.3333333333333,-21.59119339504627,10-15万,MPV,B,其他能源,16516.0,3134.0,3592.0,87.24944320712696,273,False,True,False,True,统治型爆款,下滑
雷克萨斯,NX,16021.0,12,3089.0,3802.0,1029.6666666666667,1267.3333333333333,-18.75328774329299,25-30万,SUV,B,其他能源,10029.0,760.0,46626.0,1.6299918500407498,274,False,False,False,True,持续型爆款,下滑
岚图,岚图FREE,26123.0,12,3049.0,4149.0,1016.3333333333334,1383.0,-26.51241262954929,20-25万,SUV,C,新能源,24189.0,1129.0,68442.0,1.6495719002951406,275,False,False,False,True,持续型爆款,下滑
别克,至境世家,15379.0,10,3047.0,6177.0,1015.6666666666666,2059.0,-50.67184717500405,45-50万,MPV,B,新能源,15056.0,3047.0,16292.0,18.702430640805304,276,False,False,False,True,持续型爆款,下滑
smart,精灵#1,14980.0,12,3037.0,2561.0,1012.3333333333334,853.6666666666666,18.58648965247951,15-20万,SUV,A0,新能源,14980.0,3037.0,3533.0,85.96093971129352,277,False,True,False,True,统治型爆款,上升
MG,MG5,34233.0,12,3013.0,6078.0,1004.3333333333334,2026.0,-50.427772293517606,5-10万,轿车,A,其他能源,34233.0,3013.0,222023.0,1.3570666102160587,278,False,False,False,True,持续型爆款,下滑
阿维塔,阿维塔12,13053.0,12,3009.0,1792.0,1003.0,597.3333333333334,67.91294642857142,25-30万,轿车,C,新能源,12479.0,3009.0,8454.0,35.59261887863733,279,True,True,False,True,增长爆款,上升
保时捷,卡宴,14351.0,12,2993.0,2688.0,997.6666666666666,896.0,11.346726190476186,60万以上,SUV,C,其他能源,14294.0,2993.0,11719.0,25.539721819267857,280,False,True,True,True,规模爆款,稳定
东风风神,SKY EV01,20517.0,12,2857.0,3570.0,952.3333333333334,1190.0,-19.971988795518204,15-20万,SUV,B,新能源,20517.0,2857.0,168688.0,1.693659300009485,281,False,False,False,True,持续型爆款,下滑
大众,与众06,9505.0,12,2854.0,1545.0,951.3333333333334,515.0,84.72491909385114,10-15万,SUV,A,新能源,4901.0,2854.0,217543.0,1.3119245390566463,282,True,False,False,True,增长爆款,上升
捷途,捷途X70L,15442.0,11,2817.0,3714.0,939.0,1238.0,-24.151857835218095,10-15万,SUV,B,其他能源,15442.0,2817.0,141351.0,1.9929112634505592,283,False,False,False,True,持续型爆款,下滑
埃安,AION UT,31382.0,12,2771.0,4186.0,923.6666666666666,1395.3333333333333,-33.803153368370765,5-10万,轿车,A0,新能源,31382.0,2771.0,269657.0,1.027601731088012,284,False,False,False,True,持续型爆款,下滑
启辰,VX6,8926.0,12,2731.0,1766.0,910.3333333333334,588.6666666666666,54.64326160815405,10-15万,SUV,A,新能源,8926.0,2731.0,217543.0,1.25538399304965,285,True,False,False,True,增长爆款,上升
东风风神,风神L8,15139.0,12,2690.0,2754.0,896.6666666666666,918.0,-2.3238925199709604,10-15万,SUV,B,新能源,15139.0,2690.0,216778.0,1.2409008294199597,286,False,False,False,True,持续型爆款,稳定
领克,领克Z20,18967.0,12,2676.0,2963.0,892.0,987.6666666666666,-9.686128923388459,10-15万,SUV,A,新能源,18967.0,2676.0,217543.0,1.230101635079042,287,False,False,False,True,持续型爆款,稳定
奥迪,Q6,12236.0,12,2633.0,1843.0,877.6666666666666,614.3333333333334,42.86489419424848,30-35万,SUV,C,新能源,4079.0,2077.0,51254.0,4.052366644554571,288,True,False,False,True,增长爆款,上升
奇瑞,欧萌达,23144.0,12,2581.0,5210.0,860.3333333333334,1736.6666666666667,-50.46065259117083,价格缺失/无效,SUV,A,其他能源,23144.0,2581.0,3781.0,68.26236445384819,289,False,True,True,True,统治型爆款,下滑
小鹏,MONA L03,2524.0,2,2524.0,,841.3333333333334,,,价格缺失/无效,SUV,A,新能源,2524.0,2524.0,6047.0,41.739705639159915,290,False,True,True,False,规模爆款,稳定
本田,奥德赛,14334.0,12,2508.0,2738.0,836.0,912.6666666666666,-8.400292184075964,20-25万,MPV,B,其他能源,10655.0,860.0,8702.0,9.882785566536429,291,False,False,False,True,持续型爆款,稳定
马自达,CX-5,16140.0,12,2489.0,2937.0,829.6666666666666,979.0,-15.253660197480423,10-15万,SUV,A,其他能源,16140.0,2489.0,227197.0,1.0955250289396428,292,False,False,False,False,普通车型,下滑
腾势,腾势N9,12037.0,12,2436.0,1073.0,812.0,357.6666666666667,127.02702702702702,40-45万,SUV,D,新能源,10964.0,2436.0,4632.0,52.59067357512953,293,True,True,False,True,增长爆款,上升
智己,智己LS9,14360.0,10,2435.0,4009.0,811.6666666666666,1336.3333333333333,-39.26166126216014,30-35万,SUV,D,新能源,14351.0,2435.0,46598.0,5.225546160779433,294,False,False,False,True,持续型爆款,下滑
理想,理想L7,35797.0,12,2433.0,6616.0,811.0,2205.3333333333335,-63.225513905683194,25-30万,SUV,C,新能源,25254.0,2433.0,83149.0,2.9260724723087472,295,False,False,False,True,持续型爆款,下滑
奇瑞,艾瑞泽5,18249.0,12,2399.0,4178.0,799.6666666666666,1392.6666666666667,-42.58018190521782,5万以下,轿车,A,其他能源,12753.0,2376.0,5099.0,46.59737203373211,296,False,True,False,True,统治型爆款,下滑
东风奕派,eπ007,14540.0,12,2395.0,2050.0,798.3333333333334,683.3333333333334,16.82926829268292,10-15万,轿车,C,新能源,14540.0,2395.0,31713.0,7.552107968341058,297,False,False,False,False,普通车型,上升
沃尔沃,S90,15657.0,12,2373.0,2881.0,791.0,960.3333333333334,-17.632766400555365,25-30万,轿车,C,其他能源,14266.0,2336.0,3484.0,67.04936854190585,298,False,True,False,True,统治型爆款,下滑
东风风行,星海T5,7576.0,7,2372.0,3850.0,790.6666666666666,1283.3333333333333,-38.38961038961038,15-20万,SUV,A,新能源,5463.0,2372.0,33577.0,7.064359531822379,299,False,False,False,False,普通车型,下滑
捷途,山海T1,18176.0,12,2362.0,2619.0,787.3333333333334,873.0,-9.81290568919434,15-20万,SUV,B,新能源,12256.0,,168688.0,,300,False,False,False,True,持续型爆款,稳定
享界,享界S9,13014.0,12,2353.0,3403.0,784.3333333333334,1134.3333333333333,-30.855127828386706,30-35万,轿车,C,新能源,11388.0,2353.0,8478.0,27.754187308327438,301,False,True,False,True,统治型爆款,下滑
宝马,iX1,10661.0,12,2349.0,2278.0,783.0,759.3333333333334,3.11676909569798,15-20万,SUV,A,新能源,10661.0,2349.0,33577.0,6.995860261488519,302,False,False,False,True,持续型爆款,稳定
路虎,卫士,12453.0,12,2348.0,1780.0,782.6666666666666,593.3333333333334,31.910112359550546,60万以上,SUV,C,其他能源,12453.0,2348.0,11719.0,20.035839235429645,303,True,True,True,True,规模爆款,上升
领克,领克09,13349.0,12,2346.0,3272.0,782.0,1090.6666666666667,-28.30073349633252,20-25万,SUV,C,其他能源,10145.0,1408.0,8174.0,17.22534866650355,304,False,False,False,True,持续型爆款,下滑
MINI,MINI COOPER,10057.0,12,2310.0,1988.0,770.0,662.6666666666666,16.19718309859155,15-20万,轿车,A0,新能源,10057.0,2310.0,2310.0,100.0,305,False,True,False,True,统治型爆款,上升
雪铁龙,C5,13190.0,12,2309.0,2840.0,769.6666666666666,946.6666666666666,-18.69718309859155,10-15万,轿车,B,其他能源,11119.0,1851.0,143085.0,1.2936366495439773,306,False,False,False,False,普通车型,下滑
大众,与众07,2451.0,7,2277.0,171.0,759.0,57.0,1231.578947368421,10-15万,轿车,B,新能源,2277.0,2277.0,188091.0,1.21058423848031,307,False,False,False,False,普通车型,上升
起亚,狮铂拓界,8521.0,12,2265.0,2179.0,755.0,726.3333333333334,3.946764570904082,10-15万,SUV,A,其他能源,8464.0,2262.0,227197.0,0.9956117378310453,308,False,False,False,False,普通车型,稳定
广汽传祺,向往E8,2202.0,1,2202.0,,734.0,,,20-25万,MPV,B,新能源,2202.0,2202.0,9196.0,23.945193562418442,309,False,True,False,False,统治型爆款,稳定
岚图,岚图泰山,11315.0,9,2196.0,3889.0,732.0,1296.3333333333333,-43.5330419130882,35-40万,SUV,D,新能源,6630.0,,16326.0,,310,False,False,False,True,持续型爆款,下滑
比亚迪,海豹08,2183.0,2,2183.0,,727.6666666666666,,,价格缺失/无效,轿车,C,新能源,2183.0,2183.0,6091.0,35.83976358561812,311,False,True,True,False,规模爆款,稳定
212,T01,10537.0,12,2182.0,2379.0,727.3333333333334,793.0,-8.280790248003356,15-20万,SUV,B,其他能源,10537.0,2182.0,35981.0,6.0643117200744845,312,False,False,False,True,持续型爆款,稳定
红旗,H6,13946.0,12,2175.0,2630.0,725.0,876.6666666666666,-17.30038022813688,10-15万,轿车,B,其他能源,12710.0,2175.0,143085.0,1.520075479610022,313,False,False,False,False,普通车型,下滑
东风风行,星海S7,10808.0,12,2151.0,2381.0,717.0,793.6666666666666,-9.659806803863912,10-15万,轿车,C,新能源,10808.0,2151.0,31713.0,6.782707407057043,314,False,False,False,False,普通车型,稳定
东风奕派,eπ008,17096.0,12,2131.0,3319.0,710.3333333333334,1106.3333333333333,-35.793913829466696,15-20万,SUV,C,新能源,17096.0,2131.0,65905.0,3.233442075715044,315,False,False,False,True,持续型爆款,下滑
奇瑞,瑞虎3x,13530.0,12,2119.0,2615.0,706.3333333333334,871.6666666666666,-18.967495219885265,5万以下,SUV,A0,其他能源,13530.0,2119.0,2119.0,100.0,316,False,False,False,False,普通车型,下滑
奇瑞QQ,QQ冰淇淋,5183.0,7,2098.0,2744.0,699.3333333333334,914.6666666666666,-23.542274052478128,5万以下,轿车,A00,新能源,5183.0,2098.0,80552.0,2.604528751613864,317,False,False,False,False,普通车型,下滑
广汽传祺,向往S7,12059.0,12,2091.0,2107.0,697.0,702.3333333333334,-0.7593735168486049,15-20万,SUV,C,新能源,6713.0,2091.0,65905.0,3.1727486533646916,318,False,False,False,True,持续型爆款,稳定
大众,ID.3,16290.0,12,2057.0,2079.0,685.6666666666666,693.0,-1.0582010582010581,10-15万,轿车,A,新能源,16290.0,2057.0,68407.0,3.007002207376438,319,False,False,False,False,普通车型,稳定
大众,CC,11757.0,12,2056.0,2508.0,685.3333333333334,836.0,-18.022328548644328,15-20万,轿车,B,其他能源,11757.0,2056.0,76376.0,2.6919451136482664,320,False,False,False,True,持续型爆款,下滑
林肯,航海家,11666.0,12,2050.0,2443.0,683.3333333333334,814.3333333333334,-16.086778550961935,25-30万,SUV,B,其他能源,9212.0,1581.0,46626.0,3.390811993308455,321,False,False,False,False,普通车型,下滑
东风风行,菱智,9968.0,12,2042.0,2110.0,680.6666666666666,703.3333333333334,-3.222748815165888,5-10万,MPV,B,其他能源,7571.0,1416.0,11081.0,12.778630087537227,322,False,False,False,True,持续型爆款,稳定
起亚,福瑞迪,7907.0,12,2038.0,1476.0,679.3333333333334,492.0,38.07588075880759,价格缺失/无效,轿车,A,其他能源,7907.0,2038.0,2563.0,79.51619196254389,323,True,True,True,True,规模爆款,上升
福特,探险者,10555.0,12,2021.0,1980.0,673.6666666666666,660.0,2.0707070707070674,30-35万,SUV,C,其他能源,10555.0,2021.0,3239.0,62.395801173201605,324,False,True,False,True,统治型爆款,稳定
林肯,林肯Z,13304.0,12,2019.0,2783.0,673.0,927.6666666666666,-27.45238950772547,15-20万,轿车,B,其他能源,12022.0,1808.0,76376.0,2.367235780873573,325,False,False,False,True,持续型爆款,下滑
荣威,M7,16220.0,12,2005.0,2649.0,668.3333333333334,883.0,-24.31106077765194,5-10万,轿车,B,新能源,16181.0,2005.0,32829.0,6.1074050382283955,326,False,False,False,True,持续型爆款,下滑
马自达,EZ-60,12125.0,12,1999.0,1859.0,666.3333333333334,619.6666666666666,7.530930607853703,15-20万,SUV,B,新能源,7629.0,698.0,168688.0,0.4137816560751209,327,False,False,False,True,持续型爆款,稳定
宝骏,悦也,21554.0,12,1985.0,2003.0,661.6666666666666,667.6666666666666,-0.8986520219670502,5-10万,SUV,A0,新能源,21554.0,1985.0,122173.0,1.6247452383096102,328,False,False,False,True,持续型爆款,稳定
哈弗,哈弗H9,10909.0,12,1983.0,2201.0,661.0,733.6666666666666,-9.90458882326215,20-25万,SUV,B,其他能源,10909.0,1983.0,38792.0,5.1118787378840995,329,False,False,False,True,持续型爆款,稳定
捷达,捷达VS7,10039.0,12,1980.0,2099.0,660.0,699.6666666666666,-5.66936636493568,5-10万,SUV,B,其他能源,8750.0,1980.0,18326.0,10.804321728691477,330,False,False,False,True,持续型爆款,稳定
东风风神,奕炫,10623.0,12,1966.0,2586.0,655.3333333333334,862.0,-23.975251353441607,5-10万,轿车,A,其他能源,9774.0,1863.0,222023.0,0.8391022551717614,331,False,False,False,True,持续型爆款,下滑
北京汽车,EU系列,7996.0,12,1946.0,1093.0,648.6666666666666,364.3333333333333,78.04208600182983,5-10万,轿车,A,新能源,6442.0,466.0,116458.0,0.40014425801576536,332,True,False,False,True,增长爆款,上升
埃安,AION V,26346.0,12,1930.0,2699.0,643.3333333333334,899.6666666666666,-28.49203408669877,10-15万,SUV,A,新能源,26346.0,1930.0,217543.0,0.88718092515043,333,False,False,False,False,普通车型,下滑
吉利,豪越,10436.0,12,1924.0,2866.0,641.3333333333334,955.3333333333334,-32.86810886252617,10-15万,SUV,B,其他能源,9884.0,1920.0,141351.0,1.3583207759407432,334,False,False,False,False,普通车型,下滑
现代,索纳塔,11575.0,12,1922.0,2377.0,640.6666666666666,792.3333333333334,-19.141775347076152,10-15万,轿车,B,其他能源,11575.0,1922.0,143085.0,1.3432575042806725,335,False,False,False,False,普通车型,下滑
尊界,尊界S800,18731.0,12,1876.0,2838.0,625.3333333333334,946.0,-33.89711064129668,60万以上,轿车,D,新能源,18731.0,1876.0,2852.0,65.77840112201963,336,False,True,True,True,统治型爆款,下滑
凯迪拉克,XT4,10357.0,12,1868.0,1902.0,622.6666666666666,634.0,-1.7875920084122088,15-20万,SUV,A,其他能源,10357.0,1868.0,79520.0,2.3490945674044266,337,False,False,False,True,持续型爆款,稳定
欧尚汽车,欧尚520,10000.0,12,1846.0,876.0,615.3333333333334,292.0,110.73059360730593,价格缺失/无效,轿车,A,新能源,10000.0,1846.0,20017.0,9.22216116301144,338,True,False,True,True,规模爆款,上升
鑫源,鑫源向上V6,1837.0,5,1814.0,23.0,604.6666666666666,7.666666666666667,7786.95652173913,价格缺失/无效,MPV,A,新能源,1821.0,1798.0,8488.0,21.182846371347786,339,True,True,True,False,规模爆款,上升
保时捷,PANAMERA,8637.0,12,1799.0,912.0,599.6666666666666,304.0,97.25877192982455,60万以上,轿车,D,其他能源,8564.0,1797.0,6727.0,26.713245131559386,340,True,True,True,True,规模爆款,上升
五菱,星光,10046.0,12,1797.0,1093.0,599.0,364.3333333333333,64.40988106129919,10-15万,轿车,B,新能源,5869.0,1354.0,188091.0,0.7198643209935616,341,False,False,False,False,普通车型,上升
大众,ID.4 CROZZ,11407.0,12,1777.0,1919.0,592.3333333333334,639.6666666666666,-7.399687337154759,10-15万,SUV,A,新能源,11407.0,1777.0,217543.0,0.8168500020685565,342,False,False,False,False,普通车型,稳定
宝马,2系,9368.0,12,1776.0,1830.0,592.0,610.0,-2.950819672131144,15-20万,轿车,A,其他能源,5825.0,1006.0,1841.0,54.64421510048887,343,False,False,False,False,普通车型,稳定
领汇,领汇e7,1743.0,1,1743.0,,581.0,,,价格缺失/无效,轿车,B,新能源,1743.0,1743.0,16836.0,10.3528153955809,344,False,False,True,False,规模爆款,稳定
梅赛德斯-迈巴赫,S级,8991.0,12,1738.0,1985.0,579.3333333333334,661.6666666666666,-12.4433249370277,60万以上,轿车,D,其他能源,8988.0,1738.0,6727.0,25.836182547941135,345,False,True,True,True,统治型爆款,稳定
吉利,ICON,8757.0,12,1738.0,1950.0,579.3333333333334,650.0,-10.87179487179487,5-10万,SUV,A,其他能源,8757.0,1738.0,221299.0,0.7853627897098496,345,False,False,False,True,持续型爆款,稳定
广汽传祺,向往M8,5977.0,12,1738.0,918.0,579.3333333333334,306.0,89.32461873638347,35-40万,MPV,B,新能源,2893.0,,3979.0,,345,True,False,False,True,增长爆款,上升
比亚迪,汉L,16135.0,12,1697.0,2347.0,565.6666666666666,782.3333333333334,-27.69492969748616,20-25万,轿车,C,新能源,12026.0,823.0,86828.0,0.9478509236651771,348,False,False,False,True,持续型爆款,下滑
智己,智己L6,11290.0,12,1682.0,1498.0,560.6666666666666,499.3333333333333,12.283044058744984,20-25万,轿车,B,新能源,9031.0,,47752.0,,349,False,False,False,True,持续型爆款,稳定
魏牌,蓝山,17005.0,12,1630.0,2545.0,543.3333333333334,848.3333333333334,-35.95284872298624,25-30万,SUV,C,新能源,17005.0,1630.0,83149.0,1.9603362638155601,350,False,False,False,False,普通车型,下滑
蔚来,蔚来EC6,9138.0,12,1602.0,1770.0,534.0,590.0,-9.491525423728808,25-30万,SUV,B,新能源,5500.0,,93420.0,,351,False,False,False,False,普通车型,稳定
比亚迪,夏,12942.0,12,1566.0,2247.0,522.0,749.0,-30.30707610146862,20-25万,MPV,B,新能源,11572.0,1566.0,9196.0,17.02914310569813,352,False,False,False,True,持续型爆款,下滑
哈弗,哈弗枭龙MAX,16844.0,12,1540.0,2338.0,513.3333333333334,779.3333333333334,-34.13173652694611,10-15万,SUV,B,新能源,16844.0,1540.0,216778.0,0.7104041923073375,353,False,False,False,False,普通车型,下滑
smart,精灵#5,6796.0,12,1537.0,1412.0,512.3333333333334,470.6666666666667,8.852691218130326,15-20万,SUV,B,新能源,3407.0,920.0,168688.0,0.5453855638812483,354,False,False,False,False,普通车型,稳定
奔驰,CLE,6164.0,12,1519.0,1220.0,506.3333333333333,406.6666666666667,24.50819672131146,35-40万,轿车,B,其他能源,5173.0,1101.0,4099.0,26.860209807270063,355,False,True,False,True,统治型爆款,上升
北京汽车制造厂,王牌M7,11501.0,11,1515.0,2644.0,505.0,881.3333333333334,-42.70045385779123,5-10万,MPV,B,其他能源,8313.0,1127.0,11081.0,10.170562223626026,356,False,False,False,True,持续型爆款,下滑
奔腾,悦意08,1580.0,4,1498.0,82.0,499.3333333333333,27.333333333333332,1726.829268292683,价格缺失/无效,轿车,B,新能源,1580.0,1498.0,16836.0,8.897600380137801,357,True,False,True,False,规模爆款,上升
方程豹,豹8,8639.0,12,1497.0,629.0,499.0,209.66666666666666,137.99682034976155,35-40万,SUV,C,新能源,7333.0,191.0,58594.0,0.3259719425197119,358,True,False,False,True,增长爆款,上升
瑞风,瑞风M3,6735.0,12,1470.0,1492.0,490.0,497.3333333333333,-1.4745308310991967,5-10万,MPV,B,其他能源,4470.0,328.0,11081.0,2.9600216586950636,359,False,False,False,False,普通车型,稳定
丰田,埃尔法,10599.0,12,1461.0,1826.0,487.0,608.6666666666666,-19.989047097480828,60万以上,MPV,B,其他能源,10566.0,1458.0,2309.0,63.14421827631009,360,False,True,True,True,统治型爆款,下滑
丰田,兰德酷路泽,10319.0,12,1460.0,2477.0,486.6666666666667,825.6666666666666,-41.057731126362526,价格缺失/无效,SUV,C,其他能源,10319.0,1460.0,1787.0,81.70117515388921,361,False,True,True,True,统治型爆款,下滑
比亚迪,唐L,19874.0,12,1452.0,2158.0,484.0,719.3333333333334,-32.71547729379055,20-25万,SUV,C,新能源,19874.0,1452.0,68442.0,2.1215043394406945,362,False,False,False,True,持续型爆款,下滑
别克,至境L7,12921.0,12,1442.0,1741.0,480.6666666666667,580.3333333333334,-17.174037909247563,15-20万,轿车,C,新能源,12021.0,1116.0,43557.0,2.5621599283697223,363,False,False,False,False,普通车型,下滑
莲花跑车,FOR ME,2216.0,7,1426.0,779.0,475.3333333333333,259.6666666666667,83.05519897304234,价格缺失/无效,SUV,C,新能源,1388.0,598.0,14515.0,4.119875990354805,364,True,False,True,False,规模爆款,上升
蓝电,蓝电E5,11796.0,12,1424.0,1623.0,474.6666666666667,541.0,-12.261244608749223,10-15万,SUV,B,新能源,11796.0,1424.0,216778.0,0.656893227172499,365,False,False,False,False,普通车型,稳定
极狐,问道V9,1411.0,3,1411.0,,470.3333333333333,,,20-25万,MPV,B,新能源,1411.0,1411.0,9196.0,15.343627664201827,366,False,False,False,False,普通车型,稳定
MINI,MINI,6964.0,12,1366.0,1737.0,455.3333333333333,579.0,-21.358664363845715,20-25万,轿车,A0,其他能源,6964.0,1366.0,1366.0,100.0,367,False,True,False,True,统治型爆款,下滑
福特,领睿,8465.0,12,1359.0,1929.0,453.0,643.0,-29.54898911353032,10-15万,SUV,B,其他能源,8066.0,1335.0,141351.0,0.9444574145212982,368,False,False,False,False,普通车型,下滑
哈弗,哈弗H5,7164.0,12,1328.0,1526.0,442.6666666666667,508.6666666666667,-12.975098296199217,15-20万,SUV,D,其他能源,7164.0,1328.0,1328.0,100.0,369,False,False,False,False,普通车型,稳定
智界,智界S7,10659.0,12,1304.0,1473.0,434.6666666666667,491.0,-11.473183978275625,20-25万,轿车,C,新能源,10659.0,1304.0,86828.0,1.5018196895010825,370,False,False,False,True,持续型爆款,稳定
马自达,马自达3,9540.0,12,1300.0,1840.0,433.3333333333333,613.3333333333334,-29.34782608695653,10-15万,轿车,A,其他能源,9540.0,1300.0,86418.0,1.5043162304149598,371,False,False,False,False,普通车型,下滑
奥迪,Q7,7992.0,12,1299.0,1431.0,433.0,477.0,-9.224318658280929,50-55万,SUV,C,其他能源,7141.0,1299.0,1299.0,100.0,372,False,True,False,True,统治型爆款,稳定
奇瑞QQ,eQ,2876.0,7,1299.0,1286.0,433.0,428.6666666666667,1.0108864696734,5-10万,轿车,A00,新能源,2876.0,1299.0,1643.0,79.0626902008521,372,False,False,False,False,普通车型,稳定
大众,揽境,9304.0,12,1297.0,1220.0,432.3333333333333,406.6666666666667,6.311475409836054,25-30万,SUV,C,其他能源,9304.0,1297.0,4167.0,31.125509959203264,374,False,False,False,False,普通车型,稳定
广汽传祺,影豹,8143.0,12,1296.0,1417.0,432.0,472.3333333333333,-8.53916725476358,10-15万,轿车,A,其他能源,5167.0,308.0,86418.0,0.3564072299752366,375,False,False,False,False,普通车型,稳定
标致,408,8607.0,12,1279.0,1533.0,426.3333333333333,511.0,-16.568819308545336,5-10万,轿车,A,其他能源,8249.0,1229.0,222023.0,0.5535462542169055,376,False,False,False,False,普通车型,下滑
雷诺江铃,易至EV2,7363.0,10,1273.0,850.0,424.3333333333333,283.3333333333333,49.764705882352956,5万以下,轿车,A00,新能源,7363.0,1273.0,80552.0,1.5803456152547424,377,False,False,False,False,普通车型,上升
星途,星途EX7,1617.0,5,1271.0,346.0,423.6666666666667,115.33333333333333,267.34104046242777,20-25万,SUV,C,新能源,1271.0,1271.0,68442.0,1.8570468425820403,378,True,False,False,False,增长爆款,上升
奔驰,S级,7618.0,12,1267.0,1598.0,422.3333333333333,532.6666666666666,-20.71339173967459,60万以上,轿车,D,其他能源,7487.0,1262.0,6727.0,18.760220008919283,379,False,False,True,True,持续型爆款,下滑
宝骏,云海,9832.0,12,1245.0,1009.0,415.0,336.3333333333333,23.389494549058476,10-15万,SUV,A,新能源,7406.0,,217543.0,,380,False,False,False,False,普通车型,上升
MG,MG7,9399.0,12,1241.0,2368.0,413.6666666666667,789.3333333333334,-47.5929054054054,10-15万,轿车,B,其他能源,9399.0,1241.0,143085.0,0.8673166299751897,381,False,False,False,False,普通车型,下滑
奥迪,E5 Sportback,10720.0,12,1215.0,4045.0,405.0,1348.3333333333333,-69.9629171817058,25-30万,轿车,B,新能源,5292.0,,9090.0,,382,False,False,False,False,普通车型,下滑
深蓝,L07,12172.0,12,1186.0,1304.0,395.3333333333333,434.6666666666667,-9.04907975460123,10-15万,轿车,B,新能源,12172.0,1186.0,188091.0,0.6305458528052911,383,False,False,False,False,普通车型,稳定
长安凯程,欧诺,7217.0,12,1182.0,1558.0,394.0,519.3333333333334,-24.13350449293967,价格缺失/无效,MPV,A,其他能源,7217.0,1182.0,6799.0,17.384909545521403,384,False,False,True,True,持续型爆款,下滑
启境,启境GT7,1179.0,2,1179.0,,393.0,,,价格缺失/无效,轿车,C,新能源,1179.0,1179.0,6091.0,19.356427516007223,385,False,False,True,False,规模爆款,稳定
深蓝,S09,6831.0,12,1170.0,623.0,390.0,207.66666666666666,87.80096308186197,25-30万,SUV,D,新能源,6831.0,1170.0,30105.0,3.8863976083707024,386,False,False,False,False,普通车型,上升
本田,缤智,5527.0,12,1161.0,1391.0,387.0,463.6666666666667,-16.534867002156727,5-10万,SUV,A0,其他能源,5527.0,1161.0,50161.0,2.3145471581507544,387,False,False,False,False,普通车型,下滑
宝马,7系,8383.0,12,1159.0,1685.0,386.3333333333333,561.6666666666666,-31.216617210682497,60万以上,轿车,D,其他能源,8379.0,1159.0,6727.0,17.229076854467074,388,False,False,True,True,持续型爆款,下滑
红旗,H9,6834.0,12,1148.0,1244.0,382.6666666666667,414.6666666666667,-7.717041800643088,25-30万,轿车,C,其他能源,3872.0,1148.0,3484.0,32.95063145809414,389,False,False,False,False,普通车型,稳定
广汽传祺,GS4,7583.0,12,1144.0,898.0,381.3333333333333,299.3333333333333,27.39420935412027,5-10万,SUV,A,其他能源,6920.0,563.0,221299.0,0.25440693360566474,390,False,False,False,False,普通车型,上升
埃安,AION UT super,6354.0,8,1143.0,1364.0,381.0,454.6666666666667,-16.202346041055726,5-10万,轿车,A0,新能源,3189.0,1143.0,269657.0,0.4238718075184401,391,False,False,False,False,普通车型,下滑
睿蓝,蓝气球,3533.0,11,1139.0,919.0,379.6666666666667,306.3333333333333,23.93906420021765,价格缺失/无效,轿车,A00,新能源,3533.0,1139.0,2908.0,39.167812929848694,392,False,True,True,True,规模爆款,上升
理想,理想MEGA,13166.0,12,1133.0,1638.0,377.6666666666667,546.0,-30.83028083028083,50-55万,MPV,B,新能源,13166.0,1133.0,1133.0,100.0,393,False,True,False,True,统治型爆款,下滑
红旗,天工05,3647.0,12,1131.0,548.0,377.0,182.66666666666666,106.38686131386864,15-20万,轿车,B,新能源,2248.0,,34346.0,,394,False,False,False,False,普通车型,上升
沃尔沃,XC90,7126.0,12,1122.0,1322.0,374.0,440.6666666666667,-15.128593040847205,45-50万,SUV,C,其他能源,5399.0,1031.0,4973.0,20.731952543736178,395,False,True,False,True,统治型爆款,下滑
捷途,捷途X90,9541.0,12,1101.0,1494.0,367.0,498.0,-26.30522088353414,10-15万,SUV,B,其他能源,9540.0,1100.0,141351.0,0.7782046112160508,396,False,False,False,False,普通车型,下滑
大众,途锐,3675.0,12,1099.0,751.0,366.3333333333333,250.33333333333334,46.33821571238348,40-45万,SUV,C,其他能源,2024.0,1099.0,1099.0,100.0,397,False,False,False,False,普通车型,上升
奔驰,GLS级,6951.0,12,1097.0,1459.0,365.6666666666667,486.3333333333333,-24.81151473612062,60万以上,SUV,D,其他能源,6951.0,1097.0,3038.0,36.10928242264648,398,False,True,True,True,统治型爆款,下滑
迈克萨斯,G50,6382.0,12,1089.0,959.0,363.0,319.6666666666667,13.555787278415,5-10万,MPV,B,其他能源,2345.0,429.0,11081.0,3.8714917426225073,399,False,False,False,False,普通车型,稳定
本田,S7,3452.0,12,1079.0,829.0,359.6666666666667,276.3333333333333,30.15681544028952,10-15万,SUV,B,新能源,1908.0,1079.0,216778.0,0.49774423603871243,400,False,False,False,False,普通车型,上升
保时捷,Macan,5486.0,12,1071.0,1133.0,357.0,377.6666666666667,-5.4721977052074156,45-50万,SUV,B,其他能源,3134.0,835.0,1068.0,78.18352059925093,401,False,True,False,True,统治型爆款,稳定
奔驰,EQB,3816.0,12,1065.0,685.0,355.0,228.33333333333334,55.47445255474452,20-25万,SUV,A,新能源,2421.0,,3411.0,,402,True,False,False,True,增长爆款,上升
大众,与众08,1353.0,5,1051.0,302.0,350.3333333333333,100.66666666666667,248.01324503311255,20-25万,SUV,C,新能源,1051.0,1051.0,68442.0,1.535606791151632,403,False,False,False,False,普通车型,上升
别克,世纪,3666.0,12,1050.0,389.0,350.0,129.66666666666666,169.92287917737792,50-55万,MPV,B,其他能源,2616.0,,596.0,,404,True,False,False,True,增长爆款,上升
红旗,HQ9,3820.0,12,1048.0,463.0,349.3333333333333,154.33333333333334,126.34989200863926,30-35万,MPV,B,新能源,2272.0,975.0,37420.0,2.60555852485302,405,True,False,False,True,增长爆款,上升
马自达,CX-50行也,3752.0,12,1022.0,1085.0,340.6666666666667,361.6666666666667,-5.8064516129032295,15-20万,SUV,A,其他能源,1927.0,,79520.0,,406,False,False,False,False,普通车型,稳定
小鹏,G9,7792.0,12,1008.0,924.0,336.0,308.0,9.090909090909083,20-25万,SUV,C,新能源,5509.0,1008.0,68442.0,1.472779872008416,407,False,False,False,False,普通车型,稳定
荣威,D7,9347.0,12,996.0,1728.0,332.0,576.0,-42.361111111111114,10-15万,轿车,B,新能源,5815.0,336.0,188091.0,0.17863693637654113,408,False,False,False,False,普通车型,下滑
奥迪,A7L,7603.0,12,993.0,1526.0,331.0,508.6666666666667,-34.927916120576675,30-35万,轿车,C,其他能源,6922.0,312.0,42610.0,0.7322224829852148,409,False,False,False,False,普通车型,下滑
埃尚,埃尚,2300.0,10,992.0,665.0,330.6666666666667,221.66666666666666,49.17293233082709,价格缺失/无效,轿车,A00,新能源,2300.0,992.0,2908.0,34.11279229711142,410,True,True,True,True,规模爆款,上升
极氪,极氪X,6493.0,12,972.0,1108.0,324.0,369.3333333333333,-12.274368231046928,10-15万,SUV,A,新能源,5052.0,329.0,217543.0,0.15123446858781942,411,False,False,False,False,普通车型,稳定
本田,冠道,4550.0,12,971.0,865.0,323.6666666666667,288.3333333333333,12.254335260115612,20-25万,SUV,B,其他能源,4550.0,971.0,38792.0,2.5030934213239844,412,False,False,False,False,普通车型,稳定
比亚迪,海狮07,10623.0,12,965.0,702.0,321.6666666666667,234.0,37.46438746438747,15-20万,SUV,B,新能源,10467.0,965.0,168688.0,0.5720620316797875,413,False,False,False,False,普通车型,上升
纵横,纵横G700,1368.0,5,964.0,404.0,321.3333333333333,134.66666666666666,138.6138613861386,35-40万,SUV,D,新能源,1368.0,964.0,16326.0,5.904691902486831,414,True,False,False,False,增长爆款,上升
奔腾,奔腾NAT,3665.0,12,953.0,694.0,317.6666666666667,231.33333333333334,37.319884726224785,价格缺失/无效,MPV,B,新能源,3665.0,953.0,2818.0,33.81831085876508,415,True,True,True,True,规模爆款,上升
极狐,考拉,11297.0,12,909.0,814.0,303.0,271.3333333333333,11.670761670761687,10-15万,SUV,A,新能源,11041.0,909.0,217543.0,0.4178484253687777,416,False,False,False,False,普通车型,稳定
林肯,冒险家,3847.0,12,907.0,872.0,302.3333333333333,290.6666666666667,4.013761467889898,15-20万,SUV,A,其他能源,2050.0,773.0,79520.0,0.9720824949698189,417,False,False,False,False,普通车型,稳定
凯翼,昆仑,6489.0,12,880.0,1154.0,293.3333333333333,384.6666666666667,-23.743500866551138,10-15万,SUV,B,其他能源,3204.0,497.0,141351.0,0.3516069925221611,418,False,False,False,False,普通车型,下滑
福特,烈马,4320.0,12,872.0,846.0,290.6666666666667,282.0,3.073286052009472,35-40万,SUV,B,其他能源,4320.0,872.0,2264.0,38.515901060070675,419,False,False,False,False,普通车型,稳定
零跑,零跑A05,872.0,1,872.0,,290.6666666666667,,,价格缺失/无效,轿车,A0,新能源,872.0,872.0,4349.0,20.050586341687744,419,False,True,True,False,规模爆款,稳定
星途,星途TX,7692.0,12,870.0,1485.0,290.0,495.0,-41.41414141414141,10-15万,SUV,B,其他能源,7692.0,870.0,141351.0,0.6154891015981493,421,False,False,False,False,普通车型,下滑
吉利银河,几何A,5877.0,12,864.0,372.0,288.0,124.0,132.25806451612905,价格缺失/无效,轿车,A,新能源,5877.0,864.0,20017.0,4.3163311185492335,422,True,False,True,True,规模爆款,上升
雷克萨斯,LM,4088.0,12,851.0,1010.0,283.6666666666667,336.6666666666667,-15.742574257425746,60万以上,MPV,B,其他能源,4084.0,851.0,2309.0,36.85578172368991,423,False,True,True,True,统治型爆款,下滑
广汽昊铂,昊铂S600,845.0,3,845.0,,281.6666666666667,,,20-25万,SUV,C,新能源,780.0,780.0,68442.0,1.1396510914350837,424,False,False,False,False,普通车型,稳定
奔驰,A级,6262.0,12,835.0,1148.0,278.3333333333333,382.6666666666667,-27.26480836236934,15-20万,轿车,A,其他能源,6262.0,835.0,1841.0,45.355784899511136,425,False,False,False,False,普通车型,下滑
广汽昊铂,昊铂HT,5264.0,12,831.0,884.0,277.0,294.6666666666667,-5.995475113122173,15-20万,SUV,C,新能源,3152.0,831.0,65905.0,1.260905849328579,426,False,False,False,False,普通车型,稳定
零跑,零跑D99,815.0,2,815.0,,271.6666666666667,,,25-30万,MPV,B,新能源,815.0,815.0,22004.0,3.7038720232684965,427,False,False,False,False,普通车型,稳定
吉利银河,银河V900,1860.0,7,808.0,820.0,269.3333333333333,273.3333333333333,-1.4634146341463428,30-35万,MPV,B,新能源,820.0,,37420.0,,428,False,False,False,False,普通车型,稳定
吉利,缤瑞,7100.0,12,798.0,2243.0,266.0,747.6666666666666,-64.42264823896566,5-10万,轿车,A,其他能源,7100.0,798.0,222023.0,0.35942222202204277,429,False,False,False,False,普通车型,下滑
东风风行,星海V9,4001.0,12,784.0,652.0,261.3333333333333,217.33333333333334,20.24539877300613,20-25万,MPV,B,新能源,4001.0,784.0,9196.0,8.525445846020009,430,False,False,False,False,普通车型,上升
东风奕派,eπ007+,1628.0,8,780.0,639.0,260.0,213.0,22.065727699530523,10-15万,轿车,C,新能源,1628.0,780.0,31713.0,2.459559171317756,431,False,False,False,False,普通车型,上升
零跑,零跑T03,21178.0,12,764.0,2058.0,254.66666666666666,686.0,-62.87657920310982,5-10万,轿车,A00,新能源,19203.0,,1643.0,,432,False,False,False,False,普通车型,下滑
星途,星途揽月,5520.0,12,764.0,963.0,254.66666666666666,321.0,-20.664589823468326,15-20万,SUV,C,其他能源,3810.0,511.0,1283.0,39.82852689010132,432,False,False,False,False,普通车型,下滑
本田,艾力绅,4683.0,12,762.0,819.0,254.0,273.0,-6.959706959706957,20-25万,MPV,B,其他能源,4683.0,762.0,8702.0,8.75660767639623,434,False,False,False,False,普通车型,稳定
曹操,曹操60,7123.0,12,755.0,1281.0,251.66666666666666,427.0,-41.06167056986729,价格缺失/无效,轿车,A,新能源,7123.0,755.0,20017.0,3.7717939751211467,435,False,False,True,True,持续型爆款,下滑
极狐,极狐S3,748.0,1,748.0,,249.33333333333334,,,5-10万,轿车,B,新能源,748.0,748.0,32829.0,2.2784733010448077,436,False,False,False,False,普通车型,稳定
奔腾,奔腾B70,6962.0,12,738.0,1214.0,246.0,404.6666666666667,-39.20922570016475,5-10万,轿车,B,其他能源,6962.0,738.0,739.0,99.86468200270636,437,False,False,False,False,普通车型,下滑
北京汽车制造厂,锐胜王牌M7,737.0,1,737.0,,245.66666666666666,,,5-10万,MPV,B,其他能源,503.0,503.0,11081.0,4.539301507084198,438,False,False,False,False,普通车型,稳定
大众,ID.4 X,6024.0,12,722.0,773.0,240.66666666666666,257.6666666666667,-6.597671410090566,10-15万,SUV,A,新能源,6024.0,722.0,217543.0,0.3318884082687101,439,False,False,False,False,普通车型,稳定
宝马,i5,4426.0,12,713.0,746.0,237.66666666666666,248.66666666666666,-4.4235924932975905,30-35万,轿车,C,新能源,4301.0,693.0,8478.0,8.174097664543524,440,False,False,False,False,普通车型,稳定
东风奕派,纳米06,3134.0,8,698.0,1315.0,232.66666666666666,438.3333333333333,-46.92015209125475,5-10万,SUV,A,新能源,3134.0,698.0,64533.0,1.0816171571134148,441,False,False,False,False,普通车型,下滑
AITO,问界M5,18242.0,12,695.0,1823.0,231.66666666666666,607.6666666666666,-61.87602852441031,20-25万,SUV,B,新能源,18242.0,695.0,74269.0,0.9357874752588563,442,False,False,False,False,普通车型,下滑
宝马,X7,3754.0,12,692.0,853.0,230.66666666666666,284.3333333333333,-18.874560375146544,60万以上,SUV,D,其他能源,3754.0,692.0,3038.0,22.778143515470706,443,False,True,True,True,统治型爆款,下滑
东风风神,皓瀚,2105.0,12,692.0,465.0,230.66666666666666,155.0,48.81720430107526,5-10万,SUV,A,其他能源,2001.0,662.0,221299.0,0.2991427887157195,443,False,False,False,False,普通车型,上升
星途,星纪元ET,5251.0,12,682.0,741.0,227.33333333333334,247.0,-7.9622132253711175,20-25万,SUV,C,新能源,4053.0,19.0,68442.0,0.027760731714444348,445,False,False,False,False,普通车型,稳定
雷克萨斯,LX,3311.0,12,681.0,797.0,227.0,265.6666666666667,-14.554579673776669,60万以上,SUV,D,其他能源,2962.0,629.0,3038.0,20.704410796576695,446,False,True,True,True,统治型爆款,稳定
广汽传祺,E9,3262.0,12,675.0,562.0,225.0,187.33333333333334,20.106761565836283,30-35万,MPV,B,新能源,3262.0,675.0,37420.0,1.803848209513629,447,False,False,False,False,普通车型,上升
奇瑞QQ,多米,1596.0,7,671.0,817.0,223.66666666666666,272.3333333333333,-17.870257037943695,5-10万,轿车,A0,新能源,1596.0,671.0,269657.0,0.2488346306604316,448,False,False,False,False,普通车型,下滑
深蓝,G318,4385.0,12,668.0,825.0,222.66666666666666,275.0,-19.03030303030303,15-20万,SUV,C,新能源,2731.0,,65905.0,,449,False,False,False,False,普通车型,下滑
北京汽车,北京X7,4097.0,12,662.0,1095.0,220.66666666666666,365.0,-39.5433789954338,5-10万,SUV,A,其他能源,2988.0,662.0,221299.0,0.2991427887157195,450,False,False,False,False,普通车型,下滑
雷克萨斯,GX,3061.0,12,651.0,626.0,217.0,208.66666666666666,3.9936102236421744,60万以上,SUV,C,其他能源,2596.0,564.0,11719.0,4.812697329123646,451,False,False,True,True,规模爆款,稳定
星途,星途ES,637.0,2,637.0,,212.33333333333334,,,10-15万,轿车,C,新能源,549.0,549.0,31713.0,1.7311512628890362,452,False,False,False,False,普通车型,稳定
吉利银河,银河L6,12376.0,12,627.0,1435.0,209.0,478.3333333333333,-56.30662020905923,5-10万,轿车,A,新能源,12083.0,334.0,116458.0,0.2867986742001408,453,False,False,False,False,普通车型,下滑
飞凡,F7,2106.0,12,619.0,489.0,206.33333333333334,163.0,26.584867075664633,15-20万,轿车,C,新能源,2106.0,619.0,43557.0,1.4211263401979015,454,False,False,False,False,普通车型,上升
奔驰,V级,4310.0,12,616.0,659.0,205.33333333333334,219.66666666666666,-6.525037936267064,45-50万,MPV,B,其他能源,2593.0,,,,455,False,False,False,False,普通车型,稳定
奔驰,CLA级,3716.0,12,615.0,585.0,205.0,195.0,5.128205128205132,25-30万,轿车,A,新能源,1914.0,,,,456,False,False,False,False,普通车型,稳定
奥迪,A8L,3999.0,12,614.0,851.0,204.66666666666666,283.6666666666667,-27.84958871915394,60万以上,轿车,D,其他能源,3999.0,614.0,6727.0,9.127397056637431,457,False,False,True,True,持续型爆款,下滑
荣威,RX5,14893.0,12,611.0,2847.0,203.66666666666666,949.0,-78.53881278538812,5-10万,SUV,A,其他能源,13950.0,494.0,221299.0,0.22322739822592963,458,False,False,False,False,普通车型,下滑
哈弗,长城H10,603.0,2,603.0,,201.0,,,价格缺失/无效,SUV,D,新能源,603.0,603.0,1209.0,49.87593052109181,459,False,True,True,False,规模爆款,稳定
smart,精灵#3,3116.0,12,595.0,468.0,198.33333333333334,156.0,27.13675213675215,15-20万,SUV,A,新能源,3116.0,595.0,33577.0,1.7720463412454954,460,False,False,False,False,普通车型,上升
吉利银河,银河E8,5147.0,12,590.0,708.0,196.66666666666666,236.0,-16.666666666666675,15-20万,轿车,C,新能源,5147.0,590.0,43557.0,1.3545469155359644,461,False,False,False,False,普通车型,下滑
东风风行,风行M7,1742.0,12,567.0,403.0,189.0,134.33333333333334,40.694789081885844,价格缺失/无效,MPV,B,其他能源,908.0,567.0,1965.0,28.854961832061072,462,True,True,True,True,规模爆款,上升
五菱,五菱宏光S3,4109.0,12,561.0,867.0,187.0,289.0,-35.29411764705882,5-10万,SUV,B,其他能源,4109.0,561.0,18326.0,3.061224489795918,463,False,False,False,False,普通车型,下滑
丰田,铂智4X,1204.0,12,558.0,78.0,186.0,26.0,615.3846153846155,15-20万,SUV,B,新能源,1204.0,558.0,168688.0,0.33078820070188747,464,False,False,False,False,普通车型,上升
红旗,HS7,5592.0,12,549.0,523.0,183.0,174.33333333333334,4.97131931166348,25-30万,SUV,C,新能源,4374.0,133.0,83149.0,0.15995381784507332,465,False,False,False,False,普通车型,稳定
星途,星途ET5,5107.0,10,547.0,1235.0,182.33333333333334,411.6666666666667,-55.7085020242915,10-15万,SUV,B,新能源,4711.0,547.0,216778.0,0.2523318786961777,466,False,False,False,False,普通车型,下滑
凯翼,炫界,3668.0,12,543.0,772.0,181.0,257.3333333333333,-29.663212435233156,5-10万,SUV,A,其他能源,3157.0,457.0,221299.0,0.20650793722520208,467,False,False,False,False,普通车型,下滑
奔驰,G级,2812.0,12,542.0,566.0,180.66666666666666,188.66666666666666,-4.240282685512364,60万以上,SUV,C,其他能源,2680.0,538.0,11719.0,4.590835395511562,468,False,False,True,True,持续型爆款,稳定
红旗,EH7,1634.0,12,542.0,205.0,180.66666666666666,68.33333333333333,164.39024390243904,20-25万,轿车,C,新能源,870.0,462.0,86828.0,0.5320864237342793,468,False,False,False,False,普通车型,上升
大众,威然,4948.0,12,539.0,816.0,179.66666666666666,272.0,-33.94607843137255,20-25万,MPV,B,其他能源,2865.0,,8702.0,,470,False,False,False,False,普通车型,下滑
星途,星途瑶光,6033.0,12,534.0,655.0,178.0,218.33333333333334,-18.473282442748097,15-20万,SUV,B,新能源,3246.0,,168688.0,,471,False,False,False,False,普通车型,下滑
日产,探陆,3892.0,12,530.0,687.0,176.66666666666666,229.0,-22.85298398835517,20-25万,SUV,C,其他能源,3892.0,530.0,8174.0,6.483973574749205,472,False,False,False,False,普通车型,下滑
马自达,CX-30,2521.0,12,529.0,508.0,176.33333333333334,169.33333333333334,4.133858267716528,10-15万,SUV,A,其他能源,2521.0,529.0,227197.0,0.23283758148214986,473,False,False,False,False,普通车型,稳定
别克,别克E5,7699.0,12,525.0,876.0,175.0,292.0,-40.06849315068494,15-20万,SUV,C,新能源,5050.0,,65905.0,,474,False,False,False,False,普通车型,下滑
易至,羿驰05,1554.0,12,521.0,274.0,173.66666666666666,91.33333333333333,90.14598540145985,10-15万,轿车,A,新能源,1554.0,521.0,68407.0,0.7616179630739545,475,False,False,False,False,普通车型,上升
MG,MG 07,513.0,2,513.0,,171.0,,,价格缺失/无效,轿车,B,新能源,513.0,513.0,16836.0,3.0470420527441195,476,False,False,True,False,规模爆款,稳定
星途,星纪元ES,5633.0,10,508.0,922.0,169.33333333333334,307.3333333333333,-44.90238611713665,15-20万,轿车,C,新能源,4374.0,40.0,43557.0,0.09183368918887895,477,False,False,False,False,普通车型,下滑
五菱,星光S,7546.0,12,507.0,555.0,169.0,185.0,-8.64864864864865,10-15万,SUV,B,新能源,5539.0,249.0,216778.0,0.1148640544704721,478,False,False,False,False,普通车型,稳定
启辰,启辰大V,4408.0,12,502.0,708.0,167.33333333333334,236.0,-29.096045197740107,5-10万,SUV,A,其他能源,2968.0,367.0,221299.0,0.16583897803424327,479,False,False,False,False,普通车型,下滑
风云,风云A8,6572.0,12,500.0,701.0,166.66666666666666,233.66666666666666,-28.673323823109843,10-15万,轿车,B,新能源,5733.0,449.0,188091.0,0.23871423938412792,480,False,False,False,False,普通车型,下滑
smart,精灵#6,493.0,3,493.0,,164.33333333333334,,,20-25万,轿车,C,新能源,376.0,376.0,86828.0,0.43304003316902384,481,False,False,False,False,普通车型,稳定
宝马,M2,1978.0,12,489.0,493.0,163.0,164.33333333333334,-0.8113590263691739,60万以上,轿车,A,其他能源,1662.0,489.0,489.0,100.0,482,False,True,False,True,统治型爆款,稳定
本田,型格,7825.0,12,487.0,800.0,162.33333333333334,266.6666666666667,-39.125,10-15万,轿车,A,其他能源,7808.0,470.0,86418.0,0.5438681756115624,483,False,False,False,False,普通车型,下滑
风云,风云X3L,3966.0,11,479.0,748.0,159.66666666666666,249.33333333333334,-35.9625668449198,10-15万,SUV,A,新能源,3966.0,479.0,217543.0,0.22018635396220515,484,False,False,False,False,普通车型,下滑
奥迪,Q4,2775.0,12,477.0,689.0,159.0,229.66666666666666,-30.76923076923077,15-20万,SUV,A,新能源,2775.0,477.0,33577.0,1.4206153021413468,485,False,False,False,False,普通车型,下滑
红旗,天工08,2127.0,12,477.0,181.0,159.0,60.333333333333336,163.53591160220992,20-25万,SUV,C,新能源,1935.0,285.0,68442.0,0.41641097571666524,485,False,False,False,False,普通车型,上升
飞凡,MARVEL R,1693.0,12,476.0,428.0,158.66666666666666,142.66666666666666,11.214953271028039,价格缺失/无效,SUV,B,新能源,1693.0,476.0,2632.0,18.085106382978726,487,False,False,True,True,规模爆款,稳定
迈克萨斯,大家9,1458.0,12,474.0,309.0,158.0,103.0,53.398058252427184,30-35万,MPV,B,新能源,1158.0,413.0,37420.0,1.1036878674505612,488,False,False,False,False,普通车型,上升
梅赛德斯-迈巴赫,GLS,1947.0,12,471.0,531.0,157.0,177.0,-11.299435028248583,60万以上,SUV,D,其他能源,1947.0,471.0,3038.0,15.503620803159974,489,False,False,False,True,持续型爆款,稳定
马自达,EZ-6,2589.0,12,465.0,262.0,155.0,87.33333333333333,77.48091603053436,10-15万,轿车,B,新能源,1406.0,465.0,188091.0,0.2472207601639632,490,False,False,False,False,普通车型,上升
丰田,雷凌L,3671.0,8,463.0,1252.0,154.33333333333334,417.3333333333333,-63.01916932907348,5-10万,轿车,A,其他能源,3671.0,463.0,222023.0,0.20853695337870404,491,False,False,False,False,普通车型,下滑
仰望,U7,2334.0,12,460.0,302.0,153.33333333333334,100.66666666666667,52.317880794701985,60万以上,轿车,D,新能源,2334.0,460.0,2852.0,16.129032258064516,492,True,False,False,True,增长爆款,上升
奔驰,G级AMG,2227.0,12,457.0,491.0,152.33333333333334,163.66666666666666,-6.924643584521373,60万以上,SUV,C,其他能源,2227.0,457.0,11719.0,3.8996501407969966,493,False,False,False,True,持续型爆款,稳定
睿蓝,枫叶60s,2669.0,12,453.0,184.0,151.0,61.333333333333336,146.19565217391303,价格缺失/无效,轿车,A,新能源,2669.0,453.0,20017.0,2.2630763850726883,494,True,False,True,True,规模爆款,上升
北京汽车制造厂,锐胜M8,1312.0,11,446.0,400.0,148.66666666666666,133.33333333333334,11.499999999999977,价格缺失/无效,MPV,B,新能源,1228.0,405.0,2818.0,14.371894960965223,495,False,False,True,True,规模爆款,稳定
瑞风,瑞风RF8,1528.0,12,433.0,302.0,144.33333333333334,100.66666666666667,43.37748344370862,20-25万,MPV,B,新能源,1272.0,405.0,9196.0,4.404088734232275,496,False,False,False,False,普通车型,上升
奔驰,AMG GLE,1822.0,12,432.0,396.0,144.0,132.0,9.090909090909083,60万以上,SUV,C,其他能源,1822.0,432.0,11719.0,3.6863213584776857,497,False,False,False,True,持续型爆款,稳定
奔驰,威霆,4311.0,12,414.0,530.0,138.0,176.66666666666666,-21.886792452830186,25-30万,MPV,B,其他能源,4311.0,414.0,40986.0,1.0101010101010102,498,False,False,False,False,普通车型,下滑
仰望,U8L,2491.0,11,413.0,279.0,137.66666666666666,93.0,48.02867383512543,60万以上,SUV,D,新能源,2491.0,413.0,1074.0,38.45437616387337,499,True,True,False,True,增长爆款,上升
蔚来,蔚来ET9,1477.0,12,411.0,350.0,137.0,116.66666666666667,17.428571428571416,60万以上,轿车,D,新能源,1477.0,411.0,2852.0,14.410939691444598,500,False,False,False,True,持续型爆款,上升
吉利银河,银河L7,14284.0,12,404.0,1802.0,134.66666666666666,600.6666666666666,-77.58046614872363,10-15万,SUV,A,新能源,14078.0,198.0,217543.0,0.0910164886941892,501,False,False,False,False,普通车型,下滑
本田,P7,4148.0,12,401.0,582.0,133.66666666666666,194.0,-31.099656357388316,15-20万,SUV,B,新能源,3534.0,401.0,168688.0,0.23771696860476146,502,False,False,False,False,普通车型,下滑
福特,锐际,3457.0,12,400.0,604.0,133.33333333333334,201.33333333333334,-33.774834437086085,10-15万,SUV,A,其他能源,3457.0,400.0,227197.0,0.1760586627464271,503,False,False,False,False,普通车型,下滑
领克,领克01,5690.0,12,399.0,718.0,133.0,239.33333333333334,-44.42896935933148,10-15万,SUV,A,其他能源,5675.0,399.0,227197.0,0.17561851608956103,504,False,False,False,False,普通车型,下滑
宝骏,享境,2447.0,12,396.0,1119.0,132.0,373.0,-64.6112600536193,10-15万,轿车,C,新能源,2447.0,396.0,31713.0,1.2486992715920915,505,False,False,False,False,普通车型,下滑
宝马,X2,4519.0,12,389.0,763.0,129.66666666666666,254.33333333333334,-49.017038007863704,20-25万,SUV,A,其他能源,4519.0,389.0,4064.0,9.571850393700787,506,False,False,False,False,普通车型,下滑
五菱,佳辰,4859.0,12,386.0,542.0,128.66666666666666,180.66666666666666,-28.782287822878228,5-10万,MPV,A,其他能源,4858.0,386.0,386.0,100.0,507,False,False,False,False,普通车型,下滑
本田,UR-V,2270.0,12,384.0,385.0,128.0,128.33333333333334,-0.25974025974027093,20-25万,SUV,B,其他能源,2270.0,384.0,38792.0,0.9898948236749845,508,False,False,False,False,普通车型,稳定
红旗,H7,384.0,3,384.0,,128.0,,,价格缺失/无效,轿车,C,新能源,383.0,383.0,6091.0,6.287965851255952,508,False,False,True,False,规模爆款,稳定
MINI,MINI ACEMAN,2140.0,12,380.0,394.0,126.66666666666667,131.33333333333334,-3.5532994923857864,15-20万,SUV,A0,新能源,2140.0,380.0,3533.0,10.755731672799321,510,False,False,False,False,普通车型,稳定
广汽传祺,向往S9,2787.0,12,379.0,305.0,126.33333333333333,101.66666666666667,24.2622950819672,20-25万,SUV,C,新能源,2664.0,379.0,68442.0,0.5537535431460214,511,False,False,False,False,普通车型,上升
路虎,揽胜星脉,951.0,12,379.0,164.0,126.33333333333333,54.666666666666664,131.09756097560975,35-40万,SUV,B,其他能源,665.0,379.0,2264.0,16.740282685512366,511,False,False,False,False,普通车型,上升
保时捷,911,1339.0,12,371.0,290.0,123.66666666666667,96.66666666666667,27.93103448275862,60万以上,跑车,跑车,其他能源,1339.0,371.0,678.0,54.71976401179941,513,True,True,False,True,增长爆款,上升
捷达,捷达VA7,3165.0,12,370.0,433.0,123.33333333333333,144.33333333333334,-14.54965357967668,5-10万,轿车,A,其他能源,3165.0,370.0,222023.0,0.16664940118816518,514,False,False,False,False,普通车型,稳定
奔驰,AMG GLC,1248.0,12,368.0,295.0,122.66666666666667,98.33333333333333,24.745762711864415,50-55万,SUV,B,其他能源,931.0,112.0,112.0,100.0,515,False,False,False,False,普通车型,上升
福特,智趣烈马,1642.0,9,367.0,435.0,122.33333333333333,145.0,-15.632183908045983,25-30万,SUV,B,新能源,1554.0,367.0,93420.0,0.3928494968957396,516,False,False,False,False,普通车型,下滑
奇瑞,艾瑞泽e,1211.0,12,362.0,218.0,120.66666666666667,72.66666666666667,66.05504587155964,价格缺失/无效,轿车,A,新能源,1211.0,362.0,20017.0,1.8084628066143775,517,True,False,True,True,规模爆款,上升
JEEP,大切诺基,605.0,12,362.0,168.0,120.66666666666667,56.0,115.47619047619047,25-30万,SUV,C,新能源,457.0,362.0,83149.0,0.4353630230068912,517,False,False,False,False,普通车型,上升
宝马,M4,1503.0,12,360.0,381.0,120.0,127.0,-5.511811023622048,60万以上,轿车,B,其他能源,1503.0,360.0,1051.0,34.25309229305423,519,False,True,False,True,统治型爆款,稳定
凯翼,轩度,1324.0,12,360.0,150.0,120.0,50.0,140.0,价格缺失/无效,轿车,A,新能源,1303.0,351.0,20017.0,1.753509516910626,519,True,False,True,True,规模爆款,上升
五菱,星驰,3829.0,12,359.0,546.0,119.66666666666667,182.0,-34.24908424908425,5-10万,SUV,A0,其他能源,3829.0,359.0,50161.0,0.7156954606168139,521,False,False,False,False,普通车型,下滑
仰望,U8,883.0,12,359.0,209.0,119.66666666666667,69.66666666666667,71.77033492822966,60万以上,SUV,D,新能源,883.0,359.0,1074.0,33.42644320297951,521,True,True,False,True,增长爆款,上升
灵悉,灵悉L,1936.0,12,355.0,423.0,118.33333333333333,141.0,-16.07565011820331,5-10万,轿车,B,新能源,1663.0,355.0,32829.0,1.0813609918060252,523,False,False,False,False,普通车型,下滑
东风奕派,奕派M8,352.0,1,352.0,,117.33333333333333,,,价格缺失/无效,SUV,C,新能源,352.0,352.0,14515.0,2.4250775060282463,524,False,False,True,False,规模爆款,稳定
广汽昊铂,昊铂HL,3202.0,12,351.0,296.0,117.0,98.66666666666667,18.581081081081074,25-30万,SUV,D,新能源,2465.0,198.0,30105.0,0.6576980568011959,525,False,False,False,False,普通车型,上升
宝马,M3,1092.0,12,349.0,306.0,116.33333333333333,102.0,14.052287581699341,60万以上,轿车,B,其他能源,1092.0,349.0,1051.0,33.206470028544246,526,False,True,False,True,统治型爆款,稳定
别克,微蓝6,2350.0,12,348.0,528.0,116.0,176.0,-34.09090909090909,5-10万,轿车,A,新能源,2341.0,348.0,116458.0,0.2988201755139192,527,False,False,False,False,普通车型,下滑
保时捷,718,2513.0,12,339.0,505.0,113.0,168.33333333333334,-32.87128712871288,55-60万,跑车,跑车,其他能源,957.0,,,,528,False,False,False,True,持续型爆款,下滑
易至,易至EV3,2551.0,12,334.0,251.0,111.33333333333333,83.66666666666667,33.067729083665334,5-10万,轿车,A00,新能源,2551.0,334.0,1643.0,20.328667072428487,529,False,False,False,False,普通车型,上升
岚图,岚图追光,1468.0,12,334.0,148.0,111.33333333333333,49.333333333333336,125.67567567567566,20-25万,轿车,C,新能源,958.0,,86828.0,,529,False,False,False,False,普通车型,上升
别克,威朗,7628.0,12,333.0,718.0,111.0,239.33333333333334,-53.62116991643454,5-10万,轿车,A,其他能源,7628.0,333.0,222023.0,0.14998446106934865,531,False,False,False,False,普通车型,下滑
标致,5008,1609.0,12,327.0,341.0,109.0,113.66666666666667,-4.105571847507338,15-20万,SUV,B,其他能源,1609.0,327.0,35981.0,0.9088129846307774,532,False,False,False,False,普通车型,稳定
瑞风,瑞风M4,1117.0,12,321.0,221.0,107.0,73.66666666666667,45.24886877828054,10-15万,MPV,B,其他能源,882.0,207.0,3592.0,5.762806236080179,533,False,False,False,False,普通车型,上升
深蓝,SL03,8535.0,12,298.0,470.0,99.33333333333333,156.66666666666666,-36.59574468085106,10-15万,轿车,B,新能源,8535.0,298.0,188091.0,0.15843394952443232,534,False,False,False,False,普通车型,下滑
奔驰,CLE AMG,1173.0,12,298.0,267.0,99.33333333333333,89.0,11.61048689138575,60万以上,轿车,B,其他能源,1173.0,298.0,1051.0,28.353948620361564,534,False,True,False,True,统治型爆款,稳定
睿蓝,睿蓝8,420.0,4,297.0,123.0,99.0,41.0,141.46341463414635,价格缺失/无效,MPV,B,新能源,420.0,297.0,2818.0,10.539389638041163,536,True,False,True,False,规模爆款,上升
凯迪拉克,CT6,1592.0,12,295.0,458.0,98.33333333333333,152.66666666666666,-35.58951965065502,30-35万,轿车,C,其他能源,1424.0,295.0,42610.0,0.6923257451302511,537,False,False,False,False,普通车型,下滑
标致,4008,1309.0,12,293.0,281.0,97.66666666666667,93.66666666666667,4.270462633451966,10-15万,SUV,A,其他能源,1309.0,293.0,227197.0,0.12896297046175786,538,False,False,False,False,普通车型,稳定
奔腾,悦意07,3148.0,12,292.0,562.0,97.33333333333333,187.33333333333334,-48.04270462633452,10-15万,SUV,B,新能源,3148.0,292.0,216778.0,0.1347000156842484,539,False,False,False,False,普通车型,下滑
雪佛兰,迈锐宝,2470.0,12,288.0,723.0,96.0,241.0,-60.165975103734446,价格缺失/无效,轿车,B,其他能源,1780.0,288.0,294.0,97.95918367346938,540,False,True,True,True,统治型爆款,下滑
魏牌,V8X,277.0,1,277.0,,92.33333333333333,,,价格缺失/无效,SUV,C,新能源,277.0,277.0,14515.0,1.9083706510506373,541,False,False,True,False,规模爆款,稳定
奥迪,Q2L,2794.0,12,276.0,600.0,92.0,200.0,-54.0,10-15万,SUV,A0,其他能源,2792.0,276.0,6164.0,4.477611940298507,542,False,False,False,False,普通车型,下滑
路虎,揽胜运动版,4388.0,12,274.0,800.0,91.33333333333333,266.6666666666667,-65.75,60万以上,SUV,C,其他能源,4388.0,274.0,11719.0,2.3380834542196434,543,False,False,False,True,持续型爆款,下滑
奔驰,EQE SUV,3317.0,12,271.0,622.0,90.33333333333333,207.33333333333334,-56.430868167202576,30-35万,SUV,C,新能源,3317.0,271.0,51254.0,0.5287392203535334,544,False,False,False,False,普通车型,下滑
风云,风云X3,3126.0,12,271.0,926.0,90.33333333333333,308.6666666666667,-70.73434125269979,10-15万,SUV,A,新能源,1929.0,,217543.0,,544,False,False,False,False,普通车型,下滑
启辰,D60,2530.0,12,261.0,392.0,87.0,130.66666666666666,-33.41836734693877,5-10万,轿车,A,其他能源,1563.0,245.0,222023.0,0.11034892781378507,546,False,False,False,False,普通车型,下滑
凯迪拉克,凯威德,380.0,6,257.0,123.0,85.66666666666667,41.0,108.9430894308943,50-55万,SUV,D,新能源,352.0,257.0,36387.0,0.7062962046884876,547,False,False,False,False,普通车型,上升
荣威,iMAX8,2242.0,12,253.0,344.0,84.33333333333333,114.66666666666667,-26.453488372093027,20-25万,MPV,B,新能源,1137.0,173.0,9196.0,1.8812527185732928,548,False,False,False,False,普通车型,下滑
标致,508,1595.0,12,252.0,372.0,84.0,124.0,-32.25806451612904,15-20万,轿车,B,其他能源,1343.0,,76376.0,,549,False,False,False,False,普通车型,下滑
迈克萨斯,G20,1510.0,12,250.0,345.0,83.33333333333333,115.0,-27.536231884057973,价格缺失/无效,MPV,B,其他能源,1510.0,250.0,1965.0,12.72264631043257,550,False,False,True,True,持续型爆款,下滑
奔驰,EQS SUV,585.0,12,249.0,116.0,83.0,38.666666666666664,114.65517241379311,60万以上,SUV,D,新能源,585.0,249.0,1074.0,23.18435754189944,551,True,True,False,True,增长爆款,上升
宝马,X6,1476.0,12,246.0,297.0,82.0,99.0,-17.17171717171717,60万以上,SUV,C,其他能源,1476.0,246.0,11719.0,2.0991552180220157,552,False,False,False,True,持续型爆款,下滑
吉利,牛仔,5005.0,12,245.0,508.0,81.66666666666667,169.33333333333334,-51.77165354330708,5-10万,SUV,A,其他能源,5005.0,245.0,221299.0,0.11070994446427684,553,False,False,False,False,普通车型,下滑
东风风神,皓极,1883.0,12,245.0,409.0,81.66666666666667,136.33333333333334,-40.09779951100244,5-10万,SUV,B,其他能源,1881.0,245.0,18326.0,1.3368983957219251,553,False,False,False,False,普通车型,下滑
红旗,天工06,1097.0,12,245.0,166.0,81.66666666666667,55.333333333333336,47.590361445783124,15-20万,SUV,B,新能源,1097.0,245.0,168688.0,0.1452385469031585,553,False,False,False,False,普通车型,上升
阿维塔,阿维塔11,1945.0,12,242.0,353.0,80.66666666666667,117.66666666666667,-31.444759206798867,30-35万,SUV,C,新能源,982.0,,51254.0,,556,False,False,False,False,普通车型,下滑
奔驰,AMG GLB,1231.0,12,241.0,250.0,80.33333333333333,83.33333333333333,-3.600000000000003,30-35万,SUV,A,其他能源,1231.0,241.0,282.0,85.46099290780141,557,False,False,False,False,普通车型,稳定
奔驰,AMG GT,835.0,12,241.0,181.0,80.33333333333333,60.333333333333336,33.14917127071821,60万以上,跑车,跑车,其他能源,826.0,241.0,678.0,35.54572271386431,557,True,True,False,True,增长爆款,上升
大众,ID.7 VIZZION,1570.0,12,240.0,481.0,80.0,160.33333333333334,-50.1039501039501,15-20万,轿车,B,新能源,897.0,,34346.0,,559,False,False,False,False,普通车型,下滑
现代,EO 羿欧,1063.0,10,236.0,203.0,78.66666666666667,67.66666666666667,16.25615763546797,15-20万,SUV,A,新能源,730.0,,33577.0,,560,False,False,False,False,普通车型,上升
奔腾,奔腾T90,1033.0,12,236.0,108.0,78.66666666666667,36.0,118.5185185185185,5-10万,SUV,A,其他能源,1033.0,236.0,221299.0,0.10664304854518096,560,False,False,False,False,普通车型,上升
现代,胜达,1226.0,12,222.0,220.0,74.0,73.33333333333333,0.909090909090926,20-25万,SUV,B,其他能源,1226.0,222.0,38792.0,0.5722829449371004,562,False,False,False,False,普通车型,稳定
风云,风云X3 PLUS,3424.0,12,221.0,543.0,73.66666666666667,181.0,-59.30018416206262,10-15万,SUV,A,新能源,3424.0,221.0,217543.0,0.10158911111826169,563,False,False,False,False,普通车型,下滑
北京越野,BJ60,1699.0,12,221.0,319.0,73.66666666666667,106.33333333333333,-30.72100313479623,25-30万,SUV,C,新能源,1012.0,149.0,83149.0,0.17919638239786406,563,False,False,False,False,普通车型,下滑
东风风度,帕拉丁,834.0,12,221.0,150.0,73.66666666666667,50.0,47.333333333333336,15-20万,SUV,B,其他能源,834.0,221.0,35981.0,0.614213056891137,563,False,False,False,False,普通车型,上升
丰田,皇冠,1250.0,12,220.0,294.0,73.33333333333333,98.0,-25.17006802721089,30-35万,轿车,C,其他能源,1248.0,220.0,42610.0,0.5163107251818821,566,False,False,False,False,普通车型,下滑
极狐,阿尔法S6,884.0,8,217.0,170.0,72.33333333333333,56.666666666666664,27.647058823529402,20-25万,轿车,C,新能源,884.0,217.0,86828.0,0.24991938084488874,567,False,False,False,False,普通车型,上升
奔驰,A级AMG,2230.0,12,215.0,391.0,71.66666666666667,130.33333333333334,-45.012787723785166,25-30万,轿车,A,其他能源,833.0,54.0,95.0,56.84210526315789,568,False,False,False,False,普通车型,下滑
创维汽车,EV6,1043.0,12,213.0,89.0,71.0,29.666666666666668,139.3258426966292,15-20万,SUV,B,新能源,852.0,22.0,168688.0,0.013041828701508109,569,False,False,False,False,普通车型,上升
现代,沐飒,2083.0,12,211.0,352.0,70.33333333333333,117.33333333333333,-40.05681818181819,10-15万,SUV,A,其他能源,1872.0,,227197.0,,570,False,False,False,False,普通车型,下滑
路虎,发现,987.0,12,210.0,161.0,70.0,53.666666666666664,30.434782608695656,55-60万,SUV,C,其他能源,987.0,210.0,18236.0,1.1515683263873655,571,True,False,False,True,增长爆款,上升
风云,风云T8,7258.0,12,209.0,657.0,69.66666666666667,219.0,-68.18873668188736,10-15万,SUV,B,新能源,7258.0,209.0,216778.0,0.09641199752742437,572,False,False,False,False,普通车型,下滑
起亚,EV5,1604.0,12,208.0,169.0,69.33333333333333,56.333333333333336,23.076923076923062,10-15万,SUV,A,新能源,1604.0,208.0,217543.0,0.09561328105248158,573,False,False,False,False,普通车型,上升
奇瑞,瑞虎5新能源,282.0,10,205.0,68.0,68.33333333333333,22.666666666666668,201.47058823529406,价格缺失/无效,SUV,A,新能源,282.0,205.0,6047.0,3.390110798743178,574,True,False,True,True,规模爆款,上升
日产,骐达,1478.0,12,202.0,265.0,67.33333333333333,88.33333333333333,-23.773584905660382,5-10万,轿车,A,其他能源,1478.0,202.0,222023.0,0.0909815649729983,575,False,False,False,False,普通车型,下滑
铃木,吉姆尼,2549.0,12,198.0,554.0,66.0,184.66666666666666,-64.25992779783394,价格缺失/无效,SUV,A0,其他能源,2549.0,198.0,400.0,49.5,576,False,True,False,True,统治型爆款,下滑
奔驰,C级AMG,614.0,12,198.0,130.0,66.0,43.333333333333336,52.3076923076923,55-60万,轿车,B,其他能源,546.0,192.0,192.0,100.0,576,True,True,False,True,增长爆款,上升
钇为,钇为3,1801.0,12,197.0,138.0,65.66666666666667,46.0,42.75362318840581,5-10万,轿车,A0,新能源,1661.0,57.0,269657.0,0.021137964154462893,578,False,False,False,False,普通车型,上升
凯迪拉克,XT6,1412.0,12,192.0,236.0,64.0,78.66666666666667,-18.644067796610177,35-40万,SUV,C,其他能源,975.0,,521.0,,579,False,False,False,False,普通车型,下滑
岚图,岚图追光S,191.0,1,191.0,,63.666666666666664,,,价格缺失/无效,SUV,C,新能源,191.0,191.0,14515.0,1.3158801240096452,580,False,False,False,False,普通车型,稳定
易至,颐驰06,2120.0,11,186.0,390.0,62.0,130.0,-52.3076923076923,价格缺失/无效,MPV,A,新能源,2120.0,186.0,8488.0,2.191328934967012,581,False,False,False,True,持续型爆款,下滑
星途,星途追风,1471.0,12,185.0,352.0,61.666666666666664,117.33333333333333,-47.44318181818182,价格缺失/无效,SUV,A,其他能源,1131.0,179.0,3781.0,4.734197302300978,582,False,False,False,True,持续型爆款,下滑
魏牌,摩卡,969.0,12,185.0,183.0,61.666666666666664,61.0,1.0928961748633892,15-20万,SUV,B,新能源,969.0,185.0,168688.0,0.10966992317177275,582,False,False,False,False,普通车型,稳定
斯巴鲁,森林人,897.0,12,185.0,181.0,61.666666666666664,60.333333333333336,2.20994475138121,20-25万,SUV,A,其他能源,667.0,136.0,4064.0,3.346456692913386,582,False,False,False,False,普通车型,稳定
领汇,领汇e9,184.0,1,184.0,,61.333333333333336,,,价格缺失/无效,轿车,C,新能源,184.0,184.0,6091.0,3.0208504350681333,585,False,False,False,False,普通车型,稳定
比亚迪,海豹,1710.0,12,179.0,215.0,59.666666666666664,71.66666666666667,-16.744186046511633,15-20万,轿车,B,新能源,1710.0,179.0,34346.0,0.521166948116229,586,False,False,False,False,普通车型,下滑
起亚,嘉华,974.0,12,179.0,333.0,59.666666666666664,111.0,-46.246246246246244,25-30万,MPV,B,其他能源,974.0,179.0,40986.0,0.4367344947055092,586,False,False,False,False,普通车型,下滑
睿蓝,睿蓝7,1294.0,12,177.0,172.0,59.0,57.333333333333336,2.9069767441860517,价格缺失/无效,SUV,A,新能源,1294.0,177.0,6047.0,2.927071275012403,588,False,False,False,True,持续型爆款,稳定
JEEP,牧马人,1277.0,12,175.0,245.0,58.333333333333336,81.66666666666667,-28.57142857142857,45-50万,SUV,C,其他能源,1263.0,171.0,4973.0,3.4385682686507137,589,False,False,False,False,普通车型,下滑
迈克萨斯,大家7,1014.0,12,167.0,168.0,55.666666666666664,56.0,-0.5952380952381042,20-25万,MPV,B,新能源,850.0,120.0,9196.0,1.3049151805132666,590,False,False,False,False,普通车型,稳定
奔驰,EQE,2288.0,12,166.0,175.0,55.333333333333336,58.333333333333336,-5.142857142857138,30-35万,轿车,C,新能源,2288.0,166.0,8478.0,1.958008964378391,591,False,False,False,False,普通车型,稳定
思皓,思皓E50A,1057.0,12,165.0,164.0,55.0,54.666666666666664,0.6097560975609762,价格缺失/无效,轿车,A,新能源,1057.0,165.0,20017.0,0.8242993455562773,592,False,False,False,True,持续型爆款,稳定
东风风神,风神E70,883.0,12,164.0,104.0,54.666666666666664,34.666666666666664,57.692307692307686,10-15万,轿车,A,新能源,542.0,,68407.0,,593,False,False,False,False,普通车型,上升
广汽昊铂,昊铂GT,984.0,12,159.0,78.0,53.0,26.0,103.84615384615384,15-20万,轿车,C,新能源,984.0,159.0,43557.0,0.3650389145257938,594,False,False,False,False,普通车型,上升
林肯,飞行家,1204.0,12,157.0,197.0,52.333333333333336,65.66666666666667,-20.304568527918786,45-50万,SUV,C,其他能源,1204.0,157.0,4973.0,3.1570480595214154,595,False,False,False,False,普通车型,下滑
比亚迪,e3,540.0,12,157.0,107.0,52.333333333333336,35.666666666666664,46.72897196261685,价格缺失/无效,轿车,A,新能源,540.0,157.0,20017.0,0.7843333166808212,595,True,False,False,True,增长爆款,上升
飞凡,R7,414.0,12,157.0,42.0,52.333333333333336,14.0,273.8095238095238,15-20万,SUV,C,新能源,414.0,157.0,65905.0,0.23822168272513466,595,False,False,False,False,普通车型,上升
五菱,五菱征程,1152.0,12,156.0,204.0,52.0,68.0,-23.529411764705888,5-10万,MPV,B,其他能源,1151.0,156.0,11081.0,1.4078151791354572,598,False,False,False,False,普通车型,下滑
宝马,X3M,328.0,12,151.0,80.0,50.333333333333336,26.666666666666668,88.75,60万以上,SUV,B,其他能源,328.0,151.0,155.0,97.41935483870968,599,True,True,False,True,增长爆款,上升
岚图,岚图追光L,1841.0,10,149.0,214.0,49.666666666666664,71.33333333333333,-30.373831775700932,25-30万,轿车,C,新能源,1113.0,149.0,8454.0,1.7624792997397682,600,False,False,False,False,普通车型,下滑
捷尼赛思,G80,613.0,12,149.0,156.0,49.666666666666664,52.0,-4.487179487179493,30-35万,轿车,C,其他能源,514.0,149.0,42610.0,0.34968317296409296,600,False,False,False,False,普通车型,稳定
大众,ID.ERA 5S,149.0,1,149.0,,49.666666666666664,,,价格缺失/无效,轿车,B,新能源,149.0,149.0,16836.0,0.885008315514374,600,False,False,False,False,普通车型,稳定
MG,MG ES5,2112.0,12,147.0,260.0,49.0,86.66666666666667,-43.46153846153846,10-15万,SUV,A,新能源,2112.0,147.0,217543.0,0.06757284766689803,603,False,False,False,False,普通车型,下滑
东风风光,风光,990.0,12,145.0,158.0,48.333333333333336,52.666666666666664,-8.227848101265812,5万以下,MPV,A,其他能源,603.0,38.0,38.0,100.0,604,False,False,False,False,普通车型,稳定
奥迪,Q5 e-tron,441.0,12,144.0,60.0,48.0,20.0,140.0,20-25万,SUV,C,新能源,441.0,144.0,68442.0,0.21039712457263082,605,False,False,False,False,普通车型,上升
保时捷,Taycan,728.0,12,142.0,53.0,47.333333333333336,17.666666666666668,167.92452830188677,60万以上,轿车,C,新能源,728.0,142.0,176.0,80.68181818181817,606,True,True,False,True,增长爆款,上升
凌宝汽车,凌宝BOX,1276.0,12,141.0,152.0,47.0,50.666666666666664,-7.236842105263152,5万以下,轿车,A00,新能源,1216.0,81.0,80552.0,0.10055616247889561,607,False,False,False,False,普通车型,稳定
本田,e:NS1,322.0,7,137.0,,45.666666666666664,,,10-15万,SUV,A0,新能源,180.0,,48.0,,608,False,False,False,False,普通车型,稳定
本田,凌派,1125.0,12,136.0,266.0,45.333333333333336,88.66666666666667,-48.872180451127825,价格缺失/无效,轿车,A,其他能源,880.0,136.0,2563.0,5.3062817011314865,609,False,False,False,True,持续型爆款,下滑
领汇,领汇M9,136.0,1,136.0,,45.333333333333336,,,价格缺失/无效,MPV,B,新能源,136.0,136.0,2818.0,4.82611781405252,609,False,False,False,False,普通车型,稳定
奥迪,A7,882.0,12,133.0,158.0,44.333333333333336,52.666666666666664,-15.822784810126578,50-55万,轿车,C,其他能源,834.0,85.0,95.0,89.47368421052632,611,False,False,False,False,普通车型,下滑
宾利,添越,759.0,12,133.0,158.0,44.333333333333336,52.666666666666664,-15.822784810126578,60万以上,SUV,C,其他能源,750.0,132.0,11719.0,1.1263759706459595,611,False,False,False,True,持续型爆款,下滑
MG,ZS,343.0,12,132.0,65.0,44.0,21.666666666666668,103.07692307692307,价格缺失/无效,SUV,A0,其他能源,279.0,131.0,400.0,32.75,613,True,True,False,True,增长爆款,上升
MG,MG6,868.0,12,131.0,199.0,43.666666666666664,66.33333333333333,-34.17085427135679,5-10万,轿车,A,其他能源,864.0,129.0,222023.0,0.0581020885223603,614,False,False,False,False,普通车型,下滑
莲花跑车,EMEYA,720.0,12,130.0,103.0,43.333333333333336,34.333333333333336,26.2135922330097,55-60万,轿车,D,新能源,689.0,130.0,271.0,47.97047970479705,615,False,False,False,False,普通车型,上升
易至,羿驰05S,377.0,10,129.0,109.0,43.0,36.333333333333336,18.34862385321101,价格缺失/无效,SUV,A,新能源,377.0,129.0,6047.0,2.133289234331073,616,False,False,False,True,持续型爆款,上升
起亚,智跑,719.0,12,126.0,125.0,42.0,41.666666666666664,0.8000000000000007,10-15万,SUV,A,其他能源,719.0,126.0,227197.0,0.055458478765124546,617,False,False,False,False,普通车型,稳定
宝马,i7,529.0,12,123.0,77.0,41.0,25.666666666666668,59.74025974025974,55-60万,轿车,D,新能源,529.0,123.0,271.0,45.38745387453875,618,False,False,False,False,普通车型,上升
智己,智己LS7,488.0,12,117.0,67.0,39.0,22.333333333333332,74.62686567164181,30-35万,SUV,C,新能源,488.0,117.0,51254.0,0.22827486635189448,619,False,False,False,False,普通车型,上升
沃尔沃,EX30,849.0,12,116.0,83.0,38.666666666666664,27.666666666666668,39.759036144578296,20-25万,SUV,A0,新能源,655.0,,,,620,False,False,False,False,普通车型,上升
凌宝汽车,凌宝uni,1201.0,12,115.0,113.0,38.333333333333336,37.666666666666664,1.7699115044247815,5万以下,轿车,A00,新能源,1136.0,50.0,80552.0,0.062071705233886186,621,False,False,False,False,普通车型,稳定
广汽昊铂,昊铂A800,437.0,11,115.0,106.0,38.333333333333336,35.333333333333336,8.490566037735858,价格缺失/无效,轿车,C,新能源,225.0,,6091.0,,621,False,False,False,True,持续型爆款,稳定
沃尔沃,V90,669.0,12,114.0,114.0,38.0,38.0,0.0,35-40万,轿车,C,其他能源,669.0,114.0,36531.0,0.312063726697873,623,False,False,False,False,普通车型,稳定
富康,e爱丽舍,441.0,12,111.0,82.0,37.0,27.333333333333332,35.365853658536594,价格缺失/无效,轿车,A,新能源,441.0,111.0,20017.0,0.5545286506469501,624,True,False,False,True,增长爆款,上升
捷豹,XFL,6802.0,12,108.0,751.0,36.0,250.33333333333334,-85.61917443408788,20-25万,轿车,C,其他能源,6802.0,108.0,108.0,100.0,625,False,False,False,False,普通车型,下滑
斯巴鲁,BRZ,572.0,12,98.0,152.0,32.666666666666664,50.666666666666664,-35.526315789473685,25-30万,跑车,跑车,其他能源,572.0,98.0,98.0,100.0,626,False,False,False,False,普通车型,下滑
菲亚特,500,142.0,11,97.0,17.0,32.333333333333336,5.666666666666667,470.5882352941177,价格缺失/无效,轿车,A00,其他能源,142.0,97.0,97.0,100.0,627,True,True,False,True,增长爆款,上升
奇瑞,探索06,1831.0,12,96.0,209.0,32.0,69.66666666666667,-54.066985645933016,5-10万,SUV,A,其他能源,1774.0,39.0,221299.0,0.017623215649415498,628,False,False,False,False,普通车型,下滑
比亚迪,e2,3984.0,9,94.0,2.0,31.333333333333332,0.6666666666666666,4600.0,价格缺失/无效,轿车,A,新能源,3984.0,94.0,20017.0,0.4696008392866064,629,True,False,False,True,增长爆款,上升
宾利,飞驰,515.0,12,93.0,98.0,31.0,32.666666666666664,-5.102040816326525,60万以上,轿车,D,新能源,323.0,84.0,2852.0,2.9453015427769986,630,False,False,False,True,持续型爆款,稳定
极越,极越07,391.0,12,91.0,86.0,30.333333333333332,28.666666666666668,5.813953488372081,价格缺失/无效,轿车,C,新能源,391.0,91.0,6091.0,1.4940075521260876,631,False,False,False,True,持续型爆款,稳定
宝马,i4,949.0,12,89.0,168.0,29.666666666666668,56.0,-47.023809523809526,30-35万,轿车,B,新能源,949.0,89.0,89.0,100.0,632,False,False,False,False,普通车型,下滑
长安,长安X7,705.0,12,89.0,29.0,29.666666666666668,9.666666666666666,206.89655172413794,5-10万,SUV,A,其他能源,573.0,,221299.0,,632,False,False,False,False,普通车型,上升
本田,e:NS2猎光,975.0,12,88.0,195.0,29.333333333333332,65.0,-54.871794871794876,10-15万,SUV,A,新能源,975.0,88.0,217543.0,0.04045177275297297,634,False,False,False,False,普通车型,下滑
风云,风云T10,741.0,12,88.0,98.0,29.333333333333332,32.666666666666664,-10.204081632653061,15-20万,SUV,C,新能源,741.0,88.0,65905.0,0.13352552917077612,634,False,False,False,False,普通车型,稳定
沃尔沃,XC40,930.0,12,86.0,138.0,28.666666666666668,46.0,-37.68115942028986,20-25万,SUV,A,其他能源,929.0,86.0,4064.0,2.116141732283465,636,False,False,False,False,普通车型,下滑
MINI,MINI COUNTRYMAN,470.0,12,85.0,84.0,28.333333333333332,28.0,1.1904761904761862,30-35万,SUV,A,其他能源,369.0,33.0,282.0,11.702127659574469,637,False,False,False,False,普通车型,稳定
现代,帕里斯帝,395.0,12,82.0,66.0,27.333333333333332,22.0,24.242424242424242,30-35万,SUV,C,其他能源,395.0,82.0,3239.0,2.5316455696202533,638,False,False,False,False,普通车型,上升
北京越野,泰钽700,81.0,1,81.0,,27.0,,,价格缺失/无效,SUV,C,新能源,81.0,81.0,14515.0,0.5580434033758181,639,False,False,False,False,普通车型,稳定
迈克萨斯,G10,627.0,12,80.0,120.0,26.666666666666668,40.0,-33.33333333333333,10-15万,MPV,B,其他能源,488.0,80.0,3592.0,2.2271714922048997,640,False,False,False,False,普通车型,下滑
本田,飞度,3079.0,12,78.0,2860.0,26.0,953.3333333333334,-97.27272727272728,5-10万,轿车,A0,其他能源,2999.0,,23.0,,641,False,False,False,False,普通车型,下滑
捷途,山海L9,2197.0,12,78.0,183.0,26.0,61.0,-57.377049180327866,15-20万,SUV,B,新能源,2197.0,78.0,168688.0,0.04623921085080148,641,False,False,False,False,普通车型,下滑
英菲尼迪,QX60,629.0,12,78.0,84.0,26.0,28.0,-7.14285714285714,30-35万,SUV,C,其他能源,583.0,32.0,3239.0,0.9879592466810744,641,False,False,False,False,普通车型,稳定
莲花跑车,ELETRE,724.0,12,76.0,56.0,25.333333333333332,18.666666666666668,35.7142857142857,55-60万,SUV,C,新能源,371.0,76.0,76.0,100.0,644,False,False,False,False,普通车型,上升
劳斯莱斯,库里南,365.0,12,76.0,90.0,25.333333333333332,30.0,-15.555555555555555,60万以上,SUV,D,其他能源,365.0,76.0,3038.0,2.5016458196181697,644,False,False,False,True,持续型爆款,下滑
宾利,欧陆,349.0,12,76.0,94.0,25.333333333333332,31.333333333333332,-19.14893617021277,价格缺失/无效,跑车,跑车,新能源,261.0,76.0,168.0,45.23809523809524,644,False,True,False,True,统治型爆款,下滑
三菱,帕杰罗,591.0,12,74.0,171.0,24.666666666666668,57.0,-56.7251461988304,价格缺失/无效,SUV,C,其他能源,548.0,55.0,1787.0,3.077783995523223,647,False,False,False,True,持续型爆款,下滑
凯迪拉克,GT4,1154.0,12,73.0,235.0,24.333333333333332,78.33333333333333,-68.93617021276596,15-20万,SUV,A,其他能源,1154.0,73.0,79520.0,0.09180080482897385,648,False,False,False,False,普通车型,下滑
沃尔沃,EX90,71.0,3,71.0,,23.666666666666668,,,45-50万,SUV,C,新能源,68.0,68.0,1103.0,6.165004533091569,649,False,False,False,False,普通车型,稳定
凯迪拉克,IQ锐歌,864.0,12,70.0,161.0,23.333333333333332,53.666666666666664,-56.52173913043479,20-25万,SUV,C,新能源,537.0,42.0,68442.0,0.06136582800035066,650,False,False,False,False,普通车型,下滑
沃尔沃,EM90,696.0,12,66.0,77.0,22.0,25.666666666666668,-14.28571428571429,60万以上,MPV,B,新能源,656.0,26.0,26.0,100.0,651,False,True,False,True,统治型爆款,稳定
广汽传祺,ES9,399.0,12,66.0,65.0,22.0,21.666666666666668,1.538461538461533,15-20万,SUV,C,新能源,399.0,66.0,65905.0,0.10014414687808208,651,False,False,False,False,普通车型,稳定
极石,极石ADAMAS,215.0,9,66.0,35.0,22.0,11.666666666666666,88.57142857142858,30-35万,SUV,C,新能源,180.0,66.0,51254.0,0.1287704374292738,651,False,False,False,False,普通车型,上升
极越,极越01,533.0,12,64.0,53.0,21.333333333333332,17.666666666666668,20.75471698113207,价格缺失/无效,SUV,B,新能源,533.0,64.0,2632.0,2.43161094224924,654,False,False,False,True,持续型爆款,上升
奥迪,Q8,236.0,12,64.0,27.0,21.333333333333332,9.0,137.037037037037,60万以上,SUV,C,其他能源,236.0,64.0,11719.0,0.5461216827374349,654,True,False,False,True,增长爆款,上升
江淮,江淮QX PHEV,587.0,12,63.0,63.0,21.0,21.0,0.0,10-15万,SUV,B,新能源,550.0,26.0,216778.0,0.011993837012981023,656,False,False,False,False,普通车型,稳定
启源,E07,487.0,12,63.0,88.0,21.0,29.333333333333332,-28.409090909090907,25-30万,SUV,D,新能源,432.0,54.0,30105.0,0.17937219730941703,656,False,False,False,False,普通车型,下滑
兰博基尼,Urus,320.0,12,63.0,62.0,21.0,20.666666666666668,1.6129032258064502,价格缺失/无效,SUV,D,新能源,318.0,63.0,1209.0,5.2109181141439205,656,False,False,False,True,持续型爆款,稳定
雷克萨斯,LS,321.0,12,62.0,59.0,20.666666666666668,19.666666666666668,5.084745762711873,60万以上,轿车,D,其他能源,281.0,62.0,6727.0,0.9216589861751152,659,False,False,False,True,持续型爆款,稳定
长安,UNI-K,895.0,12,60.0,130.0,20.0,43.333333333333336,-53.846153846153854,10-15万,SUV,B,其他能源,818.0,52.0,141351.0,0.03678785434839513,660,False,False,False,False,普通车型,下滑
特斯拉,MODEL X,460.0,11,60.0,165.0,20.0,55.0,-63.63636363636363,60万以上,SUV,C,新能源,441.0,60.0,87.0,68.96551724137932,660,False,True,False,True,统治型爆款,下滑
国金,骏行,392.0,12,60.0,115.0,20.0,38.333333333333336,-47.82608695652174,价格缺失/无效,轿车,A,新能源,392.0,60.0,20017.0,0.29974521656591896,660,False,False,False,True,持续型爆款,下滑
英菲尼迪,QX50,424.0,12,59.0,75.0,19.666666666666668,25.0,-21.333333333333325,20-25万,SUV,B,其他能源,424.0,59.0,38792.0,0.15209321509589607,663,False,False,False,False,普通车型,下滑
骏驰,骏驰EA,376.0,12,57.0,104.0,19.0,34.666666666666664,-45.192307692307686,价格缺失/无效,轿车,A00,新能源,376.0,57.0,2908.0,1.9601100412654746,664,False,False,False,True,持续型爆款,下滑
福特,Mustang,326.0,12,57.0,57.0,19.0,19.0,0.0,35-40万,跑车,跑车,其他能源,265.0,23.0,23.0,100.0,664,False,False,False,False,普通车型,稳定
北京越野,BJ80,113.0,10,56.0,6.0,18.666666666666668,2.0,833.3333333333334,25-30万,SUV,B,其他能源,57.0,,46626.0,,666,False,False,False,False,普通车型,上升
示界,示界06,1615.0,12,55.0,333.0,18.333333333333332,111.0,-83.4834834834835,价格缺失/无效,SUV,B,新能源,1615.0,55.0,2632.0,2.0896656534954405,667,False,False,False,True,持续型爆款,下滑
埃安,AION LX,143.0,12,55.0,26.0,18.333333333333332,8.666666666666666,111.53846153846155,20-25万,SUV,B,新能源,143.0,55.0,74269.0,0.07405512394134833,667,False,False,False,False,普通车型,上升
沃尔沃,ES90,55.0,3,55.0,,18.333333333333332,,,45-50万,轿车,C,新能源,52.0,52.0,72.0,72.22222222222221,667,False,False,False,False,普通车型,稳定
凯迪拉克,IQ傲歌,279.0,12,54.0,47.0,18.0,15.666666666666666,14.893617021276606,20-25万,SUV,B,新能源,279.0,54.0,74269.0,0.07270866714241474,670,False,False,False,False,普通车型,稳定
捷途,捷途X95,92.0,6,53.0,39.0,17.666666666666668,13.0,35.897435897435905,15-20万,SUV,B,其他能源,92.0,53.0,35981.0,0.14729996386982017,671,False,False,False,False,普通车型,上升
腾势,腾势N7,799.0,12,52.0,189.0,17.333333333333332,63.0,-72.4867724867725,20-25万,SUV,B,新能源,407.0,52.0,74269.0,0.07001575354454753,672,False,False,False,False,普通车型,下滑
奔驰,CLA级AMG,842.0,12,51.0,218.0,17.0,72.66666666666667,-76.60550458715596,35-40万,轿车,A,其他能源,747.0,51.0,212.0,24.056603773584907,673,False,False,False,False,普通车型,下滑
宝马,XM,256.0,12,51.0,66.0,17.0,22.0,-22.72727272727273,60万以上,SUV,D,新能源,256.0,51.0,1074.0,4.748603351955307,673,False,False,False,True,持续型爆款,下滑
本田,XR-V,2244.0,12,50.0,410.0,16.666666666666668,136.66666666666666,-87.8048780487805,10-15万,SUV,A0,其他能源,2244.0,50.0,6164.0,0.8111615833874107,675,False,False,False,False,普通车型,下滑
长安,UNI-T,514.0,12,50.0,156.0,16.666666666666668,52.0,-67.94871794871796,10-15万,SUV,A,其他能源,514.0,50.0,227197.0,0.022007332843303386,675,False,False,False,False,普通车型,下滑
沃尔沃,V60,258.0,12,50.0,39.0,16.666666666666668,13.0,28.205128205128215,30-35万,轿车,B,其他能源,258.0,50.0,1668.0,2.997601918465228,675,False,False,False,False,普通车型,上升
思皓,思皓X8,417.0,12,48.0,44.0,16.0,14.666666666666666,9.090909090909104,价格缺失/无效,SUV,B,其他能源,335.0,48.0,894.0,5.369127516778524,678,False,False,False,True,持续型爆款,稳定
马自达,MX-5,365.0,12,48.0,109.0,16.0,36.333333333333336,-55.96330275229357,价格缺失/无效,跑车,跑车,其他能源,365.0,48.0,463.0,10.367170626349893,678,False,False,False,True,持续型爆款,下滑
猎豹,猎豹CS01,336.0,12,48.0,103.0,16.0,34.333333333333336,-53.398058252427184,价格缺失/无效,轿车,A00,新能源,336.0,48.0,2908.0,1.6506189821182942,678,False,False,False,True,持续型爆款,下滑
迈克萨斯,G70,169.0,12,46.0,38.0,15.333333333333334,12.666666666666666,21.05263157894739,15-20万,MPV,B,其他能源,169.0,46.0,8868.0,0.5187189896256202,681,False,False,False,False,普通车型,上升
荣威,D5X,1314.0,12,43.0,65.0,14.333333333333334,21.666666666666668,-33.84615384615385,10-15万,SUV,A,新能源,1314.0,43.0,217543.0,0.01976620714065725,682,False,False,False,False,普通车型,下滑
法拉利,SF90,122.0,12,43.0,11.0,14.333333333333334,3.6666666666666665,290.90909090909093,价格缺失/无效,跑车,跑车,新能源,122.0,43.0,168.0,25.595238095238095,682,True,True,False,True,增长爆款,上升
智己,智己L7,106.0,12,43.0,13.0,14.333333333333334,4.333333333333333,230.7692307692308,25-30万,轿车,C,新能源,106.0,43.0,8454.0,0.5086349656967116,682,False,False,False,False,普通车型,上升
丰田,雅力士,397.0,8,42.0,78.0,14.0,26.0,-46.15384615384615,价格缺失/无效,轿车,A0,其他能源,397.0,42.0,131.0,32.06106870229007,685,False,True,False,False,统治型爆款,下滑
宝马,iX,395.0,12,42.0,79.0,14.0,26.333333333333332,-46.83544303797468,45-50万,SUV,C,新能源,395.0,42.0,1103.0,3.8077969174977335,685,False,False,False,False,普通车型,下滑
丰田,红杉,229.0,12,40.0,39.0,13.333333333333334,13.0,2.564102564102577,价格缺失/无效,SUV,D,其他能源,229.0,40.0,157.0,25.477707006369428,687,False,True,False,True,统治型爆款,稳定
广汽传祺,越7,40.0,1,40.0,,13.333333333333334,,,价格缺失/无效,SUV,C,新能源,40.0,40.0,14515.0,0.2755769893213917,687,False,False,False,False,普通车型,稳定
玛莎拉蒂,Grecale,645.0,12,39.0,76.0,13.0,25.333333333333332,-48.68421052631579,40-45万,SUV,B,其他能源,306.0,39.0,3570.0,1.0924369747899159,689,False,False,False,False,普通车型,下滑
宝马,8系,193.0,12,39.0,54.0,13.0,18.0,-27.77777777777778,60万以上,轿车,D,其他能源,193.0,39.0,6727.0,0.5797532332391854,689,False,False,False,False,普通车型,下滑
凯迪拉克,凯雷德,149.0,12,39.0,31.0,13.0,10.333333333333334,25.806451612903224,价格缺失/无效,SUV,D,其他能源,149.0,39.0,157.0,24.840764331210192,689,True,True,False,True,增长爆款,上升
法拉利,12Cilindri,111.0,12,39.0,47.0,13.0,15.666666666666666,-17.021276595744684,价格缺失/无效,跑车,跑车,其他能源,111.0,39.0,463.0,8.423326133909287,689,False,False,False,True,持续型爆款,下滑
福特,领裕,623.0,12,38.0,46.0,12.666666666666666,15.333333333333334,-17.391304347826097,15-20万,SUV,C,新能源,535.0,35.0,65905.0,0.05310674455655868,693,False,False,False,False,普通车型,下滑
MINI,MINI CABRIO,214.0,10,38.0,46.0,12.666666666666666,15.333333333333334,-17.391304347826097,30-35万,轿车,A0,其他能源,166.0,38.0,38.0,100.0,693,False,False,False,False,普通车型,下滑
奔驰,GLA级,1719.0,12,37.0,118.0,12.333333333333334,39.333333333333336,-68.64406779661016,20-25万,SUV,A,其他能源,1719.0,37.0,4064.0,0.9104330708661417,695,False,False,False,False,普通车型,下滑
斯巴鲁,旭豹,227.0,12,37.0,56.0,12.333333333333334,18.666666666666668,-33.92857142857143,15-20万,SUV,A,其他能源,227.0,37.0,79520.0,0.04652917505030181,695,False,False,False,False,普通车型,下滑
东风奕派,EX1,91.0,8,37.0,31.0,12.333333333333334,10.333333333333334,19.354838709677423,价格缺失/无效,SUV,A0,新能源,91.0,37.0,246.0,15.040650406504067,695,False,False,False,False,普通车型,上升
大运汽车,悦虎,77.0,12,36.0,8.0,12.0,2.6666666666666665,350.0,价格缺失/无效,SUV,A0,新能源,77.0,36.0,246.0,14.634146341463413,698,True,False,False,True,增长爆款,上升
创维汽车,HT-i,334.0,12,35.0,41.0,11.666666666666666,13.666666666666666,-14.634146341463417,15-20万,SUV,B,新能源,334.0,35.0,168688.0,0.020748363843308356,699,False,False,False,False,普通车型,稳定
哪吒,哪吒L,266.0,12,35.0,32.0,11.666666666666666,10.666666666666666,9.375,价格缺失/无效,SUV,B,新能源,266.0,35.0,2632.0,1.3297872340425532,699,False,False,False,True,持续型爆款,稳定
迈克萨斯,领地,195.0,12,35.0,29.0,11.666666666666666,9.666666666666666,20.68965517241379,价格缺失/无效,SUV,C,其他能源,141.0,35.0,1787.0,1.9585898153329604,699,False,False,False,True,持续型爆款,上升
启源,A05,965.0,12,34.0,36.0,11.333333333333334,12.0,-5.5555555555555465,5-10万,轿车,A,新能源,895.0,,116458.0,,702,False,False,False,False,普通车型,稳定
奔驰,AMG GLS,195.0,12,34.0,91.0,11.333333333333334,30.333333333333332,-62.637362637362635,60万以上,SUV,D,其他能源,195.0,34.0,3038.0,1.119157340355497,702,False,False,False,False,普通车型,下滑
长安,睿骋,525.0,12,33.0,54.0,11.0,18.0,-38.888888888888886,5-10万,轿车,A,其他能源,287.0,,222023.0,,704,False,False,False,False,普通车型,下滑
吉利银河,翼真L380,474.0,12,33.0,65.0,11.0,21.666666666666668,-49.23076923076923,40-45万,MPV,B,新能源,427.0,,6716.0,,704,False,False,False,False,普通车型,下滑
大运汽车,远志M1,78.0,11,33.0,7.0,11.0,2.3333333333333335,371.42857142857144,价格缺失/无效,MPV,B,新能源,78.0,33.0,2818.0,1.171043293115685,704,True,False,False,True,增长爆款,上升
蔚来,蔚来ET7,993.0,12,32.0,59.0,10.666666666666666,19.666666666666668,-45.76271186440679,35-40万,轿车,C,新能源,553.0,32.0,165.0,19.393939393939394,707,False,False,False,False,普通车型,下滑
钇为,花仙子,478.0,12,32.0,18.0,10.666666666666666,6.0,77.77777777777777,5-10万,轿车,A00,新能源,456.0,10.0,1643.0,0.6086427267194157,707,False,False,False,False,普通车型,上升
INEOS,Grenadier,124.0,12,32.0,21.0,10.666666666666666,7.0,52.38095238095237,价格缺失/无效,SUV,C,其他能源,124.0,32.0,1787.0,1.790710688304421,707,True,False,False,True,增长爆款,上升
迈克萨斯,G90,237.0,12,31.0,46.0,10.333333333333334,15.333333333333334,-32.608695652173914,20-25万,MPV,B,其他能源,237.0,31.0,8702.0,0.3562399448402666,710,False,False,False,False,普通车型,下滑
起亚,K5,452.0,12,30.0,55.0,10.0,18.333333333333332,-45.454545454545446,10-15万,轿车,B,其他能源,452.0,30.0,143085.0,0.02096655833944858,711,False,False,False,False,普通车型,下滑
福特,Bronco,141.0,12,30.0,38.0,10.0,12.666666666666666,-21.052631578947366,价格缺失/无效,SUV,B,其他能源,141.0,30.0,894.0,3.3557046979865772,711,False,False,False,True,持续型爆款,下滑
极狐,阿尔法T6,98.0,8,30.0,18.0,10.0,6.0,66.66666666666667,15-20万,SUV,B,新能源,98.0,30.0,168688.0,0.01778431186569288,711,False,False,False,False,普通车型,上升
启辰,星,282.0,12,28.0,57.0,9.333333333333334,19.0,-50.877192982456144,5-10万,SUV,A,其他能源,265.0,11.0,221299.0,0.004970650567783858,714,False,False,False,False,普通车型,下滑
奥迪,RS5,239.0,12,28.0,74.0,9.333333333333334,24.666666666666668,-62.16216216216216,60万以上,轿车,B,其他能源,239.0,28.0,1051.0,2.664129400570885,714,False,False,False,False,普通车型,下滑
路虎,神行者8,28.0,1,28.0,,9.333333333333334,,,价格缺失/无效,SUV,D,新能源,28.0,28.0,1209.0,2.315963606286187,714,False,False,False,False,普通车型,稳定
知豆,彩虹,810.0,12,27.0,50.0,9.0,16.666666666666668,-46.00000000000001,价格缺失/无效,轿车,A00,新能源,810.0,27.0,2908.0,0.9284731774415406,717,False,False,False,True,持续型爆款,下滑
五菱,星辰,265.0,12,27.0,32.0,9.0,10.666666666666666,-15.625,5-10万,SUV,A,其他能源,262.0,27.0,221299.0,0.012200687757287653,717,False,False,False,False,普通车型,下滑
Polestar,Polestar 4,260.0,11,27.0,24.0,9.0,8.0,12.5,30-35万,SUV,C,新能源,260.0,27.0,51254.0,0.05267881531197565,717,False,False,False,False,普通车型,稳定
玛莎拉蒂,Levante,141.0,12,27.0,19.0,9.0,6.333333333333333,42.10526315789473,60万以上,SUV,C,其他能源,141.0,27.0,11719.0,0.23039508490485536,717,False,False,False,False,普通车型,上升
宝马,iX3,273.0,12,25.0,25.0,8.333333333333334,8.333333333333334,0.0,20-25万,SUV,B,新能源,106.0,,74269.0,,721,False,False,False,False,普通车型,稳定
法拉利,Purosangue,143.0,12,25.0,29.0,8.333333333333334,9.666666666666666,-13.793103448275845,60万以上,SUV,C,其他能源,143.0,25.0,11719.0,0.21332878231931052,721,False,False,False,False,普通车型,稳定
本田,极湃2,1275.0,12,24.0,12.0,8.0,4.0,100.0,10-15万,SUV,A,新能源,1251.0,,217543.0,,723,False,False,False,False,普通车型,上升
欧拉,闪电猫,225.0,12,24.0,33.0,8.0,11.0,-27.27272727272727,15-20万,轿车,B,新能源,225.0,24.0,34346.0,0.0698771327083212,723,False,False,False,False,普通车型,下滑
MG,Cyberster,219.0,12,23.0,36.0,7.666666666666667,12.0,-36.11111111111111,30-35万,跑车,跑车,新能源,219.0,23.0,23.0,100.0,725,False,False,False,False,普通车型,下滑
东风风行,风行S60EV,217.0,11,23.0,6.0,7.666666666666667,2.0,283.33333333333337,价格缺失/无效,轿车,A,新能源,217.0,23.0,20017.0,0.11490233301693561,725,True,False,False,True,增长爆款,上升
猛士,猛士917,178.0,12,23.0,18.0,7.666666666666667,6.0,27.77777777777779,价格缺失/无效,SUV,D,新能源,178.0,23.0,1209.0,1.902398676592225,725,True,False,False,True,增长爆款,上升
奔驰,EQS,123.0,12,23.0,36.0,7.666666666666667,12.0,-36.11111111111111,60万以上,轿车,D,新能源,71.0,5.0,2852.0,0.1753155680224404,725,False,False,False,False,普通车型,下滑
吉利银河,几何E,51.0,9,23.0,10.0,7.666666666666667,3.3333333333333335,129.99999999999997,价格缺失/无效,SUV,A0,新能源,42.0,23.0,246.0,9.34959349593496,725,True,False,False,True,增长爆款,上升
启源,Q05经典,2605.0,12,22.0,36.0,7.333333333333333,12.0,-38.88888888888889,5-10万,SUV,A,新能源,2547.0,,64533.0,,730,False,False,False,False,普通车型,下滑
欧拉,芭蕾猫,283.0,12,22.0,49.0,7.333333333333333,16.333333333333332,-55.10204081632652,10-15万,轿车,A,新能源,283.0,22.0,68407.0,0.03216045141579078,730,False,False,False,False,普通车型,下滑
斯巴鲁,翼豹,252.0,11,22.0,27.0,7.333333333333333,9.0,-18.518518518518523,价格缺失/无效,轿车,A,其他能源,252.0,22.0,2563.0,0.8583690987124464,730,False,False,False,True,持续型爆款,下滑
林肯,领航员,194.0,12,22.0,23.0,7.333333333333333,7.666666666666667,-4.34782608695653,60万以上,SUV,D,其他能源,194.0,22.0,3038.0,0.7241606319947334,730,False,False,False,False,普通车型,稳定
北京汽车制造厂,L7H,107.0,12,21.0,9.0,7.0,3.0,133.33333333333334,价格缺失/无效,轿车,A00,新能源,107.0,21.0,2908.0,0.7221458046767538,734,True,False,False,True,增长爆款,上升
丰田,世极,70.0,12,21.0,9.0,7.0,3.0,133.33333333333334,价格缺失/无效,SUV,D,新能源,70.0,21.0,1209.0,1.7369727047146404,734,True,False,False,True,增长爆款,上升
起亚,焕驰,69.0,9,21.0,14.0,7.0,4.666666666666667,50.0,5-10万,轿车,A0,其他能源,69.0,21.0,23.0,91.30434782608695,734,False,False,False,False,普通车型,上升
睿蓝,X3 PRO,624.0,12,20.0,25.0,6.666666666666667,8.333333333333334,-20.000000000000007,价格缺失/无效,SUV,A0,其他能源,624.0,20.0,400.0,5.0,737,False,False,False,True,持续型爆款,下滑
风云,风云T6,383.0,12,20.0,20.0,6.666666666666667,6.666666666666667,0.0,10-15万,SUV,A,新能源,214.0,,217543.0,,737,False,False,False,False,普通车型,稳定
五十铃,MU-X,115.0,12,20.0,62.0,6.666666666666667,20.666666666666668,-67.74193548387098,20-25万,SUV,B,其他能源,115.0,20.0,38792.0,0.051557022066405445,737,False,False,False,False,普通车型,下滑
宝马,M5,113.0,12,20.0,33.0,6.666666666666667,11.0,-39.39393939393939,60万以上,轿车,C,新能源,113.0,20.0,176.0,11.363636363636363,737,False,False,False,False,普通车型,下滑
易至,羿驰01,26.0,6,20.0,5.0,6.666666666666667,1.6666666666666667,300.0,价格缺失/无效,跑车,跑车,新能源,26.0,20.0,168.0,11.904761904761903,737,True,False,False,False,增长爆款,上升
江淮,江淮X8,190.0,12,19.0,17.0,6.333333333333333,5.666666666666667,11.76470588235292,10-15万,SUV,B,新能源,184.0,13.0,216778.0,0.005996918506490511,742,False,False,False,False,普通车型,稳定
红旗,红旗金葵花国雅,58.0,9,19.0,16.0,6.333333333333333,5.333333333333333,18.75,60万以上,轿车,D,其他能源,58.0,19.0,6727.0,0.28244388286011596,742,False,False,False,False,普通车型,上升
日产,劲客,1343.0,12,17.0,30.0,5.666666666666667,10.0,-43.333333333333336,5-10万,SUV,A0,其他能源,1159.0,,50161.0,,744,False,False,False,False,普通车型,下滑
腾势,腾势Z9,897.0,12,17.0,13.0,5.666666666666667,4.333333333333333,30.769230769230795,30-35万,轿车,D,新能源,897.0,17.0,11349.0,0.14979293329808796,744,False,False,False,False,普通车型,上升
奥迪,e-tron,205.0,12,17.0,30.0,5.666666666666667,10.0,-43.333333333333336,价格缺失/无效,SUV,B,新能源,205.0,17.0,2632.0,0.6458966565349544,744,False,False,False,True,持续型爆款,下滑
莲花跑车,EMIRA,87.0,12,17.0,16.0,5.666666666666667,5.333333333333333,6.250000000000022,60万以上,跑车,跑车,其他能源,87.0,17.0,678.0,2.5073746312684366,744,False,False,False,False,普通车型,稳定
奥迪,RS Q8,86.0,12,17.0,26.0,5.666666666666667,8.666666666666666,-34.615384615384606,60万以上,SUV,C,其他能源,86.0,17.0,11719.0,0.14506357197713116,744,False,False,False,False,普通车型,下滑
阿斯顿马丁,DB12,61.0,12,17.0,21.0,5.666666666666667,7.0,-19.047619047619047,60万以上,跑车,跑车,其他能源,61.0,17.0,678.0,2.5073746312684366,744,False,False,False,False,普通车型,下滑
猛士,猛士M800,54.0,12,17.0,17.0,5.666666666666667,5.666666666666667,0.0,价格缺失/无效,SUV,D,新能源,54.0,17.0,1209.0,1.4061207609594708,744,False,False,False,True,持续型爆款,稳定
红旗,红旗金葵花国耀,48.0,9,17.0,12.0,5.666666666666667,4.0,41.66666666666667,60万以上,SUV,D,其他能源,48.0,17.0,3038.0,0.5595786701777485,744,False,False,False,False,普通车型,上升
奇瑞,大蚂蚁,19.0,2,17.0,,5.666666666666667,,,价格缺失/无效,SUV,B,新能源,19.0,17.0,2632.0,0.6458966565349544,744,False,False,False,False,普通车型,稳定
零跑,零跑C01,1396.0,12,16.0,44.0,5.333333333333333,14.666666666666666,-63.63636363636363,10-15万,轿车,C,新能源,1352.0,,31713.0,,753,False,False,False,False,普通车型,下滑
奥迪,RS4,132.0,11,16.0,24.0,5.333333333333333,8.0,-33.333333333333336,60万以上,轿车,B,其他能源,132.0,16.0,1051.0,1.5223596574690772,753,False,False,False,False,普通车型,下滑
福特,途睿欧,256.0,12,15.0,136.0,5.0,45.333333333333336,-88.97058823529412,20-25万,MPV,B,其他能源,142.0,,8702.0,,755,False,False,False,False,普通车型,下滑
阿斯顿马丁,DBX,165.0,12,15.0,29.0,5.0,9.666666666666666,-48.275862068965516,60万以上,SUV,C,其他能源,165.0,15.0,11719.0,0.12799726939158632,755,False,False,False,False,普通车型,下滑
大众,途安,157.0,12,15.0,45.0,5.0,15.0,-66.66666666666667,10-15万,MPV,A,其他能源,157.0,15.0,4622.0,0.3245348334054522,755,False,False,False,False,普通车型,下滑
奥迪,SQ7,154.0,12,15.0,27.0,5.0,9.0,-44.44444444444444,60万以上,SUV,C,其他能源,154.0,15.0,11719.0,0.12799726939158632,755,False,False,False,False,普通车型,下滑
劳斯莱斯,古思特,110.0,12,15.0,20.0,5.0,6.666666666666667,-25.0,60万以上,轿车,D,其他能源,110.0,15.0,6727.0,0.22298201278430207,755,False,False,False,False,普通车型,下滑
雷丁,雷丁芒果,48.0,10,15.0,9.0,5.0,3.0,66.66666666666667,价格缺失/无效,轿车,A00,新能源,48.0,15.0,2908.0,0.515818431911967,755,True,False,False,True,增长爆款,上升
长安,CS35,519.0,12,14.0,30.0,4.666666666666667,10.0,-53.333333333333336,5-10万,SUV,A0,其他能源,475.0,,50161.0,,761,False,False,False,False,普通车型,下滑
领途,领途M8,82.0,12,14.0,10.0,4.666666666666667,3.3333333333333335,40.000000000000014,价格缺失/无效,MPV,B,新能源,80.0,14.0,2818.0,0.49680624556423,761,True,False,False,True,增长爆款,上升
骏驰,骏驰ET,31.0,5,14.0,,4.666666666666667,,,价格缺失/无效,轿车,A00,新能源,31.0,14.0,2908.0,0.48143053645116923,761,False,False,False,False,普通车型,稳定
高合,HiPhi X,30.0,6,14.0,7.0,4.666666666666667,2.3333333333333335,100.0,价格缺失/无效,SUV,C,新能源,30.0,14.0,14515.0,0.09645194626248708,761,True,False,False,False,增长爆款,上升
丰田,凌放,478.0,11,13.0,29.0,4.333333333333333,9.666666666666666,-55.172413793103445,20-25万,SUV,B,其他能源,333.0,6.0,38792.0,0.015467106619921633,765,False,False,False,False,普通车型,下滑
极氪,极氪MIX,383.0,12,13.0,11.0,4.333333333333333,3.6666666666666665,18.181818181818187,25-30万,MPV,B,新能源,383.0,13.0,22004.0,0.05908016724231958,765,False,False,False,False,普通车型,上升
丰田,Granvia,112.0,12,13.0,30.0,4.333333333333333,10.0,-56.666666666666664,价格缺失/无效,MPV,B,其他能源,112.0,13.0,1965.0,0.6615776081424937,765,False,False,False,True,持续型爆款,下滑
法拉利,Roma,48.0,12,13.0,11.0,4.333333333333333,3.6666666666666665,18.181818181818187,价格缺失/无效,跑车,跑车,其他能源,41.0,13.0,463.0,2.8077753779697625,765,False,False,False,True,持续型爆款,上升
东风风行,风行雷霆,2653.0,12,12.0,25.0,4.0,8.333333333333334,-52.0,10-15万,SUV,A,新能源,2652.0,12.0,217543.0,0.005516150829950861,769,False,False,False,False,普通车型,下滑
丰田,威飒,653.0,12,12.0,25.0,4.0,8.333333333333334,-52.0,15-20万,SUV,B,其他能源,271.0,,35981.0,,769,False,False,False,False,普通车型,下滑
奥迪,S4,484.0,12,12.0,43.0,4.0,14.333333333333334,-72.09302325581395,40-45万,轿车,B,其他能源,362.0,,,,769,False,False,False,False,普通车型,下滑
特斯拉,MODEL S,128.0,10,12.0,55.0,4.0,18.333333333333332,-78.18181818181817,60万以上,轿车,C,新能源,114.0,2.0,176.0,1.1363636363636365,769,False,False,False,False,普通车型,下滑
丰田,FJ酷路泽,120.0,12,12.0,23.0,4.0,7.666666666666667,-47.82608695652174,价格缺失/无效,SUV,B,其他能源,120.0,12.0,894.0,1.342281879194631,769,False,False,False,False,普通车型,下滑
奥迪,RS6,106.0,12,12.0,18.0,4.0,6.0,-33.333333333333336,60万以上,轿车,C,其他能源,106.0,12.0,28.0,42.857142857142854,769,False,False,False,False,普通车型,下滑
奔驰,EQE AMG,57.0,12,12.0,18.0,4.0,6.0,-33.333333333333336,60万以上,轿车,C,新能源,57.0,12.0,176.0,6.8181818181818175,769,False,False,False,False,普通车型,下滑
雷克萨斯,LC,32.0,11,12.0,11.0,4.0,3.6666666666666665,9.090909090909104,60万以上,跑车,跑车,其他能源,32.0,12.0,678.0,1.7699115044247788,769,False,False,False,False,普通车型,稳定
启源,Q06,12.0,1,12.0,,4.0,,,价格缺失/无效,SUV,B,新能源,12.0,12.0,2632.0,0.4559270516717325,769,False,False,False,False,普通车型,稳定
富康,富康ES500,12.0,3,12.0,,4.0,,,价格缺失/无效,轿车,A,新能源,12.0,12.0,20017.0,0.05994904331318379,769,False,False,False,False,普通车型,稳定
法拉利,296,153.0,9,11.0,53.0,3.6666666666666665,17.666666666666668,-79.24528301886792,价格缺失/无效,跑车,跑车,新能源,90.0,11.0,168.0,6.547619047619048,779,False,False,False,False,普通车型,下滑
奔腾,奔腾T77,133.0,12,11.0,13.0,3.6666666666666665,4.333333333333333,-15.384615384615385,价格缺失/无效,SUV,A,其他能源,133.0,11.0,3781.0,0.29092832583972494,779,False,False,False,False,普通车型,下滑
日产,途乐,98.0,12,11.0,23.0,3.6666666666666665,7.666666666666667,-52.17391304347827,价格缺失/无效,SUV,D,其他能源,98.0,11.0,157.0,7.006369426751593,779,False,False,False,False,普通车型,下滑
阿尔法·罗密欧,朱丽叶,95.0,12,11.0,15.0,3.6666666666666665,5.0,-26.66666666666667,35-40万,轿车,B,其他能源,49.0,11.0,4099.0,0.2683581361307636,779,False,False,False,False,普通车型,下滑
尊界,尊界V800,11.0,1,11.0,,3.6666666666666665,,,价格缺失/无效,MPV,B,新能源,11.0,11.0,2818.0,0.39034776437189495,779,False,False,False,False,普通车型,稳定
北京汽车制造厂,元宝,83.0,11,10.0,20.0,3.3333333333333335,6.666666666666667,-50.0,价格缺失/无效,轿车,A00,新能源,83.0,10.0,2908.0,0.34387895460797796,784,False,False,False,False,普通车型,下滑
奥迪,S5,70.0,12,10.0,13.0,3.3333333333333335,4.333333333333333,-23.076923076923073,50-55万,轿车,C,其他能源,70.0,10.0,95.0,10.526315789473683,784,False,False,False,False,普通车型,下滑
一汽,森雅R7,40.0,11,10.0,6.0,3.3333333333333335,2.0,66.66666666666667,5-10万,SUV,A0,其他能源,23.0,,50161.0,,784,False,False,False,False,普通车型,上升
天马,天马L4600,29.0,8,10.0,2.0,3.3333333333333335,0.6666666666666666,400.0000000000001,价格缺失/无效,SUV,A,其他能源,29.0,10.0,3781.0,0.26448029621793173,784,False,False,False,False,普通车型,上升
阿斯顿马丁,Valhalla,10.0,3,10.0,,3.3333333333333335,,,价格缺失/无效,跑车,跑车,新能源,10.0,10.0,168.0,5.952380952380952,784,False,False,False,False,普通车型,稳定
捷途,山海L6,612.0,12,9.0,18.0,3.0,6.0,-50.0,10-15万,SUV,A,新能源,603.0,,217543.0,,789,False,False,False,False,普通车型,下滑
斯柯达,柯迪亚克,500.0,12,9.0,17.0,3.0,5.666666666666667,-47.05882352941176,15-20万,SUV,B,其他能源,283.0,,35981.0,,789,False,False,False,False,普通车型,下滑
欧尚汽车,欧尚Z6,364.0,12,9.0,23.0,3.0,7.666666666666667,-60.86956521739131,5-10万,SUV,A,其他能源,141.0,,221299.0,,789,False,False,False,False,普通车型,下滑
奔驰,S级AMG,39.0,10,9.0,7.0,3.0,2.3333333333333335,28.57142857142856,60万以上,轿车,D,新能源,39.0,9.0,2852.0,0.3155680224403927,789,False,False,False,False,普通车型,上升
仰望,U9,34.0,10,9.0,2.0,3.0,0.6666666666666666,350.0,60万以上,跑车,跑车,新能源,34.0,9.0,16.0,56.25,789,False,False,False,False,普通车型,上升
阿斯顿马丁,V8 Vantage,11.0,4,9.0,2.0,3.0,0.6666666666666666,350.0,60万以上,跑车,跑车,其他能源,11.0,9.0,678.0,1.3274336283185841,789,False,False,False,False,普通车型,上升
领汇,领汇e3,9.0,1,9.0,,3.0,,,价格缺失/无效,轿车,A,新能源,9.0,9.0,20017.0,0.044961782484887844,789,False,False,False,False,普通车型,稳定
奔驰,EQA,729.0,12,8.0,16.0,2.6666666666666665,5.333333333333333,-50.0,15-20万,SUV,A,新能源,729.0,8.0,33577.0,0.0238258331596033,796,False,False,False,False,普通车型,下滑
宝马,X4,364.0,12,8.0,11.0,2.6666666666666665,3.6666666666666665,-27.27272727272727,35-40万,SUV,B,其他能源,356.0,,2264.0,,796,False,False,False,False,普通车型,下滑
丰田,凌尚,280.0,12,8.0,21.0,2.6666666666666665,7.0,-61.904761904761905,10-15万,轿车,A,其他能源,137.0,,86418.0,,796,False,False,False,False,普通车型,下滑
东风风行,风行T5,197.0,12,8.0,46.0,2.6666666666666665,15.333333333333334,-82.6086956521739,5-10万,SUV,A,其他能源,155.0,,221299.0,,796,False,False,False,False,普通车型,下滑
哪吒,哪吒S,126.0,10,8.0,18.0,2.6666666666666665,6.0,-55.55555555555556,价格缺失/无效,轿车,C,新能源,126.0,8.0,6091.0,0.13134132326383188,796,False,False,False,False,普通车型,下滑
宝马,X5M,124.0,12,8.0,9.0,2.6666666666666665,3.0,-11.111111111111116,60万以上,SUV,C,其他能源,124.0,8.0,11719.0,0.06826521034217936,796,False,False,False,False,普通车型,稳定
远航,远航Y6,112.0,11,8.0,30.0,2.6666666666666665,10.0,-73.33333333333334,价格缺失/无效,轿车,D,新能源,112.0,8.0,8.0,100.0,796,False,False,False,False,普通车型,下滑
奔驰,GLA级 AMG,75.0,11,8.0,18.0,2.6666666666666665,6.0,-55.55555555555556,30-35万,SUV,A,其他能源,75.0,8.0,282.0,2.8368794326241136,796,False,False,False,False,普通车型,下滑
斯威,斯威大虎,59.0,11,8.0,15.0,2.6666666666666665,5.0,-46.666666666666664,价格缺失/无效,SUV,B,其他能源,27.0,8.0,894.0,0.8948545861297539,796,False,False,False,False,普通车型,下滑
英菲尼迪,QX80,39.0,8,8.0,3.0,2.6666666666666665,1.0,166.66666666666666,价格缺失/无效,SUV,D,其他能源,39.0,8.0,157.0,5.095541401273886,796,False,False,False,False,普通车型,上升
奔驰,SL级AMG,38.0,10,8.0,9.0,2.6666666666666665,3.0,-11.111111111111116,60万以上,跑车,跑车,其他能源,34.0,4.0,678.0,0.5899705014749262,796,False,False,False,False,普通车型,稳定
劳斯莱斯,幻影,36.0,10,8.0,8.0,2.6666666666666665,2.6666666666666665,0.0,60万以上,轿车,D,其他能源,36.0,8.0,6727.0,0.11892374015162775,796,False,False,False,False,普通车型,稳定
丰田,SUPRA,23.0,10,8.0,6.0,2.6666666666666665,2.0,33.33333333333333,价格缺失/无效,跑车,跑车,其他能源,15.0,8.0,463.0,1.7278617710583155,796,False,False,False,False,普通车型,上升
日产,艾睿雅,22.0,6,8.0,,2.6666666666666665,,,价格缺失/无效,SUV,A,新能源,22.0,8.0,6047.0,0.1322970067802216,796,False,False,False,False,普通车型,稳定
东风,帅客,8.0,2,8.0,,2.6666666666666665,,,价格缺失/无效,MPV,A,新能源,8.0,8.0,8488.0,0.0942507068803016,796,False,False,False,False,普通车型,稳定
本田,LIFE,173.0,9,7.0,1.0,2.3333333333333335,0.3333333333333333,600.0000000000001,5-10万,轿车,A0,其他能源,156.0,,23.0,,811,False,False,False,False,普通车型,上升
奥迪,RS7,83.0,12,7.0,8.0,2.3333333333333335,2.6666666666666665,-12.49999999999999,60万以上,轿车,C,其他能源,83.0,7.0,28.0,25.0,811,False,False,False,False,普通车型,稳定
红旗,E-HS9,58.0,12,7.0,13.0,2.3333333333333335,4.333333333333333,-46.153846153846146,价格缺失/无效,SUV,D,新能源,20.0,7.0,1209.0,0.5789909015715468,811,False,False,False,False,普通车型,下滑
吉祥汽车,AIR,33.0,7,7.0,3.0,2.3333333333333335,1.0,133.33333333333334,价格缺失/无效,轿车,A,新能源,33.0,7.0,20017.0,0.03497027526602388,811,False,False,False,False,普通车型,上升
雪佛兰,萨伯曼,20.0,8,7.0,9.0,2.3333333333333335,3.0,-22.22222222222222,价格缺失/无效,SUV,D,其他能源,20.0,7.0,157.0,4.45859872611465,811,False,False,False,False,普通车型,下滑
雷诺江铃,羿,279.0,12,6.0,19.0,2.0,6.333333333333333,-68.42105263157893,10-15万,轿车,A,新能源,279.0,6.0,68407.0,0.008771032204306577,816,False,False,False,False,普通车型,下滑
合创,合创V09,176.0,9,6.0,5.0,2.0,1.6666666666666667,19.999999999999996,价格缺失/无效,MPV,B,新能源,176.0,6.0,2818.0,0.21291696238466998,816,False,False,False,False,普通车型,上升
玛莎拉蒂,Ghibli,41.0,11,6.0,7.0,2.0,2.3333333333333335,-14.28571428571429,60万以上,轿车,C,其他能源,26.0,,28.0,,816,False,False,False,False,普通车型,稳定
奔驰,EQC,28.0,9,6.0,13.0,2.0,4.333333333333333,-53.84615384615385,价格缺失/无效,SUV,B,新能源,28.0,6.0,2632.0,0.22796352583586624,816,False,False,False,False,普通车型,下滑
九龙,开鹿V3,24.0,10,6.0,3.0,2.0,1.0,100.0,价格缺失/无效,轿车,A00,新能源,24.0,6.0,2908.0,0.20632737276478677,816,False,False,False,False,普通车型,上升
思皓,思皓QX,19.0,6,6.0,1.0,2.0,0.3333333333333333,500.0,价格缺失/无效,SUV,A,其他能源,19.0,6.0,3781.0,0.15868817773075905,816,False,False,False,False,普通车型,上升
丰田,86,13.0,7,6.0,3.0,2.0,1.0,100.0,价格缺失/无效,跑车,跑车,其他能源,13.0,6.0,463.0,1.2958963282937366,816,False,False,False,False,普通车型,上升
大众,ID. Buzz,6.0,2,6.0,,2.0,,,价格缺失/无效,MPV,A,新能源,6.0,6.0,8488.0,0.0706880301602262,816,False,False,False,False,普通车型,稳定
斯柯达,Superb,4128.0,10,5.0,561.0,1.6666666666666667,187.0,-99.10873440285205,10-15万,轿车,B,其他能源,4128.0,5.0,143085.0,0.0034944263899080964,824,False,False,False,False,普通车型,下滑
雷克萨斯,RZ,333.0,11,5.0,19.0,1.6666666666666667,6.333333333333333,-73.68421052631578,20-25万,SUV,B,新能源,330.0,2.0,74269.0,0.0026929135978672127,824,False,False,False,False,普通车型,下滑
大众,探影,106.0,11,5.0,10.0,1.6666666666666667,3.3333333333333335,-50.0,价格缺失/无效,SUV,A0,其他能源,72.0,5.0,400.0,1.25,824,False,False,False,False,普通车型,下滑
比亚迪,护卫舰07,89.0,10,5.0,1.0,1.6666666666666667,0.3333333333333333,400.0000000000001,价格缺失/无效,SUV,B,新能源,89.0,5.0,2632.0,0.1899696048632219,824,False,False,False,False,普通车型,上升
奔腾,奔腾M9,75.0,11,5.0,5.0,1.6666666666666667,1.6666666666666667,0.0,15-20万,MPV,B,其他能源,41.0,5.0,8868.0,0.05638249887235002,824,False,False,False,False,普通车型,稳定
北京汽车,北京U5,61.0,10,5.0,24.0,1.6666666666666667,8.0,-79.16666666666666,5-10万,轿车,A,其他能源,56.0,,222023.0,,824,False,False,False,False,普通车型,下滑
现代,IONIQ 5,54.0,11,5.0,5.0,1.6666666666666667,1.6666666666666667,0.0,35-40万,SUV,B,新能源,52.0,5.0,46.0,10.869565217391305,824,False,False,False,False,普通车型,稳定
英菲尼迪,QX55,53.0,11,5.0,5.0,1.6666666666666667,1.6666666666666667,0.0,价格缺失/无效,SUV,B,其他能源,53.0,5.0,894.0,0.5592841163310962,824,False,False,False,False,普通车型,稳定
广汽传祺,影酷,42.0,10,5.0,3.0,1.6666666666666667,1.0,66.66666666666667,10-15万,SUV,A,其他能源,27.0,,227197.0,,824,False,False,False,False,普通车型,上升
海马,INJOY,42.0,10,5.0,18.0,1.6666666666666667,6.0,-72.22222222222221,价格缺失/无效,MPV,A,新能源,42.0,5.0,8488.0,0.058906691800188496,824,False,False,False,False,普通车型,下滑
雷诺,QM6,27.0,9,5.0,3.0,1.6666666666666667,1.0,66.66666666666667,价格缺失/无效,SUV,A,其他能源,27.0,5.0,3781.0,0.13224014810896587,824,False,False,False,False,普通车型,上升
奥迪,S7,21.0,8,5.0,3.0,1.6666666666666667,1.0,66.66666666666667,60万以上,轿车,C,其他能源,21.0,5.0,28.0,17.857142857142858,824,False,False,False,False,普通车型,上升
奔驰,EQE SUV AMG,17.0,6,5.0,5.0,1.6666666666666667,1.6666666666666667,0.0,60万以上,SUV,C,新能源,17.0,5.0,87.0,5.747126436781609,824,False,False,False,False,普通车型,稳定
捷尼赛思,G90,16.0,8,5.0,6.0,1.6666666666666667,2.0,-16.666666666666664,60万以上,轿车,D,其他能源,16.0,5.0,6727.0,0.07432733759476735,824,False,False,False,False,普通车型,下滑
迈克萨斯,D60,11.0,6,5.0,2.0,1.6666666666666667,0.6666666666666666,150.00000000000006,价格缺失/无效,SUV,B,其他能源,11.0,5.0,894.0,0.5592841163310962,824,False,False,False,False,普通车型,上升
荣威,RX9,8.0,5,5.0,2.0,1.6666666666666667,0.6666666666666666,150.00000000000006,价格缺失/无效,SUV,B,其他能源,8.0,5.0,894.0,0.5592841163310962,824,False,False,False,False,普通车型,上升
哪吒,哪吒GT,6.0,2,5.0,,1.6666666666666667,,,价格缺失/无效,跑车,跑车,新能源,6.0,5.0,168.0,2.976190476190476,824,False,False,False,False,普通车型,稳定
朋克,朋克大熊,6.0,4,5.0,1.0,1.6666666666666667,0.3333333333333333,400.0000000000001,价格缺失/无效,轿车,A00,新能源,6.0,5.0,2908.0,0.17193947730398898,824,False,False,False,False,普通车型,上升
小鹏,G9L,5.0,1,5.0,,1.6666666666666667,,,价格缺失/无效,SUV,C,新能源,5.0,5.0,14515.0,0.03444712366517396,824,False,False,False,False,普通车型,稳定
大众,途铠,193.0,11,4.0,3.0,1.3333333333333333,1.0,33.33333333333333,10-15万,SUV,A0,其他能源,167.0,,6164.0,,843,False,False,False,False,普通车型,上升
捷豹,E-pace,173.0,11,4.0,14.0,1.3333333333333333,4.666666666666667,-71.42857142857143,15-20万,SUV,A,其他能源,173.0,4.0,79520.0,0.005030181086519115,843,False,False,False,False,普通车型,下滑
本田,极湃1,147.0,11,4.0,6.0,1.3333333333333333,2.0,-33.333333333333336,10-15万,SUV,A0,新能源,122.0,,48.0,,843,False,False,False,False,普通车型,下滑
兰博基尼,Revuelto,104.0,10,4.0,7.0,1.3333333333333333,2.3333333333333335,-42.85714285714286,60万以上,跑车,跑车,新能源,91.0,4.0,16.0,25.0,843,False,False,False,False,普通车型,下滑
江淮,江淮A5 PLUS,83.0,11,4.0,10.0,1.3333333333333333,3.3333333333333335,-60.00000000000001,5-10万,轿车,A,其他能源,79.0,,222023.0,,843,False,False,False,False,普通车型,下滑
别克,别克E4,67.0,10,4.0,5.0,1.3333333333333333,1.6666666666666667,-20.000000000000007,15-20万,SUV,C,新能源,51.0,,65905.0,,843,False,False,False,False,普通车型,下滑
小鹏,P5,61.0,8,4.0,3.0,1.3333333333333333,1.0,33.33333333333333,价格缺失/无效,轿车,A,新能源,61.0,4.0,20017.0,0.01998301443772793,843,False,False,False,False,普通车型,上升
宝马,X4M,55.0,10,4.0,7.0,1.3333333333333333,2.3333333333333335,-42.85714285714286,60万以上,SUV,B,其他能源,55.0,4.0,155.0,2.5806451612903225,843,False,False,False,False,普通车型,下滑
阿尔法·罗密欧,托纳利,43.0,11,4.0,7.0,1.3333333333333333,2.3333333333333335,-42.85714285714286,20-25万,SUV,A,其他能源,37.0,,4064.0,,843,False,False,False,False,普通车型,下滑
领途,缤纷,34.0,10,4.0,6.0,1.3333333333333333,2.0,-33.333333333333336,价格缺失/无效,轿车,A00,新能源,34.0,4.0,2908.0,0.1375515818431912,843,False,False,False,False,普通车型,下滑
广汽传祺,GA6,33.0,6,4.0,,1.3333333333333333,,,价格缺失/无效,轿车,B,其他能源,33.0,4.0,294.0,1.3605442176870748,843,False,False,False,False,普通车型,稳定
红旗,红旗金葵花国礼,33.0,9,4.0,9.0,1.3333333333333333,3.0,-55.55555555555556,价格缺失/无效,轿车,D,其他能源,33.0,4.0,4.0,100.0,843,False,False,False,False,普通车型,下滑
奥迪,S6,31.0,10,4.0,5.0,1.3333333333333333,1.6666666666666667,-20.000000000000007,60万以上,轿车,C,其他能源,31.0,4.0,28.0,14.285714285714285,843,False,False,False,False,普通车型,下滑
海马,7X,29.0,10,4.0,7.0,1.3333333333333333,2.3333333333333335,-42.85714285714286,10-15万,MPV,A,其他能源,18.0,,4622.0,,843,False,False,False,False,普通车型,下滑
捷尼赛思,GV80,24.0,11,4.0,3.0,1.3333333333333333,1.0,33.33333333333333,55-60万,SUV,C,其他能源,24.0,4.0,18236.0,0.021934634788330777,843,False,False,False,False,普通车型,上升
宝骏,KiWi EV,23.0,8,4.0,1.0,1.3333333333333333,0.3333333333333333,300.0,价格缺失/无效,轿车,A00,新能源,23.0,4.0,2908.0,0.1375515818431912,843,False,False,False,False,普通车型,上升
奇瑞,瑞虎3x新能源,22.0,10,4.0,11.0,1.3333333333333333,3.6666666666666665,-63.63636363636363,价格缺失/无效,SUV,A0,新能源,22.0,4.0,246.0,1.6260162601626018,843,False,False,False,False,普通车型,下滑
思皓,思皓曜,8.0,4,4.0,4.0,1.3333333333333333,1.3333333333333333,0.0,价格缺失/无效,轿车,A,其他能源,8.0,4.0,2563.0,0.15606710885680844,843,False,False,False,False,普通车型,稳定
路虎,发现运动版,709.0,10,3.0,11.0,1.0,3.6666666666666665,-72.72727272727273,20-25万,SUV,B,其他能源,704.0,,38792.0,,861,False,False,False,False,普通车型,下滑
合创,合创Z03,545.0,10,3.0,2.0,1.0,0.6666666666666666,50.0,价格缺失/无效,SUV,A,新能源,545.0,3.0,6047.0,0.0496113775425831,861,False,False,False,False,普通车型,上升
富康,富康ES600,417.0,9,3.0,1.0,1.0,0.3333333333333333,200.0,价格缺失/无效,轿车,A,新能源,417.0,3.0,20017.0,0.014987260828295948,861,False,False,False,False,普通车型,上升
大众,ID.6 CROZZ,365.0,11,3.0,5.0,1.0,1.6666666666666667,-40.0,20-25万,SUV,C,新能源,360.0,,68442.0,,861,False,False,False,False,普通车型,下滑
蔚来,蔚来EC7,331.0,12,3.0,20.0,1.0,6.666666666666667,-85.0,35-40万,SUV,C,新能源,253.0,3.0,58594.0,0.005119978154759873,861,False,False,False,False,普通车型,下滑
大众,POLO,323.0,11,3.0,11.0,1.0,3.6666666666666665,-72.72727272727273,5-10万,轿车,A0,其他能源,322.0,2.0,23.0,8.695652173913043,861,False,False,False,False,普通车型,下滑
雪佛兰,探界者,218.0,12,3.0,12.0,1.0,4.0,-75.0,15-20万,SUV,B,新能源,86.0,,168688.0,,861,False,False,False,False,普通车型,下滑
梅赛德斯-迈巴赫,EQS SUV,184.0,10,3.0,13.0,1.0,4.333333333333333,-76.92307692307692,60万以上,SUV,D,新能源,183.0,2.0,1074.0,0.186219739292365,861,False,False,False,False,普通车型,下滑
丰田,亚洲狮,171.0,11,3.0,12.0,1.0,4.0,-75.0,价格缺失/无效,轿车,A,其他能源,149.0,3.0,2563.0,0.11705033164260631,861,False,False,False,False,普通车型,下滑
斯巴鲁,傲虎,166.0,8,3.0,2.0,1.0,0.6666666666666666,50.0,25-30万,SUV,B,其他能源,166.0,3.0,46626.0,0.006434178355424013,861,False,False,False,False,普通车型,上升
东风风行,风行游艇,81.0,11,3.0,21.0,1.0,7.0,-85.71428571428572,价格缺失/无效,MPV,B,新能源,44.0,,2818.0,,861,False,False,False,False,普通车型,下滑
奥迪,SQ5,62.0,10,3.0,6.0,1.0,2.0,-50.0,40-45万,SUV,B,其他能源,62.0,3.0,3570.0,0.08403361344537816,861,False,False,False,False,普通车型,下滑
宝马,X6M,52.0,9,3.0,19.0,1.0,6.333333333333333,-84.21052631578947,60万以上,SUV,C,其他能源,52.0,3.0,11719.0,0.025599453878317264,861,False,False,False,False,普通车型,下滑
劳斯莱斯,闪灵,39.0,8,3.0,8.0,1.0,2.6666666666666665,-62.5,60万以上,跑车,跑车,新能源,28.0,3.0,16.0,18.75,861,False,False,False,False,普通车型,下滑
起亚,索奈,33.0,10,3.0,3.0,1.0,1.0,0.0,5-10万,SUV,A0,其他能源,33.0,3.0,50161.0,0.005980742010725464,861,False,False,False,False,普通车型,稳定
哪吒,哪吒X,32.0,8,3.0,1.0,1.0,0.3333333333333333,200.0,价格缺失/无效,SUV,A,新能源,32.0,3.0,6047.0,0.0496113775425831,861,False,False,False,False,普通车型,上升
斯威,斯威G01,29.0,10,3.0,3.0,1.0,1.0,0.0,5-10万,SUV,A,其他能源,16.0,3.0,221299.0,0.0013556319730319614,861,False,False,False,False,普通车型,稳定
阿斯顿马丁,Vanquish,28.0,11,3.0,5.0,1.0,1.6666666666666667,-40.0,60万以上,跑车,跑车,其他能源,28.0,3.0,678.0,0.4424778761061947,861,False,False,False,False,普通车型,下滑
凌宝汽车,凌宝COCO,26.0,9,3.0,6.0,1.0,2.0,-50.0,价格缺失/无效,轿车,A00,新能源,17.0,3.0,2908.0,0.10316368638239339,861,False,False,False,False,普通车型,下滑
丰田,GR YARIS,24.0,2,3.0,21.0,1.0,7.0,-85.71428571428572,价格缺失/无效,轿车,A0,其他能源,24.0,3.0,131.0,2.2900763358778624,861,False,False,False,False,普通车型,下滑
道奇,挑战者,24.0,11,3.0,5.0,1.0,1.6666666666666667,-40.0,价格缺失/无效,跑车,跑车,其他能源,24.0,3.0,463.0,0.6479481641468683,861,False,False,False,False,普通车型,下滑
迈凯伦,Artura,22.0,8,3.0,3.0,1.0,1.0,0.0,60万以上,跑车,跑车,新能源,15.0,,16.0,,861,False,False,False,False,普通车型,稳定
宝骏,云朵,20.0,9,3.0,1.0,1.0,0.3333333333333333,200.0,价格缺失/无效,轿车,A,新能源,20.0,3.0,20017.0,0.014987260828295948,861,False,False,False,False,普通车型,上升
北京汽车制造厂,家宝,16.0,11,3.0,3.0,1.0,1.0,0.0,价格缺失/无效,轿车,A00,新能源,16.0,3.0,2908.0,0.10316368638239339,861,False,False,False,False,普通车型,稳定
奔腾,奔腾T55,8.0,5,3.0,1.0,1.0,0.3333333333333333,200.0,价格缺失/无效,SUV,A,其他能源,8.0,3.0,3781.0,0.07934408886537953,861,False,False,False,False,普通车型,上升
宝骏,530,3.0,1,3.0,,1.0,,,价格缺失/无效,SUV,A,其他能源,3.0,3.0,3781.0,0.07934408886537953,861,False,False,False,False,普通车型,稳定
捷豹,XEL,3199.0,10,2.0,9.0,0.6666666666666666,3.0,-77.77777777777779,15-20万,轿车,B,其他能源,3199.0,2.0,76376.0,0.0026186236514088193,887,False,False,False,False,普通车型,下滑
东风风行,景逸,184.0,11,2.0,10.0,0.6666666666666666,3.3333333333333335,-80.0,价格缺失/无效,轿车,A,新能源,184.0,2.0,20017.0,0.009991507218863965,887,False,False,False,False,普通车型,下滑
奇瑞,舒享家,178.0,7,2.0,2.0,0.6666666666666666,0.6666666666666666,0.0,10-15万,SUV,B,新能源,171.0,,216778.0,,887,False,False,False,False,普通车型,稳定
荣威,荣威Ei5,134.0,9,2.0,33.0,0.6666666666666666,11.0,-93.93939393939394,10-15万,轿车,A,新能源,134.0,2.0,68407.0,0.002923677401435526,887,False,False,False,False,普通车型,下滑
北京汽车制造厂,212,72.0,11,2.0,16.0,0.6666666666666666,5.333333333333333,-87.5,5-10万,SUV,A0,其他能源,72.0,2.0,50161.0,0.0039871613404836425,887,False,False,False,False,普通车型,下滑
荣威,RX5 MAX,66.0,4,2.0,,0.6666666666666666,,,价格缺失/无效,SUV,A,其他能源,66.0,2.0,3781.0,0.052896059243586355,887,False,False,False,False,普通车型,稳定
睿蓝,睿蓝9,51.0,9,2.0,1.0,0.6666666666666666,0.3333333333333333,100.0,价格缺失/无效,SUV,B,新能源,51.0,2.0,2632.0,0.07598784194528875,887,False,False,False,False,普通车型,上升
捷豹,F-pace,32.0,9,2.0,5.0,0.6666666666666666,1.6666666666666667,-60.00000000000001,30-35万,SUV,B,其他能源,28.0,,40899.0,,887,False,False,False,False,普通车型,下滑
合创,合创A06,28.0,5,2.0,2.0,0.6666666666666666,0.6666666666666666,0.0,价格缺失/无效,轿车,B,新能源,28.0,2.0,16836.0,0.011879306248515086,887,False,False,False,False,普通车型,稳定
兰博基尼,Huracan,25.0,8,2.0,1.0,0.6666666666666666,0.3333333333333333,100.0,60万以上,跑车,跑车,其他能源,25.0,2.0,678.0,0.2949852507374631,887,False,False,False,False,普通车型,上升
力帆,力帆80V,18.0,4,2.0,,0.6666666666666666,,,价格缺失/无效,MPV,B,新能源,18.0,2.0,2818.0,0.07097232079488999,887,False,False,False,False,普通车型,稳定
日产,日产Z,17.0,6,2.0,3.0,0.6666666666666666,1.0,-33.333333333333336,价格缺失/无效,跑车,跑车,其他能源,17.0,2.0,463.0,0.4319654427645789,887,False,False,False,False,普通车型,下滑
骏驰,骏驰EK,16.0,7,2.0,2.0,0.6666666666666666,0.6666666666666666,0.0,价格缺失/无效,轿车,A00,新能源,16.0,2.0,2908.0,0.0687757909215956,887,False,False,False,False,普通车型,稳定
玛莎拉蒂,GranTurismo,11.0,6,2.0,5.0,0.6666666666666666,1.6666666666666667,-60.00000000000001,60万以上,跑车,跑车,其他能源,11.0,2.0,678.0,0.2949852507374631,887,False,False,False,False,普通车型,下滑
思皓,思皓A5,9.0,7,2.0,,0.6666666666666666,,,价格缺失/无效,轿车,A,其他能源,8.0,2.0,2563.0,0.07803355442840422,887,False,False,False,False,普通车型,稳定
现代,名图,6.0,4,2.0,3.0,0.6666666666666666,1.0,-33.333333333333336,价格缺失/无效,轿车,B,新能源,6.0,2.0,16836.0,0.011879306248515086,887,False,False,False,False,普通车型,下滑
江淮,江淮iEV,5.0,3,2.0,1.0,0.6666666666666666,0.3333333333333333,100.0,价格缺失/无效,轿车,A00,新能源,3.0,,2908.0,,887,False,False,False,False,普通车型,上升
RIVIAN,RIVIAN R1S,2.0,1,2.0,,0.6666666666666666,,,价格缺失/无效,SUV,C,新能源,2.0,2.0,14515.0,0.013778849466069583,887,False,False,False,False,普通车型,稳定
北京越野,北京81VJ,2.0,1,2.0,,0.6666666666666666,,,价格缺失/无效,SUV,C,新能源,2.0,2.0,14515.0,0.013778849466069583,887,False,False,False,False,普通车型,稳定
知豆,知豆D2,2.0,1,2.0,,0.6666666666666666,,,价格缺失/无效,轿车,A00,新能源,2.0,2.0,2908.0,0.0687757909215956,887,False,False,False,False,普通车型,稳定
雷诺,雷诺 e诺,2.0,1,2.0,,0.6666666666666666,,,价格缺失/无效,SUV,A0,新能源,2.0,2.0,246.0,0.8130081300813009,887,False,False,False,False,普通车型,稳定
iCAR,iCAR 03,1589.0,7,1.0,,0.3333333333333333,,,10-15万,SUV,A,新能源,1061.0,,217543.0,,908,False,False,False,False,普通车型,稳定
斯柯达,柯米克,744.0,10,1.0,24.0,0.3333333333333333,8.0,-95.83333333333334,5-10万,SUV,A0,其他能源,744.0,1.0,50161.0,0.0019935806702418212,908,False,False,False,False,普通车型,下滑
雪佛兰,科鲁泽,288.0,9,1.0,5.0,0.3333333333333333,1.6666666666666667,-80.0,5-10万,轿车,A,其他能源,231.0,,222023.0,,908,False,False,False,False,普通车型,下滑
宝马,Z4,245.0,9,1.0,20.0,0.3333333333333333,6.666666666666667,-95.0,40-45万,跑车,跑车,其他能源,218.0,,,,908,False,False,False,False,普通车型,下滑
比亚迪,E6,107.0,5,1.0,,0.3333333333333333,,,价格缺失/无效,MPV,B,新能源,107.0,1.0,2818.0,0.035486160397444996,908,False,False,False,False,普通车型,稳定
哈弗,哈弗M6,78.0,9,1.0,2.0,0.3333333333333333,0.6666666666666666,-50.0,价格缺失/无效,SUV,A,其他能源,78.0,1.0,3781.0,0.026448029621793177,908,False,False,False,False,普通车型,下滑
雪佛兰,畅巡,65.0,8,1.0,2.0,0.3333333333333333,0.6666666666666666,-50.0,10-15万,轿车,A,新能源,42.0,,68407.0,,908,False,False,False,False,普通车型,下滑
朋克,朋克多多,24.0,10,1.0,8.0,0.3333333333333333,2.6666666666666665,-87.5,价格缺失/无效,轿车,A00,新能源,24.0,1.0,2908.0,0.0343878954607978,908,False,False,False,False,普通车型,下滑
本田,致在,24.0,7,1.0,13.0,0.3333333333333333,4.333333333333333,-92.3076923076923,价格缺失/无效,SUV,A,其他能源,21.0,1.0,3781.0,0.026448029621793177,908,False,False,False,False,普通车型,下滑
远航,远航H8,24.0,9,1.0,8.0,0.3333333333333333,2.6666666666666665,-87.5,价格缺失/无效,SUV,D,新能源,24.0,1.0,1209.0,0.0827129859387924,908,False,False,False,False,普通车型,下滑
北京汽车制造厂,勇士,19.0,8,1.0,3.0,0.3333333333333333,1.0,-66.66666666666667,价格缺失/无效,SUV,A,其他能源,15.0,,3781.0,,908,False,False,False,False,普通车型,下滑
领克,领克05,17.0,6,1.0,2.0,0.3333333333333333,0.6666666666666666,-50.0,20-25万,SUV,A,其他能源,13.0,1.0,4064.0,0.024606299212598423,908,False,False,False,False,普通车型,下滑
宏瑞,小虎,16.0,6,1.0,9.0,0.3333333333333333,3.0,-88.88888888888889,价格缺失/无效,轿车,A00,新能源,16.0,1.0,2908.0,0.0343878954607978,908,False,False,False,False,普通车型,下滑
哈弗,哈弗赤兔,15.0,8,1.0,4.0,0.3333333333333333,1.3333333333333333,-75.0,价格缺失/无效,SUV,A,其他能源,15.0,1.0,3781.0,0.026448029621793177,908,False,False,False,False,普通车型,下滑
斯威,斯威G05,15.0,8,1.0,3.0,0.3333333333333333,1.0,-66.66666666666667,5-10万,SUV,B,其他能源,15.0,1.0,18326.0,0.005456728145803776,908,False,False,False,False,普通车型,下滑
东风风光,风光580,9.0,5,1.0,2.0,0.3333333333333333,0.6666666666666666,-50.0,5-10万,SUV,B,其他能源,6.0,,18326.0,,908,False,False,False,False,普通车型,下滑
哪吒,哪吒U,9.0,5,1.0,,0.3333333333333333,,,价格缺失/无效,SUV,A,新能源,9.0,1.0,6047.0,0.0165371258475277,908,False,False,False,False,普通车型,稳定
别克,昂科拉,7.0,6,1.0,2.0,0.3333333333333333,0.6666666666666666,-50.0,价格缺失/无效,SUV,A,其他能源,6.0,1.0,3781.0,0.026448029621793177,908,False,False,False,False,普通车型,下滑
极狐,LITE,7.0,5,1.0,3.0,0.3333333333333333,1.0,-66.66666666666667,价格缺失/无效,轿车,A00,新能源,7.0,1.0,2908.0,0.0343878954607978,908,False,False,False,False,普通车型,下滑
飞凡,ER6,6.0,4,1.0,,0.3333333333333333,,,价格缺失/无效,轿车,A,新能源,6.0,1.0,20017.0,0.004995753609431983,908,False,False,False,False,普通车型,稳定
吉利,帝豪GL,5.0,4,1.0,3.0,0.3333333333333333,1.0,-66.66666666666667,价格缺失/无效,轿车,A,其他能源,3.0,,2563.0,,908,False,False,False,False,普通车型,下滑
凯迪拉克,CT4,4.0,3,1.0,1.0,0.3333333333333333,0.3333333333333333,0.0,价格缺失/无效,轿车,B,其他能源,4.0,1.0,294.0,0.3401360544217687,908,False,False,False,False,普通车型,稳定
大众,桑塔纳,3.0,3,1.0,,0.3333333333333333,,,价格缺失/无效,轿车,A,其他能源,3.0,1.0,2563.0,0.03901677721420211,908,False,False,False,False,普通车型,稳定
奔腾,奔腾E01,3.0,2,1.0,,0.3333333333333333,,,价格缺失/无效,SUV,B,新能源,3.0,1.0,2632.0,0.037993920972644375,908,False,False,False,False,普通车型,稳定
思铭,M-NV,3.0,3,1.0,,0.3333333333333333,,,价格缺失/无效,SUV,A0,新能源,3.0,1.0,246.0,0.40650406504065045,908,False,False,False,False,普通车型,稳定
本田,享域,3.0,3,1.0,,0.3333333333333333,,,价格缺失/无效,轿车,A,其他能源,3.0,1.0,2563.0,0.03901677721420211,908,False,False,False,False,普通车型,稳定
荣威,RX8,3.0,3,1.0,,0.3333333333333333,,,价格缺失/无效,SUV,B,其他能源,3.0,1.0,894.0,0.11185682326621924,908,False,False,False,False,普通车型,稳定
起亚,KX3,3.0,2,1.0,2.0,0.3333333333333333,0.6666666666666666,-50.0,价格缺失/无效,SUV,A0,其他能源,3.0,1.0,400.0,0.25,908,False,False,False,False,普通车型,下滑
高合,HiPhi Z,2.0,2,1.0,,0.3333333333333333,,,价格缺失/无效,轿车,C,新能源,2.0,1.0,6091.0,0.016417665407978985,908,False,False,False,False,普通车型,稳定
凯翼,凯翼X5,1.0,1,1.0,,0.3333333333333333,,,价格缺失/无效,SUV,A,其他能源,1.0,1.0,3781.0,0.026448029621793177,908,False,False,False,False,普通车型,稳定
吉利,帝豪S,1.0,1,1.0,,0.3333333333333333,,,价格缺失/无效,SUV,A,其他能源,1.0,1.0,3781.0,0.026448029621793177,908,False,False,False,False,普通车型,稳定
天际,天际ME7,1.0,1,1.0,,0.3333333333333333,,,价格缺失/无效,SUV,B,新能源,1.0,1.0,2632.0,0.037993920972644375,908,False,False,False,False,普通车型,稳定
敏安汽车,敏微ET1,1.0,1,1.0,,0.3333333333333333,,,价格缺失/无效,轿车,A00,新能源,1.0,1.0,2908.0,0.0343878954607978,908,False,False,False,False,普通车型,稳定
欧尚汽车,奔奔E-Star,1.0,1,1.0,,0.3333333333333333,,,价格缺失/无效,轿车,A00,新能源,1.0,1.0,2908.0,0.0343878954607978,908,False,False,False,False,普通车型,稳定
比亚迪,宋MAX,1.0,1,1.0,,0.3333333333333333,,,价格缺失/无效,MPV,A,其他能源,1.0,1.0,6799.0,0.014708045300779526,908,False,False,False,False,普通车型,稳定
长安凯程,睿行ES30,1.0,1,1.0,,0.3333333333333333,,,价格缺失/无效,轿车,A00,新能源,1.0,1.0,2908.0,0.0343878954607978,908,False,False,False,False,普通车型,稳定
长城,M4,0.0,0,0.0,,0.0,,,价格缺失/无效,SUV,A0,其他能源,0.0,0.0,400.0,0.0,944,False,False,False,False,普通车型,稳定
长安,长安CS35MAX,41224.0,8,,12363.0,,4121.0,,价格缺失/无效,SUV,A,其他能源,41224.0,,3781.0,,,False,False,False,False,普通车型,稳定
奇瑞,QQ冰淇淋,11796.0,5,,,,,,5万以下,轿车,A00,新能源,11796.0,,80552.0,,,False,False,False,False,普通车型,稳定
东风纳米,纳米01,11047.0,4,,,,,,5-10万,轿车,A0,新能源,11047.0,,269657.0,,,False,False,False,False,普通车型,稳定
奇瑞,eQ,8458.0,5,,,,,,5-10万,轿车,A00,新能源,8458.0,,1643.0,,,False,False,False,False,普通车型,稳定
比亚迪,宋Ultra EV,6986.0,2,,6986.0,,2328.6666666666665,,15-20万,SUV,B,新能源,6986.0,,168688.0,,,False,False,False,False,普通车型,稳定
丰田,雷凌,6439.0,4,,,,,,5-10万,轿车,A,其他能源,6439.0,,222023.0,,,False,False,False,False,普通车型,稳定
捷途,山海T2,6369.0,3,,,,,,15-20万,SUV,B,新能源,6369.0,,168688.0,,,False,False,False,False,普通车型,稳定
东风纳米,纳米06,4337.0,4,,,,,,5-10万,SUV,A,新能源,4337.0,,64533.0,,,False,False,False,False,普通车型,稳定
奇瑞,多米,3459.0,5,,,,,,5-10万,轿车,A0,新能源,3459.0,,269657.0,,,False,False,False,False,普通车型,稳定
雷诺江铃,小麒麟,3111.0,2,,,,,,5万以下,轿车,A00,新能源,3111.0,,80552.0,,,False,False,False,False,普通车型,稳定
捷途,纵横G700,2157.0,6,,139.0,,46.333333333333336,,35-40万,SUV,D,新能源,1911.0,,16326.0,,,False,False,False,False,普通车型,稳定
领克,领克Z10,2099.0,7,,168.0,,56.0,,15-20万,轿车,C,新能源,2099.0,,43557.0,,,False,False,False,False,普通车型,稳定
睿蓝,枫叶80v,1158.0,8,,150.0,,50.0,,价格缺失/无效,MPV,A,新能源,1158.0,,8488.0,,,False,False,False,False,普通车型,稳定
斯柯达,柯珞克,964.0,6,,1.0,,0.3333333333333333,,10-15万,SUV,A,其他能源,964.0,,227197.0,,,False,False,False,False,普通车型,稳定
极狐,阿尔法S,723.0,4,,,,,,20-25万,轿车,C,新能源,565.0,,86828.0,,,False,False,False,False,普通车型,稳定
吉利银河,银河星耀7,547.0,1,,547.0,,182.33333333333334,,价格缺失/无效,轿车,B,新能源,547.0,,16836.0,,,False,False,False,False,普通车型,稳定
极石,极石01,439.0,4,,,,,,30-35万,SUV,C,新能源,439.0,,51254.0,,,False,False,False,False,普通车型,稳定
斯柯达,明锐,424.0,5,,,,,,10-15万,轿车,A,其他能源,424.0,,86418.0,,,False,False,False,False,普通车型,稳定
魏牌,拿铁,195.0,7,,25.0,,8.333333333333334,,价格缺失/无效,SUV,A,新能源,195.0,,6047.0,,,False,False,False,False,普通车型,稳定
极狐,阿尔法T,180.0,4,,,,,,15-20万,SUV,B,新能源,165.0,,168688.0,,,False,False,False,False,普通车型,稳定
奔驰,CLA,173.0,1,,,,,,价格缺失/无效,轿车,A,新能源,173.0,,20017.0,,,False,False,False,False,普通车型,稳定
现代,菲斯塔,139.0,1,,,,,,10-15万,轿车,A,其他能源,139.0,,86418.0,,,False,False,False,False,普通车型,稳定
吉利,嘉际,118.0,8,,6.0,,2.0,,10-15万,MPV,B,其他能源,112.0,,3592.0,,,False,False,False,False,普通车型,稳定
宝骏,华境S,117.0,2,,80.0,,26.666666666666668,,价格缺失/无效,SUV,D,新能源,117.0,,1209.0,,,False,False,False,False,普通车型,稳定
别克,昂科旗,109.0,8,,6.0,,2.0,,20-25万,SUV,C,其他能源,105.0,,8174.0,,,False,False,False,False,普通车型,稳定
标致,2008,101.0,4,,,,,,价格缺失/无效,SUV,A0,其他能源,101.0,,400.0,,,False,False,False,False,普通车型,稳定
吉利,帝豪L,87.0,7,,2.0,,0.6666666666666666,,价格缺失/无效,轿车,A,新能源,79.0,,20017.0,,,False,False,False,False,普通车型,稳定
阿尔法·罗密欧,斯坦维,85.0,8,,3.0,,1.0,,25-30万,SUV,B,其他能源,85.0,,46626.0,,,False,False,False,False,普通车型,稳定
东风纳米,EX1,54.0,4,,,,,,价格缺失/无效,SUV,A0,新能源,54.0,,246.0,,,False,False,False,False,普通车型,稳定
吉利,TX,53.0,2,,,,,,价格缺失/无效,MPV,A,新能源,53.0,,8488.0,,,False,False,False,False,普通车型,稳定
东风风光,风光S560,52.0,6,,,,,,5-10万,SUV,A,其他能源,52.0,,221299.0,,,False,False,False,False,普通车型,稳定
大众,ID.6 X,43.0,7,,14.0,,4.666666666666667,,20-25万,SUV,C,新能源,43.0,,68442.0,,,False,False,False,False,普通车型,稳定
斯巴鲁,XV,41.0,1,,,,,,价格缺失/无效,SUV,A,其他能源,41.0,,3781.0,,,False,False,False,False,普通车型,稳定
电动屋,悦01,41.0,7,,11.0,,3.6666666666666665,,价格缺失/无效,轿车,A00,新能源,41.0,,2908.0,,,False,False,False,False,普通车型,稳定
潍柴,U70,37.0,8,,8.0,,2.6666666666666665,,价格缺失/无效,SUV,B,其他能源,37.0,,894.0,,,False,False,False,False,普通车型,稳定
北京汽车,魔方,36.0,7,,7.0,,2.3333333333333335,,5-10万,SUV,A,其他能源,36.0,,221299.0,,,False,False,False,False,普通车型,稳定
合创,HYCAN 007,34.0,2,,,,,,价格缺失/无效,SUV,B,新能源,34.0,,2632.0,,,False,False,False,False,普通车型,稳定
丰田,奕泽IZOA,33.0,3,,1.0,,0.3333333333333333,,价格缺失/无效,SUV,A0,其他能源,33.0,,400.0,,,False,False,False,False,普通车型,稳定
高合,HiPhi Y,29.0,8,,5.0,,1.6666666666666667,,价格缺失/无效,SUV,C,新能源,29.0,,14515.0,,,False,False,False,False,普通车型,稳定
GMC,Yukon,24.0,2,,,,,,价格缺失/无效,SUV,D,其他能源,24.0,,157.0,,,False,False,False,False,普通车型,稳定
雪佛兰,太浩,24.0,3,,,,,,价格缺失/无效,SUV,D,其他能源,24.0,,157.0,,,False,False,False,False,普通车型,稳定
Polestar,Polestar 2,22.0,6,,2.0,,0.6666666666666666,,价格缺失/无效,轿车,A,新能源,22.0,,20017.0,,,False,False,False,False,普通车型,稳定
凯翼,凯翼E5,20.0,3,,19.0,,6.333333333333333,,价格缺失/无效,轿车,A,新能源,20.0,,20017.0,,,False,False,False,False,普通车型,稳定
欧拉,欧拉白猫,20.0,2,,19.0,,6.333333333333333,,价格缺失/无效,轿车,A00,新能源,20.0,,2908.0,,,False,False,False,False,普通车型,稳定
东风风光,风光MINI EV,19.0,7,,2.0,,0.6666666666666666,,5万以下,轿车,A00,新能源,19.0,,80552.0,,,False,False,False,False,普通车型,稳定
云度,云兔,19.0,6,,2.0,,0.6666666666666666,,5-10万,SUV,A0,新能源,16.0,,122173.0,,,False,False,False,False,普通车型,稳定
红旗,红旗国雅,19.0,3,,,,,,60万以上,轿车,D,其他能源,19.0,,6727.0,,,False,False,False,False,普通车型,稳定
吉利银河,几何C,17.0,6,,1.0,,0.3333333333333333,,价格缺失/无效,SUV,A,新能源,17.0,,6047.0,,,False,False,False,False,普通车型,稳定
捷尼赛思,G70,17.0,6,,,,,,价格缺失/无效,轿车,B,其他能源,15.0,,294.0,,,False,False,False,False,普通车型,稳定
蓝电,蓝电E3,16.0,2,,1.0,,0.3333333333333333,,价格缺失/无效,SUV,A,新能源,16.0,,6047.0,,,False,False,False,False,普通车型,稳定
雪佛兰,星迈罗,16.0,2,,,,,,5-10万,SUV,A,其他能源,14.0,,221299.0,,,False,False,False,False,普通车型,稳定
摩登汽车,Modern in,15.0,5,,2.0,,0.6666666666666666,,价格缺失/无效,SUV,A,新能源,15.0,,6047.0,,,False,False,False,False,普通车型,稳定
海马,8S,15.0,4,,,,,,价格缺失/无效,SUV,A,其他能源,15.0,,3781.0,,,False,False,False,False,普通车型,稳定
首望,首望电动车,15.0,1,,,,,,价格缺失/无效,轿车,A,新能源,15.0,,20017.0,,,False,False,False,False,普通车型,稳定
福特,领界,13.0,4,,,,,,价格缺失/无效,SUV,A,新能源,12.0,,6047.0,,,False,False,False,False,普通车型,稳定
MG,MG ONE,12.0,7,,3.0,,1.0,,价格缺失/无效,SUV,A,其他能源,9.0,,3781.0,,,False,False,False,False,普通车型,稳定
比亚迪,D1,12.0,4,,,,,,价格缺失/无效,MPV,A,新能源,12.0,,8488.0,,,False,False,False,False,普通车型,稳定
观致,观致7,12.0,6,,6.0,,2.0,,价格缺失/无效,SUV,A,其他能源,12.0,,3781.0,,,False,False,False,False,普通车型,稳定
丰田,塞纳,11.0,1,,,,,,价格缺失/无效,MPV,B,其他能源,11.0,,1965.0,,,False,False,False,False,普通车型,稳定
哈弗,哈弗神兽,11.0,4,,,,,,价格缺失/无效,SUV,A,其他能源,11.0,,3781.0,,,False,False,False,False,普通车型,稳定
潍柴,U75PLUS,11.0,6,,,,,,10-15万,SUV,B,其他能源,11.0,,141351.0,,,False,False,False,False,普通车型,稳定
百智,百智大熊,11.0,5,,1.0,,0.3333333333333333,,价格缺失/无效,轿车,A00,新能源,11.0,,2908.0,,,False,False,False,False,普通车型,稳定
恒润,HR-S1,9.0,4,,1.0,,0.3333333333333333,,价格缺失/无效,SUV,A0,新能源,9.0,,246.0,,,False,False,False,False,普通车型,稳定
玛莎拉蒂,MC20,9.0,6,,5.0,,1.6666666666666667,,60万以上,跑车,跑车,其他能源,9.0,,678.0,,,False,False,False,False,普通车型,稳定
雪佛兰,开拓者,9.0,5,,,,,,价格缺失/无效,SUV,C,其他能源,5.0,,1787.0,,,False,False,False,False,普通车型,稳定
东风,俊风EV30,8.0,2,,,,,,价格缺失/无效,轿车,A,新能源,8.0,,20017.0,,,False,False,False,False,普通车型,稳定
恒驰,恒驰5,8.0,3,,,,,,价格缺失/无效,SUV,A,新能源,8.0,,6047.0,,,False,False,False,False,普通车型,稳定
红旗,红旗国礼,8.0,3,,,,,,价格缺失/无效,轿车,D,其他能源,8.0,,4.0,,,False,False,False,False,普通车型,稳定
东风风神,AX7,7.0,5,,1.0,,0.3333333333333333,,10-15万,SUV,A,其他能源,6.0,,227197.0,,,False,False,False,False,普通车型,稳定
五菱,凯捷,7.0,4,,2.0,,0.6666666666666666,,价格缺失/无效,MPV,A,其他能源,7.0,,6799.0,,,False,False,False,False,普通车型,稳定
江铃,驭胜,7.0,4,,4.0,,1.3333333333333333,,价格缺失/无效,SUV,B,其他能源,7.0,,894.0,,,False,False,False,False,普通车型,稳定
红旗,红旗国耀,7.0,3,,,,,,60万以上,SUV,D,其他能源,7.0,,3038.0,,,False,False,False,False,普通车型,稳定
别克,昂扬,6.0,3,,,,,,价格缺失/无效,SUV,A,其他能源,5.0,,3781.0,,,False,False,False,False,普通车型,稳定
爱驰,U5,6.0,4,,1.0,,0.3333333333333333,,价格缺失/无效,SUV,B,新能源,6.0,,2632.0,,,False,False,False,False,普通车型,稳定
GMC,悍马,5.0,4,,2.0,,0.6666666666666666,,价格缺失/无效,SUV,D,新能源,5.0,,1209.0,,,False,False,False,False,普通车型,稳定
东风风神,风神E60,5.0,1,,,,,,价格缺失/无效,轿车,A,新能源,5.0,,20017.0,,,False,False,False,False,普通车型,稳定
北京汽车制造厂,L2H,5.0,3,,3.0,,1.0,,价格缺失/无效,轿车,A00,新能源,5.0,,2908.0,,,False,False,False,False,普通车型,稳定
捷尼赛思,GV60,5.0,2,,,,,,25-30万,SUV,B,新能源,3.0,,93420.0,,,False,False,False,False,普通车型,稳定
欧尚汽车,科赛,5.0,3,,2.0,,0.6666666666666666,,价格缺失/无效,SUV,B,其他能源,5.0,,894.0,,,False,False,False,False,普通车型,稳定
海马,M3,5.0,3,,,,,,价格缺失/无效,轿车,A,新能源,5.0,,20017.0,,,False,False,False,False,普通车型,稳定
长安,奔奔,5.0,3,,2.0,,0.6666666666666666,,价格缺失/无效,轿车,A00,新能源,4.0,,2908.0,,,False,False,False,False,普通车型,稳定
北京汽车制造厂,战旗,4.0,2,,,,,,价格缺失/无效,SUV,A,其他能源,4.0,,3781.0,,,False,False,False,False,普通车型,稳定
奥迪,S8,4.0,3,,2.0,,0.6666666666666666,,60万以上,轿车,D,其他能源,4.0,,6727.0,,,False,False,False,False,普通车型,稳定
威马,EX5-Z,4.0,3,,1.0,,0.3333333333333333,,价格缺失/无效,SUV,A,新能源,4.0,,6047.0,,,False,False,False,False,普通车型,稳定
哈弗,哈弗酷狗,3.0,1,,,,,,价格缺失/无效,SUV,A,其他能源,3.0,,3781.0,,,False,False,False,False,普通车型,稳定
奔腾,奔腾T99,3.0,3,,,,,,价格缺失/无效,SUV,C,其他能源,3.0,,1787.0,,,False,False,False,False,普通车型,稳定
威马,E.5,3.0,2,,,,,,价格缺失/无效,轿车,B,新能源,3.0,,16836.0,,,False,False,False,False,普通车型,稳定
宝马,6系,3.0,1,,,,,,45-50万,轿车,C,其他能源,3.0,,48.0,,,False,False,False,False,普通车型,稳定
福特,EVOS,3.0,2,,,,,,价格缺失/无效,SUV,B,其他能源,3.0,,894.0,,,False,False,False,False,普通车型,稳定
荣威,MARVEL X,3.0,2,,,,,,价格缺失/无效,SUV,B,新能源,3.0,,2632.0,,,False,False,False,False,普通车型,稳定
长安,逸达,3.0,2,,,,,,价格缺失/无效,轿车,A,其他能源,3.0,,2563.0,,,False,False,False,False,普通车型,稳定
雷克萨斯,IS,3.0,2,,,,,,价格缺失/无效,轿车,B,其他能源,3.0,,294.0,,,False,False,False,False,普通车型,稳定
MG,领航,2.0,1,,2.0,,0.6666666666666666,,价格缺失/无效,SUV,A,新能源,2.0,,6047.0,,,False,False,False,False,普通车型,稳定
东风风光,风光500,2.0,1,,,,,,5-10万,SUV,A0,其他能源,2.0,,50161.0,,,False,False,False,False,普通车型,稳定
五菱,星云,2.0,2,,1.0,,0.3333333333333333,,价格缺失/无效,SUV,A,其他能源,2.0,,3781.0,,,False,False,False,False,普通车型,稳定
凯迪拉克,VISTIQ,2.0,1,,,,,,价格缺失/无效,SUV,D,新能源,2.0,,1209.0,,,False,False,False,False,普通车型,稳定
华晨新日,新日i03,2.0,1,,2.0,,0.6666666666666666,,价格缺失/无效,轿车,A00,新能源,2.0,,2908.0,,,False,False,False,False,普通车型,稳定
华颂,华颂7,2.0,1,,,,,,价格缺失/无效,MPV,B,其他能源,2.0,,1965.0,,,False,False,False,False,普通车型,稳定
天际,天际ME5,2.0,2,,1.0,,0.3333333333333333,,价格缺失/无效,SUV,A,新能源,2.0,,6047.0,,,False,False,False,False,普通车型,稳定
奥迪,RS e-tron GT,2.0,1,,,,,,价格缺失/无效,轿车,C,新能源,2.0,,6091.0,,,False,False,False,False,普通车型,稳定
宝骏,RC-5,2.0,2,,1.0,,0.3333333333333333,,价格缺失/无效,轿车,A,其他能源,2.0,,2563.0,,,False,False,False,False,普通车型,稳定
宝骏,RS-7,2.0,1,,,,,,价格缺失/无效,SUV,C,其他能源,2.0,,1787.0,,,False,False,False,False,普通车型,稳定
小鹏,G3,2.0,2,,,,,,价格缺失/无效,SUV,A,新能源,2.0,,6047.0,,,False,False,False,False,普通车型,稳定
思皓,思皓E40X,2.0,2,,,,,,价格缺失/无效,SUV,A0,新能源,2.0,,246.0,,,False,False,False,False,普通车型,稳定
日产,GT-R,2.0,1,,2.0,,0.6666666666666666,,价格缺失/无效,跑车,跑车,其他能源,2.0,,463.0,,,False,False,False,False,普通车型,稳定
现代,ix 35,2.0,2,,1.0,,0.3333333333333333,,价格缺失/无效,SUV,A,其他能源,2.0,,3781.0,,,False,False,False,False,普通车型,稳定
现代,昂希诺,2.0,2,,,,,,价格缺失/无效,SUV,A0,新能源,2.0,,246.0,,,False,False,False,False,普通车型,稳定
雪佛兰,Express,2.0,2,,,,,,价格缺失/无效,MPV,B,其他能源,2.0,,1965.0,,,False,False,False,False,普通车型,稳定
领途,E行,2.0,2,,2.0,,0.6666666666666666,,价格缺失/无效,轿车,A00,新能源,2.0,,2908.0,,,False,False,False,False,普通车型,稳定
MG,锐腾,1.0,1,,,,,,价格缺失/无效,SUV,A,其他能源,1.0,,3781.0,,,False,False,False,False,普通车型,稳定
东南,DX7星跃,1.0,1,,,,,,价格缺失/无效,SUV,A,其他能源,1.0,,3781.0,,,False,False,False,False,普通车型,稳定
丰田,C-HR,1.0,1,,,,,,价格缺失/无效,SUV,A0,其他能源,1.0,,400.0,,,False,False,False,False,普通车型,稳定
丰田,bZ4X,1.0,1,,,,,,价格缺失/无效,SUV,B,新能源,1.0,,2632.0,,,False,False,False,False,普通车型,稳定
云度,云度π1,1.0,1,,,,,,价格缺失/无效,SUV,A0,新能源,1.0,,246.0,,,False,False,False,False,普通车型,稳定
五菱,晴空,1.0,1,,,,,,价格缺失/无效,轿车,A00,新能源,1.0,,2908.0,,,False,False,False,False,普通车型,稳定
众泰,T300,1.0,1,,,,,,价格缺失/无效,SUV,A,其他能源,1.0,,3781.0,,,False,False,False,False,普通车型,稳定
别克,英朗,1.0,1,,,,,,价格缺失/无效,轿车,A,其他能源,1.0,,2563.0,,,False,False,False,False,普通车型,稳定
前途,前途K50,1.0,1,,,,,,价格缺失/无效,跑车,跑车,新能源,1.0,,168.0,,,False,False,False,False,普通车型,稳定
劳斯莱斯,魅影,1.0,1,,,,,,价格缺失/无效,跑车,跑车,其他能源,1.0,,463.0,,,False,False,False,False,普通车型,稳定
北京汽车制造厂,大猫,1.0,1,,1.0,,0.3333333333333333,,价格缺失/无效,轿车,A00,新能源,1.0,,2908.0,,,False,False,False,False,普通车型,稳定
北京越野,BJ90,1.0,1,,,,,,价格缺失/无效,SUV,D,其他能源,1.0,,157.0,,,False,False,False,False,普通车型,稳定
吉利,GX7,1.0,1,,,,,,价格缺失/无效,SUV,A,其他能源,1.0,,3781.0,,,False,False,False,False,普通车型,稳定
哈弗,哈弗H6 COUPE,1.0,1,,1.0,,0.3333333333333333,,价格缺失/无效,SUV,A,其他能源,1.0,,3781.0,,,False,False,False,False,普通车型,稳定
奔腾,奔腾B30,1.0,1,,,,,,价格缺失/无效,轿车,A,新能源,1.0,,20017.0,,,False,False,False,False,普通车型,稳定
奔腾,奔腾B90,1.0,1,,,,,,价格缺失/无效,轿车,B,其他能源,1.0,,294.0,,,False,False,False,False,普通车型,稳定
威马,W6,1.0,1,,,,,,价格缺失/无效,SUV,B,新能源,1.0,,2632.0,,,False,False,False,False,普通车型,稳定
广汽传祺,绎乐,1.0,1,,,,,,价格缺失/无效,轿车,A,新能源,1.0,,20017.0,,,False,False,False,False,普通车型,稳定
广汽昊铂,昊铂SSR,1.0,1,,,,,,60万以上,跑车,跑车,新能源,1.0,,16.0,,,False,False,False,False,普通车型,稳定
捷尼赛思,GV70,1.0,1,,,,,,35-40万,SUV,B,新能源,1.0,,46.0,,,False,False,False,False,普通车型,稳定
捷豹,F-TYPE,1.0,1,,,,,,40-45万,跑车,跑车,其他能源,1.0,,,,,False,False,False,False,普通车型,稳定
日产,新蓝鸟,1.0,1,,,,,,价格缺失/无效,轿车,A,其他能源,1.0,,2563.0,,,False,False,False,False,普通车型,稳定
日产,楼兰,1.0,1,,,,,,价格缺失/无效,SUV,B,其他能源,1.0,,894.0,,,False,False,False,False,普通车型,稳定
玛莎拉蒂,GranCabrio,1.0,1,,,,,,60万以上,跑车,跑车,其他能源,1.0,,678.0,,,False,False,False,False,普通车型,稳定
现代,Nexo,1.0,1,,,,,,价格缺失/无效,SUV,B,其他能源,1.0,,894.0,,,False,False,False,False,普通车型,稳定
理念,理念VE-1,1.0,1,,1.0,,0.3333333333333333,,价格缺失/无效,SUV,A0,新能源,1.0,,246.0,,,False,False,False,False,普通车型,稳定
蔚来,蔚来ES7,1.0,1,,,,,,价格缺失/无效,SUV,C,新能源,1.0,,14515.0,,,False,False,False,False,普通车型,稳定
赛力斯,赛力斯SF5,1.0,1,,,,,,价格缺失/无效,SUV,B,新能源,1.0,,2632.0,,,False,False,False,False,普通车型,稳定
起亚,EV3,1.0,1,,,,,,价格缺失/无效,SUV,A,新能源,1.0,,6047.0,,,False,False,False,False,普通车型,稳定
起亚,EV6,1.0,1,,,,,,25-30万,SUV,A,新能源,1.0,,,,,False,False,False,False,普通车型,稳定
长安,CS95,1.0,1,,,,,,价格缺失/无效,SUV,B,其他能源,1.0,,894.0,,,False,False,False,False,普通车型,稳定
雪佛兰,创酷,1.0,1,,,,,,价格缺失/无效,SUV,A0,其他能源,1.0,,400.0,,,False,False,False,False,普通车型,稳定
雷克萨斯,UX,1.0,1,,,,,,价格缺失/无效,SUV,A,其他能源,1.0,,3781.0,,,False,False,False,False,普通车型,稳定
