price_bucket,body_type,vehicle_level_group,fuel_type_group,brand,model,sales,first_active_month,last_active_month,active_months,weighted_tp
25-30万,SUV,B,新能源,特斯拉,MODEL Y,463948.0,2023-04-01,2024-03-01,12,269638.1682195329
15-20万,SUV,A,新能源,比亚迪,宋,413934.0,2023-04-01,2024-03-01,12,164231.4679159846
10-15万,轿车,A,新能源,比亚迪,秦,356713.0,2023-04-01,2024-03-01,12,121687.13533927326
10-15万,轿车,A,其他能源,大众,速腾,298747.0,2023-04-01,2024-03-01,12,127880.52941387107
5-10万,轿车,A0,新能源,比亚迪,海鸥,286702.0,2023-04-01,2024-03-01,12,78585.03651850553
10-15万,轿车,A0,新能源,比亚迪,海豚,263023.0,2023-04-01,2024-03-01,12,113403.5022972523
5-10万,轿车,A,其他能源,日产,轩逸,248928.0,2023-04-01,2024-03-01,12,80484.59992882359
10-15万,SUV,A,新能源,比亚迪,元,246972.0,2023-04-01,2024-03-01,11,144308.92267326036
10-15万,轿车,A,其他能源,大众,朗逸,244671.0,2023-04-01,2024-03-01,12,110147.90921025087
15-20万,轿车,B,其他能源,大众,帕萨特,209264.0,2023-04-01,2024-03-01,12,179037.65462265047
5万以下,轿车,A00,新能源,五菱,宏光MINI EV,208714.0,2023-04-01,2024-03-01,12,42670.83000373351
15-20万,SUV,A,其他能源,本田,CR-V,206930.0,2023-04-01,2024-03-01,12,177184.54988512918
15-20万,轿车,B,其他能源,丰田,凯美瑞,206420.0,2023-04-01,2024-03-01,12,170796.84243203918
10-15万,SUV,A,其他能源,丰田,锋兰达,202358.0,2023-04-01,2024-03-01,12,115366.22094096095
10-15万,轿车,A,新能源,埃安,AION S,199416.0,2023-04-01,2024-03-01,12,132580.86123227305
10-15万,SUV,A,新能源,埃安,AION Y,197897.0,2023-04-01,2024-03-01,12,128733.22984652333
5-10万,轿车,A0,新能源,五菱,五菱缤果,197024.0,2023-04-01,2024-03-01,12,73874.89257630527
15-20万,轿车,B,其他能源,大众,迈腾,187329.0,2023-04-01,2024-03-01,12,189169.0376215245
35-40万,轿车,C,其他能源,奥迪,A6,186453.0,2023-04-01,2024-03-01,12,367442.47262589325
10-15万,SUV,A,其他能源,长安,CS75,185665.0,2023-04-01,2024-03-01,12,115298.58886751211
10-15万,轿车,A,其他能源,本田,思域,179835.0,2023-04-01,2024-03-01,12,117180.78966960964
15-20万,SUV,A,其他能源,丰田,RAV4荣放,177298.0,2023-04-01,2024-03-01,12,162756.67660160278
10-15万,SUV,A,其他能源,吉利,博越,174570.0,2023-04-01,2024-03-01,12,112421.52278438366
5-10万,轿车,A,其他能源,长安,逸动,161035.0,2023-04-01,2024-03-01,12,73058.42831256692
20-25万,轿车,C,新能源,比亚迪,汉,160709.0,2023-04-01,2024-02-01,11,222370.04797462258
15-20万,轿车,B,其他能源,本田,雅阁,153105.0,2023-04-01,2024-03-01,12,173192.048474748
30-35万,SUV,C,新能源,理想,理想L7,151776.0,2023-04-01,2024-03-01,11,324297.06598112686
10-15万,SUV,A,其他能源,丰田,卡罗拉,149280.0,2023-04-01,2024-03-01,12,111009.53845401226
30-35万,SUV,B,其他能源,奥迪,Q5,145381.0,2023-04-01,2024-03-01,12,336094.33065176976
10-15万,轿车,A,其他能源,吉利,星瑞,144244.0,2023-04-01,2024-03-01,12,113658.64247311967
10-15万,SUV,A,新能源,比亚迪,宋,143952.0,2023-10-01,2024-03-01,6,137159.31619168376
5-10万,轿车,A,其他能源,吉利,新帝豪,142136.0,2023-04-01,2024-03-01,12,67501.82958462456
15-20万,SUV,B,其他能源,大众,探岳,141396.0,2023-04-01,2024-03-01,12,177575.40616883978
25-30万,轿车,B,其他能源,奔驰,C级,136120.0,2023-06-01,2024-03-01,10,288624.5386336173
10-15万,轿车,A,其他能源,日产,轩逸,135109.0,2023-04-01,2024-03-01,12,110212.50007050266
5万以下,轿车,A00,新能源,长安,Lumin,134983.0,2023-05-01,2024-03-01,11,45152.56500930364
10-15万,SUV,A,其他能源,吉利,星越,133151.0,2023-04-01,2024-03-01,12,148445.12030205622
10-15万,轿车,A,其他能源,本田,型格,131619.0,2023-04-01,2024-03-01,12,118139.8330771769
15-20万,SUV,A,其他能源,本田,皓影,130921.0,2023-04-01,2024-03-01,12,168103.09249224493
25-30万,轿车,B,其他能源,宝马,3系,130693.0,2023-06-01,2024-03-01,10,285308.961647759
15-20万,SUV,A,其他能源,丰田,威兰达,129528.0,2023-04-01,2024-03-01,12,163394.21611975366
25-30万,SUV,C,新能源,AITO,问界M7,125036.0,2023-08-01,2024-03-01,8,282797.31962364895
10-15万,SUV,B,其他能源,奇瑞,瑞虎8,124838.0,2023-04-01,2024-03-01,12,123493.05162171564
10-15万,轿车,A,其他能源,长安,UNI-V,123764.0,2023-04-01,2024-03-01,12,109983.00374825523
5-10万,SUV,A,其他能源,哈弗,哈弗H6,123077.0,2023-04-01,2024-03-01,12,81898.40280581356
15-20万,SUV,B,其他能源,大众,途观,119313.0,2023-08-01,2024-03-01,8,192804.7887564003
10-15万,SUV,A,其他能源,日产,逍客,119305.0,2023-04-01,2024-03-01,12,117586.60450799306
5-10万,轿车,A,其他能源,雪佛兰,科鲁泽,113791.0,2023-04-01,2024-03-01,12,70018.854060382
40-45万,轿车,C,其他能源,奔驰,E级,111588.0,2023-04-01,2023-11-01,8,438034.2553245161
5-10万,轿车,A,其他能源,现代,伊兰特,110722.0,2023-04-01,2024-03-01,12,86346.94363587632
10-15万,轿车,A,其他能源,大众,宝来,103814.0,2023-04-01,2024-03-01,9,103602.6069162107
5-10万,轿车,A,其他能源,别克,威朗,102315.0,2023-04-01,2024-03-01,12,88878.43746584997
40-45万,SUV,B,其他能源,奔驰,GLC级,101900.0,2023-04-01,2024-03-01,12,437363.32597835484
10-15万,SUV,A,其他能源,哈弗,哈弗H6,101176.0,2023-04-01,2024-03-01,12,106030.99530375774
25-30万,MPV,B,其他能源,别克,GL8,99774.0,2023-05-01,2024-03-01,11,277114.5818541565
10-15万,轿车,A,其他能源,奇瑞,艾瑞泽8,99725.0,2023-04-01,2024-03-01,12,112610.97904574976
5万以下,轿车,A00,新能源,吉利,熊猫mini,98797.0,2023-05-01,2024-03-01,11,46451.4625714377
10-15万,轿车,A,其他能源,大众,凌渡,96048.0,2023-04-01,2024-03-01,12,142428.58717273088
15-20万,SUV,B,其他能源,红旗,HS5,94371.0,2023-04-01,2024-03-01,12,171977.68936547346
60万以上,SUV,C,其他能源,宝马,X5,94069.0,2023-04-01,2024-03-01,12,654693.9861045654
20-25万,SUV,A,其他能源,坦克,坦克300,92556.0,2023-04-01,2024-03-01,12,213761.23747224925
20-25万,SUV,B,新能源,比亚迪,唐,92344.0,2023-04-01,2024-03-01,12,216886.30383918347
5-10万,轿车,A,其他能源,大众,朗逸,91691.0,2023-04-01,2024-03-01,12,81473.6668172251
5-10万,轿车,A,其他能源,丰田,卡罗拉,88611.0,2023-04-01,2024-03-01,12,94258.65817091652
10-15万,轿车,A,新能源,大众,ID.3,88269.0,2023-04-01,2024-03-01,12,123599.57196948647
10-15万,SUV,B,其他能源,捷途,捷途X70,87878.0,2023-04-01,2024-03-01,12,108814.94580459823
20-25万,轿车,B,其他能源,凯迪拉克,CT5,87802.0,2023-04-01,2024-03-01,12,224642.9549156407
40-45万,SUV,D,新能源,理想,理想L9,86892.0,2023-08-01,2024-03-01,8,422991.5802673601
25-30万,轿车,B,其他能源,雷克萨斯,ES,86329.0,2023-04-01,2024-03-01,12,266491.51480981323
40-45万,MPV,B,新能源,腾势,腾势D9,85910.0,2023-04-01,2024-01-01,10,412002.8836192035
15-20万,SUV,B,其他能源,别克,昂科威,85079.0,2023-04-01,2024-03-01,12,178937.58792825553
5-10万,SUV,A0,其他能源,吉利,缤越,84667.0,2023-04-01,2024-03-01,12,84610.79235502715
20-25万,轿车,B,新能源,特斯拉,MODEL 3,83278.0,2023-04-01,2024-03-01,6,231570.58890040588
20-25万,轿车,B,其他能源,奥迪,A4,80767.0,2023-09-01,2024-03-01,7,244764.69786031722
15-20万,SUV,B,新能源,零跑,零跑C11,80765.0,2023-04-01,2024-02-01,11,166276.00406130526
35-40万,SUV,B,其他能源,宝马,X3,79823.0,2023-04-01,2023-11-01,8,360859.93922941596
15-20万,轿车,B,新能源,红旗,E-QM5,78820.0,2023-04-01,2024-03-01,12,157134.05997265794
5-10万,MPV,A,其他能源,五菱,五菱宏光,78632.0,2023-04-01,2024-03-01,12,54571.96033132582
10-15万,SUV,A,其他能源,欧尚汽车,欧尚Z6,78332.0,2023-04-01,2024-03-01,12,107275.80705319044
10-15万,轿车,A,其他能源,丰田,卡罗拉,74986.0,2023-04-01,2024-03-01,12,106599.12240425085
10-15万,SUV,A,其他能源,哈弗,哈弗大狗,73764.0,2023-04-01,2024-03-01,12,119618.33904892336
5-10万,轿车,A,新能源,比亚迪,秦,73454.0,2024-01-01,2024-03-01,3,95756.84379413772
30-35万,SUV,C,新能源,理想,理想L8,73292.0,2023-09-01,2024-03-01,7,336323.48481051804
10-15万,轿车,A0,新能源,欧拉,欧拉好猫,72938.0,2023-04-01,2024-03-01,12,119358.9933538972
10-15万,轿车,A,其他能源,领克,领克03,72386.0,2023-04-01,2024-03-01,12,136912.8037446761
20-25万,SUV,A,其他能源,宝马,X1,71848.0,2023-04-01,2024-03-01,10,229462.14081940096
40-45万,轿车,C,其他能源,宝马,5系,71113.0,2023-04-01,2024-03-01,8,414190.24947626196
15-20万,轿车,B,其他能源,丰田,亚洲龙,70882.0,2023-04-01,2024-03-01,12,182730.81909487591
10-15万,轿车,B,其他能源,别克,君威,70868.0,2023-04-01,2024-03-01,12,129141.44359192779
5-10万,SUV,A,其他能源,长安,CS55,70221.0,2023-04-01,2024-03-01,12,97549.09678223431
5-10万,SUV,A,其他能源,捷达,捷达VS5,69402.0,2023-04-01,2024-03-01,12,92636.92667955239
15-20万,SUV,B,新能源,深蓝,S7,69020.0,2023-06-01,2024-03-01,10,166604.8136073999
5-10万,SUV,A,其他能源,长安,CS75,68898.0,2023-04-01,2024-03-01,12,84628.99419376854
10-15万,轿车,B,其他能源,红旗,H5,67305.0,2023-04-01,2024-02-01,11,143111.76967374884
25-30万,SUV,B,其他能源,丰田,汉兰达,67090.0,2023-06-01,2024-03-01,10,285355.92856546893
价格缺失/无效,轿车,A,新能源,比亚迪,秦,67013.0,2023-04-01,2024-03-01,12,0.0
5-10万,SUV,A,其他能源,欧尚汽车,欧尚X5,67001.0,2023-04-01,2024-03-01,12,86535.14906644306
10-15万,SUV,A,其他能源,大众,途岳,63465.0,2023-09-01,2024-03-01,7,143211.1203687901
30-35万,MPV,B,其他能源,丰田,赛那,63120.0,2023-06-01,2024-03-01,10,334096.5912303025
15-20万,轿车,A,其他能源,奥迪,A3,62912.0,2023-04-01,2024-03-01,12,169125.61396150975
5-10万,轿车,A,其他能源,丰田,雷凌,62867.0,2023-04-01,2024-03-01,12,94370.20226101637
15-20万,轿车,B,其他能源,福特,蒙迪欧,62772.0,2023-04-01,2024-03-01,12,159630.29247329052
10-15万,SUV,A0,其他能源,领克,领克06,61898.0,2023-04-01,2024-03-01,12,121032.08634374289
30-35万,SUV,B,新能源,蔚来,蔚来ES6,61308.0,2023-06-01,2024-03-01,10,335838.9925356563
5万以下,轿车,A00,新能源,奇瑞,QQ冰淇淋,61229.0,2023-04-01,2024-03-01,12,40701.68074671542
10-15万,轿车,A,新能源,比亚迪,驱逐舰05,61067.0,2023-04-01,2023-12-01,9,114442.52238749232
25-30万,SUV,A,其他能源,奔驰,GLB级,60168.0,2023-04-01,2024-03-01,11,264201.3414520585
25-30万,轿车,B,其他能源,奥迪,A4,58396.0,2023-04-01,2023-08-01,5,257008.758339546
20-25万,SUV,A,其他能源,奥迪,Q3,56665.0,2023-04-01,2024-03-01,12,221346.61483581245
10-15万,轿车,A,其他能源,大众,高尔夫,56549.0,2023-04-01,2024-03-01,12,143273.31197171926
30-35万,SUV,B,其他能源,沃尔沃,XC60,56482.0,2023-04-01,2024-01-01,10,312232.6677599884
35-40万,轿车,C,其他能源,宝马,5系,55792.0,2023-08-01,2024-01-01,6,392631.64456397877
10-15万,SUV,A,其他能源,大众,探歌,55566.0,2023-04-01,2024-03-01,11,134329.14842611967
10-15万,SUV,A0,其他能源,本田,XR-V,55172.0,2023-04-01,2024-03-01,12,110126.84618064915
5-10万,轿车,A,其他能源,荣威,荣威i5,54317.0,2023-04-01,2024-03-01,12,59995.6908788282
10-15万,SUV,A,其他能源,现代,途胜,53847.0,2023-04-01,2024-03-01,12,138058.48786296134
5-10万,SUV,A0,其他能源,广汽传祺,GS3,53598.0,2023-04-01,2024-03-01,12,85911.03159643596
10-15万,轿车,A,其他能源,马自达,马自达3,53115.0,2023-04-01,2024-03-01,12,114023.31341853992
15-20万,轿车,B,其他能源,日产,天籁,52995.0,2023-04-01,2023-10-01,7,156197.58804860953
5-10万,轿车,A,其他能源,长安,逸达,52591.0,2023-04-01,2024-03-01,12,84273.71421915364
25-30万,轿车,B,新能源,特斯拉,MODEL 3,52007.0,2023-10-01,2024-02-01,5,258267.6972987525
10-15万,MPV,B,其他能源,广汽传祺,M6,51726.0,2023-04-01,2024-03-01,12,118086.29814136906
15-20万,轿车,B,其他能源,本田,英仕派,51622.0,2023-04-01,2024-03-01,12,162668.0665398592
15-20万,SUV,A,其他能源,捷途,旅行者,50041.0,2023-09-01,2024-03-01,7,158499.42124655447
20-25万,SUV,B,其他能源,大众,途观,49946.0,2023-04-01,2024-03-01,12,206885.3931953053
15-20万,轿车,B,其他能源,红旗,H5,48832.0,2023-04-01,2024-03-01,12,156552.26837509096
5-10万,SUV,A,其他能源,哈弗,哈弗M6,48753.0,2023-04-01,2024-03-01,12,68950.38036568326
15-20万,SUV,A,新能源,吉利,银河L7,48328.0,2023-06-01,2023-12-01,7,159880.72101964345
20-25万,SUV,B,新能源,小鹏,G6,48167.0,2023-06-01,2024-03-01,10,231370.5702723258
25-30万,轿车,B,新能源,蔚来,蔚来ET5,46986.0,2023-06-01,2024-03-01,10,291547.9842324511
5-10万,轿车,A,其他能源,捷达,捷达VA3,46959.0,2023-04-01,2024-03-01,12,66054.26935321583
25-30万,轿车,C,新能源,极氪,极氪001,46855.0,2023-08-01,2024-03-01,8,274286.3447821686
35-40万,SUV,C,新能源,理想,理想L8,46588.0,2023-04-01,2023-08-01,5,356379.2324713025
5-10万,轿车,B,其他能源,奔腾,奔腾B70,46161.0,2023-04-01,2024-03-01,12,94063.46510926278
10-15万,SUV,B,其他能源,哈弗,哈弗二代大狗,46015.0,2023-04-01,2024-02-01,11,135897.06941264315
5-10万,SUV,A,其他能源,奇瑞,瑞虎7,45399.0,2023-04-01,2024-03-01,12,89278.73694371457
5-10万,轿车,A,其他能源,MG,MG5,44637.0,2023-04-01,2024-02-01,11,65234.17754095998
15-20万,SUV,B,其他能源,奇瑞,瑞虎9,44049.0,2023-05-01,2024-03-01,11,158650.73375025237
10-15万,轿车,B,其他能源,日产,天籁,43924.0,2023-11-01,2024-03-01,5,145893.86342467903
5-10万,轿车,A0,其他能源,本田,飞度,43684.0,2023-04-01,2024-03-01,12,76137.14239942629
5-10万,轿车,A,其他能源,大众,宝来,43654.0,2023-04-01,2024-01-01,6,97671.05395032433
5-10万,MPV,A,其他能源,五菱,佳辰,43609.0,2023-04-01,2024-03-01,12,76974.12158626683
20-25万,SUV,B,新能源,领克,领克08,43553.0,2023-09-01,2024-03-01,7,219143.11791062445
60万以上,SUV,C,其他能源,奔驰,GLE级,43261.0,2023-04-01,2024-03-01,12,737993.5807402057
10-15万,轿车,A,其他能源,广汽传祺,影豹,42676.0,2023-04-01,2024-03-01,12,113665.95920249881
5-10万,SUV,A0,其他能源,五菱,星驰,41696.0,2023-04-01,2024-03-01,12,58054.87289709157
30-35万,SUV,B,其他能源,宝马,X3,41375.0,2023-12-01,2024-03-01,4,340418.1664645481
10-15万,轿车,B,新能源,深蓝,SL03,41258.0,2023-04-01,2024-03-01,10,147757.88473879456
5-10万,轿车,A,其他能源,奇瑞,艾瑞泽5,40437.0,2023-04-01,2024-03-01,12,65144.68165178606
10-15万,轿车,A,其他能源,丰田,雷凌,39965.0,2023-04-01,2023-10-01,7,107710.02697964793
5-10万,轿车,A00,新能源,零跑,零跑T03,39911.0,2023-04-01,2024-03-01,12,62965.098441521004
5-10万,SUV,A0,其他能源,长安,CS35,39372.0,2023-04-01,2024-03-01,12,76478.79928612632
15-20万,轿车,C,新能源,比亚迪,汉,38105.0,2023-12-01,2024-03-01,4,190745.44744675892
30-35万,MPV,B,其他能源,丰田,格瑞维亚,37797.0,2023-07-01,2024-03-01,9,331233.1773442473
10-15万,SUV,A,其他能源,捷途,捷途大圣,37602.0,2023-04-01,2024-03-01,12,105528.75665777751
10-15万,SUV,A,新能源,欧尚汽车,欧尚Z6,37569.0,2023-05-01,2024-03-01,11,139573.36483059893
20-25万,轿车,B,其他能源,大众,CC,37370.0,2023-04-01,2024-03-01,12,217542.84663819222
30-35万,轿车,C,其他能源,沃尔沃,S90,37107.0,2023-04-01,2024-03-01,12,320804.86408288905
15-20万,轿车,B,新能源,比亚迪,海豹,37093.0,2023-10-01,2024-03-01,6,184468.16039057676
15-20万,SUV,A,其他能源,大众,途岳,36706.0,2023-04-01,2023-08-01,5,152544.54118927568
5-10万,轿车,A,其他能源,吉利,缤瑞,36604.0,2023-04-01,2024-03-01,12,84546.64010189658
5-10万,SUV,A,其他能源,五菱,星辰,35859.0,2023-04-01,2024-03-01,12,76885.86971047902
25-30万,MPV,B,其他能源,广汽传祺,M8,35572.0,2023-04-01,2024-02-01,11,265650.34060906933
15-20万,SUV,A,新能源,大众,ID.4 CROZZ,35535.0,2023-04-01,2024-02-01,10,171197.92344227477
10-15万,SUV,A,其他能源,本田,HR-V,35010.0,2023-06-01,2024-03-01,10,136971.7281524098
25-30万,SUV,C,其他能源,大众,揽巡,34883.0,2023-04-01,2024-03-01,12,266066.342771087
10-15万,SUV,A,其他能源,广汽传祺,影酷,34646.0,2023-04-01,2024-03-01,12,117424.68035681052
20-25万,轿车,B,新能源,比亚迪,海豹,34585.0,2023-04-01,2023-11-01,8,213103.72829050448
5-10万,轿车,A,新能源,别克,微蓝6,34181.0,2023-11-01,2024-03-01,5,97923.60136337328
5-10万,SUV,A,其他能源,欧尚汽车,欧尚X7,33881.0,2023-04-01,2024-03-01,12,94462.34094915821
10-15万,轿车,A,新能源,北京汽车,EU系列,33729.0,2023-04-01,2024-03-01,11,108947.97828763307
5-10万,轿车,A0,其他能源,大众,POLO,33687.0,2023-04-01,2024-03-01,12,89884.74494833402
30-35万,SUV,C,其他能源,大众,途昂,33408.0,2023-04-01,2024-01-01,10,307989.9309543646
35-40万,轿车,B,其他能源,雷克萨斯,ES,33377.0,2023-04-01,2024-03-01,12,364195.9163541096
5-10万,SUV,A0,新能源,吉利,几何E,32993.0,2023-04-01,2024-03-01,12,80639.63837146909
20-25万,SUV,B,新能源,比亚迪,护卫舰07,32959.0,2023-04-01,2024-02-01,11,221821.43552689537
10-15万,轿车,B,其他能源,MG,MG7,32640.0,2023-05-01,2024-03-01,11,135355.83514606397
5-10万,轿车,A,新能源,比亚迪,驱逐舰05,32216.0,2024-01-01,2024-03-01,3,93016.98072268367
10-15万,SUV,A0,其他能源,本田,缤智,31940.0,2023-04-01,2024-03-01,10,109160.44031947084
25-30万,轿车,B,新能源,宝马,i3,31538.0,2023-04-01,2023-10-01,7,261508.39945213177
15-20万,SUV,A,其他能源,日产,奇骏,31381.0,2023-04-01,2024-03-01,12,168339.55749686566
45-50万,轿车,C,其他能源,奔驰,E级,31042.0,2023-04-01,2024-03-01,12,480238.3050520402
25-30万,SUV,B,新能源,AITO,问界M5,30950.0,2023-04-01,2024-03-01,12,270445.19096479093
10-15万,轿车,A,新能源,东风风神,风神E70,30495.0,2023-04-01,2024-03-01,12,141965.73180246903
45-50万,SUV,D,新能源,理想,理想L9,30342.0,2023-04-01,2023-07-01,4,457264.23812021205
30-35万,SUV,C,新能源,坦克,坦克500,30293.0,2023-06-01,2024-03-01,10,330521.69441797596
10-15万,SUV,B,其他能源,捷达,捷达VS7,29713.0,2023-04-01,2024-03-01,12,114319.22219314217
15-20万,轿车,C,其他能源,别克,君越,29116.0,2023-04-01,2024-03-01,11,178133.05743317975
10-15万,SUV,A,新能源,哪吒,哪吒U,29086.0,2023-04-01,2024-01-01,10,128813.51837486283
10-15万,SUV,B,其他能源,捷途,捷途X90,28740.0,2023-04-01,2024-03-01,12,117774.43570267672
15-20万,MPV,B,其他能源,广汽传祺,M8,28288.0,2023-04-01,2024-03-01,12,186578.41753930153
10-15万,SUV,A,其他能源,现代,沐飒,28130.0,2023-06-01,2024-03-01,10,121773.81197500249
25-30万,SUV,B,其他能源,凯迪拉克,XT5,27634.0,2023-04-01,2023-12-01,9,265523.31912693096
45-50万,SUV,B,其他能源,雷克萨斯,RX,27503.0,2023-04-01,2024-02-01,11,476728.07520649565
5-10万,轿车,A00,新能源,奇瑞,eQ,27489.0,2023-04-01,2024-03-01,12,71259.32010733776
10-15万,SUV,B,其他能源,福特,领睿,27167.0,2023-04-01,2024-03-01,12,129136.11883653018
15-20万,轿车,A,其他能源,奔驰,A级,26727.0,2023-04-01,2024-03-01,7,187680.37110902794
15-20万,SUV,A,其他能源,吉利,星越,26533.0,2023-04-01,2024-03-01,12,152667.3653562974
10-15万,SUV,B,其他能源,吉利,豪越,26428.0,2023-04-01,2024-03-01,12,124617.89302064513
10-15万,SUV,A,其他能源,广汽传祺,GS4,26253.0,2023-04-01,2024-03-01,12,111610.66445064341
5-10万,轿车,A,其他能源,东风风神,奕炫,26083.0,2023-04-01,2024-03-01,12,66043.36022299709
20-25万,SUV,A,其他能源,林肯,冒险家,26030.0,2023-04-01,2024-03-01,12,234936.9987679422
30-35万,SUV,B,新能源,宝马,iX3,26029.0,2023-04-01,2023-11-01,8,318647.9022851332
30-35万,轿车,B,其他能源,宝马,3系,26023.0,2023-04-01,2023-05-01,2,302543.8421851029
25-30万,MPV,B,其他能源,本田,艾力绅,25950.0,2023-04-01,2024-03-01,12,277261.86532376683
30-35万,轿车,B,其他能源,奔驰,C级,25876.0,2023-04-01,2023-05-01,2,300969.2190667575
20-25万,SUV,B,其他能源,本田,冠道,24670.0,2023-04-01,2024-03-01,10,243414.8496114794
5-10万,SUV,A,其他能源,奇瑞,瑞虎5,24533.0,2023-04-01,2024-03-01,12,68351.26135724853
15-20万,SUV,A,新能源,大众,ID.4 X,24123.0,2023-04-01,2024-03-01,12,179742.23596225513
35-40万,MPV,B,新能源,岚图,梦想家,23858.0,2023-04-01,2024-03-01,12,378285.0437781978
价格缺失/无效,轿车,A,其他能源,起亚,福瑞迪,23760.0,2023-05-01,2024-03-01,11,0.0
20-25万,轿车,B,新能源,宝马,i3,23666.0,2023-11-01,2024-03-01,5,242113.82641493823
30-35万,SUV,B,其他能源,丰田,皇冠陆放,23615.0,2023-04-01,2023-10-01,7,306988.0820862189
10-15万,SUV,A,其他能源,长安,UNI-T,23476.0,2023-04-01,2024-03-01,12,113247.70772050098
10-15万,轿车,A,新能源,吉利,银河L6,23474.0,2023-09-01,2024-03-01,7,125069.83232351746
30-35万,SUV,B,其他能源,林肯,航海家,23434.0,2023-04-01,2024-03-01,12,321555.00045197445
20-25万,SUV,A0,新能源,smart,精灵#1,23314.0,2023-04-01,2024-03-01,12,211129.3500087405
30-35万,轿车,C,新能源,极氪,极氪001,23291.0,2023-04-01,2023-07-01,4,312650.2929056713
25-30万,轿车,B,新能源,小鹏,P7,22917.0,2023-05-01,2023-09-01,5,256701.13239668103
15-20万,轿车,B,新能源,深蓝,SL03,22909.0,2023-04-01,2024-03-01,12,157913.2326137241
15-20万,SUV,B,新能源,哈弗,哈弗枭龙MAX,22700.0,2023-05-01,2024-03-01,11,163018.63759273558
10-15万,轿车,B,新能源,丰田,bZ3,22591.0,2023-08-01,2024-03-01,8,142032.42418376467
15-20万,SUV,A,新能源,比亚迪,元,22547.0,2023-08-01,2023-08-01,1,150308.5283085992
25-30万,SUV,B,其他能源,福特,锐界,22363.0,2023-04-01,2024-03-01,12,269660.5297390582
60万以上,轿车,D,其他能源,奔驰,S级,22286.0,2023-04-01,2024-03-01,12,1069122.8634186247
25-30万,SUV,B,新能源,比亚迪,唐,22234.0,2023-04-01,2024-03-01,12,274887.7118363226
60万以上,SUV,C,其他能源,保时捷,卡宴,22192.0,2023-04-01,2024-03-01,12,869013.933186617
20-25万,SUV,B,新能源,智己,智己LS6,21521.0,2023-11-01,2024-03-01,5,233910.26604884968
10-15万,SUV,A,其他能源,红旗,HS3,21389.0,2023-09-01,2024-03-01,7,130531.58697773414
35-40万,轿车,C,其他能源,奥迪,A7L,21347.0,2023-04-01,2024-03-01,11,387802.693936765
15-20万,SUV,B,新能源,哈弗,哈弗猛龙,21290.0,2023-10-01,2024-03-01,6,172814.1939576039
15-20万,SUV,A,新能源,埃安,AION V,21191.0,2023-04-01,2024-03-01,12,171875.74200542262
15-20万,轿车,C,新能源,零跑,零跑C01,20842.0,2023-04-01,2023-12-01,9,165028.92759594618
10-15万,轿车,A,新能源,长安,UNI-V,20484.0,2023-04-01,2024-03-01,12,132079.57053348632
10-15万,SUV,A,其他能源,日产,奇骏,20452.0,2023-09-01,2024-02-01,6,144566.45781989887
20-25万,轿车,B,其他能源,丰田,亚洲龙,20392.0,2023-04-01,2024-03-01,10,208261.730286214
15-20万,SUV,B,其他能源,星途,星途瑶光,20284.0,2023-04-01,2024-03-01,12,168798.8577292032
15-20万,SUV,A,其他能源,北京越野,BJ40,20202.0,2023-04-01,2024-03-01,12,183508.24570542216
10-15万,SUV,A,其他能源,吉利,ICON,20141.0,2023-04-01,2024-03-01,12,105483.41576781592
20-25万,轿车,B,其他能源,沃尔沃,S60,20051.0,2023-04-01,2024-03-01,12,235438.39160238177
10-15万,轿车,A,新能源,比亚迪,e2,20011.0,2023-04-01,2024-02-01,11,104327.4134685401
25-30万,SUV,B,其他能源,丰田,皇冠陆放,19953.0,2023-10-01,2024-03-01,6,290036.7424666293
35-40万,MPV,B,新能源,腾势,腾势D9,19784.0,2024-01-01,2024-03-01,3,392928.85383914225
60万以上,SUV,C,其他能源,路虎,卫士,19611.0,2023-04-01,2024-03-01,12,871330.9572951745
20-25万,SUV,A,其他能源,凯迪拉克,XT4,19178.0,2023-04-01,2024-03-01,12,216989.09302726772
10-15万,SUV,A,其他能源,长安,CS55,19172.0,2023-04-01,2023-11-01,3,100305.01366652307
15-20万,SUV,B,新能源,哈弗,哈弗二代大狗,19112.0,2023-04-01,2024-03-01,12,169543.94754672897
25-30万,SUV,B,新能源,坦克,坦克400,18855.0,2023-09-01,2024-03-01,7,286471.1214452398
15-20万,SUV,B,其他能源,广汽传祺,GS8,18785.0,2023-04-01,2024-03-01,12,179201.6563717114
25-30万,MPV,B,其他能源,本田,奥德赛,18774.0,2023-04-01,2023-08-01,5,251625.21263067483
5-10万,SUV,B,其他能源,奇瑞,瑞虎8,18713.0,2023-10-01,2024-03-01,6,93443.53693660117
40-45万,轿车,B,其他能源,宝马,4系,18576.0,2023-04-01,2024-02-01,11,426713.9401800885
20-25万,SUV,A,其他能源,奔驰,GLA级,18484.0,2023-04-01,2024-03-01,12,236742.86219436568
20-25万,轿车,B,新能源,小鹏,P7,18466.0,2023-04-01,2024-03-01,7,239903.8069520869
10-15万,SUV,A,其他能源,奇瑞,探索06,18461.0,2023-08-01,2024-03-01,8,120908.59577183414
20-25万,轿车,A,其他能源,奔驰,A级,18302.0,2023-04-01,2024-03-01,9,203061.12554514027
10-15万,轿车,B,新能源,五菱,星光,18300.0,2023-12-01,2024-01-01,2,102277.29807868852
20-25万,SUV,B,新能源,比亚迪,宋L,18177.0,2023-12-01,2024-03-01,4,213267.3853117612
25-30万,SUV,C,其他能源,大众,揽境,18158.0,2023-08-01,2024-03-01,8,291218.4915842022
60万以上,SUV,D,其他能源,奔驰,GLS级,17941.0,2023-04-01,2024-03-01,12,1245343.6893751686
60万以上,轿车,D,其他能源,保时捷,PANAMERA,17927.0,2023-04-01,2024-03-01,12,941300.4454356142
60万以上,MPV,B,其他能源,丰田,埃尔法,17899.0,2023-04-01,2024-03-01,12,1074215.825046952
25-30万,SUV,C,其他能源,大众,途昂,17808.0,2023-07-01,2024-03-01,9,280094.7050072467
35-40万,MPV,B,新能源,广汽传祺,E9,17711.0,2023-05-01,2024-02-01,10,359821.08559723105
5-10万,SUV,A0,新能源,宝骏,悦也,17613.0,2023-05-01,2024-03-01,11,83312.51933613086
20-25万,MPV,B,其他能源,本田,奥德赛,17560.0,2023-09-01,2024-03-01,7,242185.2540719371
50-55万,MPV,B,新能源,极氪,极氪009,17313.0,2023-04-01,2024-03-01,12,519173.7761270795
10-15万,SUV,A0,其他能源,大众,途铠,17131.0,2023-04-01,2024-03-01,12,111982.3748488669
60万以上,SUV,C,其他能源,路虎,揽胜,16959.0,2023-04-01,2024-03-01,12,1668881.7389604996
50-55万,SUV,C,其他能源,沃尔沃,XC90,16957.0,2023-04-01,2024-03-01,12,520067.43642803654
10-15万,轿车,A,新能源,别克,微蓝6,16911.0,2023-04-01,2023-10-01,7,126622.13496739473
15-20万,SUV,B,其他能源,丰田,威飒,16901.0,2023-05-01,2024-03-01,11,185235.17622486173
10-15万,SUV,A,其他能源,荣威,RX5,16666.0,2023-04-01,2024-03-01,12,110831.0610539854
25-30万,SUV,C,新能源,小鹏,G9,16646.0,2023-10-01,2024-03-01,6,293520.92766068905
10-15万,轿车,A,新能源,启辰,D60,16596.0,2023-04-01,2024-03-01,12,128545.51139165866
50-55万,MPV,B,其他能源,别克,世纪,16335.0,2023-05-01,2024-03-01,11,526134.3101061232
价格缺失/无效,MPV,B,新能源,奔腾,奔腾NAT,16334.0,2023-04-01,2024-03-01,12,0.0
10-15万,SUV,A,其他能源,马自达,CX-5,16316.0,2023-09-01,2024-03-01,7,135494.76911574195
15-20万,SUV,A0,其他能源,奥迪,Q2L,16058.0,2023-04-01,2024-03-01,12,164096.50384962218
5-10万,SUV,A,其他能源,吉利,GX7,16057.0,2023-04-01,2024-03-01,12,77413.8649212745
5-10万,SUV,A0,其他能源,奇瑞,瑞虎3x,16056.0,2023-04-01,2024-03-01,12,60621.8979239772
30-35万,SUV,C,新能源,魏牌,蓝山,15979.0,2023-04-01,2023-09-01,6,306229.1866157759
价格缺失/无效,轿车,A,新能源,吉利,新帝豪,15969.0,2023-04-01,2024-03-01,12,0.0
35-40万,SUV,C,其他能源,福特,探险者,15861.0,2023-06-01,2023-12-01,7,353672.2826193958
20-25万,SUV,A,新能源,奥迪,Q4,15852.0,2023-07-01,2024-03-01,9,237050.00195491724
5-10万,轿车,A0,其他能源,丰田,威驰,15590.0,2023-04-01,2023-09-01,6,72667.3684322215
5-10万,MPV,B,其他能源,东风风行,菱智,15575.0,2023-04-01,2024-03-01,12,66348.30951557847
30-35万,SUV,B,新能源,方程豹,豹5,15526.0,2023-11-01,2024-03-01,5,311233.6197155496
价格缺失/无效,轿车,A,新能源,曹操,曹操60,15406.0,2023-05-01,2024-03-01,11,0.0
5-10万,轿车,A,其他能源,日产,骐达,15351.0,2023-08-01,2024-03-01,8,88508.03332069608
10-15万,SUV,B,其他能源,星途,星途TX,15266.0,2023-04-01,2024-03-01,12,139694.46987496156
15-20万,SUV,A,其他能源,领克,领克01,15199.0,2023-04-01,2024-03-01,12,171388.42477679692
15-20万,轿车,C,新能源,启源,A07,15110.0,2023-09-01,2024-02-01,6,158280.863467866
30-35万,MPV,B,其他能源,广汽传祺,M8,14998.0,2023-04-01,2024-03-01,12,320410.06958584074
10-15万,SUV,A,其他能源,启辰,启辰大V,14942.0,2023-04-01,2023-11-01,8,104207.32848965708
10-15万,轿车,B,新能源,荣威,D7,14811.0,2023-11-01,2024-03-01,5,124602.89864533173
15-20万,轿车,A,新能源,小鹏,P5,14787.0,2023-04-01,2024-03-01,12,162439.13320402234
25-30万,SUV,B,其他能源,路虎,揽胜极光,14772.0,2023-04-01,2024-03-01,12,280960.4163950344
10-15万,SUV,A0,其他能源,大众,探影,14616.0,2023-04-01,2024-03-01,12,108140.3510225057
10-15万,SUV,A,新能源,吉利,银河L7,14538.0,2024-01-01,2024-03-01,3,145771.70970650407
10-15万,SUV,A,其他能源,丰田,威兰达,14472.0,2024-02-01,2024-03-01,2,148316.37390557633
5-10万,SUV,B,其他能源,五菱,五菱宏光S3,14447.0,2023-04-01,2024-03-01,12,60964.60882502182
5-10万,SUV,A0,新能源,哪吒,哪吒AYA,14437.0,2023-08-01,2024-03-01,8,79823.27692992511
20-25万,SUV,A,新能源,极氪,极氪X,14350.0,2023-06-01,2023-12-01,6,208233.87744529612
25-30万,SUV,C,新能源,魏牌,蓝山,14338.0,2023-10-01,2024-03-01,6,274549.0253151095
5万以下,SUV,A0,新能源,东风纳米,EX1,14286.0,2023-06-01,2024-03-01,9,45512.71041359174
60万以上,轿车,D,其他能源,宝马,7系,13907.0,2023-04-01,2024-03-01,12,980953.9559998304
10-15万,SUV,A,其他能源,现代,ix 35,13901.0,2023-04-01,2023-12-01,9,110502.50269714276
45-50万,SUV,B,其他能源,奔驰,GLC级,13772.0,2023-05-01,2023-06-01,2,453734.01702298824
10-15万,SUV,B,新能源,蓝电,蓝电E5,13668.0,2023-04-01,2024-03-01,12,108008.78507191122
20-25万,轿车,B,新能源,极氪,极氪007,13668.0,2024-01-01,2024-03-01,3,236549.60151925712
10-15万,SUV,A,新能源,启辰,启辰大V,13645.0,2023-07-01,2024-03-01,9,135754.83501083747
10-15万,轿车,A,新能源,宝骏,云朵,13560.0,2023-08-01,2024-03-01,8,118236.56436326426
25-30万,SUV,B,新能源,宝马,iX3,13533.0,2023-12-01,2024-03-01,4,282784.69565264974
10-15万,SUV,A,新能源,哪吒,哪吒X,13443.0,2023-10-01,2024-03-01,6,120407.75099384786
60万以上,轿车,D,其他能源,梅赛德斯-迈巴赫,S级,13400.0,2023-04-01,2024-03-01,12,1559087.383334478
15-20万,轿车,B,其他能源,雪铁龙,C5,13398.0,2023-04-01,2024-03-01,9,152975.60139921424
10-15万,轿车,B,其他能源,雪佛兰,迈锐宝,13363.0,2023-04-01,2024-03-01,12,125942.011235324
25-30万,MPV,B,其他能源,大众,威然,13283.0,2023-07-01,2024-03-01,8,291807.2666754788
5万以下,轿车,A00,新能源,科莱威,科莱威,13272.0,2023-08-01,2024-03-01,8,48562.64932325057
35-40万,MPV,B,其他能源,丰田,赛那,13222.0,2023-04-01,2023-05-01,2,361684.9625931658
30-35万,轿车,B,其他能源,奥迪,A5,13208.0,2023-06-01,2024-03-01,10,330957.03240932355
15-20万,MPV,B,其他能源,现代,库斯途,13147.0,2023-04-01,2024-03-01,12,173839.02586855122
5-10万,轿车,A,其他能源,大众,桑塔纳,13087.0,2023-04-01,2024-03-01,12,70951.71326499652
60万以上,SUV,C,其他能源,奥迪,Q7,12748.0,2023-04-01,2023-11-01,8,627123.1098618947
25-30万,轿车,C,其他能源,红旗,H9,12576.0,2023-04-01,2024-03-01,12,282830.8835041383
10-15万,SUV,A,其他能源,本田,致在,12569.0,2023-04-01,2024-03-01,12,133671.13016502224
50-55万,SUV,C,新能源,蔚来,蔚来ES8,12510.0,2023-04-01,2023-12-01,8,532581.1508112007
20-25万,轿车,B,其他能源,林肯,林肯Z,12497.0,2023-04-01,2024-03-01,12,237163.11371794154
价格缺失/无效,MPV,B,新能源,比亚迪,E6,12446.0,2023-04-01,2024-03-01,11,0.0
5-10万,轿车,A,其他能源,长安,睿骋,12178.0,2023-06-01,2024-02-01,9,96929.71002544
10-15万,轿车,A,新能源,吉利,几何A,12035.0,2023-04-01,2023-09-01,4,147273.076907174
10-15万,SUV,A0,其他能源,丰田,C-HR,12004.0,2023-04-01,2024-03-01,12,122718.86633036056
30-35万,SUV,C,新能源,阿维塔,阿维塔11,11928.0,2023-04-01,2023-11-01,8,317637.6496812611
60万以上,轿车,D,其他能源,奥迪,A8L,11907.0,2023-04-01,2024-03-01,12,775856.2754799376
30-35万,SUV,C,其他能源,凯迪拉克,XT6,11901.0,2023-05-01,2024-03-01,11,341186.3387463808
10-15万,轿车,A,新能源,荣威,荣威i6,11842.0,2023-04-01,2024-03-01,12,143232.4328777036
15-20万,SUV,A,新能源,合创,合创Z03,11825.0,2023-04-01,2023-10-01,7,157066.07509285404
20-25万,SUV,B,其他能源,广汽传祺,GS8,11776.0,2023-04-01,2024-03-01,12,221595.7864017606
35-40万,MPV,B,其他能源,丰田,格瑞维亚,11688.0,2023-04-01,2023-06-01,3,364162.44644752704
15-20万,SUV,A,其他能源,三菱,欧蓝德,11676.0,2023-04-01,2024-03-01,12,158407.67161217914
30-35万,SUV,C,其他能源,大众,揽境,11656.0,2023-04-01,2023-07-01,4,304635.3697582483
5-10万,SUV,A0,新能源,哪吒,哪吒V,11603.0,2023-04-01,2023-12-01,9,77503.35527780531
20-25万,MPV,B,新能源,广汽传祺,E8,11545.0,2023-11-01,2024-03-01,5,227510.23744657417
10-15万,SUV,A,其他能源,东风风神,皓瀚,11544.0,2023-08-01,2024-03-01,8,121061.24978663317
20-25万,SUV,C,新能源,别克,别克E5,11421.0,2023-04-01,2023-11-01,8,223443.48095923036
15-20万,轿车,A,其他能源,宝马,1系,11401.0,2023-04-01,2024-02-01,8,154399.5665490671
5-10万,SUV,B,其他能源,捷途,捷途X70,11385.0,2023-04-01,2023-12-01,9,90620.91412110032
15-20万,轿车,C,新能源,哪吒,哪吒S,11352.0,2023-06-01,2024-03-01,9,177152.70849716666
10-15万,SUV,A,其他能源,东风风行,风行T5,11346.0,2023-04-01,2024-03-01,12,109737.28598539163
60万以上,SUV,D,其他能源,宝马,X7,11228.0,2023-04-01,2024-03-01,12,993988.6905377874
30-35万,MPV,B,其他能源,别克,GL8,11228.0,2023-04-01,2023-04-01,1,311114.1106070869
15-20万,SUV,B,其他能源,丰田,凌放,11228.0,2023-06-01,2024-03-01,10,191202.56706871415
20-25万,SUV,B,其他能源,丰田,威飒,11152.0,2023-04-01,2024-03-01,12,216646.68756585085
5-10万,轿车,B,新能源,五菱,星光,11141.0,2024-02-01,2024-03-01,2,97405.55834770665
20-25万,SUV,B,其他能源,别克,昂科威,11122.0,2023-04-01,2023-05-01,2,202635.70897317954
15-20万,SUV,B,新能源,比亚迪,唐,11081.0,2024-02-01,2024-03-01,2,183841.1984045215
10-15万,SUV,A,其他能源,福特,锐际,10943.0,2023-06-01,2024-03-01,7,148014.49247413146
20-25万,SUV,B,其他能源,丰田,凌放,10861.0,2023-04-01,2024-03-01,12,221391.08434615814
15-20万,SUV,A,其他能源,马自达,CX-50行也,10758.0,2023-05-01,2024-03-01,11,175361.34749448273
30-35万,轿车,C,新能源,阿维塔,阿维塔12,10690.0,2023-11-01,2024-03-01,5,310617.0764521376
30-35万,SUV,B,其他能源,丰田,汉兰达,10633.0,2023-04-01,2023-05-01,2,311897.2388659788
5-10万,SUV,A,其他能源,奔腾,奔腾T55,10551.0,2023-04-01,2024-03-01,12,81459.1217420819
25-30万,SUV,C,新能源,岚图,岚图FREE,10523.0,2023-05-01,2024-02-01,10,264953.8603113012
价格缺失/无效,轿车,A,新能源,吉利,几何A,10492.0,2023-10-01,2024-03-01,6,0.0
10-15万,SUV,A0,新能源,比亚迪,元,10440.0,2023-07-01,2024-03-01,5,105152.19271340256
20-25万,SUV,A,其他能源,沃尔沃,XC40,10394.0,2023-04-01,2024-03-01,12,225541.59084888792
15-20万,轿车,B,新能源,大众,迈腾,10372.0,2023-04-01,2024-03-01,11,190926.58847291613
10-15万,MPV,B,其他能源,迈克萨斯,G50,10300.0,2023-04-01,2024-02-01,11,120624.37971656109
5-10万,MPV,B,其他能源,瑞风,瑞风M3,10172.0,2023-04-01,2024-03-01,12,79533.67080693325
15-20万,SUV,A,其他能源,宝马,X2,9965.0,2023-07-01,2024-03-01,9,194004.344177721
5-10万,SUV,A0,其他能源,日产,劲客,9934.0,2023-08-01,2024-03-01,8,85317.87931232117
15-20万,SUV,A,其他能源,福特,锐际,9863.0,2023-04-01,2023-10-01,5,151379.19683299834
20-25万,轿车,B,其他能源,捷豹,XEL,9797.0,2023-04-01,2024-03-01,12,224045.16794166164
价格缺失/无效,SUV,A,其他能源,长安,CS75,9703.0,2024-03-01,2024-03-01,1,0.0
30-35万,SUV,C,新能源,领克,领克09,9684.0,2023-05-01,2024-03-01,11,314612.03372297145
50-55万,SUV,B,其他能源,保时捷,Macan,9676.0,2023-04-01,2023-10-01,7,509077.93852569105
10-15万,轿车,A0,新能源,钇为,钇为3,9638.0,2023-06-01,2024-03-01,10,108430.95788418272
20-25万,SUV,A,新能源,smart,精灵#3,9612.0,2023-06-01,2024-03-01,10,236237.11527410016
5-10万,MPV,B,其他能源,五菱,五菱宏光,9524.0,2023-04-01,2024-03-01,12,59220.04456558688
60万以上,SUV,C,其他能源,路虎,揽胜运动版,9466.0,2023-04-01,2024-03-01,12,942361.9497482571
价格缺失/无效,SUV,C,其他能源,丰田,兰德酷路泽,9419.0,2023-04-01,2024-03-01,12,0.0
20-25万,SUV,C,新能源,大众,ID.6 CROZZ,9320.0,2023-05-01,2024-03-01,11,234267.0789095898
15-20万,轿车,B,新能源,欧拉,闪电猫,9299.0,2023-04-01,2024-03-01,12,172504.38225893295
10-15万,轿车,A,新能源,吉利,帝豪L,9210.0,2023-04-01,2023-12-01,9,112185.47069653387
价格缺失/无效,轿车,A,新能源,北京汽车,EU系列,9205.0,2023-04-01,2024-03-01,8,0.0
5-10万,SUV,A0,其他能源,本田,缤智,9188.0,2023-12-01,2024-01-01,2,98656.35797113476
5-10万,SUV,A,其他能源,长安,长安X5,9086.0,2024-02-01,2024-03-01,2,86998.50262507143
20-25万,跑车,跑车,新能源,哪吒,哪吒GT,9038.0,2023-04-01,2024-01-01,10,209030.7349318296
35-40万,SUV,B,新能源,蔚来,蔚来EC6,8998.0,2023-09-01,2023-12-01,4,358548.48820439546
10-15万,SUV,B,其他能源,雪佛兰,探界者,8990.0,2023-04-01,2024-03-01,12,138091.89714171764
10-15万,轿车,A,新能源,MG,MG4 EV,8966.0,2023-04-01,2024-03-01,12,118551.66681273427
5-10万,SUV,A,其他能源,凯翼,炫界,8904.0,2023-06-01,2024-03-01,10,70895.27148813066
30-35万,SUV,C,其他能源,福特,探险者,8872.0,2023-04-01,2024-03-01,5,348075.4158538556
10-15万,轿车,A,其他能源,丰田,亚洲狮,8774.0,2023-04-01,2024-03-01,12,113331.2259964919
15-20万,轿车,B,其他能源,红旗,H6,8654.0,2023-08-01,2024-03-01,8,184599.53488726827
25-30万,SUV,C,新能源,理想,理想L7,8644.0,2024-02-01,2024-02-01,1,299931.33496866474
10-15万,SUV,A,其他能源,北京汽车,北京X7,8615.0,2023-04-01,2024-03-01,12,118010.95689338745
20-25万,轿车,A0,其他能源,MINI,MINI,8585.0,2023-08-01,2024-03-01,8,224721.61859154032
35-40万,SUV,B,其他能源,奥迪,Q5,8537.0,2023-04-01,2024-01-01,10,365773.14643465745
25-30万,SUV,C,其他能源,别克,昂科旗,8536.0,2023-04-01,2023-10-01,6,258725.44034903313
35-40万,SUV,B,其他能源,雷克萨斯,NX,8495.0,2023-06-01,2024-03-01,10,376090.8800477288
5-10万,轿车,A0,其他能源,丰田,YARiS L,8461.0,2023-04-01,2023-07-01,4,75092.4410814971
15-20万,轿车,B,新能源,丰田,bZ3,8416.0,2023-04-01,2023-07-01,4,163734.07158786556
20-25万,轿车,C,新能源,极狐,阿尔法S,8405.0,2023-06-01,2024-03-01,10,234165.15044535886
30-35万,轿车,C,其他能源,凯迪拉克,CT6,8399.0,2023-05-01,2024-03-01,11,330601.29028728086
25-30万,SUV,B,其他能源,沃尔沃,XC60,8347.0,2024-02-01,2024-03-01,2,297950.01720911515
10-15万,SUV,B,其他能源,东风风神,皓极,8315.0,2023-04-01,2024-03-01,12,113504.50737466011
10-15万,轿车,A,其他能源,丰田,凌尚,8118.0,2023-04-01,2024-03-01,12,112194.80133407864
5-10万,SUV,A,其他能源,吉利,博越,8113.0,2024-02-01,2024-03-01,2,98958.7335320985
价格缺失/无效,轿车,A,新能源,长安,逸动,8097.0,2023-04-01,2024-03-01,12,0.0
30-35万,MPV,B,其他能源,奔驰,威霆,8090.0,2023-04-01,2023-09-01,6,304167.18423791975
价格缺失/无效,轿车,A00,新能源,长安,奔奔,8075.0,2023-08-01,2024-03-01,8,0.0
10-15万,SUV,A,其他能源,起亚,智跑,8068.0,2023-04-01,2024-03-01,12,119682.20889806276
55-60万,SUV,C,其他能源,大众,途锐,8049.0,2023-04-01,2024-02-01,10,560713.6166759176
5-10万,SUV,A,其他能源,荣威,RX5,8004.0,2023-06-01,2024-02-01,9,88129.59101741455
15-20万,SUV,B,其他能源,长安,UNI-K,7990.0,2023-04-01,2023-10-01,7,154687.68498881208
20-25万,SUV,B,其他能源,本田,UR-V,7971.0,2023-04-01,2024-03-01,6,243965.16842472303
10-15万,SUV,A0,新能源,领克,领克06,7925.0,2023-07-01,2024-03-01,9,146293.1865883737
20-25万,轿车,C,新能源,飞凡,F7,7915.0,2023-06-01,2024-03-01,10,227565.0532880613
5-10万,轿车,A,新能源,启源,A05,7827.0,2024-02-01,2024-03-01,2,91084.46999991743
5-10万,轿车,A,其他能源,标致,408,7803.0,2023-11-01,2024-03-01,5,98038.27961268934
5-10万,轿车,A00,新能源,长安,Lumin,7762.0,2023-04-01,2023-04-01,1,52690.17463636363
10-15万,轿车,A,新能源,启源,A05,7717.0,2023-10-01,2024-01-01,4,106530.57184663006
30-35万,轿车,B,新能源,蔚来,蔚来ET5,7658.0,2023-04-01,2023-05-01,2,332304.71128336375
50-55万,MPV,B,其他能源,奔驰,V级,7628.0,2023-04-01,2023-10-01,7,513259.1875542964
15-20万,轿车,B,新能源,大众,帕萨特,7581.0,2023-07-01,2024-03-01,9,194334.97688363938
5-10万,SUV,A0,其他能源,起亚,奕跑,7575.0,2023-04-01,2024-03-01,12,74174.96177691809
10-15万,SUV,A,新能源,启源,Q05,7550.0,2023-12-01,2024-03-01,4,110818.60747276821
价格缺失/无效,轿车,B,其他能源,红旗,H5,7537.0,2023-04-01,2024-03-01,12,0.0
50-55万,SUV,D,新能源,AITO,问界M9,7379.0,2024-02-01,2024-03-01,2,516687.9346504919
50-55万,轿车,C,其他能源,宝马,6系,7323.0,2023-06-01,2024-03-01,10,523489.35271287535
25-30万,轿车,C,其他能源,捷豹,XFL,7318.0,2023-08-01,2024-03-01,8,277101.45550859196
20-25万,轿车,B,其他能源,丰田,凯美瑞,7314.0,2023-04-01,2023-07-01,3,202985.51800370903
25-30万,轿车,A,其他能源,宝马,2系,7303.0,2023-04-01,2024-03-01,8,262034.50453827155
20-25万,SUV,A,新能源,本田,CR-V,7277.0,2023-06-01,2024-02-01,9,226518.63766246132
5-10万,轿车,B,其他能源,东风风神,奕炫,7233.0,2023-04-01,2024-03-01,12,94381.76216176194
35-40万,MPV,B,新能源,小鹏,X9,7223.0,2024-01-01,2024-03-01,3,391397.7847590976
10-15万,SUV,A,其他能源,哈弗,哈弗神兽,7157.0,2023-04-01,2024-03-01,12,124121.01221177937
40-45万,SUV,B,其他能源,宝马,X4,7138.0,2023-07-01,2024-03-01,9,427152.3704612604
10-15万,SUV,B,其他能源,长安,UNI-K,7132.0,2023-11-01,2024-03-01,5,137259.4730803416
25-30万,SUV,A,新能源,奥迪,Q4,7129.0,2023-04-01,2023-06-01,3,261954.52953307086
5-10万,轿车,A00,新能源,科莱威,科莱威,7090.0,2023-04-01,2023-07-01,4,52621.79125528916
30-35万,SUV,C,新能源,智己,智己LS7,7075.0,2023-06-01,2023-12-01,7,335473.6129055503
25-30万,MPV,B,其他能源,奔驰,威霆,7048.0,2023-10-01,2024-03-01,6,288564.5512288832
价格缺失/无效,轿车,A,新能源,睿蓝,枫叶60s,7046.0,2023-04-01,2024-03-01,12,0.0
10-15万,SUV,B,其他能源,思皓,思皓X8,6949.0,2023-04-01,2024-02-01,11,113234.35922058427
20-25万,SUV,C,其他能源,星途,星途揽月,6933.0,2023-04-01,2023-12-01,8,204466.28583914676
20-25万,SUV,B,其他能源,福特,锐界,6910.0,2023-11-01,2024-03-01,5,239874.22356114298
30-35万,MPV,B,其他能源,大众,威然,6898.0,2023-04-01,2023-11-01,4,304267.48872684286
20-25万,SUV,C,新能源,广汽传祺,ES9,6893.0,2023-11-01,2024-03-01,5,249068.62240021775
10-15万,SUV,D,其他能源,哈弗,哈弗H5,6852.0,2023-10-01,2024-03-01,6,148110.50514128114
10-15万,轿车,A,其他能源,标致,408,6774.0,2023-04-01,2023-10-01,7,108181.18597732582
5-10万,MPV,B,其他能源,五菱,五菱征程,6772.0,2023-04-01,2024-03-01,12,74183.14811295384
20-25万,SUV,C,其他能源,北京越野,BJ60,6758.0,2023-07-01,2024-03-01,9,242680.04613589775
25-30万,SUV,C,新能源,理想,理想ONE,6732.0,2023-04-01,2023-06-01,3,269800.0
15-20万,轿车,B,其他能源,凯迪拉克,CT4,6683.0,2023-04-01,2024-03-01,12,181336.249473045
5-10万,SUV,A0,新能源,比亚迪,元,6678.0,2023-11-01,2024-03-01,5,95176.24680993328
5-10万,SUV,A,其他能源,吉利,帝豪S,6654.0,2023-04-01,2024-03-01,12,87306.72085840035
25-30万,SUV,A,新能源,奔驰,EQB,6620.0,2023-04-01,2024-03-01,10,274844.80573443987
20-25万,SUV,B,其他能源,凯迪拉克,XT5,6546.0,2024-01-01,2024-03-01,3,247510.2286813268
10-15万,轿车,B,其他能源,雪铁龙,C5,6518.0,2023-12-01,2024-02-01,3,146001.08577455548
5-10万,MPV,B,其他能源,迈克萨斯,G50,6510.0,2023-04-01,2024-03-01,12,81907.0726565023
15-20万,轿车,A,新能源,吉利,几何A,6485.0,2023-06-01,2023-07-01,2,151744.93460899283
40-45万,MPV,B,其他能源,红旗,HQ9,6476.0,2023-04-01,2023-12-01,9,426364.5381201676
30-35万,SUV,B,其他能源,雷克萨斯,NX,6467.0,2023-04-01,2023-11-01,8,317173.58127302787
5-10万,SUV,A,其他能源,东风风行,风行T5,6460.0,2023-04-01,2024-03-01,10,92520.39185536046
25-30万,SUV,B,其他能源,路虎,发现运动版,6442.0,2023-05-01,2023-11-01,7,254724.8412449495
5-10万,轿车,A00,新能源,五菱,晴空,6318.0,2023-04-01,2024-03-01,12,64693.54628293861
10-15万,SUV,A,其他能源,起亚,狮铂拓界,6301.0,2023-09-01,2024-03-01,7,143607.95103645406
5-10万,轿车,A00,新能源,思皓,花仙子,6229.0,2023-04-01,2024-03-01,12,68842.84638435568
15-20万,SUV,C,其他能源,福特,领裕,6120.0,2023-04-01,2024-03-01,12,177976.75830628883
价格缺失/无效,SUV,A0,其他能源,睿蓝,X3 PRO,6105.0,2023-04-01,2024-01-01,10,0.0
10-15万,SUV,A0,其他能源,丰田,奕泽IZOA,6062.0,2023-04-01,2024-03-01,12,125357.89570621577
55-60万,SUV,C,其他能源,奥迪,Q7,6061.0,2023-12-01,2024-03-01,4,588247.2111702296
10-15万,轿车,C,新能源,零跑,零跑C01,6003.0,2023-12-01,2024-03-01,4,143765.96161082463
20-25万,SUV,B,其他能源,哈弗,哈弗H9,5957.0,2023-04-01,2024-03-01,12,236864.51869188892
5-10万,轿车,A00,新能源,吉利,熊猫mini,5900.0,2023-04-01,2023-04-01,1,51186.20906879149
20-25万,轿车,B,新能源,本田,雅阁,5900.0,2023-06-01,2024-03-01,10,217384.1972828629
5万以下,MPV,A,其他能源,长安凯程,欧诺,5874.0,2023-04-01,2023-10-01,7,44643.80924109336
60万以上,SUV,C,其他能源,奔驰,G级,5866.0,2023-04-01,2024-03-01,12,1869846.8198750294
5-10万,SUV,A,其他能源,东风风神,皓瀚,5826.0,2023-09-01,2024-03-01,7,97127.12121432068
25-30万,轿车,C,新能源,比亚迪,汉,5704.0,2023-04-01,2024-03-01,11,273095.15273760585
15-20万,轿车,C,新能源,吉利,银河E8,5696.0,2024-01-01,2024-03-01,3,189462.28870799945
45-50万,SUV,B,其他能源,保时捷,Macan,5683.0,2023-11-01,2024-03-01,5,492758.7623114449
5-10万,SUV,A,其他能源,东风风神,AX7,5676.0,2023-04-01,2024-02-01,11,96034.24563882902
20-25万,SUV,C,新能源,大众,ID.6 X,5660.0,2023-04-01,2024-03-01,12,231233.54363844183
35-40万,SUV,B,新能源,雷克萨斯,RZ,5659.0,2023-04-01,2024-03-01,12,399731.4496118159
10-15万,SUV,A,其他能源,奇瑞,瑞虎7,5645.0,2023-07-01,2023-09-01,3,103658.36609274034
10-15万,SUV,A,新能源,吉利,几何C,5593.0,2023-04-01,2023-09-01,6,141029.9256887273
10-15万,MPV,A,其他能源,五菱,凯捷,5580.0,2023-04-01,2024-03-01,12,118340.10852344213
15-20万,MPV,B,其他能源,迈克萨斯,G20,5573.0,2023-05-01,2024-03-01,11,180388.58446089245
15-20万,SUV,C,新能源,飞凡,R7,5568.0,2023-11-01,2024-03-01,5,196818.2823138404
10-15万,SUV,A,其他能源,星途,星途追风,5567.0,2023-04-01,2024-03-01,12,106630.58438849641
20-25万,轿车,C,新能源,哪吒,哪吒S,5554.0,2023-04-01,2023-07-01,3,206650.09437134612
5-10万,轿车,A,其他能源,起亚,K3,5552.0,2023-04-01,2024-03-01,12,92122.89220359053
20-25万,SUV,A,其他能源,宝马,X2,5550.0,2023-04-01,2023-06-01,3,204006.69244456763
5-10万,轿车,A0,其他能源,本田,LIFE,5517.0,2023-04-01,2024-03-01,12,86786.93552317574
60万以上,SUV,D,新能源,仰望,U8,5512.0,2023-10-01,2024-03-01,6,1098000.0
60万以上,SUV,C,新能源,特斯拉,MODEL X,5494.0,2023-04-01,2024-03-01,12,838480.4190882781
30-35万,SUV,B,新能源,腾势,腾势N7,5476.0,2023-07-01,2024-01-01,7,322764.9884603453
15-20万,SUV,B,新能源,长安,UNI-K,5350.0,2023-04-01,2024-03-01,12,185269.23553604528
35-40万,轿车,C,新能源,奔驰,EQE,5342.0,2023-08-01,2024-02-01,7,379607.27556965814
20-25万,SUV,B,其他能源,路虎,发现运动版,5316.0,2023-04-01,2024-03-01,5,246122.43721108598
10-15万,MPV,B,其他能源,东风风行,风行游艇,5266.0,2023-04-01,2024-03-01,12,125983.27651148054
25-30万,SUV,C,新能源,阿维塔,阿维塔11,5264.0,2023-12-01,2024-03-01,4,289600.8057309412
15-20万,SUV,C,新能源,别克,别克E5,5261.0,2023-12-01,2024-03-01,4,188608.35092996154
10-15万,SUV,A,其他能源,北京汽车,魔方,5254.0,2023-04-01,2023-11-01,8,111019.48086675747
15-20万,SUV,A,其他能源,起亚,狮铂拓界,5081.0,2023-04-01,2024-03-01,12,162196.68796565838
价格缺失/无效,SUV,B,其他能源,丰田,普拉多,5035.0,2023-04-01,2024-03-01,12,0.0
5-10万,SUV,A,其他能源,奇瑞,欧萌达,4998.0,2023-04-01,2024-03-01,12,87060.42264296894
30-35万,SUV,C,新能源,AITO,问界M7,4970.0,2023-04-01,2023-07-01,4,307567.5627022132
价格缺失/无效,轿车,A,新能源,比亚迪,e3,4952.0,2023-04-01,2024-03-01,12,0.0
10-15万,SUV,B,其他能源,凯翼,昆仑,4909.0,2023-06-01,2024-03-01,10,120270.35667805874
40-45万,SUV,B,新能源,沃尔沃,XC60,4887.0,2023-04-01,2023-12-01,9,413452.553007167
20-25万,SUV,B,新能源,魏牌,摩卡,4876.0,2023-06-01,2024-03-01,10,232457.12341022937
20-25万,轿车,C,新能源,昊铂,昊铂GT,4823.0,2023-07-01,2024-03-01,9,231005.780681471
5-10万,轿车,A,其他能源,本田,凌派,4792.0,2023-04-01,2024-03-01,12,90889.5974314302
25-30万,SUV,A,其他能源,宝马,X1,4725.0,2023-06-01,2023-07-01,2,269564.825740332
10-15万,SUV,B,新能源,零跑,零跑C11,4699.0,2024-03-01,2024-03-01,1,147711.6314682154
20-25万,SUV,A,新能源,本田,皓影,4688.0,2023-04-01,2024-03-01,12,214168.71896911724
45-50万,SUV,C,其他能源,奥迪,Q6,4677.0,2023-04-01,2024-03-01,12,473573.60250031535
5-10万,SUV,A,其他能源,哈弗,哈弗赤兔,4667.0,2023-04-01,2024-03-01,12,92923.46413517336
20-25万,SUV,B,新能源,大众,途观,4633.0,2023-04-01,2024-03-01,12,221803.74021956493
5-10万,SUV,A,其他能源,东风风神,奕炫,4622.0,2023-04-01,2024-03-01,12,79279.51495898837
20-25万,SUV,A,其他能源,凯迪拉克,GT4,4572.0,2023-05-01,2024-03-01,11,218548.3720438615
15-20万,SUV,A,其他能源,本田,HR-V,4532.0,2023-04-01,2024-03-01,11,158611.7626860061
15-20万,轿车,B,其他能源,标致,508,4507.0,2023-04-01,2024-03-01,12,164197.9505229477
20-25万,SUV,A,其他能源,丰田,威兰达,4467.0,2023-04-01,2023-07-01,3,202725.50150718846
10-15万,SUV,A,新能源,荣威,RX5,4457.0,2023-05-01,2024-03-01,11,129275.76809193974
10-15万,SUV,B,新能源,奇瑞,瑞虎8,4455.0,2023-07-01,2024-03-01,9,142344.6116270422
价格缺失/无效,MPV,B,其他能源,北汽汽车,王牌M7,4450.0,2023-04-01,2023-12-01,9,0.0
价格缺失/无效,轿车,A00,新能源,北汽汽车,元宝,4402.0,2023-04-01,2024-03-01,12,0.0
35-40万,SUV,C,新能源,小鹏,G9,4392.0,2023-04-01,2023-08-01,5,355001.78910068516
30-35万,轿车,B,新能源,奔驰,C级,4374.0,2023-06-01,2024-03-01,10,330489.0607457212
35-40万,SUV,C,其他能源,坦克,坦克500,4372.0,2023-05-01,2023-10-01,6,350827.2922141004
价格缺失/无效,轿车,B,新能源,启源,A06,4366.0,2023-08-01,2024-03-01,7,0.0
15-20万,SUV,B,新能源,丰田,bZ4X,4355.0,2023-04-01,2024-03-01,12,182837.53915452384
15-20万,SUV,A,其他能源,马自达,CX-5,4335.0,2023-04-01,2023-08-01,5,161780.71214371693
20-25万,SUV,A,新能源,奔驰,EQA,4326.0,2023-06-01,2024-03-01,10,224040.17031468387
20-25万,SUV,B,新能源,极狐,阿尔法T,4300.0,2023-05-01,2024-03-01,11,230511.6101303549
40-45万,轿车,C,新能源,宝马,5系,4296.0,2023-04-01,2024-03-01,12,419744.0410255463
30-35万,SUV,B,新能源,蔚来,蔚来EC6,4285.0,2024-01-01,2024-03-01,3,335233.87549856375
15-20万,SUV,A,新能源,极氪,极氪X,4279.0,2023-11-01,2024-03-01,4,197207.58905143177
价格缺失/无效,MPV,A,其他能源,长安凯程,欧诺,4269.0,2023-11-01,2024-03-01,5,0.0
5-10万,轿车,A00,新能源,宝骏,KiWi EV,4252.0,2023-04-01,2024-03-01,12,81585.45497843152
45-50万,MPV,B,其他能源,奔驰,V级,4224.0,2023-11-01,2024-03-01,5,491782.99678881175
25-30万,SUV,B,其他能源,本田,冠道,4163.0,2023-08-01,2023-09-01,2,251946.2879094412
15-20万,SUV,B,新能源,创维汽车,HT-i,4158.0,2023-04-01,2024-03-01,12,165420.13301405605
20-25万,SUV,B,新能源,创维汽车,EV6,4133.0,2023-04-01,2024-03-01,12,209857.82722373956
15-20万,SUV,A,其他能源,大众,探歌,4132.0,2023-05-01,2023-05-01,1,150230.43781750012
10-15万,SUV,A,其他能源,雪佛兰,星迈罗,4091.0,2023-04-01,2024-03-01,12,123320.57471498683
20-25万,SUV,A,其他能源,斯巴鲁,森林人,4090.0,2023-04-01,2024-03-01,12,229625.36756559237
5-10万,SUV,A,其他能源,奔腾,奔腾T90,4088.0,2023-12-01,2024-03-01,4,98020.17662881078
15-20万,MPV,B,其他能源,东风风行,风行M7,4080.0,2023-04-01,2023-11-01,8,167939.46049489328
10-15万,SUV,A,其他能源,起亚,赛图斯,4049.0,2023-04-01,2024-02-01,7,104293.28991891757
5万以下,轿车,A00,新能源,雷诺江铃,小麒麟,4041.0,2023-05-01,2024-03-01,11,46680.68618547836
35-40万,SUV,C,新能源,高合,HiPhi Y,4016.0,2023-08-01,2023-11-01,4,365937.257501494
5-10万,SUV,A,其他能源,长安,长安X7,4006.0,2024-02-01,2024-03-01,2,90864.99892566145
60万以上,SUV,C,其他能源,奔驰,AMG GLE,3965.0,2023-04-01,2024-03-01,12,1053571.707024661
15-20万,MPV,A,新能源,比亚迪,宋MAX,3955.0,2023-04-01,2023-11-01,8,155754.70333182588
5万以下,轿车,A00,新能源,东风风光,风光MINI EV,3954.0,2023-04-01,2024-03-01,12,40269.37194524329
60万以上,SUV,C,新能源,保时捷,卡宴,3948.0,2023-04-01,2024-03-01,12,790912.3733432721
60万以上,跑车,跑车,其他能源,保时捷,911,3943.0,2023-04-01,2024-03-01,12,1228377.3029326005
10-15万,轿车,A,新能源,荣威,荣威Ei5,3940.0,2023-07-01,2024-03-01,9,143077.52220049727
60万以上,SUV,C,其他能源,宝马,X6,3918.0,2023-04-01,2024-03-01,12,732226.0935875864
50-55万,轿车,C,其他能源,奔驰,E级,3907.0,2024-02-01,2024-02-01,1,503210.9194956853
20-25万,SUV,C,其他能源,别克,昂科旗,3900.0,2023-09-01,2024-03-01,6,242309.09965009041
5-10万,SUV,A,其他能源,启辰,启辰大V,3891.0,2023-12-01,2024-03-01,4,97121.96090120987
10-15万,轿车,A,其他能源,日产,骐达,3844.0,2023-04-01,2023-07-01,4,102434.3621524545
30-35万,轿车,C,其他能源,捷豹,XFL,3833.0,2023-04-01,2023-07-01,4,301292.8932058866
10-15万,SUV,A,其他能源,五菱,星辰,3820.0,2023-04-01,2023-07-01,4,101441.82961070549
10-15万,SUV,A,其他能源,奔腾,奔腾T90,3818.0,2023-06-01,2023-11-01,6,107171.86976259257
10-15万,MPV,B,其他能源,瑞风,瑞风M4,3793.0,2023-04-01,2024-03-01,12,126743.48629498328
10-15万,轿车,A,其他能源,长安,睿骋,3782.0,2023-04-01,2023-05-01,2,100656.45849239294
10-15万,SUV,A,其他能源,荣威,RX5 MAX,3782.0,2023-04-01,2023-09-01,6,108235.2749477438
10-15万,SUV,A,新能源,iCAR,iCAR 03,3740.0,2024-02-01,2024-03-01,2,138482.53546791445
5-10万,轿车,A00,新能源,长安,奔奔,3719.0,2023-04-01,2023-07-01,4,73242.83505038985
25-30万,轿车,A0,其他能源,MINI,MINI,3710.0,2023-04-01,2023-07-01,4,259634.05805207204
5-10万,SUV,A,其他能源,MG,MG ONE,3704.0,2023-06-01,2024-03-01,9,91559.45846231568
60万以上,SUV,C,其他能源,奔驰,G级AMG,3653.0,2023-04-01,2024-03-01,12,2763186.6418420402
20-25万,轿车,B,新能源,大众,ID.7 VIZZION,3612.0,2023-12-01,2024-03-01,4,216914.30403366694
25-30万,SUV,B,其他能源,本田,UR-V,3608.0,2023-06-01,2023-11-01,6,255568.74289635147
10-15万,SUV,B,新能源,东风风神,SKY EV01,3578.0,2023-11-01,2024-03-01,5,141625.06927561306
15-20万,SUV,A,新能源,捷途,捷途大圣,3562.0,2023-04-01,2024-03-01,12,152758.2826570467
10-15万,SUV,A0,其他能源,斯柯达,柯米克,3559.0,2023-04-01,2024-01-01,10,102819.35690070152
35-40万,MPV,B,新能源,魏牌,高山,3550.0,2023-10-01,2024-03-01,6,358944.15956454497
55-60万,MPV,B,新能源,理想,理想MEGA,3544.0,2024-03-01,2024-03-01,1,559800.0
50-55万,SUV,B,新能源,雷克萨斯,RX,3536.0,2023-04-01,2024-03-01,12,549000.0
10-15万,SUV,A,其他能源,奔腾,奔腾T77,3514.0,2023-04-01,2024-01-01,10,103177.24505539412
40-45万,轿车,C,新能源,蔚来,蔚来ET7,3513.0,2023-06-01,2024-03-01,10,434705.2845052819
25-30万,SUV,C,其他能源,红旗,HS7,3496.0,2023-04-01,2024-03-01,8,275926.6987440064
5-10万,轿车,A00,新能源,凌宝汽车,凌宝BOX,3490.0,2023-04-01,2023-12-01,9,55374.33537799424
10-15万,轿车,C,新能源,启源,A07,3478.0,2024-03-01,2024-03-01,1,145099.11900317215
45-50万,轿车,C,其他能源,奥迪,A6,3439.0,2023-04-01,2024-03-01,10,464029.643007681
20-25万,轿车,B,新能源,大众,帕萨特,3436.0,2023-04-01,2023-06-01,3,204598.5034196993
60万以上,SUV,C,其他能源,路虎,发现,3432.0,2023-04-01,2024-03-01,12,639285.7965059014
价格缺失/无效,轿车,A,新能源,奇瑞,艾瑞泽e,3426.0,2023-04-01,2024-03-01,12,0.0
价格缺失/无效,SUV,D,其他能源,北京越野,BJ90,3417.0,2023-04-01,2023-12-01,9,0.0
15-20万,SUV,A,其他能源,领克,领克05,3391.0,2023-04-01,2024-03-01,12,187870.5978400744
15-20万,SUV,A0,新能源,本田,极湃1,3373.0,2023-04-01,2023-11-01,7,160461.15635532807
5万以下,MPV,A,其他能源,东风风光,风光,3365.0,2023-04-01,2024-03-01,12,47560.29299406578
25-30万,SUV,B,其他能源,雷克萨斯,NX,3354.0,2023-12-01,2024-03-01,4,290425.8357155875
10-15万,SUV,A,其他能源,马自达,CX-4,3345.0,2023-04-01,2023-06-01,3,135351.9172931407
20-25万,轿车,A,其他能源,宝马,2系,3335.0,2023-10-01,2024-02-01,4,246454.58346219198
10-15万,MPV,A,新能源,极狐,考拉,3321.0,2023-09-01,2024-03-01,6,145067.05430100026
价格缺失/无效,SUV,D,其他能源,雷克萨斯,LX,3311.0,2023-04-01,2024-03-01,12,0.0
15-20万,SUV,B,其他能源,日产,途达,3301.0,2023-04-01,2023-11-01,6,193584.09521110973
15-20万,轿车,B,其他能源,标致,408,3277.0,2023-04-01,2024-03-01,12,155827.33158691568
10-15万,轿车,A,其他能源,本田,享域,3276.0,2023-04-01,2023-12-01,9,116794.71830084942
15-20万,轿车,B,其他能源,马自达,马自达6,3265.0,2023-04-01,2023-06-01,3,173533.52565856912
10-15万,SUV,A,其他能源,哈弗,哈弗酷狗,3258.0,2023-04-01,2024-03-01,12,114650.66916448605
25-30万,轿车,C,新能源,飞凡,F7,3255.0,2023-04-01,2023-05-01,2,251194.12885038403
40-45万,轿车,C,新能源,奔驰,E级,3248.0,2023-04-01,2024-03-01,11,446013.66248813976
5-10万,SUV,A0,新能源,大运汽车,悦虎,3228.0,2023-04-01,2024-03-01,12,68398.62374616873
60万以上,轿车,C,新能源,保时捷,Taycan,3203.0,2023-04-01,2024-03-01,12,939953.9269701621
35-40万,SUV,C,新能源,智己,智己LS7,3183.0,2023-04-01,2023-05-01,2,354507.34925856127
15-20万,SUV,B,其他能源,斯柯达,柯迪亚克,3171.0,2023-04-01,2024-03-01,12,181164.63882315456
5-10万,SUV,A0,新能源,东风纳米,EX1,3169.0,2023-04-01,2023-05-01,2,52971.294553802436
10-15万,SUV,B,其他能源,东南,DX8,3143.0,2023-04-01,2024-01-01,10,117601.91259633312
5-10万,轿车,A,其他能源,启辰,D60,3127.0,2023-04-01,2024-02-01,11,82941.2784491204
15-20万,轿车,A,新能源,雪佛兰,畅巡,3125.0,2023-04-01,2023-08-01,5,154809.41933653314
20-25万,SUV,B,其他能源,日产,楼兰,3112.0,2023-04-01,2023-07-01,4,205827.62057045515
15-20万,SUV,B,新能源,丰田,铂智4X,3105.0,2023-06-01,2023-12-01,7,193486.29808329282
10-15万,SUV,A,新能源,大众,ID.4 CROZZ,3095.0,2024-03-01,2024-03-01,1,149554.51519999988
15-20万,SUV,B,新能源,奇瑞,舒享家,3089.0,2023-09-01,2023-12-01,4,153440.44563219257
10-15万,SUV,A,其他能源,别克,昂科拉,3080.0,2023-04-01,2024-03-01,12,119289.84854422252
30-35万,SUV,C,新能源,奥迪,Q5 e-tron,3076.0,2023-04-01,2023-10-01,7,313324.27722503245
10-15万,SUV,A,其他能源,斯柯达,柯珞克,3050.0,2023-04-01,2024-03-01,12,125567.57083190107
15-20万,SUV,A0,新能源,本田,e:NS1,3047.0,2023-04-01,2023-11-01,8,156286.7439868152
5-10万,轿车,A,其他能源,现代,悦动,3042.0,2023-04-01,2023-09-01,5,75988.41686405789
15-20万,SUV,B,其他能源,标致,5008,3028.0,2023-04-01,2024-03-01,12,186899.21497563933
5-10万,SUV,A0,其他能源,起亚,KX3,3004.0,2023-04-01,2023-09-01,6,98690.48155211285
45-50万,SUV,C,新能源,蔚来,蔚来EC7,2994.0,2023-06-01,2023-12-01,7,480844.0535170341
20-25万,轿车,B,其他能源,红旗,H6,2987.0,2023-04-01,2023-07-01,4,211179.25381895556
10-15万,SUV,A,新能源,哈弗,哈弗H6,2986.0,2023-05-01,2024-03-01,11,146939.0849264094
20-25万,MPV,B,其他能源,荣威,iMAX8,2969.0,2023-04-01,2023-10-01,7,206220.17687259664
40-45万,轿车,C,新能源,奔驰,EQE,2966.0,2023-04-01,2023-07-01,4,427192.35802285286
30-35万,SUV,B,新能源,比亚迪,唐,2958.0,2023-04-01,2023-05-01,2,301573.59429378854
60万以上,SUV,C,新能源,路特斯,ELETRE,2941.0,2023-04-01,2024-03-01,12,847974.1292757564
10-15万,SUV,A,其他能源,五菱,星云,2935.0,2023-09-01,2023-12-01,4,102380.6523949625
30-35万,SUV,C,其他能源,坦克,坦克500,2903.0,2023-04-01,2024-03-01,6,347988.51953347016
15-20万,SUV,C,其他能源,星途,星途揽月,2896.0,2023-10-01,2024-03-01,4,199049.62694357467
20-25万,SUV,A,新能源,大众,ID.4 CROZZ,2891.0,2023-06-01,2023-06-01,1,202489.293413043
10-15万,SUV,A,其他能源,别克,昂扬,2885.0,2023-04-01,2024-03-01,12,125543.68454616694
10-15万,SUV,A,新能源,合创,合创Z03,2867.0,2023-11-01,2024-03-01,5,140208.11247662816
10-15万,轿车,A,新能源,奇瑞,风云A8,2858.0,2024-01-01,2024-03-01,3,128166.0670853744
25-30万,SUV,C,新能源,奥迪,Q5 e-tron,2854.0,2023-11-01,2024-03-01,5,288229.5940908079
15-20万,轿车,B,其他能源,MG,MG7,2848.0,2023-04-01,2023-04-01,1,150102.36599999995
20-25万,SUV,C,其他能源,雪佛兰,开拓者,2834.0,2023-04-01,2024-03-01,8,218565.76170418324
5-10万,SUV,A0,其他能源,斯柯达,柯米克,2824.0,2023-09-01,2024-03-01,7,93228.55747025354
5-10万,SUV,A0,其他能源,雪佛兰,创酷,2806.0,2023-05-01,2024-03-01,11,97048.21314240649
60万以上,MPV,B,其他能源,雷克萨斯,LM,2801.0,2023-04-01,2024-03-01,12,1694061.54828644
15-20万,轿车,A,新能源,欧拉,芭蕾猫,2794.0,2023-04-01,2024-03-01,11,154485.90984564554
15-20万,SUV,B,新能源,大众,探岳,2792.0,2023-06-01,2024-03-01,10,196712.8684195539
20-25万,SUV,C,新能源,昊铂,昊铂HT,2792.0,2023-11-01,2024-03-01,5,236449.83157853773
20-25万,SUV,A,其他能源,丰田,RAV4荣放,2777.0,2023-04-01,2023-05-01,2,205461.49520422384
10-15万,轿车,A,新能源,思皓,思皓E50A,2775.0,2023-04-01,2024-03-01,12,145268.32045999772
价格缺失/无效,SUV,B,新能源,东风风光,风光580,2761.0,2023-04-01,2023-12-01,9,0.0
10-15万,SUV,A,其他能源,雪铁龙,C5,2760.0,2023-09-01,2024-03-01,7,140243.24736456719
10-15万,MPV,B,新能源,东风风行,菱智,2757.0,2023-04-01,2024-03-01,12,138028.49905019128
15-20万,SUV,A,其他能源,标致,4008,2742.0,2023-04-01,2024-03-01,9,159262.4564494522
40-45万,SUV,C,新能源,奔驰,EQE SUV,2740.0,2023-09-01,2023-11-01,3,425234.71676374343
15-20万,SUV,A,新能源,小鹏,G3,2740.0,2023-04-01,2023-11-01,8,158205.20269747693
50-55万,SUV,C,其他能源,JEEP,牧马人,2722.0,2023-04-01,2024-03-01,8,517706.1494777116
40-45万,轿车,C,新能源,沃尔沃,S90,2718.0,2023-04-01,2024-01-01,10,418741.20940191945
35-40万,SUV,C,新能源,奔驰,EQE SUV,2717.0,2023-12-01,2024-03-01,4,388561.57828837825
25-30万,SUV,A,其他能源,雷克萨斯,UX,2710.0,2023-04-01,2023-10-01,7,271427.0874906898
10-15万,SUV,A,其他能源,马自达,CX-30,2707.0,2023-04-01,2024-03-01,12,134593.64690934794
10-15万,SUV,A,其他能源,启辰,星,2683.0,2023-04-01,2024-03-01,12,124016.7820118272
5-10万,轿车,A0,新能源,东风纳米,纳米01,2630.0,2024-01-01,2024-03-01,3,88416.12189069793
20-25万,SUV,C,其他能源,红旗,HS7,2619.0,2023-05-01,2023-07-01,3,247027.7028073747
15-20万,轿车,A,新能源,荣威,荣威Ei5,2600.0,2023-04-01,2023-06-01,3,152084.68664998288
20-25万,SUV,A,新能源,吉利,星越,2577.0,2023-04-01,2024-02-01,11,228826.46634508317
10-15万,MPV,B,其他能源,东风风行,菱智,2532.0,2023-04-01,2024-03-01,5,111904.49000371249
10-15万,SUV,A,新能源,启辰,VX6,2528.0,2023-11-01,2024-03-01,5,145474.61779067485
45-50万,SUV,B,其他能源,路虎,揽胜星脉,2525.0,2023-07-01,2024-03-01,9,459051.5397659219
10-15万,SUV,A,新能源,哈弗,哈弗枭龙,2488.0,2023-05-01,2024-03-01,11,125452.70682551237
价格缺失/无效,SUV,A,新能源,睿蓝,睿蓝7,2488.0,2023-09-01,2024-03-01,7,0.0
10-15万,轿车,A,其他能源,本田,凌派,2480.0,2023-04-01,2024-03-01,12,121814.19539831424
25-30万,轿车,A0,其他能源,MINI,MINI CLUBMAN,2476.0,2023-09-01,2024-03-01,7,285300.1835227726
15-20万,SUV,A,新能源,东风风行,风行雷霆,2471.0,2023-04-01,2024-01-01,10,159112.21677008457
25-30万,轿车,C,其他能源,红旗,H7,2468.0,2023-06-01,2024-03-01,10,255063.05497331006
15-20万,SUV,A,其他能源,红旗,HS3,2452.0,2023-07-01,2023-08-01,2,162041.72826719793
10-15万,轿车,B,其他能源,斯柯达,Superb,2446.0,2023-08-01,2024-03-01,8,135740.0320479642
30-35万,MPV,B,新能源,岚图,梦想家,2435.0,2024-03-01,2024-03-01,1,337104.92000000004
20-25万,SUV,B,其他能源,大众,探岳,2423.0,2023-04-01,2023-06-01,3,201915.28985707366
5-10万,SUV,A,其他能源,北京汽车,魔方,2422.0,2023-12-01,2024-03-01,4,96373.10157090529
55-60万,轿车,C,其他能源,奔驰,CLS级,2421.0,2023-07-01,2024-03-01,9,583036.1397040181
5-10万,SUV,A,其他能源,东风风光,风光S560,2415.0,2023-04-01,2024-03-01,11,65880.98239980463
15-20万,SUV,B,新能源,捷途,山海L9,2414.0,2023-11-01,2024-03-01,5,176886.10806550135
10-15万,轿车,A,其他能源,现代,菲斯塔,2403.0,2023-04-01,2024-03-01,12,129091.42967868401
5-10万,轿车,A,其他能源,本田,享域,2402.0,2023-04-01,2023-12-01,9,90440.832259892
5-10万,SUV,A0,其他能源,东风风光,风光500,2355.0,2023-04-01,2024-03-01,11,62628.704353586516
55-60万,轿车,C,其他能源,奥迪,A7,2350.0,2023-05-01,2023-10-01,6,563997.9924907575
60万以上,SUV,D,其他能源,梅赛德斯-迈巴赫,GLS,2348.0,2023-04-01,2024-03-01,12,2129967.154959125
55-60万,跑车,跑车,其他能源,保时捷,718,2346.0,2023-04-01,2023-09-01,6,555954.3900497658
25-30万,SUV,C,其他能源,领克,领克09,2344.0,2023-04-01,2023-12-01,9,261845.44944545408
价格缺失/无效,轿车,A,新能源,富康,e爱丽舍,2342.0,2023-04-01,2024-03-01,12,0.0
55-60万,SUV,C,其他能源,林肯,飞行家,2335.0,2023-05-01,2023-10-01,6,574764.3875647539
40-45万,SUV,B,其他能源,雷克萨斯,RX,2334.0,2024-03-01,2024-03-01,1,449611.87300000084
价格缺失/无效,MPV,A,新能源,睿蓝,枫叶80v,2328.0,2023-04-01,2024-03-01,12,0.0
5-10万,SUV,B,其他能源,东风风光,风光580,2327.0,2023-04-01,2024-03-01,11,91823.96188428765
10-15万,SUV,A,新能源,长安,CS75,2307.0,2023-11-01,2024-03-01,5,141812.58739940822
10-15万,SUV,B,新能源,零跑,零跑C10,2291.0,2024-03-01,2024-03-01,1,147111.88118811868
25-30万,轿车,C,新能源,岚图,岚图追光,2279.0,2023-12-01,2024-03-01,4,265745.1219964897
5万以下,轿车,A00,新能源,凌宝汽车,凌宝uni,2274.0,2023-04-01,2024-03-01,12,37223.140057602664
35-40万,轿车,B,其他能源,奥迪,A5,2270.0,2023-04-01,2023-05-01,2,352357.45781115314
40-45万,轿车,B,其他能源,奥迪,S4,2269.0,2023-08-01,2024-03-01,8,424663.2675961426
15-20万,SUV,D,其他能源,哈弗,哈弗H5,2247.0,2023-08-01,2023-09-01,2,151988.2497683794
30-35万,SUV,C,新能源,腾势,腾势N8,2243.0,2023-08-01,2024-03-01,8,312638.87433080695
5-10万,SUV,A,其他能源,起亚,赛图斯,2237.0,2023-12-01,2024-03-01,3,99490.00568972417
30-35万,轿车,C,新能源,岚图,岚图追光,2233.0,2023-05-01,2024-02-01,10,333152.1838311688
55-60万,SUV,C,新能源,宝马,iX,2229.0,2023-07-01,2023-12-01,6,567844.6062571233
20-25万,SUV,B,新能源,极越,极越01,2220.0,2023-11-01,2024-03-01,5,242225.27690463496
25-30万,MPV,B,新能源,荣威,iMAX8,2215.0,2023-06-01,2024-03-01,10,285198.7823183083
25-30万,轿车,A,其他能源,奔驰,CLA级,2212.0,2023-04-01,2024-03-01,7,292492.7773983542
5-10万,轿车,A,其他能源,MG,MG6,2153.0,2023-09-01,2024-03-01,6,96323.58204225013
价格缺失/无效,轿车,B,新能源,五菱,星光,2133.0,2023-11-01,2024-03-01,5,0.0
50-55万,轿车,C,其他能源,奥迪,A7,2132.0,2023-11-01,2024-03-01,5,539673.6399589707
价格缺失/无效,轿车,A,其他能源,MG,MG5,2114.0,2024-03-01,2024-03-01,1,0.0
20-25万,SUV,A,其他能源,奔驰,GLB级,2095.0,2024-02-01,2024-02-01,1,249296.48320000008
5-10万,轿车,A,其他能源,起亚,福瑞迪,2090.0,2023-04-01,2023-04-01,1,80343.7302647059
45-50万,SUV,C,新能源,蔚来,蔚来ES7,2089.0,2023-04-01,2023-12-01,5,481855.87419530883
价格缺失/无效,轿车,A,新能源,东风风行,景逸,2085.0,2023-09-01,2024-03-01,7,0.0
60万以上,SUV,C,新能源,奔驰,GLE级,2075.0,2023-04-01,2024-03-01,11,746612.4269169017
20-25万,SUV,A,新能源,日产,艾睿雅,2067.0,2023-04-01,2023-11-01,8,235585.14571563926
10-15万,MPV,B,其他能源,吉利,嘉际,2067.0,2023-04-01,2024-03-01,12,119448.04356606789
5-10万,SUV,A0,新能源,东风纳米,纳米BOX,2066.0,2024-01-01,2024-03-01,3,52997.499424275054
10-15万,轿车,A,新能源,吉利,几何G6,2048.0,2024-02-01,2024-03-01,2,134400.24913860267
价格缺失/无效,MPV,A,新能源,比亚迪,D1,2023.0,2023-04-01,2024-03-01,12,0.0
5-10万,轿车,A,其他能源,江淮,江淮A5 PLUS,2009.0,2023-06-01,2024-03-01,9,81799.7955982914
价格缺失/无效,轿车,A,新能源,富康,富康ES600,2003.0,2023-04-01,2024-03-01,12,0.0
10-15万,MPV,A,其他能源,雪佛兰,沃兰多,2000.0,2023-04-01,2023-09-01,6,104124.73216877764
价格缺失/无效,SUV,A,其他能源,MG,MG HS,1993.0,2023-04-01,2024-03-01,11,0.0
价格缺失/无效,SUV,B,其他能源,东风风行,风行T5,1972.0,2023-04-01,2024-03-01,12,0.0
60万以上,SUV,C,其他能源,奥迪,Q8,1956.0,2023-04-01,2024-03-01,12,780980.4272640041
15-20万,SUV,B,新能源,极狐,阿尔法T5,1956.0,2023-12-01,2024-03-01,4,166028.6185725973
5-10万,轿车,A00,新能源,奇瑞,无界PRO,1949.0,2023-04-01,2024-03-01,12,82501.4165796165
45-50万,SUV,C,新能源,蔚来,蔚来ES8,1943.0,2024-01-01,2024-03-01,3,493595.7355536675
15-20万,SUV,B,其他能源,现代,胜达,1941.0,2023-05-01,2024-03-01,11,194585.1955619351
25-30万,MPV,B,其他能源,迈克萨斯,G90,1915.0,2023-04-01,2024-03-01,12,269695.3791640325
价格缺失/无效,轿车,A,其他能源,大众,宝来,1910.0,2023-07-01,2023-09-01,3,0.0
5-10万,轿车,A,新能源,吉利,帝豪L,1910.0,2024-01-01,2024-03-01,3,94950.86671956546
50-55万,SUV,C,其他能源,林肯,飞行家,1907.0,2023-11-01,2024-03-01,5,523721.9618927557
20-25万,SUV,B,其他能源,福特,EVOS,1907.0,2023-04-01,2024-02-01,9,203884.51528236113
30-35万,轿车,C,其他能源,大众,辉昂,1901.0,2023-04-01,2024-03-01,6,307512.3816047794
价格缺失/无效,SUV,A,其他能源,吉利,星越,1876.0,2023-04-01,2024-03-01,9,0.0
35-40万,轿车,B,其他能源,宝马,4系,1870.0,2024-03-01,2024-03-01,1,399555.66398867156
价格缺失/无效,SUV,A0,新能源,比亚迪,元,1868.0,2023-04-01,2024-03-01,4,0.0
60万以上,SUV,B,其他能源,玛莎拉蒂,Grecale,1847.0,2023-04-01,2024-03-01,12,624697.2026006093
35-40万,SUV,C,其他能源,凯迪拉克,XT6,1831.0,2023-04-01,2023-04-01,1,351825.48940500006
20-25万,SUV,B,新能源,丰田,铂智4X,1830.0,2023-04-01,2024-03-01,5,205153.01803754971
20-25万,SUV,C,新能源,别克,别克E4,1827.0,2023-06-01,2023-11-01,6,212436.99387458645
45-50万,SUV,B,其他能源,宝马,X4,1820.0,2023-04-01,2023-06-01,3,470515.0482606966
5-10万,轿车,A,其他能源,思皓,思皓A5,1819.0,2023-04-01,2024-03-01,12,95820.46611062535
25-30万,MPV,B,其他能源,起亚,嘉华,1816.0,2023-06-01,2024-03-01,10,284426.20568900125
50-55万,跑车,跑车,其他能源,保时捷,718,1808.0,2023-07-01,2024-03-01,9,535939.6543565384
20-25万,SUV,B,新能源,福特,Mustang,1805.0,2023-04-01,2023-11-01,8,241005.57689969896
10-15万,轿车,A,新能源,雪佛兰,畅巡,1784.0,2023-09-01,2024-03-01,7,147804.61911001094
10-15万,MPV,B,其他能源,迈克萨斯,G10,1779.0,2023-04-01,2024-03-01,12,125609.11343570804
60万以上,SUV,C,新能源,沃尔沃,XC90,1763.0,2023-04-01,2024-03-01,12,724911.5437529901
25-30万,SUV,A,新能源,宝马,iX1,1761.0,2023-10-01,2024-01-01,4,274624.3685632441
30-35万,轿车,B,其他能源,奥迪,A4,1754.0,2023-06-01,2024-03-01,10,341403.4830749212
5-10万,SUV,A0,新能源,云度,云兔,1751.0,2023-04-01,2024-03-01,12,73222.54527456153
35-40万,轿车,B,其他能源,奔驰,C级,1746.0,2023-04-01,2024-03-01,12,367156.56054438575
20-25万,SUV,B,其他能源,日产,途达,1739.0,2023-05-01,2023-06-01,2,201005.79451123063
20-25万,轿车,C,其他能源,别克,君越,1735.0,2023-07-01,2023-07-01,1,200920.42696750024
15-20万,SUV,A,其他能源,雪铁龙,C5,1730.0,2023-04-01,2023-08-01,5,155034.68293448002
45-50万,SUV,B,新能源,雷克萨斯,NX,1725.0,2023-04-01,2024-03-01,11,461275.96079632785
15-20万,轿车,B,其他能源,雪铁龙,C6,1724.0,2023-04-01,2024-02-01,11,157306.90947433515
15-20万,轿车,B,其他能源,现代,索纳塔,1718.0,2023-04-01,2023-10-01,7,152840.96478033467
25-30万,SUV,B,其他能源,英菲尼迪,QX50,1713.0,2023-04-01,2024-03-01,12,261925.90807135063
10-15万,轿车,A,新能源,东风风行,景逸,1701.0,2023-04-01,2023-08-01,5,111205.58867072298
10-15万,SUV,A0,其他能源,日产,劲客,1697.0,2023-04-01,2023-07-01,4,105077.23928804311
价格缺失/无效,轿车,A,其他能源,东风风神,A60,1665.0,2023-04-01,2024-01-01,9,0.0
30-35万,SUV,C,新能源,凯迪拉克,IQ锐歌,1661.0,2023-11-01,2024-03-01,5,323460.6860273568
10-15万,SUV,A,新能源,奇瑞,瑞虎7,1657.0,2023-06-01,2024-03-01,10,135569.42289180588
价格缺失/无效,轿车,B,新能源,特斯拉,MODEL 3,1644.0,2023-09-01,2023-09-01,1,0.0
40-45万,SUV,C,新能源,蔚来,蔚来ES7,1634.0,2023-06-01,2024-03-01,7,434029.79724856763
35-40万,轿车,A,其他能源,奔驰,A级AMG,1628.0,2023-04-01,2024-02-01,11,369392.0650462476
价格缺失/无效,SUV,D,其他能源,丰田,红杉,1607.0,2023-04-01,2024-03-01,12,0.0
20-25万,SUV,A,其他能源,雷克萨斯,UX,1601.0,2023-11-01,2024-03-01,5,247061.85535103834
5-10万,SUV,A0,其他能源,北京汽车,北京X3,1601.0,2023-04-01,2024-03-01,11,58088.60835405947
10-15万,轿车,A,其他能源,MG,MG6,1600.0,2023-04-01,2024-02-01,6,105245.62187477759
10-15万,轿车,A,其他能源,吉利,新帝豪,1574.0,2023-04-01,2024-03-01,12,129694.79034307497
价格缺失/无效,SUV,A,其他能源,凯翼,炫界,1571.0,2023-04-01,2023-05-01,2,0.0
15-20万,轿车,B,新能源,合创,合创A06,1566.0,2023-04-01,2024-03-01,12,181479.7644590409
15-20万,SUV,B,新能源,零跑,零跑C10,1566.0,2024-03-01,2024-03-01,1,150300.00500000492
15-20万,轿车,B,其他能源,英菲尼迪,Q50L,1548.0,2023-06-01,2024-02-01,9,190079.94884875973
20-25万,MPV,B,其他能源,福特,途睿欧,1541.0,2023-04-01,2024-03-01,12,216600.3553699139
50-55万,SUV,C,其他能源,大众,途锐,1521.0,2023-07-01,2024-03-01,2,540409.4760973783
5-10万,MPV,B,其他能源,北汽汽车,王牌M7,1511.0,2024-01-01,2024-03-01,3,81954.38686362184
25-30万,轿车,C,新能源,极狐,阿尔法S,1507.0,2023-04-01,2023-05-01,2,266540.14158813015
5-10万,SUV,A0,其他能源,一汽,森雅鸿雁,1505.0,2023-04-01,2024-03-01,11,64430.50616416113
35-40万,SUV,B,其他能源,捷豹,F-pace,1504.0,2023-04-01,2024-02-01,11,363010.714838695
40-45万,SUV,A,其他能源,奔驰,AMG GLB,1498.0,2023-04-01,2023-09-01,6,417140.7109479306
60万以上,SUV,D,新能源,红旗,E-HS9,1495.0,2023-04-01,2023-12-01,4,639937.1634785908
10-15万,SUV,A,其他能源,MG,MG ONE,1492.0,2023-04-01,2023-07-01,3,101166.57665085321
30-35万,MPV,B,新能源,迈克萨斯,大家9,1491.0,2023-08-01,2024-01-01,6,310020.59034053836
60万以上,SUV,C,其他能源,宾利,添越,1489.0,2023-04-01,2024-03-01,12,2771088.1194130043
60万以上,轿车,D,新能源,宝马,i7,1487.0,2023-04-01,2024-03-01,12,1006676.4621998334
15-20万,SUV,C,其他能源,雪佛兰,开拓者,1486.0,2023-11-01,2024-02-01,4,192335.2683960983
60万以上,轿车,C,新能源,特斯拉,MODEL S,1483.0,2023-04-01,2024-03-01,12,820871.0888772757
5-10万,SUV,A,其他能源,吉利,豪越,1480.0,2024-02-01,2024-03-01,2,83307.06042810813
25-30万,SUV,C,其他能源,北京越野,BJ60,1476.0,2023-04-01,2023-06-01,3,254527.84501921767
价格缺失/无效,MPV,B,新能源,北汽汽车,王牌M7,1475.0,2023-04-01,2024-03-01,12,0.0
60万以上,轿车,D,新能源,奔驰,EQS,1465.0,2023-04-01,2024-03-01,12,793487.5015864912
30-35万,轿车,C,新能源,奔驰,EQE,1465.0,2024-03-01,2024-03-01,1,345240.61770000006
5-10万,轿车,A,其他能源,斯柯达,Rapid,1462.0,2023-04-01,2023-12-01,9,73743.14269629803
20-25万,SUV,A,其他能源,本田,CR-V,1456.0,2023-07-01,2023-07-01,1,201690.17790789698
5-10万,轿车,A00,新能源,易至,易至EV3,1447.0,2023-04-01,2024-03-01,12,64833.72490724817
价格缺失/无效,轿车,A,新能源,国金,骏行,1446.0,2023-04-01,2024-03-01,12,0.0
价格缺失/无效,SUV,A,新能源,凯翼,炫界,1444.0,2023-04-01,2024-03-01,12,0.0
40-45万,轿车,C,其他能源,沃尔沃,V90,1442.0,2023-04-01,2024-02-01,10,402640.0947427185
25-30万,SUV,A,其他能源,MINI,MINI COUNTRYMAN,1442.0,2023-09-01,2024-03-01,7,288959.64008546824
25-30万,SUV,B,新能源,比亚迪,护卫舰07,1431.0,2023-04-01,2024-02-01,11,284426.92249263206
5-10万,轿车,A,新能源,比亚迪,e2,1429.0,2024-03-01,2024-03-01,1,94134.90649999994
5-10万,SUV,B,其他能源,潍柴,U70,1416.0,2023-05-01,2024-03-01,10,94221.92133519112
45-50万,SUV,C,其他能源,JEEP,牧马人,1414.0,2023-07-01,2023-10-01,4,494545.1328609209
15-20万,SUV,A,新能源,起亚,EV5,1413.0,2023-11-01,2024-03-01,5,168326.073613975
55-60万,轿车,A,其他能源,宝马,M2,1410.0,2023-04-01,2024-03-01,12,591837.0478723404
15-20万,SUV,B,其他能源,东风风度,帕拉丁,1405.0,2023-10-01,2024-03-01,6,182390.64254382823
5-10万,MPV,A,其他能源,东风风光,风光,1402.0,2023-04-01,2023-08-01,5,52055.67444662755
价格缺失/无效,轿车,A00,新能源,凯翼,拾月,1401.0,2023-11-01,2024-03-01,5,0.0
55-60万,MPV,B,其他能源,别克,世纪,1379.0,2023-04-01,2023-04-01,1,555858.1410000001
55-60万,轿车,C,其他能源,宝马,6系,1360.0,2023-04-01,2023-05-01,2,557105.300029897
45-50万,SUV,C,新能源,坦克,坦克700,1343.0,2024-02-01,2024-03-01,2,471413.0191938164
20-25万,SUV,A,其他能源,捷豹,E-pace,1339.0,2023-09-01,2024-03-01,7,216377.20685423078
25-30万,SUV,A,新能源,沃尔沃,XC40,1338.0,2023-04-01,2024-03-01,12,272842.17066048575
35-40万,MPV,B,新能源,合创,合创V09,1336.0,2023-10-01,2024-03-01,6,376437.43993305054
10-15万,轿车,A,其他能源,斯柯达,明锐,1331.0,2023-04-01,2024-02-01,11,133450.5299761833
20-25万,SUV,C,新能源,岚图,岚图FREE,1320.0,2024-03-01,2024-03-01,1,236900.0
15-20万,轿车,B,其他能源,起亚,K5,1319.0,2023-04-01,2023-07-01,4,151061.4865930599
10-15万,SUV,B,其他能源,江淮,江淮X8,1317.0,2024-01-01,2024-03-01,3,112299.77216071432
5-10万,轿车,A,其他能源,北京汽车,北京U5,1309.0,2023-04-01,2024-02-01,11,72508.85675095647
10-15万,SUV,A0,新能源,思铭,M-NV,1306.0,2023-04-01,2024-03-01,10,120253.86124171023
5-10万,SUV,A0,其他能源,北汽汽车,212,1302.0,2023-04-01,2024-03-01,9,93659.51498834889
10-15万,轿车,A,其他能源,福特,福克斯,1301.0,2023-04-01,2023-08-01,5,112232.1912679415
30-35万,SUV,C,新能源,小鹏,G9,1299.0,2023-09-01,2023-09-01,1,311720.70746432006
60万以上,轿车,D,新能源,保时捷,PANAMERA,1297.0,2023-04-01,2024-03-01,12,1085686.6229512268
25-30万,轿车,C,新能源,智界,智界S7,1284.0,2024-02-01,2024-03-01,2,295257.55846723274
15-20万,MPV,B,其他能源,荣威,iMAX8,1270.0,2023-11-01,2024-03-01,5,197118.12944559136
60万以上,跑车,跑车,其他能源,奔驰,AMG GT,1245.0,2023-04-01,2024-03-01,12,1030847.9778958798
20-25万,MPV,B,新能源,大运汽车,远志M1,1242.0,2023-04-01,2024-03-01,12,211825.45157465248
价格缺失/无效,SUV,A0,新能源,吉利,远景X1,1242.0,2024-03-01,2024-03-01,1,0.0
15-20万,SUV,A,新能源,日产,艾睿雅,1241.0,2023-12-01,2024-03-01,4,187105.07134269245
5-10万,SUV,A0,其他能源,标致,2008,1236.0,2023-04-01,2024-03-01,12,89498.09481578293
20-25万,轿车,B,新能源,本田,英仕派,1226.0,2023-07-01,2023-12-01,6,215950.84751219937
60万以上,轿车,C,新能源,高合,HiPhi Z,1226.0,2023-04-01,2023-09-01,6,619198.4048613377
60万以上,SUV,D,其他能源,林肯,领航员,1212.0,2023-04-01,2024-03-01,12,1141731.904784282
价格缺失/无效,SUV,C,新能源,极石,极石01,1211.0,2023-09-01,2024-02-01,6,0.0
10-15万,SUV,A0,新能源,本田,e:NS1,1201.0,2023-12-01,2024-03-01,4,144864.99497128546
45-50万,轿车,C,新能源,蔚来,蔚来ET7,1197.0,2023-04-01,2023-05-01,2,475437.9055218617
45-50万,轿车,B,其他能源,奥迪,S4,1186.0,2023-04-01,2023-07-01,4,473366.39966273186
60万以上,轿车,B,其他能源,宝马,M4,1179.0,2023-04-01,2024-03-01,12,909016.5647260774
40-45万,轿车,B,新能源,宝马,i4,1179.0,2023-07-01,2023-12-01,6,434530.39349799743
价格缺失/无效,SUV,A,新能源,吉利,几何C,1177.0,2023-10-01,2024-01-01,4,0.0
30-35万,轿车,A0,其他能源,MINI,MINI CLUBMAN,1175.0,2023-04-01,2023-08-01,5,320019.7845149785
25-30万,轿车,C,其他能源,凯迪拉克,CT6,1163.0,2023-04-01,2023-04-01,1,296957.4922649994
10-15万,SUV,C,其他能源,奔腾,奔腾T99,1157.0,2023-04-01,2024-03-01,12,146023.66774537112
15-20万,SUV,B,新能源,比亚迪,护卫舰07,1157.0,2024-03-01,2024-03-01,1,198228.18502818534
40-45万,轿车,A,其他能源,本田,思域,1132.0,2023-04-01,2024-03-01,12,423085.20097173145
价格缺失/无效,SUV,B,新能源,睿蓝,睿蓝9,1122.0,2023-04-01,2024-03-01,12,0.0
价格缺失/无效,轿车,A00,新能源,宏瑞,小虎,1120.0,2023-04-01,2024-03-01,11,0.0
15-20万,MPV,A,新能源,极狐,考拉,1113.0,2023-10-01,2023-10-01,1,150037.27399999992
45-50万,跑车,跑车,其他能源,宝马,Z4,1111.0,2023-04-01,2024-02-01,11,467647.01222098456
5-10万,轿车,A0,其他能源,起亚,焕驰,1110.0,2023-04-01,2024-03-01,12,61394.03848482327
10-15万,轿车,A,其他能源,宝马,1系,1108.0,2023-11-01,2024-03-01,4,146472.5622593858
价格缺失/无效,SUV,B,其他能源,福特,Bronco,1106.0,2023-04-01,2024-03-01,12,0.0
35-40万,SUV,C,其他能源,英菲尼迪,QX60,1106.0,2023-07-01,2024-03-01,8,387023.80029428884
10-15万,轿车,A,其他能源,思皓,思皓曜,1100.0,2023-04-01,2024-03-01,12,106370.88926138126
10-15万,SUV,A,新能源,星途,星途追风,1087.0,2023-06-01,2024-03-01,10,134236.93152342376
30-35万,轿车,C,新能源,智界,智界S7,1082.0,2023-12-01,2024-01-01,2,305912.1862795169
5-10万,SUV,A,其他能源,五菱,星云,1077.0,2024-01-01,2024-03-01,3,92844.63866462397
15-20万,SUV,A,新能源,领克,领克01,1074.0,2023-05-01,2024-03-01,11,193790.86794520137
30-35万,MPV,B,新能源,广汽传祺,E9,1074.0,2024-03-01,2024-03-01,1,347822.57140654454
5万以下,轿车,A00,新能源,凌宝汽车,凌宝COCO,1073.0,2023-04-01,2024-03-01,12,38284.809246039134
35-40万,SUV,B,新能源,奥迪,e-tron,1070.0,2023-08-01,2024-03-01,8,372059.89501988096
10-15万,SUV,A,其他能源,三菱,奕歌,1068.0,2023-04-01,2024-01-01,10,139617.01009402107
10-15万,轿车,B,其他能源,起亚,K5,1054.0,2023-08-01,2024-03-01,8,148069.2636979223
40-45万,轿车,C,其他能源,奥迪,A7L,1037.0,2023-08-01,2023-08-01,1,403096.67149999976
40-45万,SUV,B,其他能源,雷克萨斯,NX,1036.0,2023-04-01,2023-05-01,2,402172.09909969085
15-20万,轿车,C,新能源,东风奕派,eπ007,1031.0,2024-03-01,2024-03-01,1,158639.4855394859
20-25万,SUV,A,新能源,奔驰,EQB,1029.0,2023-09-01,2023-10-01,2,243093.4379630714
30-35万,SUV,A,其他能源,MINI,MINI COUNTRYMAN,1028.0,2023-04-01,2023-08-01,5,325846.5573447769
价格缺失/无效,轿车,A00,新能源,电动屋,YOUNG光小新,1026.0,2023-04-01,2024-02-01,11,0.0
15-20万,SUV,A0,新能源,领克,领克06,1023.0,2023-04-01,2023-06-01,3,153807.7801105019
60万以上,SUV,C,新能源,宝马,iX,1015.0,2023-04-01,2023-06-01,3,661186.0395573995
15-20万,SUV,A,其他能源,本田,致在,1011.0,2023-05-01,2024-03-01,11,182172.4250246365
60万以上,SUV,D,新能源,奔驰,EQS SUV,1010.0,2023-04-01,2024-03-01,12,818237.8385527168
35-40万,SUV,B,新能源,沃尔沃,XC60,1006.0,2024-01-01,2024-03-01,3,393240.9036802979
25-30万,MPV,B,新能源,迈克萨斯,大家9,1004.0,2023-04-01,2024-03-01,6,287891.72652069497
35-40万,SUV,A,其他能源,奔驰,AMG GLB,997.0,2023-10-01,2024-03-01,6,385759.99635773967
5-10万,SUV,A,其他能源,北汽瑞翔,瑞翔X5,996.0,2023-04-01,2024-03-01,12,87656.65041062218
60万以上,轿车,D,其他能源,宾利,飞驰,992.0,2023-04-01,2024-03-01,12,3133590.9093810483
40-45万,轿车,A,其他能源,奔驰,A级AMG,991.0,2023-04-01,2024-03-01,12,409337.1265962212
10-15万,SUV,B,新能源,江淮,江淮QX PHEV,986.0,2023-09-01,2024-03-01,7,144282.9657602534
10-15万,SUV,A0,其他能源,三菱,劲炫,985.0,2023-04-01,2024-01-01,10,111716.36444321327
15-20万,SUV,B,其他能源,荣威,RX9,977.0,2023-08-01,2024-03-01,8,189122.10689653602
25-30万,SUV,C,其他能源,日产,探陆,973.0,2024-03-01,2024-03-01,1,265134.689597926
5-10万,轿车,A00,新能源,五菱,五菱NanoEV,972.0,2023-04-01,2023-09-01,6,54218.56567096896
价格缺失/无效,MPV,B,其他能源,奔驰,V级,964.0,2023-04-01,2024-03-01,12,0.0
20-25万,SUV,A,其他能源,斯巴鲁,旭豹,963.0,2023-06-01,2024-01-01,8,208944.01433472228
25-30万,SUV,B,新能源,智己,智己LS6,963.0,2023-10-01,2023-10-01,1,260555.44199999998
10-15万,轿车,B,其他能源,现代,索纳塔,961.0,2023-11-01,2024-03-01,5,146910.58012715547
30-35万,轿车,A,新能源,Polestar,Polestar 2,956.0,2023-04-01,2024-03-01,12,330845.41252869327
5-10万,SUV,B,其他能源,斯威,斯威大虎,956.0,2023-04-01,2024-03-01,12,64433.52300883916
55-60万,SUV,D,新能源,红旗,E-HS9,954.0,2023-05-01,2024-03-01,6,569537.2135523057
10-15万,MPV,B,其他能源,东风风行,风行M7,943.0,2023-12-01,2024-03-01,4,144434.3794819729
25-30万,SUV,A,新能源,沃尔沃,C40,943.0,2023-04-01,2024-03-01,12,280497.97076666064
15-20万,MPV,B,新能源,迈克萨斯,G50,940.0,2023-04-01,2024-03-01,8,176415.6483365201
25-30万,SUV,A,新能源,本田,CR-V,935.0,2023-04-01,2023-05-01,2,256588.1281341143
10-15万,MPV,A,其他能源,别克,GL6,930.0,2023-04-01,2023-09-01,6,102811.12469754303
5-10万,SUV,A,其他能源,东风风行,风行SX6,927.0,2023-04-01,2024-01-01,10,65391.13705182063
5-10万,轿车,A,其他能源,斯柯达,明锐,922.0,2023-04-01,2024-02-01,11,93748.67314009501
10-15万,SUV,B,新能源,奇瑞,舒享家,921.0,2024-01-01,2024-03-01,3,148473.0025400592
价格缺失/无效,SUV,D,新能源,猛士,猛士917,911.0,2023-08-01,2024-03-01,8,0.0
15-20万,MPV,A,其他能源,大众,途安,910.0,2023-04-01,2024-03-01,8,152432.6815200704
20-25万,SUV,A,新能源,魏牌,拿铁,907.0,2023-04-01,2024-02-01,9,206419.59322078477
25-30万,SUV,C,新能源,智己,智己LS7,907.0,2024-01-01,2024-03-01,3,293402.4491222128
25-30万,轿车,C,其他能源,大众,辉昂,905.0,2023-05-01,2023-11-01,6,296308.9834364364
15-20万,轿车,A,新能源,雷诺江铃,羿,899.0,2023-04-01,2023-10-01,7,156005.191853482
10-15万,MPV,A,其他能源,五菱,佳辰,893.0,2023-07-01,2024-03-01,9,107946.28779395297
5-10万,轿车,A,其他能源,别克,英朗,891.0,2023-04-01,2023-08-01,5,76272.81014403676
5万以下,轿车,A00,新能源,五菱,五菱NanoEV,884.0,2023-10-01,2024-03-01,6,49722.81077541663
35-40万,SUV,B,新能源,蔚来,蔚来ES6,882.0,2023-05-01,2023-05-01,1,373590.39141407213
25-30万,SUV,C,新能源,大众,ID.6 CROZZ,879.0,2023-04-01,2023-04-01,1,251897.86213043483
45-50万,轿车,A,其他能源,奔驰,CLA级AMG,879.0,2023-06-01,2024-03-01,10,481471.74221491645
35-40万,SUV,B,其他能源,林肯,航海家,860.0,2023-08-01,2023-10-01,3,355501.03558960184
15-20万,SUV,A,新能源,欧尚汽车,欧尚Z6,856.0,2023-04-01,2023-04-01,1,160164.6099999998
15-20万,SUV,A,新能源,天际,天际ME5,854.0,2023-04-01,2024-03-01,12,167076.51847169737
30-35万,SUV,B,其他能源,福特,撼路者,852.0,2023-04-01,2023-09-01,6,315499.1094591608
60万以上,SUV,C,其他能源,玛莎拉蒂,Levante,842.0,2023-04-01,2024-03-01,12,797736.4817688253
50-55万,SUV,C,新能源,奔驰,EQE SUV,834.0,2023-06-01,2023-07-01,2,511044.8523420903
30-35万,轿车,C,新能源,智己,智己L7,830.0,2023-06-01,2024-03-01,10,317752.7585832448
价格缺失/无效,轿车,A,其他能源,荣威,荣威i6,828.0,2023-04-01,2024-01-01,10,0.0
价格缺失/无效,轿车,A,其他能源,吉利,帝豪L,824.0,2023-04-01,2024-03-01,12,0.0
价格缺失/无效,轿车,A,其他能源,长安,睿骋,822.0,2024-03-01,2024-03-01,1,0.0
20-25万,SUV,B,新能源,大众,探岳,819.0,2023-04-01,2023-05-01,2,203419.66873706016
20-25万,轿车,B,其他能源,大众,蔚揽,812.0,2023-04-01,2023-12-01,9,237630.4978980993
60万以上,轿车,B,其他能源,宝马,M3,808.0,2023-04-01,2024-03-01,12,869763.7731596782
35-40万,SUV,C,新能源,领克,领克09,807.0,2023-04-01,2023-04-01,1,350202.03389903606
60万以上,轿车,C,其他能源,奔驰,CLS级,805.0,2023-04-01,2023-06-01,3,609406.470855708
价格缺失/无效,SUV,A,其他能源,荣威,RX5 MAX,804.0,2023-10-01,2024-03-01,5,0.0
10-15万,轿车,A,其他能源,MG,MG5,800.0,2023-04-01,2023-05-01,2,100847.69379150622
5-10万,SUV,A0,其他能源,启辰,启辰T60,798.0,2023-04-01,2023-10-01,7,87774.34735967567
价格缺失/无效,SUV,A,其他能源,马自达,CX-4,788.0,2023-07-01,2024-01-01,7,0.0
15-20万,MPV,A,新能源,瑞风,瑞风M3,780.0,2023-04-01,2024-03-01,12,186897.44816279362
45-50万,轿车,C,新能源,宝马,i5,772.0,2024-01-01,2024-02-01,2,464064.89083419734
30-35万,SUV,C,其他能源,红旗,HS7,771.0,2023-08-01,2023-08-01,1,309078.0491266219
20-25万,轿车,B,新能源,大众,迈腾,767.0,2023-06-01,2023-06-01,1,200139.49182608703
30-35万,跑车,跑车,新能源,MG,Cyberster,765.0,2023-11-01,2024-03-01,5,340010.7574631962
价格缺失/无效,MPV,B,新能源,迈克萨斯,G50,765.0,2023-05-01,2023-09-01,4,0.0
20-25万,MPV,B,其他能源,奔腾,奔腾M9,758.0,2023-04-01,2024-03-01,12,230620.1986831738
5万以下,轿车,A00,新能源,凌宝汽车,凌宝BOX,756.0,2024-01-01,2024-03-01,3,48234.68251334051
35-40万,SUV,C,新能源,凯迪拉克,IQ锐歌,756.0,2023-07-01,2023-10-01,4,377608.92952380964
30-35万,轿车,B,其他能源,沃尔沃,V60,750.0,2023-04-01,2024-03-01,12,336241.4635742256
价格缺失/无效,SUV,C,其他能源,雷克萨斯,GX,740.0,2023-04-01,2024-03-01,12,0.0
5-10万,SUV,A0,其他能源,MG,ZS,730.0,2023-04-01,2024-03-01,12,71984.8016955806
25-30万,SUV,A,新能源,奔驰,EQA,724.0,2023-04-01,2023-05-01,2,258709.75547368865
30-35万,跑车,跑车,其他能源,斯巴鲁,BRZ,723.0,2023-04-01,2023-09-01,5,302783.1919014712
25-30万,SUV,C,新能源,飞凡,R7,717.0,2023-04-01,2023-09-01,5,268247.26436230977
15-20万,SUV,A,新能源,哈弗,哈弗H6,712.0,2023-04-01,2023-04-01,1,151972.00573913
5-10万,SUV,A,其他能源,福特,领界,711.0,2023-07-01,2024-03-01,9,92466.86864738812
价格缺失/无效,SUV,A0,其他能源,铃木,吉姆尼,709.0,2023-04-01,2024-03-01,12,0.0
10-15万,SUV,A,其他能源,思皓,思皓QX,707.0,2023-04-01,2024-03-01,12,116560.48746037736
价格缺失/无效,SUV,A,新能源,iCAR,iCAR 03,706.0,2023-12-01,2024-01-01,2,0.0
15-20万,轿车,A,其他能源,领克,领克02,705.0,2023-04-01,2023-10-01,7,153464.90499919857
价格缺失/无效,轿车,A,其他能源,日产,新蓝鸟,697.0,2023-08-01,2024-03-01,8,0.0
5-10万,轿车,A,其他能源,凯翼,轩度,695.0,2023-06-01,2024-03-01,10,82443.90820264863
60万以上,跑车,跑车,其他能源,路特斯,EMIRA,695.0,2023-04-01,2024-03-01,12,939663.2130382735
10-15万,MPV,A,其他能源,海马,7X,694.0,2023-04-01,2024-03-01,12,140826.98332273416
15-20万,SUV,B,其他能源,长安,CS95,692.0,2023-04-01,2024-03-01,12,170798.11584103186
60万以上,轿车,D,其他能源,宝马,8系,692.0,2023-04-01,2024-03-01,12,936490.01267444
60万以上,SUV,D,其他能源,劳斯莱斯,库里南,691.0,2023-04-01,2024-03-01,12,6922223.397039227
60万以上,轿车,D,新能源,奔驰,S级,687.0,2023-09-01,2024-02-01,6,1177550.4990228708
30-35万,SUV,C,新能源,高合,HiPhi Y,685.0,2023-12-01,2024-03-01,4,343463.5841488922
10-15万,SUV,A,其他能源,奔腾,奔腾B70S,677.0,2023-04-01,2024-02-01,11,112298.7063414307
20-25万,MPV,B,新能源,迈克萨斯,G50,677.0,2023-08-01,2024-03-01,7,228309.02702923716
价格缺失/无效,SUV,A,其他能源,吉利,博越,677.0,2023-07-01,2024-02-01,8,0.0
25-30万,轿车,C,新能源,哪吒,哪吒S,673.0,2023-04-01,2023-06-01,3,266610.32043458795
50-55万,SUV,C,新能源,蔚来,蔚来EC7,668.0,2023-04-01,2023-05-01,2,517515.0083952098
10-15万,轿车,B,新能源,北京汽车,EU系列,667.0,2023-04-01,2024-03-01,12,136532.76578569354
10-15万,SUV,A,其他能源,福特,领界,660.0,2023-04-01,2023-06-01,3,103544.18682701125
30-35万,MPV,B,新能源,荣威,iMAX8,657.0,2023-04-01,2023-05-01,2,305809.05339355394
10-15万,轿车,A,新能源,雷诺江铃,羿,657.0,2023-11-01,2024-03-01,5,147086.8965080707
价格缺失/无效,跑车,跑车,其他能源,马自达,MX-5,649.0,2023-04-01,2024-03-01,12,0.0
15-20万,SUV,A0,新能源,启辰,启辰T60,642.0,2023-05-01,2024-03-01,11,172798.39861037914
15-20万,SUV,B,新能源,威马,W6,641.0,2023-04-01,2023-12-01,9,175026.24752278492
15-20万,SUV,B,新能源,星途,星途瑶光,637.0,2024-03-01,2024-03-01,1,191536.8300001596
价格缺失/无效,SUV,A,新能源,启源,Q05,628.0,2023-09-01,2023-11-01,3,0.0
10-15万,SUV,B,其他能源,长安,CS85 COUPE,627.0,2023-04-01,2024-02-01,10,123385.34208201157
10-15万,MPV,A,新能源,比亚迪,宋MAX,625.0,2023-12-01,2024-03-01,4,148849.72803837413
35-40万,轿车,C,其他能源,捷尼赛思,G80,624.0,2023-06-01,2024-03-01,10,395245.10038141016
价格缺失/无效,轿车,A00,新能源,领途,缤纷,621.0,2023-09-01,2024-03-01,7,0.0
40-45万,轿车,C,其他能源,奥迪,A6,620.0,2023-10-01,2023-11-01,2,446906.3728921856
5-10万,SUV,A0,新能源,云度,云度π1,620.0,2023-04-01,2024-03-01,12,68743.92137096774
10-15万,轿车,A,其他能源,日产,新蓝鸟,616.0,2023-04-01,2023-07-01,4,105368.98806755136
35-40万,轿车,B,新能源,奔驰,C级,613.0,2023-04-01,2023-05-01,2,351330.1416910008
25-30万,SUV,B,新能源,路虎,发现运动版,610.0,2023-04-01,2024-03-01,12,285584.60115887865
20-25万,SUV,B,其他能源,荣威,RX9,609.0,2023-04-01,2023-07-01,4,207475.03655370284
30-35万,跑车,跑车,其他能源,福特,Mustang,606.0,2023-04-01,2023-08-01,5,320871.07451698184
30-35万,SUV,B,新能源,埃安,AION LX,597.0,2023-04-01,2023-06-01,3,329225.1778172613
45-50万,SUV,C,新能源,奔驰,EQE SUV,593.0,2023-08-01,2023-08-01,1,483157.944578342
5-10万,SUV,A,其他能源,思皓,思皓X6,590.0,2023-04-01,2024-03-01,12,93899.19540583395
30-35万,SUV,C,新能源,岚图,岚图FREE,589.0,2023-04-01,2023-11-01,8,309109.06180933793
45-50万,轿车,B,新能源,宝马,i4,588.0,2023-04-01,2023-06-01,3,458280.761257557
10-15万,SUV,B,其他能源,潍柴,U75PLUS,579.0,2023-04-01,2024-03-01,12,134483.45014360157
5-10万,SUV,A0,其他能源,雪铁龙,C3-XR,577.0,2023-04-01,2023-07-01,4,82933.99903060742
20-25万,SUV,B,其他能源,五十铃,MU-X,567.0,2023-04-01,2024-03-01,8,207999.69093529574
价格缺失/无效,轿车,A00,新能源,朋克,朋克多多,561.0,2023-04-01,2024-03-01,12,0.0
20-25万,SUV,B,新能源,埃安,AION LX,559.0,2023-10-01,2024-03-01,6,240160.66857509196
25-30万,轿车,B,新能源,极氪,极氪007,558.0,2023-12-01,2023-12-01,1,277900.0
价格缺失/无效,SUV,C,其他能源,日产,探陆,558.0,2023-12-01,2024-02-01,3,0.0
20-25万,轿车,A,其他能源,奔驰,B级,558.0,2023-04-01,2023-12-01,9,211768.85767925624
价格缺失/无效,SUV,B,新能源,捷途,捷途X70,555.0,2023-04-01,2024-02-01,10,0.0
10-15万,SUV,A0,其他能源,雪佛兰,创酷,552.0,2023-04-01,2023-04-01,1,100365.71129750006
50-55万,SUV,B,其他能源,奥迪,SQ5,551.0,2023-06-01,2024-03-01,10,512379.21927641245
15-20万,SUV,B,其他能源,福特,EVOS,544.0,2023-11-01,2024-03-01,3,198595.70908127844
价格缺失/无效,SUV,B,其他能源,凯翼,昆仑,544.0,2023-04-01,2023-05-01,2,0.0
40-45万,SUV,C,新能源,蔚来,蔚来EC7,544.0,2024-01-01,2024-03-01,3,441571.2706248456
20-25万,轿车,B,其他能源,英菲尼迪,Q50L,538.0,2023-04-01,2023-05-01,2,206428.25002858197
10-15万,SUV,B,其他能源,荣威,RX8,536.0,2023-04-01,2023-09-01,6,137466.10194884817
35-40万,SUV,C,其他能源,现代,帕里斯帝,536.0,2023-04-01,2024-03-01,12,354278.2271587818
5-10万,MPV,A,其他能源,欧尚汽车,欧尚长行,530.0,2023-04-01,2023-09-01,6,57657.23678392736
10-15万,SUV,A0,新能源,本田,极湃1,525.0,2023-09-01,2024-03-01,5,144804.53518401596
60万以上,SUV,D,其他能源,兰博基尼,Urus,520.0,2023-04-01,2024-03-01,12,2968316.7149117803
60万以上,轿车,D,其他能源,雷克萨斯,LS,517.0,2023-04-01,2024-03-01,12,856570.7469621213
60万以上,轿车,C,其他能源,玛莎拉蒂,Ghibli,516.0,2023-04-01,2024-03-01,12,752294.611620528
25-30万,SUV,B,其他能源,斯巴鲁,傲虎,510.0,2023-09-01,2024-03-01,7,290062.5810840189
价格缺失/无效,轿车,A00,其他能源,铃木,北斗星,505.0,2023-04-01,2023-09-01,6,0.0
10-15万,SUV,A0,其他能源,北汽汽车,212,504.0,2023-08-01,2023-10-01,3,102189.40613503836
40-45万,SUV,C,其他能源,英菲尼迪,QX60,499.0,2023-04-01,2023-12-01,4,413464.4387070541
价格缺失/无效,SUV,B,其他能源,东风风光,风光580,492.0,2023-04-01,2024-02-01,10,0.0
60万以上,轿车,B,其他能源,奥迪,RS5,491.0,2023-04-01,2024-03-01,12,802498.5269371846
价格缺失/无效,轿车,A00,新能源,北汽汽车,家宝,484.0,2023-04-01,2024-03-01,12,0.0
价格缺失/无效,SUV,A,其他能源,日产,帕拉丁,483.0,2023-07-01,2023-09-01,3,0.0
价格缺失/无效,SUV,B,新能源,斯威,斯威大虎,482.0,2023-04-01,2024-03-01,12,0.0
20-25万,轿车,C,其他能源,红旗,H7,481.0,2023-04-01,2023-05-01,2,241752.45093513507
价格缺失/无效,MPV,A,新能源,吉利,TX,480.0,2023-04-01,2024-02-01,11,0.0
20-25万,MPV,B,其他能源,迈克萨斯,G20,479.0,2023-04-01,2023-04-01,1,209078.19402224693
10-15万,SUV,A,其他能源,标致,4008,478.0,2023-12-01,2024-02-01,3,149727.47907949792
价格缺失/无效,MPV,B,新能源,理想,理想MEGA,475.0,2023-12-01,2024-02-01,3,0.0
价格缺失/无效,SUV,A,新能源,恒驰,恒驰5,474.0,2023-04-01,2024-03-01,12,0.0
价格缺失/无效,MPV,B,新能源,浙江卡尔森,卡升威霆,472.0,2024-03-01,2024-03-01,1,0.0
20-25万,SUV,A,新能源,宝马,iX1,466.0,2024-02-01,2024-03-01,2,238614.5922671729
30-35万,SUV,B,其他能源,北京越野,BJ80,454.0,2023-04-01,2024-03-01,12,323562.2564674062
20-25万,轿车,C,新能源,岚图,岚图追光,452.0,2024-03-01,2024-03-01,1,247899.0
15-20万,轿车,A,其他能源,本田,思域,452.0,2023-04-01,2023-05-01,2,151072.1239720354
60万以上,SUV,B,其他能源,宝马,X3,450.0,2023-04-01,2023-07-01,4,618667.3277777778
价格缺失/无效,轿车,A,新能源,飞凡,ER6,448.0,2023-04-01,2024-01-01,10,0.0
25-30万,SUV,B,其他能源,福特,撼路者,448.0,2023-10-01,2024-03-01,6,290490.3356215888
15-20万,SUV,C,新能源,别克,别克E4,447.0,2023-12-01,2024-03-01,4,185953.16825264535
价格缺失/无效,SUV,C,其他能源,三菱,帕杰罗,444.0,2023-04-01,2024-03-01,12,0.0
50-55万,SUV,C,新能源,宝马,iX,440.0,2024-01-01,2024-03-01,3,539834.4874048213
15-20万,轿车,A,其他能源,领克,领克03,438.0,2023-04-01,2023-11-01,8,152894.17132945778
15-20万,轿车,A,其他能源,本田,型格,434.0,2023-04-01,2023-05-01,2,156918.21419297231
35-40万,SUV,D,其他能源,北京越野,BJ90,433.0,2024-01-01,2024-03-01,3,358409.4688221709
60万以上,跑车,跑车,其他能源,宾利,欧陆,432.0,2023-04-01,2024-03-01,12,3176964.71693168
10-15万,SUV,A,新能源,小鹏,G3,431.0,2023-12-01,2024-03-01,4,142557.63444247798
15-20万,轿车,B,其他能源,斯柯达,Superb,430.0,2023-04-01,2023-07-01,4,157147.85100701282
15-20万,轿车,B,新能源,荣威,D7,427.0,2023-11-01,2023-11-01,1,152813.625652174
10-15万,MPV,A,其他能源,大众,途安,423.0,2023-05-01,2023-10-01,4,145099.34420241133
25-30万,SUV,B,新能源,极狐,阿尔法T,422.0,2023-04-01,2023-04-01,1,254996.45918127988
价格缺失/无效,SUV,B,新能源,零跑,零跑C10,421.0,2024-01-01,2024-02-01,2,0.0
价格缺失/无效,SUV,D,其他能源,日产,途乐,416.0,2023-04-01,2024-03-01,12,0.0
价格缺失/无效,跑车,跑车,新能源,法拉利,296,416.0,2023-04-01,2024-03-01,12,0.0
15-20万,SUV,B,其他能源,五十铃,MU-X,415.0,2023-10-01,2024-02-01,4,193957.01208622436
5-10万,SUV,A,其他能源,北汽瑞翔,瑞翔X3,414.0,2023-04-01,2024-01-01,9,62577.4974447675
5-10万,SUV,B,其他能源,东南,DX8,413.0,2023-04-01,2023-11-01,7,87628.79967826877
40-45万,SUV,A,其他能源,奔驰,GLA级 AMG,410.0,2023-04-01,2023-09-01,6,405071.8841463415
价格缺失/无效,SUV,A,其他能源,众泰,T300,410.0,2023-04-01,2024-03-01,12,0.0
价格缺失/无效,轿车,A,其他能源,吉利,星瑞,410.0,2023-10-01,2023-11-01,2,0.0
60万以上,SUV,C,新能源,高合,HiPhi X,407.0,2023-04-01,2024-03-01,11,660889.3082404708
25-30万,SUV,B,新能源,腾势,腾势N7,404.0,2024-02-01,2024-03-01,2,280062.4891336634
5-10万,SUV,A,其他能源,荣威,RX3,403.0,2023-04-01,2023-09-01,6,68520.48182382548
价格缺失/无效,轿车,A,新能源,吉利,银河L6,403.0,2023-08-01,2023-08-01,1,0.0
30-35万,轿车,A,其他能源,奔驰,CLA级,401.0,2023-07-01,2023-12-01,5,310682.0653089412
20-25万,轿车,C,新能源,星途,星纪元ES,399.0,2024-02-01,2024-03-01,2,241793.2902911315
25-30万,SUV,C,其他能源,迈克萨斯,领地,398.0,2023-04-01,2023-12-01,7,255862.38935485788
10-15万,SUV,A,新能源,长安,UNI-Z,398.0,2024-03-01,2024-03-01,1,127119.513219513
15-20万,SUV,A,新能源,本田,CR-V,398.0,2024-03-01,2024-03-01,1,199443.55200000014
价格缺失/无效,SUV,B,其他能源,丰田,FJ酷路泽,387.0,2023-04-01,2024-03-01,11,0.0
20-25万,SUV,B,其他能源,现代,胜达,386.0,2023-04-01,2023-04-01,1,200176.5524575651
60万以上,轿车,B,其他能源,奥迪,RS4,385.0,2023-04-01,2024-03-01,12,760458.735661508
价格缺失/无效,轿车,B,新能源,荣威,D7,384.0,2023-09-01,2023-10-01,2,0.0
35-40万,轿车,B,其他能源,奥迪,A4,382.0,2023-04-01,2023-05-01,2,354177.78021223814
30-35万,SUV,B,其他能源,斯巴鲁,傲虎,380.0,2023-04-01,2023-08-01,5,306482.3115730416
35-40万,轿车,B,新能源,宝马,i4,378.0,2024-01-01,2024-03-01,3,383716.2318024856
价格缺失/无效,轿车,A,其他能源,启辰,D60,377.0,2023-08-01,2024-03-01,6,0.0
10-15万,SUV,B,其他能源,斯威,斯威G05,376.0,2023-04-01,2023-12-01,9,104759.01405614516
15-20万,MPV,B,其他能源,迈克萨斯,G70,375.0,2023-11-01,2024-03-01,5,184210.73178482425
30-35万,轿车,C,其他能源,丰田,皇冠,375.0,2023-12-01,2024-03-01,4,327630.67883935996
25-30万,轿车,C,新能源,星途,星纪元ES,373.0,2023-12-01,2024-01-01,2,260609.7181664169
30-35万,SUV,C,新能源,Polestar,Polestar 4,368.0,2023-12-01,2024-03-01,4,334419.2429149254
35-40万,轿车,C,新能源,智己,智己L7,368.0,2023-04-01,2023-05-01,2,377138.9461684782
10-15万,SUV,A,新能源,东风风行,风行雷霆,367.0,2024-02-01,2024-03-01,2,148461.30957572407
60万以上,SUV,C,其他能源,林肯,飞行家,364.0,2023-04-01,2023-04-01,1,600267.6261549996
10-15万,轿车,B,其他能源,广汽传祺,GA6,364.0,2023-04-01,2023-06-01,3,107328.46233753418
60万以上,轿车,D,其他能源,劳斯莱斯,古思特,364.0,2023-04-01,2024-03-01,12,5256241.522157057
5-10万,SUV,A0,其他能源,别克,昂科拉,362.0,2023-04-01,2023-09-01,6,92216.9771112865
价格缺失/无效,SUV,A,其他能源,观致,观致7,362.0,2023-04-01,2024-03-01,11,0.0
40-45万,轿车,C,新能源,奥迪,A6,360.0,2023-04-01,2024-03-01,10,423015.95410628023
55-60万,SUV,C,新能源,JEEP,牧马人,359.0,2023-04-01,2023-11-01,6,570143.2569207393
60万以上,SUV,C,其他能源,阿斯顿马丁,DBX,355.0,2023-04-01,2024-03-01,12,2117647.7994366195
35-40万,MPV,B,其他能源,红旗,HQ9,355.0,2024-01-01,2024-03-01,3,388510.8003843697
30-35万,SUV,B,其他能源,捷豹,F-pace,353.0,2024-03-01,2024-03-01,1,349875.0667999996
价格缺失/无效,SUV,C,新能源,腾势,腾势N8,350.0,2023-07-01,2024-03-01,9,0.0
20-25万,SUV,C,新能源,飞凡,R7,341.0,2023-08-01,2023-10-01,2,241440.35852710015
10-15万,SUV,B,其他能源,迈克萨斯,D60,340.0,2023-04-01,2024-03-01,12,111105.52350051871
20-25万,SUV,A,新能源,领克,领克05,338.0,2023-04-01,2023-12-01,9,212299.33294875006
10-15万,MPV,A,新能源,东风风光,风光,331.0,2023-04-01,2023-12-01,9,105194.52407301638
15-20万,SUV,A,新能源,荣威,RX5,327.0,2023-04-01,2023-05-01,2,155791.97425948508
价格缺失/无效,轿车,A,其他能源,凯翼,轩度,327.0,2023-04-01,2023-05-01,2,0.0
25-30万,轿车,C,新能源,小米,小米SU7,326.0,2024-03-01,2024-03-01,1,283247.755972993
价格缺失/无效,MPV,B,新能源,小鹏,X9,326.0,2023-12-01,2023-12-01,1,0.0
30-35万,SUV,B,其他能源,英菲尼迪,QX55,325.0,2023-06-01,2024-03-01,10,342380.2546297817
25-30万,SUV,B,新能源,魏牌,摩卡,325.0,2023-04-01,2023-05-01,2,262890.73858461535
60万以上,轿车,B,其他能源,奔驰,C级AMG,323.0,2023-04-01,2024-02-01,11,699313.6745966324
25-30万,轿车,B,其他能源,林肯,林肯Z,322.0,2024-03-01,2024-03-01,1,255830.06099999973
价格缺失/无效,SUV,C,新能源,蔚来,蔚来ES8,321.0,2023-05-01,2023-05-01,1,0.0
价格缺失/无效,MPV,B,新能源,欧尚汽车,科尚,319.0,2023-04-01,2024-02-01,11,0.0
20-25万,SUV,C,其他能源,领克,领克09,317.0,2024-01-01,2024-03-01,3,243188.59043163128
50-55万,轿车,A,其他能源,奔驰,CLA级AMG,312.0,2023-04-01,2023-05-01,2,503832.19724895846
25-30万,SUV,B,新能源,埃安,AION LX,312.0,2023-07-01,2023-09-01,3,272578.9584546165
10-15万,SUV,A,其他能源,起亚,KX5,311.0,2023-04-01,2023-06-01,3,123789.79894981768
25-30万,轿车,A,其他能源,现代,伊兰特,309.0,2023-12-01,2024-03-01,4,260601.12201294492
35-40万,轿车,C,新能源,沃尔沃,S90,308.0,2024-02-01,2024-03-01,2,399126.14034415566
40-45万,SUV,B,新能源,蔚来,蔚来ES6,306.0,2023-04-01,2023-04-01,1,409055.7268999999
30-35万,轿车,B,其他能源,阿尔法·罗密欧,朱丽叶,305.0,2023-04-01,2024-03-01,7,327975.3436989887
30-35万,MPV,B,其他能源,迈克萨斯,G20,300.0,2023-06-01,2023-08-01,3,336694.97
35-40万,轿车,B,新能源,沃尔沃,S60,298.0,2023-04-01,2024-01-01,10,355678.4607685733
10-15万,SUV,A,新能源,马自达,CX-30,297.0,2023-04-01,2024-02-01,11,146005.1827494776
25-30万,MPV,B,新能源,迈克萨斯,大家7,297.0,2023-09-01,2024-03-01,7,267769.42891807365
价格缺失/无效,轿车,A,新能源,东风,俊风EV30,296.0,2023-04-01,2024-03-01,12,0.0
35-40万,轿车,C,其他能源,沃尔沃,V90,296.0,2023-07-01,2024-03-01,2,399327.0012162162
价格缺失/无效,MPV,B,其他能源,丰田,塞纳,295.0,2023-04-01,2024-03-01,10,0.0
价格缺失/无效,SUV,B,新能源,哈弗,哈弗猛龙,293.0,2023-09-01,2023-09-01,1,0.0
价格缺失/无效,SUV,A,新能源,中兴,FM3,291.0,2023-05-01,2023-09-01,4,0.0
20-25万,SUV,C,其他能源,马自达,CX-8,289.0,2023-05-01,2023-06-01,2,239642.4786191318
30-35万,MPV,B,其他能源,起亚,嘉华,289.0,2023-04-01,2023-05-01,2,303486.7403180019
30-35万,SUV,A,其他能源,宝马,X2,284.0,2024-03-01,2024-03-01,1,316571.1424264538
价格缺失/无效,跑车,跑车,其他能源,法拉利,Roma,283.0,2023-04-01,2024-03-01,12,0.0
20-25万,SUV,A,新能源,丰田,RAV4荣放,282.0,2023-06-01,2024-03-01,9,241887.47537632033
价格缺失/无效,SUV,A,其他能源,欧尚汽车,欧尚X70A,281.0,2023-04-01,2024-02-01,5,0.0
价格缺失/无效,轿车,C,新能源,吉利,银河E8,281.0,2023-12-01,2023-12-01,1,0.0
30-35万,SUV,B,新能源,路虎,揽胜极光,280.0,2023-04-01,2023-07-01,4,311262.3817244528
25-30万,SUV,A,新能源,丰田,威兰达,279.0,2023-04-01,2024-03-01,12,267292.11226493685
价格缺失/无效,轿车,B,其他能源,马自达,马自达6,278.0,2023-07-01,2024-01-01,7,0.0
25-30万,SUV,B,新能源,路虎,揽胜极光,278.0,2023-08-01,2024-03-01,7,277444.07256803254
价格缺失/无效,轿车,A00,其他能源,昌河,昌河北斗星,277.0,2023-07-01,2024-03-01,5,0.0
60万以上,SUV,C,其他能源,宝马,X5M,277.0,2023-04-01,2024-03-01,12,1408942.290401805
15-20万,SUV,B,新能源,奇瑞,瑞虎8,275.0,2023-04-01,2023-06-01,3,160451.23868267
55-60万,轿车,C,新能源,高合,HiPhi Z,273.0,2023-10-01,2024-02-01,4,596439.6295970695
价格缺失/无效,SUV,B,新能源,荣威,D5X,272.0,2023-12-01,2024-03-01,4,0.0
价格缺失/无效,轿车,C,新能源,昊铂,昊铂GT,267.0,2023-06-01,2023-06-01,1,0.0
10-15万,轿车,B,其他能源,吉利,博瑞,266.0,2023-04-01,2023-08-01,5,125115.45610168383
价格缺失/无效,MPV,B,新能源,力帆,力帆80V,265.0,2023-04-01,2024-01-01,10,0.0
20-25万,MPV,B,新能源,瑞风,瑞风RF8,265.0,2024-01-01,2024-03-01,3,223143.9510188679
价格缺失/无效,SUV,B,新能源,极越,极越01,265.0,2023-10-01,2023-10-01,1,0.0
5-10万,SUV,A,其他能源,奔腾,奔腾T77,264.0,2024-02-01,2024-03-01,2,99445.33150795457
10-15万,SUV,A,其他能源,MG,领航,262.0,2023-04-01,2024-01-01,9,123583.21262879456
35-40万,SUV,B,新能源,奔驰,EQC,261.0,2023-04-01,2023-12-01,8,385280.16071042465
15-20万,轿车,B,新能源,本田,英仕派,261.0,2024-01-01,2024-03-01,3,194780.72596513413
30-35万,SUV,B,新能源,福特,Mustang,259.0,2024-01-01,2024-03-01,3,308628.24844631687
价格缺失/无效,SUV,A,其他能源,星途,星途TX,258.0,2023-05-01,2023-12-01,8,0.0
价格缺失/无效,轿车,B,新能源,大众,ID.7 VIZZION,255.0,2023-11-01,2023-11-01,1,0.0
10-15万,SUV,B,其他能源,潍柴,U70,251.0,2023-04-01,2023-06-01,2,100318.68458345286
价格缺失/无效,SUV,D,新能源,AITO,问界M9,249.0,2023-12-01,2023-12-01,1,0.0
5-10万,MPV,B,其他能源,鑫源,金海狮,248.0,2024-03-01,2024-03-01,1,76900.0
价格缺失/无效,轿车,A00,新能源,百智,百智大熊,247.0,2023-04-01,2024-03-01,9,0.0
价格缺失/无效,SUV,B,新能源,奇瑞,舒享家,247.0,2023-08-01,2023-08-01,1,0.0
60万以上,MPV,B,新能源,沃尔沃,EM90,247.0,2024-03-01,2024-03-01,1,818000.0
55-60万,SUV,C,其他能源,捷尼赛思,GV80,245.0,2023-04-01,2024-03-01,12,564312.0670998188
价格缺失/无效,SUV,C,新能源,高合,HiPhi Y,245.0,2023-04-01,2023-06-01,3,0.0
25-30万,跑车,跑车,其他能源,福特,Mustang,244.0,2023-09-01,2023-11-01,3,283358.2786885246
55-60万,轿车,C,其他能源,奥迪,S5,243.0,2023-06-01,2024-03-01,10,572976.6521408318
价格缺失/无效,SUV,B,其他能源,吉利,豪越,243.0,2023-07-01,2024-01-01,7,0.0
40-45万,SUV,B,其他能源,路虎,揽胜星脉,243.0,2023-04-01,2023-06-01,3,436279.8011104117
60万以上,SUV,B,其他能源,宝马,X3M,240.0,2023-04-01,2024-03-01,12,811069.5625
价格缺失/无效,SUV,A,新能源,启辰,启辰大V,231.0,2023-06-01,2023-06-01,1,0.0
价格缺失/无效,SUV,B,新能源,领克,领克08,230.0,2023-08-01,2023-08-01,1,0.0
35-40万,轿车,C,其他能源,丰田,皇冠,229.0,2023-08-01,2023-11-01,4,371371.5731079694
价格缺失/无效,跑车,跑车,其他能源,道奇,挑战者,223.0,2023-04-01,2024-03-01,12,0.0
价格缺失/无效,轿车,A0,其他能源,丰田,威驰,223.0,2023-10-01,2024-02-01,5,0.0
40-45万,轿车,C,新能源,宝马,i5,218.0,2024-03-01,2024-03-01,1,432568.63699999993
价格缺失/无效,轿车,B,其他能源,吉利,博瑞,218.0,2023-07-01,2024-01-01,6,0.0
60万以上,轿车,C,其他能源,奥迪,A7,215.0,2023-04-01,2023-04-01,1,600046.5318125001
5-10万,SUV,A,其他能源,东风风光,风光,215.0,2024-01-01,2024-01-01,1,64572.562699999966
40-45万,SUV,B,新能源,蔚来,蔚来EC6,214.0,2023-04-01,2023-04-01,1,400801.59386169
60万以上,SUV,B,其他能源,奔驰,AMG GLC,214.0,2023-04-01,2023-11-01,8,671713.5630292876
40-45万,SUV,C,新能源,高合,HiPhi Y,212.0,2023-07-01,2023-07-01,1,400615.3999999999
价格缺失/无效,轿车,A0,其他能源,MINI,MINI COUPE,210.0,2024-03-01,2024-03-01,1,0.0
60万以上,跑车,跑车,其他能源,捷豹,F-TYPE,207.0,2023-04-01,2023-10-01,7,628806.3947273032
价格缺失/无效,SUV,B,新能源,智己,智己LS6,207.0,2023-09-01,2023-09-01,1,0.0
10-15万,SUV,B,新能源,捷途,捷途X70,203.0,2024-03-01,2024-03-01,1,149333.2860066828
30-35万,SUV,C,新能源,极石,极石01,202.0,2024-03-01,2024-03-01,1,331528.7600000002
15-20万,SUV,A0,新能源,奥迪,Q2L,202.0,2023-04-01,2024-03-01,12,174796.98665518733
价格缺失/无效,SUV,B,其他能源,日产,楼兰,202.0,2023-08-01,2024-03-01,7,0.0
价格缺失/无效,MPV,B,其他能源,丰田,埃尔法,201.0,2023-04-01,2024-02-01,11,0.0
60万以上,跑车,跑车,其他能源,兰博基尼,Huracan,201.0,2023-04-01,2024-03-01,12,2602709.80085035
价格缺失/无效,SUV,A,其他能源,日产,奇骏,199.0,2023-04-01,2023-04-01,1,0.0
10-15万,SUV,A,其他能源,哈弗,哈弗赤兔,199.0,2023-04-01,2024-01-01,10,121177.95290133788
10-15万,轿车,A,其他能源,奇瑞,艾瑞泽GX,199.0,2023-04-01,2023-10-01,6,116717.8391959799
5万以下,轿车,A00,其他能源,昌河,昌河北斗星,195.0,2023-10-01,2023-11-01,2,43425.269230769234
25-30万,SUV,B,新能源,福特,Mustang,195.0,2023-12-01,2023-12-01,1,276784.67083129106
45-50万,SUV,C,新能源,凯迪拉克,IQ锐歌,194.0,2023-04-01,2023-06-01,3,460489.2810309278
25-30万,SUV,C,其他能源,马自达,CX-8,192.0,2023-04-01,2023-04-01,1,253066.2125
价格缺失/无效,轿车,D,新能源,宾利,飞驰,191.0,2023-04-01,2024-03-01,12,0.0
20-25万,SUV,A,其他能源,DS,DS 7,191.0,2023-04-01,2024-03-01,9,222192.53899211326
60万以上,SUV,D,新能源,宝马,XM,191.0,2023-04-01,2024-03-01,12,1861972.6876644143
价格缺失/无效,轿车,A00,新能源,华晨新日,新日i03,189.0,2023-04-01,2024-03-01,12,0.0
价格缺失/无效,轿车,A,其他能源,宝骏,RC-5,189.0,2023-04-01,2024-03-01,10,0.0
35-40万,SUV,A,其他能源,奔驰,GLA级 AMG,187.0,2023-10-01,2024-03-01,6,390153.42285080213
价格缺失/无效,轿车,A,其他能源,大众,朗逸,187.0,2023-04-01,2023-10-01,4,0.0
10-15万,SUV,B,其他能源,捷途,捷途X95,185.0,2023-04-01,2023-10-01,6,149759.67861107888
价格缺失/无效,轿车,A,新能源,江淮,iEVA50,185.0,2023-04-01,2024-03-01,11,0.0
价格缺失/无效,轿车,A,其他能源,宝骏,向往,185.0,2023-04-01,2023-12-01,8,0.0
价格缺失/无效,轿车,C,新能源,启源,A07,185.0,2023-07-01,2023-08-01,2,0.0
价格缺失/无效,SUV,B,新能源,哈弗,哈弗枭龙MAX,184.0,2023-04-01,2023-04-01,1,0.0
价格缺失/无效,SUV,B,新能源,飞凡,MARVEL R,184.0,2023-04-01,2024-03-01,11,0.0
价格缺失/无效,轿车,C,新能源,东风奕派,eπ007,183.0,2024-01-01,2024-02-01,2,0.0
60万以上,SUV,B,其他能源,宝马,X4M,182.0,2023-04-01,2024-03-01,12,847267.9532967033
15-20万,SUV,A,其他能源,现代,途胜,181.0,2023-04-01,2024-03-01,12,166623.7759848009
25-30万,轿车,B,其他能源,DS,DS 9,180.0,2023-04-01,2023-09-01,6,263004.6648298579
10-15万,SUV,A,新能源,吉利,几何M6,180.0,2024-02-01,2024-03-01,2,128905.53461555562
价格缺失/无效,轿车,B,其他能源,广汽传祺,GA6,179.0,2023-07-01,2024-03-01,8,0.0
5-10万,SUV,B,其他能源,东风风光,风光,178.0,2024-01-01,2024-01-01,1,91696.3034013983
60万以上,轿车,D,新能源,路特斯,EMEYA,178.0,2024-02-01,2024-03-01,2,760904.3242247192
30-35万,SUV,A,新能源,宝马,iX1,177.0,2023-09-01,2023-09-01,1,300578.26086956495
10-15万,MPV,B,其他能源,瑞风,瑞风M3,176.0,2024-01-01,2024-03-01,3,114459.47912456357
价格缺失/无效,SUV,B,其他能源,宝沃,BX7,173.0,2023-04-01,2023-12-01,8,0.0
价格缺失/无效,SUV,B,其他能源,思皓,思皓X8,173.0,2024-03-01,2024-03-01,1,0.0
60万以上,SUV,D,其他能源,红旗,红旗LS7,173.0,2023-04-01,2024-03-01,12,1435748.539884393
10-15万,SUV,A,其他能源,领克,领克02,171.0,2023-04-01,2023-12-01,9,142049.3444019331
20-25万,SUV,A,新能源,领克,领克01,170.0,2023-04-01,2023-04-01,1,201845.322608696
50-55万,SUV,C,新能源,JEEP,牧马人,169.0,2023-05-01,2023-06-01,2,548662.1653017749
价格缺失/无效,SUV,B,其他能源,江铃,驭胜,169.0,2023-04-01,2024-01-01,9,0.0
价格缺失/无效,跑车,跑车,新能源,法拉利,SF90,166.0,2023-04-01,2024-03-01,12,0.0
价格缺失/无效,SUV,A,新能源,哈弗,哈弗枭龙,166.0,2023-04-01,2023-04-01,1,0.0
价格缺失/无效,轿车,A,新能源,启源,A05,165.0,2023-08-01,2023-09-01,2,0.0
10-15万,SUV,B,其他能源,东风风光,风光ix5,165.0,2023-04-01,2023-12-01,9,107597.09112234195
60万以上,SUV,C,新能源,JEEP,牧马人,164.0,2023-12-01,2024-03-01,4,615556.0165243903
15-20万,SUV,A,新能源,广汽传祺,GS4,164.0,2023-04-01,2023-11-01,8,151910.70140243904
30-35万,轿车,A,其他能源,奔驰,A级AMG,164.0,2024-03-01,2024-03-01,1,347252.6294
15-20万,SUV,A0,其他能源,丰田,奕泽IZOA,162.0,2023-04-01,2023-04-01,1,150370.72468750007
15-20万,SUV,A,新能源,长安,CS75,162.0,2023-09-01,2023-10-01,2,166514.60010735368
45-50万,SUV,B,新能源,奥迪,e-tron,160.0,2023-04-01,2024-02-01,9,465391.48888654914
25-30万,SUV,A,新能源,丰田,RAV4荣放,160.0,2023-04-01,2023-07-01,3,251966.10581141297
20-25万,SUV,C,其他能源,迈克萨斯,领地,159.0,2023-10-01,2024-03-01,5,242304.11939624973
价格缺失/无效,SUV,A0,新能源,恒润,HR-S1,159.0,2023-04-01,2024-03-01,12,0.0
15-20万,MPV,B,新能源,五菱,五菱征程,158.0,2023-09-01,2024-03-01,7,150998.8424683544
10-15万,SUV,A,其他能源,北京越野,BJ30,158.0,2023-04-01,2023-09-01,5,105066.3098007296
15-20万,SUV,A,其他能源,斯巴鲁,XV,157.0,2023-04-01,2023-11-01,8,194235.1460498089
10-15万,MPV,B,其他能源,瑞风,瑞风L5,155.0,2023-04-01,2023-12-01,8,145077.53311513513
60万以上,轿车,C,新能源,奔驰,EQE AMG,155.0,2023-05-01,2024-03-01,11,738340.3646563815
10-15万,轿车,A,新能源,广汽传祺,iA5,153.0,2023-04-01,2023-09-01,5,141254.33655839725
60万以上,SUV,C,其他能源,宝马,X6M,153.0,2023-04-01,2024-03-01,12,1440806.6056612418
价格缺失/无效,轿车,A00,新能源,朋克,朋克大熊,153.0,2023-05-01,2024-03-01,5,0.0
价格缺失/无效,轿车,A,其他能源,铃木,启悦,152.0,2023-04-01,2023-06-01,3,0.0
10-15万,SUV,A,其他能源,斯威,斯威G01,152.0,2023-04-01,2024-03-01,9,109479.21014903784
价格缺失/无效,MPV,B,新能源,吉利,嘉际,152.0,2023-06-01,2023-12-01,7,0.0
价格缺失/无效,SUV,D,其他能源,凯迪拉克,凯雷德,149.0,2023-04-01,2024-03-01,12,0.0
40-45万,SUV,B,新能源,奥迪,e-tron,148.0,2023-07-01,2023-07-01,1,419622.12114782614
价格缺失/无效,轿车,A00,其他能源,昌河,北斗星 X5,144.0,2024-01-01,2024-03-01,3,0.0
10-15万,轿车,A,其他能源,荣威,荣威i6,144.0,2023-04-01,2023-07-01,4,101380.91924504841
价格缺失/无效,SUV,A,其他能源,北京越野,BJ40,144.0,2023-05-01,2024-02-01,9,0.0
价格缺失/无效,轿车,C,其他能源,广汽传祺,GA8,143.0,2023-04-01,2024-01-01,9,0.0
15-20万,轿车,A,新能源,埃安,AION S,143.0,2023-11-01,2024-02-01,4,153378.99358747696
35-40万,轿车,C,新能源,岚图,岚图追光,143.0,2023-04-01,2023-04-01,1,356536.3200000001
60万以上,轿车,C,其他能源,奔驰,E级AMG,143.0,2023-04-01,2023-12-01,9,948107.4706826572
价格缺失/无效,轿车,A00,其他能源,菲亚特,500,140.0,2023-04-01,2024-03-01,12,0.0
60万以上,轿车,C,其他能源,奥迪,RS6,140.0,2023-04-01,2024-03-01,12,1482165.1954995357
价格缺失/无效,SUV,A,其他能源,天马,天马L4600,139.0,2023-06-01,2024-03-01,9,0.0
40-45万,轿车,C,其他能源,捷尼赛思,G80,139.0,2023-04-01,2023-05-01,2,402904.2736428091
价格缺失/无效,轿车,C,新能源,岚图,岚图追光,139.0,2023-10-01,2023-11-01,2,0.0
价格缺失/无效,SUV,B,新能源,蔚来,蔚来EC6,137.0,2023-05-01,2023-08-01,4,0.0
价格缺失/无效,SUV,A,其他能源,荣威,鲸,137.0,2023-04-01,2024-01-01,10,0.0
5-10万,SUV,B,其他能源,捷途,捷途X90,135.0,2023-04-01,2023-11-01,7,83656.64934981483
5-10万,轿车,A,其他能源,东南,A5翼舞,135.0,2023-04-01,2023-09-01,5,68170.5745987654
5-10万,SUV,A0,其他能源,东南,DX3,135.0,2023-04-01,2023-09-01,4,73929.17405890264
60万以上,SUV,C,其他能源,奥迪,SQ7,135.0,2024-01-01,2024-03-01,3,1113737.7777777778
20-25万,SUV,C,其他能源,迈克萨斯,D90,134.0,2023-04-01,2024-02-01,11,221093.9674965635
20-25万,SUV,A,其他能源,本田,致在,132.0,2023-04-01,2023-04-01,1,204269.22712000014
60万以上,轿车,D,其他能源,玛莎拉蒂,总裁,131.0,2023-04-01,2024-03-01,12,1409656.6895660497
价格缺失/无效,SUV,B,新能源,深蓝,S7,130.0,2023-04-01,2023-05-01,2,0.0
价格缺失/无效,SUV,A,新能源,MG,MG HS,130.0,2023-05-01,2023-12-01,7,0.0
10-15万,轿车,B,新能源,威马,E.5,129.0,2023-04-01,2023-12-01,9,136061.50993933264
价格缺失/无效,MPV,B,其他能源,雷克萨斯,LM,128.0,2023-04-01,2024-03-01,12,0.0
价格缺失/无效,轿车,C,新能源,奥迪,RS e-tron GT,128.0,2023-04-01,2024-03-01,12,0.0
55-60万,SUV,B,其他能源,宝马,X3,127.0,2023-08-01,2024-01-01,6,575070.2362204725
价格缺失/无效,轿车,A,新能源,东风,俊风E11K,126.0,2023-04-01,2024-03-01,12,0.0
价格缺失/无效,SUV,A,新能源,红旗,HS3,125.0,2023-04-01,2024-01-01,10,0.0
60万以上,跑车,跑车,其他能源,迈凯伦,迈凯伦GT,125.0,2023-04-01,2024-01-01,10,2088000.0
60万以上,轿车,C,其他能源,奥迪,S5,124.0,2023-04-01,2023-05-01,2,632572.977534125
30-35万,轿车,C,新能源,红旗,EH7,124.0,2024-03-01,2024-03-01,1,302147.11983880907
5万以下,轿车,A00,其他能源,昌河,北斗星 X5,124.0,2023-04-01,2023-04-01,1,49955.0
价格缺失/无效,轿车,C,新能源,阿维塔,阿维塔12,123.0,2023-09-01,2023-10-01,2,0.0
5-10万,SUV,A0,其他能源,东风风光,风光,121.0,2024-01-01,2024-01-01,1,62489.402400000006
15-20万,SUV,A,其他能源,斯巴鲁,旭豹,121.0,2024-02-01,2024-03-01,2,198337.5202330579
价格缺失/无效,SUV,B,其他能源,魏牌,摩卡,118.0,2023-04-01,2024-03-01,10,0.0
55-60万,SUV,B,其他能源,奥迪,SQ5,117.0,2023-04-01,2023-05-01,2,598800.0
5-10万,MPV,A,新能源,东风风光,风光,117.0,2024-01-01,2024-03-01,3,99176.45076923075
价格缺失/无效,SUV,B,新能源,奇瑞,瑞虎8,116.0,2023-07-01,2024-03-01,7,0.0
15-20万,SUV,A,新能源,荣威,RX5 MAX,116.0,2023-04-01,2023-09-01,6,165296.35111832307
价格缺失/无效,轿车,D,新能源,远航,远航Y6,113.0,2023-09-01,2024-03-01,6,0.0
价格缺失/无效,跑车,跑车,其他能源,法拉利,Portofino,111.0,2023-04-01,2024-02-01,11,0.0
15-20万,轿车,A,新能源,钇为,爱跑,110.0,2024-02-01,2024-03-01,2,164240.69092658197
25-30万,轿车,B,其他能源,捷尼赛思,G70,110.0,2023-04-01,2024-03-01,11,275231.22085636045
价格缺失/无效,SUV,C,新能源,岚图,岚图FREE,110.0,2023-12-01,2024-03-01,3,0.0
35-40万,SUV,C,其他能源,JEEP,大切诺基,109.0,2023-04-01,2023-06-01,3,362182.47342864424
价格缺失/无效,轿车,A,新能源,东风风神,风神E60,109.0,2024-01-01,2024-03-01,3,0.0
55-60万,跑车,跑车,其他能源,捷豹,F-TYPE,107.0,2023-11-01,2024-03-01,5,577952.2897196262
价格缺失/无效,SUV,B,新能源,爱驰,U5,107.0,2023-12-01,2024-03-01,4,0.0
价格缺失/无效,SUV,C,其他能源,宝马,X5,107.0,2023-04-01,2024-03-01,12,0.0
价格缺失/无效,SUV,A,新能源,荣威,RX5,106.0,2023-10-01,2024-01-01,4,0.0
价格缺失/无效,SUV,A,新能源,smart,精灵#3,106.0,2023-05-01,2023-05-01,1,0.0
35-40万,轿车,B,其他能源,阿尔法·罗密欧,朱丽叶,104.0,2023-08-01,2024-01-01,3,378509.2856053993
35-40万,跑车,跑车,其他能源,丰田,86,104.0,2023-04-01,2023-09-01,6,358213.92569069716
55-60万,跑车,跑车,其他能源,丰田,SUPRA,103.0,2023-05-01,2024-02-01,7,582829.69158058
20-25万,SUV,A,其他能源,马自达,CX-50行也,102.0,2023-11-01,2024-03-01,5,235401.803775333
价格缺失/无效,SUV,B,其他能源,雷克萨斯,RX,102.0,2023-05-01,2024-03-01,10,0.0
15-20万,MPV,B,其他能源,瑞风,瑞风L6 MAX,101.0,2023-04-01,2023-12-01,8,179979.79853002477
价格缺失/无效,SUV,B,其他能源,丰田,4Runner,101.0,2023-04-01,2024-03-01,11,0.0
10-15万,SUV,A,新能源,威马,EX5-Z,101.0,2023-07-01,2023-12-01,6,134285.04542904286
15-20万,SUV,B,新能源,大众,途观,101.0,2024-03-01,2024-03-01,1,188781.2315000559
5-10万,轿车,A,其他能源,现代,Verna,97.0,2023-04-01,2023-05-01,2,66491.05503273197
价格缺失/无效,SUV,A0,新能源,云度,云度π3,96.0,2023-06-01,2024-03-01,9,0.0
价格缺失/无效,轿车,A00,新能源,朋克,朋克美美,93.0,2023-04-01,2024-03-01,11,0.0
5-10万,SUV,B,其他能源,斯威,斯威G05,92.0,2024-01-01,2024-03-01,3,95878.27732046926
价格缺失/无效,SUV,A0,其他能源,宝骏,RS-3,91.0,2023-06-01,2024-01-01,7,0.0
5-10万,SUV,A,其他能源,东南,DX5,91.0,2023-04-01,2023-10-01,5,67845.14298159716
10-15万,SUV,A,其他能源,北汽汽车,勇士,91.0,2023-04-01,2024-03-01,11,129126.22376591728
10-15万,SUV,A0,新能源,启辰,启辰T60,90.0,2023-04-01,2023-04-01,1,137171.77586666698
5-10万,MPV,A,其他能源,雪佛兰,沃兰多,89.0,2023-10-01,2024-01-01,4,95302.16196450757
价格缺失/无效,轿车,B,其他能源,本田,英仕派,88.0,2023-10-01,2024-03-01,5,0.0
60万以上,轿车,D,其他能源,劳斯莱斯,幻影,88.0,2023-04-01,2024-03-01,12,8724872.137500001
价格缺失/无效,SUV,A0,其他能源,起亚,KX3,88.0,2023-10-01,2024-03-01,5,0.0
15-20万,MPV,B,新能源,吉利,嘉际,86.0,2023-04-01,2023-05-01,2,162114.17532627072
60万以上,SUV,C,其他能源,奥迪,RS Q8,85.0,2023-04-01,2024-03-01,11,1530329.4117647058
价格缺失/无效,SUV,A,新能源,极氪,极氪X,84.0,2023-05-01,2023-05-01,1,0.0
价格缺失/无效,轿车,A,其他能源,北京汽车,北京U5,84.0,2023-09-01,2024-03-01,5,0.0
价格缺失/无效,SUV,A,新能源,哪吒,哪吒U,83.0,2024-02-01,2024-03-01,2,0.0
10-15万,SUV,A,其他能源,东风风神,AX7,83.0,2024-03-01,2024-03-01,1,106788.90139999999
价格缺失/无效,SUV,A0,其他能源,启辰,启辰T60,83.0,2023-11-01,2024-01-01,3,0.0
40-45万,SUV,A,新能源,起亚,EV6,83.0,2023-09-01,2023-10-01,2,421504.82587951806
价格缺失/无效,SUV,A,其他能源,宝沃,BX5,83.0,2023-04-01,2023-12-01,7,0.0
5-10万,SUV,A0,其他能源,宝骏,RS-3,82.0,2023-04-01,2023-05-01,2,75938.33226951216
价格缺失/无效,MPV,B,新能源,红旗,HQ9,82.0,2024-01-01,2024-03-01,2,0.0
价格缺失/无效,轿车,B,其他能源,福特,蒙迪欧,82.0,2023-11-01,2023-11-01,1,0.0
15-20万,SUV,A,新能源,星途,星途追风,81.0,2023-04-01,2023-05-01,2,152466.47877311043
15-20万,轿车,A,新能源,丰田,卡罗拉,80.0,2023-04-01,2023-07-01,4,153995.11886107438
价格缺失/无效,SUV,B,新能源,比速,比速T5,80.0,2024-03-01,2024-03-01,1,0.0
5-10万,SUV,A,其他能源,海马,8S,80.0,2023-07-01,2024-03-01,8,88119.69604577504
50-55万,轿车,C,新能源,高合,HiPhi Z,79.0,2024-01-01,2024-01-01,1,549117.6499999998
价格缺失/无效,SUV,A,新能源,魏牌,拿铁,79.0,2023-11-01,2023-12-01,2,0.0
价格缺失/无效,跑车,跑车,新能源,松散,松散海豚,79.0,2023-04-01,2023-12-01,8,0.0
40-45万,跑车,跑车,其他能源,宝马,Z4,78.0,2024-03-01,2024-03-01,1,439617.02580000024
价格缺失/无效,SUV,C,新能源,星途,星纪元ET,78.0,2024-03-01,2024-03-01,1,0.0
5-10万,轿车,A00,新能源,欧尚汽车,奔奔E-Star,77.0,2024-03-01,2024-03-01,1,64700.0
价格缺失/无效,SUV,C,新能源,宾利,添越,77.0,2023-04-01,2024-03-01,12,0.0
价格缺失/无效,SUV,A,其他能源,魏牌,玛奇朵,77.0,2023-04-01,2023-12-01,6,0.0
20-25万,MPV,A,新能源,海马,7X,76.0,2023-04-01,2024-03-01,8,241821.07842105263
价格缺失/无效,SUV,B,其他能源,东南,DX8,76.0,2023-04-01,2024-03-01,3,0.0
55-60万,SUV,B,其他能源,奔驰,AMG GLC,75.0,2024-03-01,2024-03-01,1,576700.0
15-20万,SUV,B,新能源,爱驰,U5,74.0,2023-04-01,2023-11-01,7,173247.85300142254
价格缺失/无效,轿车,A00,新能源,欧拉,欧拉黑猫,74.0,2023-04-01,2024-01-01,9,0.0
价格缺失/无效,SUV,A,其他能源,现代,沐飒,74.0,2023-05-01,2023-05-01,1,0.0
20-25万,SUV,A,新能源,林肯,冒险家,73.0,2024-03-01,2024-03-01,1,227900.0000055248
价格缺失/无效,跑车,跑车,其他能源,福特,Mustang,73.0,2023-12-01,2024-01-01,2,0.0
价格缺失/无效,跑车,跑车,新能源,MG,Cyberster,72.0,2023-08-01,2023-10-01,3,0.0
15-20万,SUV,B,其他能源,捷途,捷途X95,72.0,2023-05-01,2024-01-01,3,150946.71088774322
价格缺失/无效,SUV,B,其他能源,讴歌,RDX,72.0,2023-04-01,2023-07-01,4,0.0
5-10万,轿车,A00,新能源,雷诺江铃,小麒麟,72.0,2023-04-01,2023-04-01,1,53646.96472727271
价格缺失/无效,轿车,B,其他能源,丰田,Mirai,71.0,2023-04-01,2024-03-01,6,0.0
10-15万,轿车,B,其他能源,现代,名图,70.0,2023-04-01,2023-08-01,5,126040.21760276731
15-20万,SUV,A,新能源,威马,EX5-Z,69.0,2023-04-01,2023-06-01,3,151221.17527977348
15-20万,MPV,B,其他能源,欧尚汽车,科尚,69.0,2023-04-01,2023-08-01,5,165886.50291737216
价格缺失/无效,轿车,A,其他能源,福特,福克斯,69.0,2023-09-01,2024-02-01,6,0.0
价格缺失/无效,SUV,B,新能源,丰田,4Runner,69.0,2024-03-01,2024-03-01,1,0.0
价格缺失/无效,SUV,A,其他能源,开瑞,开瑞K60,68.0,2023-04-01,2024-02-01,10,0.0
60万以上,轿车,C,其他能源,奥迪,RS7,68.0,2023-04-01,2024-03-01,12,1477130.7756322061
价格缺失/无效,SUV,B,新能源,星途,星途瑶光,66.0,2024-01-01,2024-02-01,2,0.0
价格缺失/无效,轿车,A00,新能源,猎豹,猎豹CS01,65.0,2023-10-01,2024-03-01,6,0.0
价格缺失/无效,轿车,B,新能源,吉利,博瑞,64.0,2023-04-01,2024-03-01,6,0.0
40-45万,轿车,C,新能源,捷尼赛思,G80,64.0,2023-08-01,2024-03-01,8,430290.127125
价格缺失/无效,MPV,B,其他能源,东风小康,380,64.0,2024-03-01,2024-03-01,1,0.0
60万以上,跑车,跑车,其他能源,阿斯顿马丁,DB11,64.0,2023-04-01,2024-03-01,11,2358000.0
价格缺失/无效,轿车,A,新能源,吉利,帝豪GL,63.0,2023-04-01,2024-02-01,8,0.0
价格缺失/无效,SUV,B,新能源,宝沃,BX7,63.0,2023-04-01,2024-01-01,7,0.0
60万以上,SUV,D,其他能源,奔驰,AMG GLS,63.0,2023-11-01,2024-03-01,5,2484130.1587301586
50-55万,SUV,B,新能源,奥迪,e-tron,63.0,2023-06-01,2023-07-01,2,516600.5983089027
5-10万,轿车,A,其他能源,荣威,荣威i6,62.0,2023-08-01,2023-09-01,2,99502.74723333334
25-30万,SUV,A,新能源,雷克萨斯,UX,62.0,2023-04-01,2023-05-01,2,293493.8140504911
价格缺失/无效,SUV,A,其他能源,荣威,RX3,62.0,2023-10-01,2024-01-01,4,0.0
价格缺失/无效,跑车,跑车,其他能源,保时捷,BOXSTER,61.0,2024-03-01,2024-03-01,1,0.0
10-15万,轿车,B,其他能源,东风风神,奕炫,61.0,2023-04-01,2024-03-01,11,115960.76839046789
价格缺失/无效,轿车,A00,新能源,雷丁,雷丁芒果,61.0,2023-04-01,2024-03-01,9,0.0
价格缺失/无效,轿车,A,其他能源,雪佛兰,科沃兹,61.0,2023-04-01,2023-12-01,8,0.0
价格缺失/无效,SUV,C,新能源,理想,理想ONE,61.0,2023-07-01,2024-01-01,5,0.0
价格缺失/无效,SUV,D,其他能源,奔驰,AMG GLS,60.0,2023-04-01,2023-10-01,7,0.0
价格缺失/无效,轿车,B,其他能源,现代,名图,59.0,2023-09-01,2024-03-01,7,0.0
价格缺失/无效,MPV,B,其他能源,奔驰,维特斯,59.0,2023-04-01,2024-01-01,10,0.0
价格缺失/无效,轿车,C,新能源,极狐,阿尔法S5,58.0,2024-01-01,2024-03-01,3,0.0
价格缺失/无效,MPV,B,新能源,魏牌,高山,57.0,2023-09-01,2023-09-01,1,0.0
价格缺失/无效,SUV,D,其他能源,雪佛兰,萨伯曼,57.0,2023-04-01,2024-03-01,12,0.0
价格缺失/无效,SUV,A,其他能源,雪佛兰,创界,56.0,2023-04-01,2023-12-01,8,0.0
10-15万,SUV,A,其他能源,星途,星途TX,55.0,2023-04-01,2023-04-01,1,123269.19387499995
5-10万,SUV,A0,其他能源,野马,博骏,55.0,2023-04-01,2023-06-01,3,82609.39776940909
35-40万,SUV,B,其他能源,阿尔法·罗密欧,斯坦维,54.0,2023-05-01,2024-03-01,9,377263.0054701074
20-25万,SUV,B,其他能源,斯柯达,柯迪亚克,54.0,2023-05-01,2024-03-01,6,208437.69699537382
价格缺失/无效,轿车,C,新能源,红旗,EH7,54.0,2024-02-01,2024-02-01,1,0.0
价格缺失/无效,跑车,跑车,新能源,迈凯伦,Artura,53.0,2023-04-01,2024-03-01,12,0.0
60万以上,跑车,跑车,其他能源,阿斯顿马丁,V8 Vantage,52.0,2023-04-01,2024-02-01,11,1777093.8776923078
价格缺失/无效,轿车,A,新能源,荣威,荣威i6,52.0,2023-04-01,2024-03-01,7,0.0
5-10万,SUV,B,其他能源,斯威,斯威X3,52.0,2023-04-01,2023-12-01,7,56032.13493559782
价格缺失/无效,SUV,A,其他能源,欧尚汽车,欧尚X7,51.0,2023-09-01,2024-03-01,3,0.0
价格缺失/无效,SUV,B,新能源,坦克,坦克400,51.0,2023-08-01,2023-08-01,1,0.0
30-35万,SUV,B,新能源,捷尼赛思,GV60,50.0,2023-04-01,2023-09-01,6,304209.5780010108
价格缺失/无效,SUV,B,新能源,奇瑞,大蚂蚁,50.0,2023-12-01,2024-03-01,2,0.0
15-20万,SUV,B,新能源,天际,天际ME7,50.0,2023-04-01,2024-03-01,10,194900.0
价格缺失/无效,MPV,A,其他能源,宝骏,RM-5,50.0,2023-04-01,2023-12-01,8,0.0
60万以上,跑车,跑车,其他能源,雷克萨斯,LC,50.0,2023-04-01,2024-03-01,11,1200951.1922348954
价格缺失/无效,轿车,A,新能源,别克,微蓝6,50.0,2023-10-01,2024-02-01,4,0.0
15-20万,SUV,A,其他能源,魏牌,拿铁,50.0,2023-04-01,2024-01-01,5,181291.031352749
10-15万,轿车,A,新能源,丰田,卡罗拉,49.0,2023-08-01,2023-08-01,1,146416.21367346897
价格缺失/无效,SUV,A,其他能源,比亚迪,宋,49.0,2023-04-01,2024-03-01,8,0.0
60万以上,轿车,C,其他能源,宝马,M5,49.0,2023-04-01,2023-10-01,7,1442057.9081632653
45-50万,轿车,C,新能源,捷尼赛思,G80,49.0,2023-04-01,2023-07-01,4,455135.5927346939
价格缺失/无效,SUV,B,其他能源,日产,途达,49.0,2023-12-01,2024-01-01,2,0.0
40-45万,轿车,C,其他能源,丰田,皇冠,48.0,2023-07-01,2023-07-01,1,409965.3125
价格缺失/无效,SUV,A,其他能源,别克,昂科拉,48.0,2023-10-01,2024-03-01,4,0.0
价格缺失/无效,轿车,A,其他能源,别克,凯越,48.0,2023-04-01,2023-12-01,6,0.0
40-45万,SUV,B,新能源,捷尼赛思,GV70,47.0,2023-04-01,2023-12-01,9,433492.3381276596
价格缺失/无效,SUV,A0,新能源,MG,ZS,47.0,2023-04-01,2024-03-01,11,0.0
10-15万,轿车,A,新能源,欧拉,芭蕾猫,47.0,2023-07-01,2023-07-01,1,148586.24333333303
15-20万,SUV,A0,新能源,别克,微蓝7,47.0,2023-04-01,2023-11-01,7,174623.43196165518
25-30万,SUV,B,新能源,捷尼赛思,GV60,46.0,2023-10-01,2024-03-01,6,290394.22698695626
价格缺失/无效,SUV,C,新能源,坦克,坦克700,46.0,2024-01-01,2024-01-01,1,0.0
50-55万,SUV,B,其他能源,宝马,X3,45.0,2024-02-01,2024-03-01,2,536473.3333333334
25-30万,SUV,B,新能源,合创,HYCAN 007,45.0,2023-04-01,2024-01-01,9,296466.6666666667
价格缺失/无效,轿车,A00,新能源,北汽汽车,小猫,45.0,2023-04-01,2024-03-01,8,0.0
价格缺失/无效,跑车,跑车,其他能源,法拉利,812,45.0,2023-04-01,2024-03-01,11,0.0
价格缺失/无效,SUV,C,其他能源,马自达,CX-8,45.0,2023-07-01,2023-09-01,3,0.0
价格缺失/无效,轿车,A0,新能源,钇为,钇为3,44.0,2023-05-01,2023-05-01,1,0.0
20-25万,MPV,B,其他能源,瑞风,瑞风RF8,44.0,2024-03-01,2024-03-01,1,224333.33999999988
15-20万,MPV,B,其他能源,瑞风,瑞风RF8,44.0,2024-02-01,2024-03-01,2,187436.3635452269
价格缺失/无效,SUV,B,其他能源,东风风度,帕拉丁,44.0,2023-07-01,2023-07-01,1,0.0
价格缺失/无效,跑车,跑车,新能源,劳斯莱斯,闪灵,44.0,2023-11-01,2024-03-01,5,0.0
40-45万,轿车,B,其他能源,阿尔法·罗密欧,朱丽叶,43.0,2023-09-01,2023-10-01,2,422935.4024157503
60万以上,轿车,C,其他能源,奥迪,S7,43.0,2023-04-01,2024-02-01,11,969639.7830935465
价格缺失/无效,轿车,A00,新能源,敏安汽车,敏微ET1,43.0,2023-04-01,2024-03-01,10,0.0
15-20万,SUV,A,新能源,北京汽车,北京X7,43.0,2023-04-01,2023-12-01,8,190778.81362695526
5-10万,MPV,A,其他能源,野马,斯派卡,43.0,2023-04-01,2023-06-01,3,65666.89008220931
15-20万,跑车,跑车,新能源,哪吒,哪吒GT,43.0,2024-02-01,2024-03-01,2,190224.16338605582
10-15万,SUV,A0,新能源,理念,理念VE-1,42.0,2023-04-01,2024-01-01,9,141828.64316588946
5-10万,SUV,A0,其他能源,宝骏,510,42.0,2023-04-01,2023-05-01,2,56431.49391648354
价格缺失/无效,轿车,B,其他能源,宝骏,RC-6,42.0,2023-04-01,2024-03-01,10,0.0
60万以上,轿车,D,新能源,梅赛德斯-迈巴赫,S级,42.0,2023-04-01,2024-03-01,9,2016000.0
15-20万,SUV,A,其他能源,DS,DS 7,42.0,2023-12-01,2024-01-01,2,192600.00246795887
价格缺失/无效,SUV,A,新能源,吉利,银河L7,42.0,2023-05-01,2023-05-01,1,0.0
55-60万,轿车,B,其他能源,奔驰,C级AMG,42.0,2024-03-01,2024-03-01,1,577009.8139000001
40-45万,SUV,B,其他能源,阿尔法·罗密欧,斯坦维,41.0,2023-04-01,2023-08-01,3,418754.6964265724
价格缺失/无效,轿车,A,其他能源,现代,伊兰特,41.0,2023-11-01,2024-03-01,2,0.0
价格缺失/无效,SUV,A,其他能源,荣威,龙猫,40.0,2023-04-01,2024-01-01,8,0.0
55-60万,SUV,B,新能源,奥迪,e-tron,40.0,2023-04-01,2023-05-01,2,563583.4234086953
价格缺失/无效,SUV,B,新能源,威马,W6,40.0,2024-01-01,2024-03-01,3,0.0
价格缺失/无效,轿车,A0,新能源,江淮,江淮iEV,40.0,2024-02-01,2024-02-01,1,0.0
价格缺失/无效,跑车,跑车,其他能源,法拉利,F8,40.0,2023-04-01,2023-12-01,8,0.0
价格缺失/无效,SUV,B,新能源,荣威,MARVEL X,40.0,2023-04-01,2024-03-01,12,0.0
15-20万,SUV,A,新能源,奇瑞,瑞虎7,40.0,2023-04-01,2023-05-01,2,162894.3073706524
60万以上,轿车,D,其他能源,捷尼赛思,G90,39.0,2023-09-01,2024-03-01,7,752092.526684953
60万以上,跑车,跑车,其他能源,丰田,SUPRA,39.0,2023-04-01,2023-08-01,3,611352.901263141
价格缺失/无效,SUV,D,其他能源,英菲尼迪,QX80,39.0,2023-05-01,2024-03-01,8,0.0
价格缺失/无效,MPV,B,其他能源,红旗,HQ9,39.0,2024-03-01,2024-03-01,1,0.0
价格缺失/无效,SUV,A,其他能源,五菱,星云,39.0,2023-08-01,2023-08-01,1,0.0
5-10万,SUV,A,其他能源,斯威,斯威G01,38.0,2023-11-01,2024-02-01,3,99500.29232105262
价格缺失/无效,跑车,跑车,其他能源,劳斯莱斯,魅影,38.0,2023-04-01,2024-03-01,12,0.0
价格缺失/无效,SUV,A0,新能源,思皓,思皓E40X,38.0,2023-04-01,2024-03-01,10,0.0
价格缺失/无效,SUV,C,新能源,深蓝,G318,38.0,2024-03-01,2024-03-01,1,0.0
20-25万,轿车,B,其他能源,DS,DS 9,36.0,2023-10-01,2024-03-01,6,229407.24139333336
价格缺失/无效,SUV,A0,其他能源,别克,昂科拉,36.0,2023-10-01,2024-03-01,4,0.0
35-40万,SUV,B,其他能源,英菲尼迪,QX55,36.0,2023-04-01,2023-05-01,2,361194.6379504861
50-55万,SUV,D,新能源,红旗,E-HS9,36.0,2024-01-01,2024-02-01,2,529319.1525863012
价格缺失/无效,轿车,A,其他能源,斯柯达,明锐,36.0,2024-03-01,2024-03-01,1,0.0
30-35万,轿车,B,其他能源,大众,Arteon,35.0,2023-04-01,2023-11-01,8,311047.00748526835
价格缺失/无效,SUV,B,新能源,东风风神,SKY EV01,35.0,2023-09-01,2023-10-01,2,0.0
价格缺失/无效,SUV,A,新能源,蓝电,蓝电E3,35.0,2023-09-01,2023-12-01,3,0.0
价格缺失/无效,SUV,A,新能源,广汽传祺,GS4,35.0,2023-12-01,2024-02-01,3,0.0
价格缺失/无效,SUV,A0,其他能源,凯翼,凯翼X3,34.0,2023-04-01,2023-06-01,3,0.0
价格缺失/无效,轿车,D,新能源,路特斯,EMEYA,34.0,2024-01-01,2024-01-01,1,0.0
60万以上,跑车,跑车,其他能源,玛莎拉蒂,MC20,33.0,2023-04-01,2024-02-01,9,2370000.0005115154
25-30万,SUV,C,新能源,广汽传祺,ES9,33.0,2023-10-01,2023-10-01,1,252759.18999999997
60万以上,轿车,C,其他能源,奥迪,S6,33.0,2023-04-01,2024-03-01,12,803716.8181818182
5-10万,SUV,B,其他能源,斯威,斯威X7,33.0,2023-04-01,2023-09-01,5,69730.88092072238
价格缺失/无效,SUV,A,其他能源,斯巴鲁,森林人,32.0,2023-08-01,2023-09-01,2,0.0
价格缺失/无效,轿车,A0,其他能源,丰田,YARiS L,32.0,2023-04-01,2024-02-01,8,0.0
20-25万,SUV,A,新能源,三菱,阿图柯,31.0,2023-04-01,2024-01-01,8,224629.26024990538
价格缺失/无效,SUV,C,其他能源,奥迪,SQ7,30.0,2023-12-01,2023-12-01,1,0.0
10-15万,SUV,A,其他能源,海马,8S,30.0,2023-04-01,2023-06-01,3,100861.12116698877
价格缺失/无效,轿车,A,其他能源,别克,英朗,29.0,2023-09-01,2024-02-01,5,0.0
价格缺失/无效,SUV,A,其他能源,魏牌,拿铁,29.0,2023-09-01,2023-12-01,3,0.0
10-15万,轿车,A,新能源,MG,MG6,28.0,2023-04-01,2023-09-01,6,134343.51754310043
60万以上,跑车,跑车,其他能源,奥迪,R8,27.0,2023-04-01,2023-10-01,6,2234624.537037037
15-20万,SUV,A,新能源,MG,领航,27.0,2023-04-01,2023-04-01,1,158909.03567481998
价格缺失/无效,SUV,B,新能源,赛力斯,赛力斯A5,27.0,2023-12-01,2023-12-01,1,0.0
25-30万,轿车,B,新能源,DS,DS 9,27.0,2023-07-01,2023-12-01,5,285766.81943386246
价格缺失/无效,轿车,B,其他能源,本田,雅阁,27.0,2023-12-01,2024-03-01,2,0.0
价格缺失/无效,SUV,D,其他能源,哈弗,哈弗H5,27.0,2023-07-01,2023-07-01,1,0.0
价格缺失/无效,SUV,A,其他能源,吉利,帝豪GS,26.0,2023-04-01,2024-01-01,7,0.0
价格缺失/无效,SUV,C,新能源,宝马,X5,26.0,2023-04-01,2024-02-01,9,0.0
价格缺失/无效,轿车,B,新能源,威马,E.5,26.0,2024-01-01,2024-03-01,3,0.0
价格缺失/无效,SUV,A,新能源,捷途,旅行者,26.0,2024-03-01,2024-03-01,1,0.0
价格缺失/无效,轿车,A,其他能源,现代,Verna,25.0,2023-04-01,2024-01-01,9,0.0
价格缺失/无效,SUV,A,新能源,长安,CS75,25.0,2023-04-01,2023-08-01,4,0.0
价格缺失/无效,MPV,A,其他能源,野马,斯派卡,25.0,2023-07-01,2024-01-01,5,0.0
价格缺失/无效,SUV,B,新能源,迈克萨斯,D60,25.0,2023-06-01,2023-10-01,4,0.0
价格缺失/无效,SUV,A,其他能源,东南,DX5,25.0,2023-12-01,2024-03-01,3,0.0
价格缺失/无效,轿车,A0,新能源,江南,U2,25.0,2023-04-01,2024-03-01,8,0.0
价格缺失/无效,轿车,A00,其他能源,长安,奔奔,25.0,2023-04-01,2024-03-01,11,0.0
50-55万,跑车,跑车,其他能源,丰田,SUPRA,25.0,2024-01-01,2024-03-01,2,537096.02596
价格缺失/无效,跑车,跑车,其他能源,保时捷,CAYMAN,24.0,2024-03-01,2024-03-01,1,0.0
价格缺失/无效,SUV,B,其他能源,魏牌,VV7,24.0,2023-04-01,2023-12-01,7,0.0
15-20万,SUV,A,新能源,海马,6P,24.0,2023-12-01,2023-12-01,1,175800.0
价格缺失/无效,SUV,B,新能源,极狐,阿尔法T5,24.0,2023-11-01,2023-11-01,1,0.0
价格缺失/无效,跑车,跑车,其他能源,日产,日产Z,24.0,2023-07-01,2024-03-01,9,0.0
价格缺失/无效,MPV,A,其他能源,欧尚汽车,欧尚长行,23.0,2023-10-01,2023-11-01,2,0.0
价格缺失/无效,MPV,A,其他能源,斯威,斯威X2,23.0,2023-04-01,2023-12-01,7,0.0
价格缺失/无效,MPV,A,其他能源,宝骏,730,23.0,2023-04-01,2023-12-01,7,0.0
价格缺失/无效,轿车,A0,新能源,速达,SA01,23.0,2023-04-01,2023-10-01,6,0.0
价格缺失/无效,SUV,A,其他能源,现代,ix 35,23.0,2024-01-01,2024-03-01,3,0.0
价格缺失/无效,SUV,B,其他能源,荣威,RX8,23.0,2023-10-01,2024-03-01,6,0.0
10-15万,轿车,A0,新能源,江淮,江淮iEV,23.0,2024-03-01,2024-03-01,1,117688.11799999999
价格缺失/无效,跑车,跑车,其他能源,法拉利,Daytona SP3,22.0,2023-04-01,2024-03-01,9,0.0
价格缺失/无效,SUV,A0,新能源,哪吒,哪吒V,22.0,2024-01-01,2024-03-01,3,0.0
价格缺失/无效,SUV,A,其他能源,长安,CS55,22.0,2023-04-01,2023-11-01,6,0.0
价格缺失/无效,轿车,A00,新能源,国新汽车,ET300,21.0,2023-04-01,2024-03-01,3,0.0
价格缺失/无效,轿车,D,其他能源,捷尼赛思,G90,21.0,2023-04-01,2023-08-01,3,0.0
60万以上,轿车,D,其他能源,宝马,M8,21.0,2023-04-01,2023-12-01,9,2056171.7010947962
价格缺失/无效,轿车,A0,其他能源,MG,MG3,21.0,2023-06-01,2023-06-01,1,0.0
价格缺失/无效,轿车,A,新能源,宝骏,云朵,21.0,2023-07-01,2023-07-01,1,0.0
15-20万,SUV,A0,其他能源,丰田,C-HR,21.0,2023-04-01,2023-04-01,1,150958.47094959702
10-15万,SUV,A,新能源,蓝电,蓝电E3,21.0,2024-01-01,2024-03-01,3,142800.0
30-35万,轿车,B,新能源,沃尔沃,S60,21.0,2024-02-01,2024-03-01,2,349847.78733333334
价格缺失/无效,SUV,A,其他能源,哈弗,哈弗F7,21.0,2023-04-01,2023-12-01,5,0.0
价格缺失/无效,SUV,B,其他能源,别克,昂科威,21.0,2023-05-01,2023-12-01,6,0.0
60万以上,跑车,跑车,新能源,昊铂,昊铂SSR,20.0,2023-11-01,2024-03-01,5,1359539.3199999996
60万以上,跑车,跑车,其他能源,保时捷,718,20.0,2023-04-01,2023-04-01,1,644407.1959076917
价格缺失/无效,SUV,A,新能源,吉利,星越,20.0,2023-04-01,2024-03-01,2,0.0
价格缺失/无效,SUV,A,其他能源,捷豹,E-pace,20.0,2023-04-01,2023-07-01,4,0.0
价格缺失/无效,SUV,A,新能源,威马,EX5-Z,20.0,2024-01-01,2024-03-01,3,0.0
价格缺失/无效,跑车,跑车,其他能源,日产,GT-R,20.0,2023-10-01,2024-03-01,6,0.0
5-10万,轿车,A00,新能源,雷丁,雷丁芒果,20.0,2023-04-01,2023-06-01,3,53237.9125
价格缺失/无效,轿车,B,新能源,本田,雅阁,20.0,2023-05-01,2023-05-01,1,0.0
25-30万,SUV,A,其他能源,捷豹,E-pace,19.0,2023-08-01,2023-08-01,1,297421.1326
价格缺失/无效,SUV,A,新能源,荣威,RX5 MAX,19.0,2023-10-01,2023-12-01,3,0.0
价格缺失/无效,MPV,B,新能源,东风风行,风行游艇V9,19.0,2024-01-01,2024-02-01,2,0.0
5-10万,SUV,B,其他能源,思皓,思皓X8,19.0,2024-03-01,2024-03-01,1,90719.4524301312
价格缺失/无效,轿车,A,新能源,起亚,K3,19.0,2023-04-01,2023-10-01,4,0.0
价格缺失/无效,轿车,A,其他能源,本田,享域,19.0,2024-01-01,2024-02-01,2,0.0
15-20万,SUV,B,新能源,迈克萨斯,D60,19.0,2023-04-01,2024-01-01,5,180875.75374087374
5-10万,SUV,A,其他能源,北汽汽车,战旗,19.0,2023-04-01,2023-04-01,1,87527.37617142861
价格缺失/无效,SUV,A,其他能源,宝骏,530,19.0,2023-05-01,2024-03-01,10,0.0
价格缺失/无效,轿车,A00,新能源,比亚迪,e1,18.0,2023-04-01,2023-11-01,4,0.0
价格缺失/无效,SUV,A,新能源,魏牌,玛奇朵,18.0,2023-04-01,2023-12-01,7,0.0
35-40万,SUV,A,新能源,起亚,EV6,17.0,2023-12-01,2024-03-01,3,354444.39375421975
价格缺失/无效,SUV,B,新能源,腾势,腾势N7,17.0,2023-06-01,2023-06-01,1,0.0
价格缺失/无效,轿车,B,新能源,现代,名图,17.0,2023-09-01,2024-03-01,5,0.0
60万以上,跑车,跑车,其他能源,奔驰,SL级AMG,17.0,2023-11-01,2024-03-01,4,2222502.9411764704
价格缺失/无效,SUV,A,其他能源,雷克萨斯,UX,17.0,2023-08-01,2023-09-01,2,0.0
价格缺失/无效,轿车,A,新能源,丰田,卡罗拉,17.0,2023-09-01,2023-12-01,4,0.0
价格缺失/无效,轿车,A,其他能源,福特,福睿斯,17.0,2023-04-01,2024-01-01,5,0.0
价格缺失/无效,SUV,D,新能源,远航,远航H8,17.0,2023-12-01,2024-03-01,4,0.0
价格缺失/无效,轿车,A,其他能源,本田,思域,17.0,2024-03-01,2024-03-01,1,0.0
价格缺失/无效,SUV,C,新能源,凯迪拉克,IQ傲歌,16.0,2023-12-01,2024-03-01,4,0.0
60万以上,轿车,D,其他能源,奥迪,S8,16.0,2023-04-01,2024-01-01,9,1956412.65625
价格缺失/无效,SUV,A0,其他能源,宝沃,BX3,16.0,2023-05-01,2023-12-01,4,0.0
价格缺失/无效,MPV,B,新能源,五菱,五菱征程,16.0,2023-06-01,2023-08-01,3,0.0
价格缺失/无效,轿车,A,新能源,力帆,650,16.0,2024-03-01,2024-03-01,1,0.0
30-35万,SUV,A,新能源,起亚,EV6,16.0,2023-11-01,2024-02-01,2,342143.70575749996
15-20万,SUV,B,新能源,奇瑞,大蚂蚁,16.0,2023-04-01,2023-07-01,4,168020.83333333326
价格缺失/无效,SUV,B,新能源,赛力斯,赛力斯SF5,15.0,2023-07-01,2024-01-01,5,0.0
价格缺失/无效,轿车,C,新能源,小米,小米SU7,15.0,2024-01-01,2024-01-01,1,0.0
10-15万,轿车,A,新能源,富康,富康ES500,15.0,2023-04-01,2023-09-01,3,141800.0
价格缺失/无效,轿车,B,新能源,丰田,Mirai,15.0,2023-09-01,2023-09-01,1,0.0
价格缺失/无效,轿车,B,其他能源,雪佛兰,迈锐宝,15.0,2023-04-01,2023-09-01,5,0.0
5-10万,轿车,A0,新能源,江淮,江淮iEV,15.0,2023-04-01,2023-11-01,4,95193.33333333333
价格缺失/无效,SUV,B,其他能源,潍柴,U75,14.0,2023-04-01,2023-08-01,2,0.0
价格缺失/无效,SUV,B,其他能源,斯威,斯威大虎,14.0,2024-03-01,2024-03-01,1,0.0
价格缺失/无效,SUV,A0,新能源,丰田,奕泽IZOA,14.0,2023-09-01,2024-03-01,5,0.0
价格缺失/无效,SUV,A0,其他能源,野马,博骏,14.0,2023-09-01,2023-12-01,3,0.0
5-10万,SUV,A0,其他能源,思皓,思皓X4,13.0,2023-04-01,2024-01-01,4,89178.35601269228
价格缺失/无效,轿车,A00,新能源,昌河,北斗星 X5,13.0,2024-01-01,2024-03-01,3,0.0
价格缺失/无效,SUV,A,其他能源,宝骏,RS-5,13.0,2023-04-01,2024-01-01,7,0.0
价格缺失/无效,轿车,A,新能源,大众,朗逸,13.0,2023-06-01,2023-10-01,4,0.0
价格缺失/无效,SUV,A0,其他能源,吉利,远景X3,13.0,2023-05-01,2024-01-01,6,0.0
价格缺失/无效,SUV,B,新能源,腾势,腾势X,13.0,2023-04-01,2024-03-01,7,0.0
价格缺失/无效,轿车,A00,新能源,知豆,知豆,13.0,2023-05-01,2023-10-01,5,0.0
15-20万,SUV,A0,新能源,丰田,奕泽IZOA,13.0,2023-04-01,2023-08-01,5,162232.9897582415
15-20万,MPV,B,其他能源,瑞风,瑞风L5,12.0,2023-06-01,2023-06-01,1,150309.73156
价格缺失/无效,跑车,跑车,其他能源,雪佛兰,科尔维特,12.0,2023-06-01,2024-03-01,5,0.0
价格缺失/无效,轿车,A00,新能源,电动屋,悦01,12.0,2024-02-01,2024-03-01,2,0.0
价格缺失/无效,SUV,C,新能源,哪吒,哪吒L,12.0,2024-01-01,2024-01-01,1,0.0
价格缺失/无效,轿车,A00,新能源,知豆,知豆D2,12.0,2023-04-01,2024-03-01,3,0.0
价格缺失/无效,SUV,A,其他能源,启辰,启辰大V,12.0,2024-01-01,2024-03-01,2,0.0
价格缺失/无效,SUV,A,新能源,摩登汽车,Modern in,12.0,2023-04-01,2023-11-01,6,0.0
价格缺失/无效,SUV,A,新能源,雷克萨斯,UX,12.0,2023-06-01,2023-11-01,5,0.0
价格缺失/无效,SUV,A0,其他能源,雪铁龙,C3-XR,12.0,2023-09-01,2024-01-01,4,0.0
价格缺失/无效,MPV,A,其他能源,比亚迪,宋MAX,12.0,2023-04-01,2024-02-01,5,0.0
价格缺失/无效,SUV,B,新能源,魏牌,VV7,11.0,2023-07-01,2023-12-01,4,0.0
价格缺失/无效,MPV,A,其他能源,宝骏,360,11.0,2023-04-01,2024-03-01,5,0.0
价格缺失/无效,轿车,A,其他能源,奇瑞,艾瑞泽GX,11.0,2023-11-01,2024-03-01,3,0.0
价格缺失/无效,SUV,A0,其他能源,宝骏,510,11.0,2023-06-01,2023-10-01,4,0.0
价格缺失/无效,SUV,B,新能源,奔驰,EQC,11.0,2024-01-01,2024-03-01,2,0.0
30-35万,SUV,B,新能源,奔驰,EQC,11.0,2023-10-01,2023-10-01,1,349657.982016043
价格缺失/无效,跑车,跑车,其他能源,斯巴鲁,BRZ,11.0,2023-12-01,2024-03-01,4,0.0
5-10万,SUV,A0,其他能源,长安,CS15,11.0,2023-04-01,2023-10-01,4,66427.26970136364
价格缺失/无效,SUV,A,新能源,领克,领克02,10.0,2023-07-01,2024-03-01,4,0.0
价格缺失/无效,跑车,跑车,其他能源,劳斯莱斯,曜影,10.0,2023-04-01,2024-01-01,8,0.0
价格缺失/无效,MPV,B,其他能源,迈克萨斯,G70,10.0,2023-09-01,2023-10-01,2,0.0
15-20万,SUV,A,新能源,领克,领克05,10.0,2024-01-01,2024-03-01,3,198800.0
价格缺失/无效,轿车,B,其他能源,宝马,3系,10.0,2023-04-01,2024-03-01,10,0.0
价格缺失/无效,轿车,A00,新能源,江淮,江淮iEV,10.0,2024-03-01,2024-03-01,1,0.0
价格缺失/无效,MPV,B,新能源,广汽传祺,E8,10.0,2023-09-01,2023-09-01,1,0.0
30-35万,轿车,B,新能源,DS,DS 9,10.0,2023-04-01,2023-08-01,4,314352.1358571428
价格缺失/无效,SUV,A,其他能源,猎豹,迈途,10.0,2023-04-01,2024-02-01,7,0.0
55-60万,轿车,C,新能源,宝马,i5,10.0,2024-03-01,2024-03-01,1,595900.0
价格缺失/无效,轿车,A,其他能源,斯巴鲁,翼豹,10.0,2023-05-01,2024-03-01,4,0.0
20-25万,SUV,A,新能源,标致,4008,10.0,2023-06-01,2023-06-01,1,236319.953333333
10-15万,SUV,A0,新能源,国机智骏,GX5,10.0,2023-04-01,2023-04-01,1,126574.834
价格缺失/无效,SUV,A,新能源,赛力斯,赛力斯ix3,9.0,2023-10-01,2023-10-01,1,0.0
价格缺失/无效,轿车,A,其他能源,吉利,远景,9.0,2023-04-01,2024-02-01,6,0.0
价格缺失/无效,轿车,A00,新能源,宝骏,E200,9.0,2023-05-01,2023-10-01,3,0.0
价格缺失/无效,SUV,A,其他能源,JEEP,指南者,9.0,2023-04-01,2023-10-01,3,0.0
15-20万,轿车,B,新能源,现代,名图,9.0,2023-04-01,2023-08-01,5,170740.42679012354
价格缺失/无效,轿车,A00,新能源,奇瑞,QQ,9.0,2023-04-01,2024-03-01,6,0.0
价格缺失/无效,跑车,跑车,其他能源,奥迪,TT,9.0,2024-01-01,2024-03-01,3,0.0
25-30万,轿车,A,其他能源,DS,DS 4,9.0,2023-07-01,2023-12-01,3,280172.9646355556
价格缺失/无效,MPV,B,新能源,东风风行,星海V9,9.0,2024-03-01,2024-03-01,1,0.0
价格缺失/无效,轿车,A0,其他能源,本田,飞度,9.0,2024-01-01,2024-01-01,1,0.0
30-35万,跑车,跑车,其他能源,丰田,86,9.0,2023-10-01,2024-01-01,4,338764.0876326985
价格缺失/无效,SUV,D,新能源,丰田,世极,9.0,2023-12-01,2024-03-01,4,0.0
价格缺失/无效,SUV,A,其他能源,讴歌,CDX,9.0,2023-04-01,2023-12-01,3,0.0
价格缺失/无效,轿车,A00,新能源,宝骏,E300,9.0,2023-05-01,2024-03-01,2,0.0
价格缺失/无效,SUV,A,新能源,马自达,CX-30,8.0,2024-03-01,2024-03-01,1,0.0
价格缺失/无效,SUV,A0,其他能源,江淮,瑞风,8.0,2023-04-01,2024-01-01,6,0.0
价格缺失/无效,SUV,B,其他能源,东风风光,风光,8.0,2024-01-01,2024-01-01,1,0.0
价格缺失/无效,SUV,B,其他能源,INEOS,Grenadier,8.0,2024-02-01,2024-03-01,2,0.0
价格缺失/无效,SUV,A0,新能源,比亚迪,S2,8.0,2023-04-01,2023-07-01,3,0.0
10-15万,SUV,A,新能源,MG,领航,8.0,2023-08-01,2024-01-01,2,139658.695
价格缺失/无效,轿车,A,其他能源,比亚迪,F3,8.0,2023-04-01,2023-12-01,4,0.0
50-55万,轿车,B,其他能源,奔驰,CLE,8.0,2024-03-01,2024-03-01,1,521944.4391
15-20万,轿车,A,新能源,广汽传祺,绎乐,8.0,2023-04-01,2023-06-01,3,150664.03107608727
价格缺失/无效,SUV,A,其他能源,宝马,X2,8.0,2024-01-01,2024-02-01,2,0.0
30-35万,SUV,A,其他能源,阿尔法·罗密欧,托纳利,8.0,2023-12-01,2024-02-01,3,341719.25925
60万以上,轿车,C,新能源,宝马,i5,8.0,2024-01-01,2024-02-01,2,639900.0
价格缺失/无效,SUV,A,其他能源,JEEP,自由光,8.0,2023-05-01,2023-11-01,4,0.0
价格缺失/无效,SUV,B,新能源,比亚迪,宋L,8.0,2023-11-01,2023-11-01,1,0.0
60万以上,SUV,C,新能源,路虎,卫士,8.0,2023-04-01,2023-07-01,4,804956.6176470589
价格缺失/无效,SUV,A,其他能源,北汽汽车,战旗,8.0,2024-01-01,2024-01-01,1,0.0
价格缺失/无效,SUV,A,其他能源,丰田,卡罗拉,8.0,2023-07-01,2023-07-01,1,0.0
价格缺失/无效,SUV,A,其他能源,东南,DX7星跃,8.0,2023-04-01,2023-12-01,4,0.0
60万以上,跑车,跑车,其他能源,福特,Mustang,8.0,2024-02-01,2024-03-01,2,725000.0
价格缺失/无效,SUV,B,其他能源,JEEP,大指挥官,7.0,2023-04-01,2023-07-01,4,0.0
价格缺失/无效,SUV,A,其他能源,奔驰,GLA级,7.0,2024-03-01,2024-03-01,1,0.0
价格缺失/无效,SUV,B,其他能源,奇瑞,瑞虎9,7.0,2023-04-01,2023-04-01,1,0.0
10-15万,SUV,B,其他能源,东风风光,风光ix7,7.0,2023-06-01,2023-06-01,1,137066.094574359
5万以下,轿车,A0,其他能源,长安,悦翔,7.0,2023-04-01,2023-07-01,4,47170.494099247
价格缺失/无效,SUV,C,新能源,别克,别克E4,7.0,2023-05-01,2023-05-01,1,0.0
10-15万,轿车,A,新能源,丰田,雷凌,7.0,2023-06-01,2023-09-01,3,149074.35064935058
价格缺失/无效,SUV,B,其他能源,欧尚汽车,科赛,7.0,2023-04-01,2023-06-01,3,0.0
25-30万,SUV,B,新能源,赛力斯,赛力斯SF5,7.0,2023-04-01,2023-06-01,3,266800.0
25-30万,跑车,跑车,其他能源,斯巴鲁,BRZ,7.0,2023-08-01,2023-11-01,3,292424.0259740259
价格缺失/无效,SUV,A,其他能源,魏牌,VV6,7.0,2023-05-01,2023-12-01,3,0.0
价格缺失/无效,SUV,B,其他能源,斯威,斯威X7,7.0,2023-11-01,2023-12-01,2,0.0
价格缺失/无效,SUV,B,新能源,爱驰,U6,7.0,2023-12-01,2024-02-01,3,0.0
价格缺失/无效,SUV,A0,新能源,江淮,江淮iEV,6.0,2023-04-01,2023-12-01,5,0.0
价格缺失/无效,SUV,C,其他能源,斯巴鲁,Ascent,6.0,2023-06-01,2023-11-01,3,0.0
价格缺失/无效,SUV,A,其他能源,哈弗,哈弗H4,6.0,2023-06-01,2024-02-01,3,0.0
价格缺失/无效,SUV,A0,其他能源,哈弗,哈弗H2,6.0,2023-06-01,2024-01-01,4,0.0
价格缺失/无效,SUV,A,其他能源,红旗,HS3,6.0,2023-06-01,2023-06-01,1,0.0
价格缺失/无效,轿车,A,其他能源,现代,悦动,6.0,2023-10-01,2024-01-01,4,0.0
价格缺失/无效,SUV,A,新能源,比亚迪,宋,6.0,2023-04-01,2023-11-01,3,0.0
10-15万,轿车,A,其他能源,领克,领克02,5.0,2023-11-01,2023-12-01,2,145127.98029556678
价格缺失/无效,轿车,A,新能源,MG,MG6,5.0,2023-10-01,2023-12-01,3,0.0
价格缺失/无效,轿车,B,其他能源,奔驰,C级AMG,5.0,2023-10-01,2023-10-01,1,0.0
价格缺失/无效,SUV,A,其他能源,雷诺,QM6,5.0,2023-10-01,2024-01-01,4,0.0
10-15万,MPV,A,新能源,欧尚汽车,欧尚,5.0,2023-04-01,2023-06-01,3,127475.0
价格缺失/无效,轿车,C,其他能源,福特,金牛座,5.0,2023-06-01,2023-12-01,3,0.0
5-10万,SUV,A,其他能源,北京越野,BJ30,5.0,2023-10-01,2023-11-01,2,99446.98782944446
价格缺失/无效,SUV,A0,其他能源,现代,ix 25,5.0,2023-04-01,2023-12-01,5,0.0
价格缺失/无效,轿车,B,新能源,蔚来,蔚来ET5,5.0,2023-05-01,2023-05-01,1,0.0
5-10万,轿车,B,其他能源,北京汽车,北京U7,5.0,2023-04-01,2023-07-01,4,89359.88696354418
20-25万,SUV,B,新能源,迈克萨斯,D60,5.0,2023-11-01,2024-03-01,3,224817.389984348
价格缺失/无效,SUV,A,其他能源,北京汽车,北京X5,5.0,2023-04-01,2023-12-01,4,0.0
20-25万,SUV,B,新能源,奔腾,奔腾E01,5.0,2023-05-01,2023-07-01,3,217272.727272727
价格缺失/无效,MPV,B,新能源,东风风行,风行游艇,5.0,2024-02-01,2024-03-01,2,0.0
价格缺失/无效,SUV,C,其他能源,英菲尼迪,QX60,5.0,2023-05-01,2023-11-01,5,0.0
价格缺失/无效,MPV,A,新能源,欧尚汽车,欧尚,5.0,2024-01-01,2024-01-01,1,0.0
价格缺失/无效,SUV,B,其他能源,本田,Pilot,5.0,2023-05-01,2024-03-01,4,0.0
10-15万,轿车,A,新能源,广汽传祺,绎乐,5.0,2023-07-01,2024-03-01,5,147697.52121739142
价格缺失/无效,SUV,B,新能源,理想,理想L6,5.0,2024-03-01,2024-03-01,1,0.0
60万以上,跑车,跑车,其他能源,阿斯顿马丁,DBS,5.0,2023-05-01,2023-12-01,4,4008000.0
价格缺失/无效,MPV,B,其他能源,丰田,Granvia,5.0,2024-03-01,2024-03-01,1,0.0
15-20万,SUV,A,新能源,福特,锐际,5.0,2023-04-01,2023-08-01,3,188837.777777778
价格缺失/无效,轿车,A,其他能源,DS,DS 4,5.0,2023-05-01,2023-06-01,2,0.0
60万以上,SUV,C,其他能源,法拉利,Purosangue,4.0,2024-03-01,2024-03-01,1,4988000.0
价格缺失/无效,MPV,B,其他能源,瑞风,瑞风RF8,4.0,2024-01-01,2024-01-01,1,0.0
60万以上,轿车,D,新能源,宝马,7系,4.0,2023-11-01,2024-03-01,4,1812475.0
价格缺失/无效,MPV,A,其他能源,别克,GL6,4.0,2023-10-01,2023-11-01,2,0.0
价格缺失/无效,SUV,D,新能源,GMC,悍马,4.0,2024-02-01,2024-03-01,2,0.0
价格缺失/无效,轿车,A,新能源,海马,M3,4.0,2023-05-01,2023-11-01,3,0.0
价格缺失/无效,SUV,A,其他能源,起亚,KX5,4.0,2023-07-01,2023-11-01,2,0.0
价格缺失/无效,SUV,B,其他能源,江淮,瑞风,4.0,2023-05-01,2023-10-01,3,0.0
价格缺失/无效,SUV,B,其他能源,比亚迪,唐,4.0,2023-06-01,2023-12-01,3,0.0
价格缺失/无效,SUV,A,其他能源,马自达,CX-50行也,4.0,2023-10-01,2023-10-01,1,0.0
价格缺失/无效,SUV,A0,其他能源,奔腾,奔腾T33,4.0,2023-04-01,2023-12-01,4,0.0
价格缺失/无效,轿车,A00,新能源,领途,E行,4.0,2023-04-01,2023-12-01,3,0.0
价格缺失/无效,MPV,B,新能源,吉利,英伦LX,4.0,2023-05-01,2023-07-01,2,0.0
价格缺失/无效,SUV,A,新能源,雪铁龙,C5,4.0,2023-07-01,2024-03-01,3,0.0
价格缺失/无效,SUV,A,新能源,众泰,T300,4.0,2023-04-01,2023-05-01,2,0.0
价格缺失/无效,轿车,B,新能源,标致,508,4.0,2023-07-01,2024-03-01,2,0.0
价格缺失/无效,轿车,A,其他能源,奥迪,RS3,4.0,2024-01-01,2024-03-01,2,0.0
价格缺失/无效,SUV,A,其他能源,广汽传祺,GS4,4.0,2023-06-01,2024-03-01,4,0.0
价格缺失/无效,MPV,B,其他能源,大众,MULTIVAN,4.0,2023-05-01,2023-05-01,1,0.0
价格缺失/无效,SUV,A0,新能源,别克,微蓝7,4.0,2023-12-01,2024-03-01,3,0.0
价格缺失/无效,轿车,A,其他能源,广汽传祺,GA4,4.0,2023-04-01,2024-01-01,4,0.0
价格缺失/无效,轿车,A0,新能源,速达,SD01,3.0,2023-04-01,2023-10-01,3,0.0
价格缺失/无效,轿车,A,其他能源,比亚迪,秦,3.0,2023-06-01,2023-12-01,2,0.0
价格缺失/无效,轿车,A00,新能源,赛麟汽车,迈迈,3.0,2023-05-01,2023-09-01,3,0.0
价格缺失/无效,SUV,A0,新能源,东风风光,风光,3.0,2023-06-01,2023-11-01,2,0.0
60万以上,SUV,C,其他能源,雷克萨斯,GX,3.0,2024-03-01,2024-03-01,1,1018500.00233333
价格缺失/无效,SUV,A0,新能源,丰田,C-HR,3.0,2023-07-01,2024-01-01,3,0.0
价格缺失/无效,轿车,A00,新能源,猎豹,嘉远KOMI,3.0,2023-04-01,2023-05-01,2,0.0
价格缺失/无效,SUV,A,其他能源,猎豹,猎豹CS10,3.0,2023-04-01,2023-12-01,3,0.0
5万以下,MPV,A,其他能源,欧尚汽车,欧尚,3.0,2023-04-01,2023-04-01,1,48146.875
价格缺失/无效,SUV,C,其他能源,宝骏,RS-7,3.0,2023-06-01,2023-12-01,2,0.0
价格缺失/无效,轿车,A00,新能源,欧拉,欧拉白猫,3.0,2023-04-01,2023-06-01,2,0.0
15-20万,轿车,A,新能源,起亚,K3,3.0,2023-06-01,2023-06-01,1,175230.55999999997
价格缺失/无效,SUV,B,其他能源,哈弗,哈弗H7,3.0,2023-09-01,2023-12-01,2,0.0
价格缺失/无效,轿车,A,其他能源,荣威,350,3.0,2023-06-01,2023-09-01,3,0.0
价格缺失/无效,MPV,B,其他能源,雪佛兰,Express,3.0,2024-03-01,2024-03-01,1,0.0
价格缺失/无效,SUV,B,其他能源,奥迪,Q5,3.0,2024-03-01,2024-03-01,1,0.0
价格缺失/无效,轿车,A,其他能源,江淮,嘉悦A5,3.0,2023-06-01,2023-10-01,3,0.0
价格缺失/无效,SUV,A,其他能源,三菱,奕歌,3.0,2024-02-01,2024-02-01,1,0.0
15-20万,轿车,A,新能源,丰田,雷凌,3.0,2023-04-01,2023-05-01,2,153263.79066666632
价格缺失/无效,SUV,A,其他能源,江淮,嘉悦X7,3.0,2023-04-01,2023-04-01,1,0.0
35-40万,SUV,B,新能源,捷尼赛思,GV70,3.0,2024-01-01,2024-03-01,2,385800.00359999965
价格缺失/无效,SUV,A0,其他能源,东南,DX3,3.0,2023-12-01,2023-12-01,1,0.0
价格缺失/无效,轿车,A,新能源,比亚迪,E5,3.0,2023-04-01,2023-12-01,2,0.0
价格缺失/无效,SUV,A0,其他能源,起亚,Sonet,3.0,2024-03-01,2024-03-01,1,0.0
60万以上,SUV,C,新能源,JEEP,大切诺基,3.0,2023-07-01,2023-12-01,3,749900.0
价格缺失/无效,轿车,A,其他能源,现代,领动,3.0,2023-04-01,2024-01-01,3,0.0
价格缺失/无效,SUV,B,新能源,JEEP,大指挥官,3.0,2023-04-01,2023-09-01,2,0.0
价格缺失/无效,轿车,A,新能源,丰田,雷凌,3.0,2023-10-01,2023-12-01,2,0.0
价格缺失/无效,SUV,B,新能源,雪佛兰,探界者,2.0,2024-01-01,2024-01-01,1,0.0
价格缺失/无效,SUV,C,其他能源,JEEP,大切诺基,2.0,2023-08-01,2023-09-01,2,0.0
价格缺失/无效,轿车,A00,新能源,海马,海马E1,2.0,2023-05-01,2023-05-01,1,0.0
价格缺失/无效,SUV,B,其他能源,思皓,思皓X7,2.0,2023-10-01,2024-03-01,2,0.0
价格缺失/无效,轿车,D,其他能源,红旗,红旗 L5,2.0,2023-11-01,2024-03-01,2,0.0
30-35万,轿车,B,其他能源,沃尔沃,S60,2.0,2024-03-01,2024-03-01,1,349905.75
价格缺失/无效,MPV,B,新能源,九龙,艾菲,2.0,2023-12-01,2023-12-01,1,0.0
价格缺失/无效,轿车,A00,新能源,雷丁,雷丁i3,2.0,2024-03-01,2024-03-01,1,0.0
价格缺失/无效,SUV,B,新能源,威马,EX6 Plus,2.0,2023-12-01,2024-02-01,2,0.0
价格缺失/无效,SUV,A,其他能源,纳智捷,优6,2.0,2023-07-01,2023-09-01,2,0.0
15-20万,SUV,A,新能源,福特,领界,2.0,2024-01-01,2024-02-01,2,154254.0465
价格缺失/无效,跑车,跑车,新能源,前途,前途K50,2.0,2023-07-01,2024-01-01,2,0.0
价格缺失/无效,SUV,B,新能源,奥迪,e-tron,2.0,2023-04-01,2023-05-01,2,0.0
价格缺失/无效,MPV,A,新能源,极狐,考拉,2.0,2023-08-01,2023-08-01,1,0.0
价格缺失/无效,SUV,A,其他能源,哈弗,哈弗F5,2.0,2023-05-01,2023-05-01,1,0.0
价格缺失/无效,SUV,A,新能源,思皓,思皓E50A,2.0,2023-04-01,2023-06-01,2,0.0
价格缺失/无效,轿车,A,新能源,现代,领动,2.0,2023-04-01,2023-05-01,2,0.0
价格缺失/无效,MPV,A,新能源,野马,斯派卡,2.0,2023-07-01,2024-02-01,2,0.0
价格缺失/无效,MPV,B,其他能源,奔驰,威霆,2.0,2024-03-01,2024-03-01,1,0.0
价格缺失/无效,MPV,B,其他能源,海马,福美来F7,2.0,2023-06-01,2023-06-01,1,0.0
15-20万,SUV,B,新能源,奔腾,奔腾E01,2.0,2023-11-01,2024-03-01,2,178450.00414999848
价格缺失/无效,MPV,B,其他能源,江淮,瑞风,2.0,2023-05-01,2023-12-01,2,0.0
价格缺失/无效,轿车,A00,其他能源,众泰,E200,2.0,2024-03-01,2024-03-01,1,0.0
价格缺失/无效,轿车,A,新能源,奔腾,奔腾B30,2.0,2023-05-01,2023-07-01,2,0.0
价格缺失/无效,轿车,A00,其他能源,比亚迪,F0,2.0,2023-09-01,2023-10-01,2,0.0
价格缺失/无效,轿车,A,其他能源,标致,308,2.0,2023-12-01,2024-02-01,2,0.0
60万以上,跑车,跑车,其他能源,玛莎拉蒂,GranTurismo,2.0,2024-01-01,2024-01-01,1,1460000.0419
10-15万,SUV,B,其他能源,东风风光,风光,2.0,2024-01-01,2024-01-01,1,104500.000282
价格缺失/无效,轿车,A,新能源,富康,富康ES500,2.0,2023-12-01,2024-02-01,2,0.0
价格缺失/无效,轿车,A00,新能源,北京汽车,EC系列,2.0,2023-10-01,2023-11-01,2,0.0
价格缺失/无效,轿车,A,新能源,广汽传祺,iA5,2.0,2023-12-01,2024-01-01,2,0.0
价格缺失/无效,SUV,A,其他能源,众泰,T500,1.0,2023-12-01,2023-12-01,1,0.0
价格缺失/无效,MPV,B,其他能源,欧尚汽车,科尚,1.0,2023-12-01,2023-12-01,1,0.0
20-25万,SUV,A,新能源,雪铁龙,C5,1.0,2023-06-01,2023-06-01,1,231700.0
价格缺失/无效,SUV,A,其他能源,东风风行,景逸,1.0,2023-10-01,2023-10-01,1,0.0
价格缺失/无效,SUV,A,其他能源,观致,观致5,1.0,2023-04-01,2023-04-01,1,0.0
价格缺失/无效,SUV,A0,其他能源,奇瑞,瑞虎3,1.0,2023-10-01,2023-10-01,1,0.0
价格缺失/无效,轿车,A,其他能源,宝骏,310,1.0,2023-12-01,2023-12-01,1,0.0
价格缺失/无效,SUV,A0,新能源,起亚,KX3,1.0,2023-06-01,2023-06-01,1,0.0
价格缺失/无效,轿车,B,新能源,腾势,腾势,1.0,2024-01-01,2024-01-01,1,0.0
价格缺失/无效,轿车,A,其他能源,斯柯达,Rapid,1.0,2024-01-01,2024-01-01,1,0.0
价格缺失/无效,SUV,B,新能源,斯巴鲁,SOLTERRA,1.0,2023-11-01,2023-11-01,1,0.0
价格缺失/无效,轿车,A,其他能源,比亚迪,速锐,1.0,2023-11-01,2023-11-01,1,0.0
价格缺失/无效,SUV,C,其他能源,汉龙汽车,旷世,1.0,2023-06-01,2023-06-01,1,0.0
价格缺失/无效,SUV,A,其他能源,哈弗,哈弗初恋,1.0,2023-09-01,2023-09-01,1,0.0
价格缺失/无效,SUV,A0,新能源,奔腾,奔腾X40,1.0,2023-07-01,2023-07-01,1,0.0
价格缺失/无效,SUV,A,其他能源,奇瑞,瑞虎5,1.0,2023-09-01,2023-09-01,1,0.0
价格缺失/无效,MPV,B,其他能源,华颂,华颂7,1.0,2023-12-01,2023-12-01,1,0.0
价格缺失/无效,SUV,C,其他能源,丰田,普拉多,1.0,2023-10-01,2023-10-01,1,0.0
价格缺失/无效,SUV,A,其他能源,广汽传祺,GS5,1.0,2023-09-01,2023-09-01,1,0.0
价格缺失/无效,轿车,C,其他能源,凯迪拉克,XTS,1.0,2023-06-01,2023-06-01,1,0.0
价格缺失/无效,MPV,B,其他能源,凯翼,凯翼V7,1.0,2023-06-01,2023-06-01,1,0.0
价格缺失/无效,SUV,A,其他能源,凯翼,凯翼X5,1.0,2024-03-01,2024-03-01,1,0.0
价格缺失/无效,SUV,A,其他能源,众泰,TS5,1.0,2023-06-01,2023-06-01,1,0.0
价格缺失/无效,SUV,A,其他能源,标致,3008,1.0,2023-12-01,2023-12-01,1,0.0
价格缺失/无效,SUV,A0,其他能源,三菱,劲炫,1.0,2024-02-01,2024-02-01,1,0.0
价格缺失/无效,SUV,A0,其他能源,欧尚汽车,科赛5,1.0,2023-05-01,2023-05-01,1,0.0
价格缺失/无效,轿车,B,其他能源,雪铁龙,C6,1.0,2024-03-01,2024-03-01,1,0.0
价格缺失/无效,SUV,A,其他能源,陆风,荣曜,1.0,2023-06-01,2023-06-01,1,0.0
价格缺失/无效,轿车,B,其他能源,雪佛兰,景程,1.0,2023-06-01,2023-06-01,1,0.0
价格缺失/无效,轿车,A0,新能源,新特,SITECH DEV 1,1.0,2023-04-01,2023-04-01,1,0.0
价格缺失/无效,SUV,A0,新能源,国机智骏,GX5,1.0,2023-05-01,2023-05-01,1,0.0
25-30万,轿车,B,其他能源,大众,Arteon,1.0,2023-12-01,2023-12-01,1,299828.571428571
价格缺失/无效,轿车,A00,新能源,宝骏,E100,1.0,2023-10-01,2023-10-01,1,0.0
价格缺失/无效,SUV,B,其他能源,众泰,T700,1.0,2023-06-01,2023-06-01,1,0.0
价格缺失/无效,轿车,A00,新能源,众泰,E200,1.0,2023-10-01,2023-10-01,1,0.0
价格缺失/无效,SUV,A,新能源,标致,4008,1.0,2023-07-01,2023-07-01,1,0.0
价格缺失/无效,SUV,A,新能源,吉利,帝豪GS,1.0,2023-04-01,2023-04-01,1,0.0
价格缺失/无效,SUV,A,新能源,欧拉,欧拉iQ,1.0,2024-03-01,2024-03-01,1,0.0
25-30万,SUV,A,新能源,林肯,冒险家,1.0,2023-04-01,2023-04-01,1,297479.004285714
价格缺失/无效,轿车,A0,新能源,长安,欧力威,1.0,2023-09-01,2023-09-01,1,0.0
价格缺失/无效,轿车,A,其他能源,东风风行,景逸,1.0,2023-06-01,2023-06-01,1,0.0
价格缺失/无效,SUV,A,新能源,福特,锐际,1.0,2023-12-01,2023-12-01,1,0.0
价格缺失/无效,SUV,A,新能源,三菱,阿图柯,1.0,2024-03-01,2024-03-01,1,0.0
10-15万,轿车,A,新能源,大众,高尔夫,1.0,2024-02-01,2024-02-01,1,138354.578899166
价格缺失/无效,SUV,A,其他能源,MG,锐腾,1.0,2023-07-01,2023-07-01,1,0.0
20-25万,SUV,B,新能源,爱驰,U6,1.0,2023-10-01,2023-10-01,1,204900.0
价格缺失/无效,轿车,A0,其他能源,大众,POLO,1.0,2023-06-01,2023-06-01,1,0.0
价格缺失/无效,跑车,跑车,其他能源,奥迪,R8,1.0,2024-03-01,2024-03-01,1,0.0
价格缺失/无效,轿车,A,其他能源,别克,阅朗,1.0,2023-06-01,2023-06-01,1,0.0
价格缺失/无效,SUV,A,其他能源,魏牌,VV5,1.0,2023-05-01,2023-05-01,1,0.0
25-30万,SUV,A,其他能源,阿尔法·罗密欧,托纳利,1.0,2024-03-01,2024-03-01,1,290262.845
价格缺失/无效,跑车,跑车,其他能源,奔驰,SL级AMG,1.0,2023-05-01,2023-05-01,1,0.0
20-25万,轿车,B,新能源,标致,508,1.0,2023-06-01,2023-06-01,1,207041.156
价格缺失/无效,轿车,B,其他能源,北京汽车,绅宝D70,1.0,2023-06-01,2023-06-01,1,0.0
价格缺失/无效,SUV,A0,其他能源,JEEP,自由侠,1.0,2023-06-01,2023-06-01,1,0.0
价格缺失/无效,SUV,A,其他能源,陆风,逍遥,1.0,2024-03-01,2024-03-01,1,0.0
价格缺失/无效,SUV,B,新能源,JEEP,指挥官,1.0,2024-01-01,2024-01-01,1,0.0
价格缺失/无效,SUV,A,新能源,宝骏,RS-5,1.0,2023-05-01,2023-05-01,1,0.0
价格缺失/无效,轿车,A,新能源,现代,伊兰特,1.0,2023-05-01,2023-05-01,1,0.0
价格缺失/无效,轿车,A,其他能源,奇瑞,艾瑞泽7,1.0,2023-09-01,2023-09-01,1,0.0
价格缺失/无效,SUV,B,其他能源,启辰,T90,1.0,2023-06-01,2023-06-01,1,0.0
