vehicle_record_id,observation_id,batch_no,model_code,brand,manufacturer,product_name,common_name,detail_url,publish_date,source,stage,record_quality,source_vehicle_type,vehicle_category,vehicle_subcategory,analysis_scope,catalog_no,source_section,vehicle_tax_match_flag,purchase_tax_match_flag,multi_enterprise_count,multi_brand_flag,tax_catalog_match_flag
401:AFN6490,401:AFN6490:confirmed,401,AFN6490,奥迪,奥迪一汽新能源汽车有限公司,纯电动多用途乘用车,Q6L,https://www.miit-eidc.org.cn/art/2025/12/15/art_1691_11915.html,2025-12-15,eidc,confirmed,high,纯电动多用途乘用车,passenger_vehicle,suv_mpv,in_scope,218,一、汽车生产企业,0,1,1,0,1
401:AFN7000,401:AFN7000:confirmed,401,AFN7000,奥迪,奥迪一汽新能源汽车有限公司,纯电动轿车,A6L,https://www.miit-eidc.org.cn/art/2025/12/15/art_1691_11915.html,2025-12-15,eidc,confirmed,high,纯电动轿车,passenger_vehicle,sedan,in_scope,218,一、汽车生产企业,0,1,1,0,1
401:AHC6470,401:AHC6470:confirmed,401,AHC6470,埃安(AION),广汽埃安新能源汽车股份有限公司,纯电动多用途乘用车,i60,https://www.miit-eidc.org.cn/art/2025/12/15/art_1691_11915.html,2025-12-15,eidc,confirmed,high,纯电动多用途乘用车,passenger_vehicle,suv_mpv,in_scope,216,一、汽车生产企业,0,1,1,0,1
401:AKP5220X,401:AKP5220X:confirmed,401,AKP5220X,科摩多龙,四川艾可沛专用汽车有限公司,旅居车,,https://www.miit-eidc.org.cn/art/2025/12/15/art_1691_11915.html,2025-12-15,eidc,confirmed,high,旅居车,passenger_vehicle,suv_mpv,in_scope,(二十二)65,一、汽车生产企业,0,0,1,0,0
401:ANK5130X,401:ANK5130X:confirmed,401,ANK5130X,阿诺科图,广东粤野专用车辆有限公司,旅居车,,https://www.miit-eidc.org.cn/art/2025/12/15/art_1691_11915.html,2025-12-15,eidc,confirmed,high,旅居车,passenger_vehicle,suv_mpv,in_scope,(十九)113,一、汽车生产企业,0,0,1,0,0
401:AYZ5040X,401:AYZ5040X:confirmed,401,AYZ5040X,皓旅,江苏中机宇泽汽车股份有限公司,插电式增程混合动力旅居车,,https://www.miit-eidc.org.cn/art/2025/12/15/art_1691_11915.html,2025-12-15,eidc,confirmed,high,插电式增程混合动力旅居车,passenger_vehicle,suv_mpv,in_scope,(十)214,一、汽车生产企业,0,1,1,0,1
401:BAW1031,401:BAW1031:confirmed,401,BAW1031,二一二,北京汽车制造厂有限公司,多用途货车 / 多用途货车底盘,,https://www.miit-eidc.org.cn/art/2025/12/15/art_1691_11915.html,2025-12-15,eidc,confirmed,high,多用途货车,passenger_vehicle,suv_mpv,in_scope,9,一、汽车生产企业,0,0,1,0,0
401:BAW2033,401:BAW2033:confirmed,401,BAW2033,二一二,北京汽车制造厂有限公司,越野乘用车,,https://www.miit-eidc.org.cn/art/2025/12/15/art_1691_11915.html,2025-12-15,eidc,confirmed,high,越野乘用车,passenger_vehicle,suv_mpv,in_scope,9,一、汽车生产企业,0,0,1,0,0
401:BAW6521,401:BAW6521:confirmed,401,BAW6521,锐胜,北京汽车制造厂有限公司,多用途乘用车 / 换电式纯电动多用途乘用车 / 纯电动多用途乘用车,锐胜王牌E-M7,https://www.miit-eidc.org.cn/art/2025/12/15/art_1691_11915.html,2025-12-15,eidc,confirmed,high,多用途乘用车,passenger_vehicle,suv_mpv,in_scope,9,一、汽车生产企业,0,1,1,0,1
401:BAW6530,401:BAW6530:confirmed,401,BAW6530,锐胜,北京汽车制造厂有限公司,换电式纯电动多用途乘用车,锐胜M8,https://www.miit-eidc.org.cn/art/2025/12/15/art_1691_11915.html,2025-12-15,eidc,confirmed,high,换电式纯电动多用途乘用车,passenger_vehicle,suv_mpv,in_scope,9,一、汽车生产企业,0,1,1,0,1
401:BJ7001,401:BJ7001:confirmed,401,BJ7001,极狐(ARCFOX),北汽蓝谷麦格纳汽车有限公司,纯电动轿车,αS6 HI,https://www.miit-eidc.org.cn/art/2025/12/15/art_1691_11915.html,2025-12-15,eidc,confirmed,high,纯电动轿车,passenger_vehicle,sedan,in_scope,45,一、汽车生产企业,0,1,1,0,1
401:BYD6476,401:BYD6476:confirmed,401,BYD6476,比亚迪,比亚迪汽车工业有限公司,插电式混合动力多用途乘用车,比亚迪宋pro,https://www.miit-eidc.org.cn/art/2025/12/15/art_1691_11915.html,2025-12-15,eidc,confirmed,high,插电式混合动力多用途乘用车,passenger_vehicle,suv_mpv,in_scope,79,一、汽车生产企业,1,1,1,0,1
401:BYD6490,401:BYD6490:confirmed,401,BYD6490,比亚迪,比亚迪汽车工业有限公司,插电式混合动力多用途乘用车,,https://www.miit-eidc.org.cn/art/2025/12/15/art_1691_11915.html,2025-12-15,eidc,confirmed,high,插电式混合动力多用途乘用车,passenger_vehicle,suv_mpv,in_scope,79,一、汽车生产企业,0,0,1,0,0
401:BYD7150,401:BYD7150:confirmed,401,BYD7150,比亚迪,比亚迪汽车工业有限公司,插电式混合动力轿车,比亚迪海豹06,https://www.miit-eidc.org.cn/art/2025/12/15/art_1691_11915.html,2025-12-15,eidc,confirmed,high,插电式混合动力轿车,passenger_vehicle,sedan,in_scope,79,一、汽车生产企业,1,1,1,0,1
401:BYD7151,401:BYD7151:confirmed,401,BYD7151,比亚迪,比亚迪汽车工业有限公司,插电式混合动力轿车,比亚迪海豹07,https://www.miit-eidc.org.cn/art/2025/12/15/art_1691_11915.html,2025-12-15,eidc,confirmed,high,插电式混合动力轿车,passenger_vehicle,sedan,in_scope,79,一、汽车生产企业,1,1,1,0,1
401:BYD7153,401:BYD7153:confirmed,401,BYD7153,比亚迪,比亚迪汽车工业有限公司,插电式混合动力轿车,比亚迪秦L,https://www.miit-eidc.org.cn/art/2025/12/15/art_1691_11915.html,2025-12-15,eidc,confirmed,high,插电式混合动力轿车,passenger_vehicle,sedan,in_scope,79,一、汽车生产企业,1,1,1,0,1
401:BYD7155,401:BYD7155:confirmed,401,BYD7155,比亚迪,比亚迪汽车工业有限公司,插电式混合动力轿车,比亚迪秦PLUS,https://www.miit-eidc.org.cn/art/2025/12/15/art_1691_11915.html,2025-12-15,eidc,confirmed,high,插电式混合动力轿车,passenger_vehicle,sedan,in_scope,79,一、汽车生产企业,1,1,1,0,1
401:BYD7156,401:BYD7156:confirmed,401,BYD7156,比亚迪,比亚迪汽车工业有限公司,插电式混合动力轿车,比亚迪海豹05,https://www.miit-eidc.org.cn/art/2025/12/15/art_1691_11915.html,2025-12-15,eidc,confirmed,high,插电式混合动力轿车,passenger_vehicle,sedan,in_scope,79,一、汽车生产企业,1,1,1,0,1
401:BZL5032X,401:BZL5032X:confirmed,401,BZL5032X,京龙,霸州市京龙车辆有限责任公司,旅居车,,https://www.miit-eidc.org.cn/art/2025/12/15/art_1691_11915.html,2025-12-15,eidc,confirmed,high,旅居车,passenger_vehicle,suv_mpv,in_scope,(三)145,一、汽车生产企业,0,0,1,0,0
401:BZL5033X,401:BZL5033X:confirmed,401,BZL5033X,京龙,霸州市京龙车辆有限责任公司,旅居车,,https://www.miit-eidc.org.cn/art/2025/12/15/art_1691_11915.html,2025-12-15,eidc,confirmed,high,旅居车,passenger_vehicle,suv_mpv,in_scope,(三)145,一、汽车生产企业,0,0,1,0,0
401:CA6482,401:CA6482:confirmed,401,CA6482,红旗,中国第一汽车集团有限公司,纯电动多用途乘用车,天工06,https://www.miit-eidc.org.cn/art/2025/12/15/art_1691_11915.html,2025-12-15,eidc,confirmed,high,纯电动多用途乘用车,passenger_vehicle,suv_mpv,in_scope,1,一、汽车生产企业,0,1,1,0,1
401:CA7009,401:CA7009:confirmed,401,CA7009,一汽,中国第一汽车集团有限公司,纯电动轿车,悦意08,https://www.miit-eidc.org.cn/art/2025/12/15/art_1691_11915.html,2025-12-15,eidc,confirmed,high,纯电动轿车,passenger_vehicle,sedan,in_scope,1,一、汽车生产企业,0,1,1,1,1
401:CAA5071X,401:CAA5071X:confirmed,401,CAA5071X,同锐通,湖北东神专用汽车有限公司,插电式混合动力旅居车,,https://www.miit-eidc.org.cn/art/2025/12/15/art_1691_11915.html,2025-12-15,eidc,confirmed,high,插电式混合动力旅居车,passenger_vehicle,suv_mpv,in_scope,(十七)186,一、汽车生产企业,0,0,1,0,0
401:CC6430,401:CC6430:confirmed,401,CC6430,欧拉,长城汽车股份有限公司,纯电动多用途乘用车,欧拉好猫,https://www.miit-eidc.org.cn/art/2025/12/15/art_1691_11915.html,2025-12-15,eidc,confirmed,high,纯电动多用途乘用车,passenger_vehicle,suv_mpv,in_scope,15,一、汽车生产企业,0,1,1,0,1
401:CC6470,401:CC6470:confirmed,401,CC6470,哈弗,长城汽车股份有限公司,插电式混合动力多用途乘用车,哈弗大狗PLUS,https://www.miit-eidc.org.cn/art/2025/12/15/art_1691_11915.html,2025-12-15,eidc,confirmed,high,插电式混合动力多用途乘用车,passenger_vehicle,suv_mpv,in_scope,15,一、汽车生产企业,1,1,1,0,1
401:CC6480,401:CC6480:confirmed,401,CC6480,哈弗,长城汽车股份有限公司,插电式混合动力多用途乘用车,哈弗枭龙MAX,https://www.miit-eidc.org.cn/art/2025/12/15/art_1691_11915.html,2025-12-15,eidc,confirmed,high,插电式混合动力多用途乘用车,passenger_vehicle,suv_mpv,in_scope,15,一、汽车生产企业,1,1,1,0,1
401:CFC5030X,401:CFC5030X:confirmed,401,CFC5030X,长沣,长沣（湖北）汽车有限公司,插电式混合动力旅居车,,https://www.miit-eidc.org.cn/art/2025/12/15/art_1691_11915.html,2025-12-15,eidc,confirmed,high,插电式混合动力旅居车,passenger_vehicle,suv_mpv,in_scope,(十七)256,一、汽车生产企业,0,1,1,0,1
401:CSZ5032X,401:CSZ5032X:confirmed,401,CSZ5032X,华东,常熟华东汽车有限公司,旅居车,,https://www.miit-eidc.org.cn/art/2025/12/15/art_1691_11915.html,2025-12-15,eidc,confirmed,high,旅居车,passenger_vehicle,suv_mpv,in_scope,(十)36,一、汽车生产企业,0,0,1,0,0
401:DD1033,401:DD1033:confirmed,401,DD1033,黄海,丹东黄海汽车有限责任公司,多用途货车,,https://www.miit-eidc.org.cn/art/2025/12/15/art_1691_11915.html,2025-12-15,eidc,confirmed,high,多用途货车,passenger_vehicle,suv_mpv,in_scope,29,一、汽车生产企业,0,0,1,0,0
401:DFL7162,401:DFL7162:confirmed,401,DFL7162,东风日产,东风汽车有限公司,轿车,,https://www.miit-eidc.org.cn/art/2025/12/15/art_1691_11915.html,2025-12-15,eidc,confirmed,high,轿车,passenger_vehicle,sedan,in_scope,3,一、汽车生产企业,0,0,1,0,0
401:DFM6473,401:DFM6473:confirmed,401,DFM6473,东风,东风汽车集团有限公司,纯电动多用途乘用车,风神L7,https://www.miit-eidc.org.cn/art/2025/12/15/art_1691_11915.html,2025-12-15,eidc,confirmed,high,纯电动多用途乘用车,passenger_vehicle,suv_mpv,in_scope,3,一、汽车生产企业,1,1,1,0,1
401:DFM6480,401:DFM6480:confirmed,401,DFM6480,东风,东风汽车集团有限公司,插电式混合动力多用途乘用车,风神L8,https://www.miit-eidc.org.cn/art/2025/12/15/art_1691_11915.html,2025-12-15,eidc,confirmed,high,插电式混合动力多用途乘用车,passenger_vehicle,suv_mpv,in_scope,3,一、汽车生产企业,1,1,1,0,1
401:DFM7000,401:DFM7000:confirmed,401,DFM7000,东风,东风汽车集团有限公司,纯电动轿车,,https://www.miit-eidc.org.cn/art/2025/12/15/art_1691_11915.html,2025-12-15,eidc,confirmed,high,纯电动轿车,passenger_vehicle,sedan,in_scope,3,一、汽车生产企业,0,0,1,0,0
401:DJV5030X,401:DJV5030X:confirmed,401,DJV5030X,东嘉加乐,南充东嘉新能源汽车有限公司,旅居车,,https://www.miit-eidc.org.cn/art/2025/12/15/art_1691_11915.html,2025-12-15,eidc,confirmed,high,旅居车,passenger_vehicle,suv_mpv,in_scope,(二十二)68,一、汽车生产企业,0,0,1,0,0
401:DXK6481,401:DXK6481:confirmed,401,DXK6481,赛力斯蓝电,赛力斯汽车（湖北）有限公司,插电式混合动力多用途乘用车,蓝电E5 PLUS,https://www.miit-eidc.org.cn/art/2025/12/15/art_1691_11915.html,2025-12-15,eidc,confirmed,high,插电式混合动力多用途乘用车,passenger_vehicle,suv_mpv,in_scope,3,一、汽车生产企业,1,1,1,0,1
401:DXK6510,401:DXK6510:confirmed,401,DXK6510,瑞驰,赛力斯汽车（湖北）有限公司,纯电动多用途乘用车,瑞驰 EC75,https://www.miit-eidc.org.cn/art/2025/12/15/art_1691_11915.html,2025-12-15,eidc,confirmed,high,纯电动多用途乘用车,passenger_vehicle,suv_mpv,in_scope,3,一、汽车生产企业,0,1,1,0,1
401:DXK6520,401:DXK6520:confirmed,401,DXK6520,瑞驰,赛力斯汽车（湖北）有限公司,纯电动多用途乘用车,瑞驰 R5,https://www.miit-eidc.org.cn/art/2025/12/15/art_1691_11915.html,2025-12-15,eidc,confirmed,high,纯电动多用途乘用车,passenger_vehicle,suv_mpv,in_scope,3,一、汽车生产企业,0,1,1,0,1
401:DXM5100X,401:DXM5100X:confirmed,401,DXM5100X,曼恩拓,大连新重汽特种汽车有限公司,旅居车,,https://www.miit-eidc.org.cn/art/2025/12/15/art_1691_11915.html,2025-12-15,eidc,confirmed,high,旅居车,passenger_vehicle,suv_mpv,in_scope,(六)101,一、汽车生产企业,0,0,1,0,0
401:EZW5081X,401:EZW5081X:confirmed,401,EZW5081X,楚韵,湖北中威专用汽车有限公司,旅居车,,https://www.miit-eidc.org.cn/art/2025/12/15/art_1691_11915.html,2025-12-15,eidc,confirmed,high,旅居车,passenger_vehicle,suv_mpv,in_scope,(十七)123,一、汽车生产企业,0,0,1,0,0
401:FHA5062X,401:FHA5062X:confirmed,401,FHA5062X,景飞,上海辅恒汽车技术有限公司,旅居车,,https://www.miit-eidc.org.cn/art/2025/12/15/art_1691_11915.html,2025-12-15,eidc,confirmed,high,旅居车,passenger_vehicle,suv_mpv,in_scope,(九)50,一、汽车生产企业,0,0,1,0,0
401:GAT5041X,401:GAT5041X:confirmed,401,GAT5041X,柯铃通,河南爱旅途汽车制造有限公司,旅居车,,https://www.miit-eidc.org.cn/art/2025/12/15/art_1691_11915.html,2025-12-15,eidc,confirmed,high,旅居车,passenger_vehicle,suv_mpv,in_scope,(十六)170,一、汽车生产企业,0,0,1,0,0
401:GAT5042X,401:GAT5042X:confirmed,401,GAT5042X,柯铃通,河南爱旅途汽车制造有限公司,旅居车,,https://www.miit-eidc.org.cn/art/2025/12/15/art_1691_11915.html,2025-12-15,eidc,confirmed,high,旅居车,passenger_vehicle,suv_mpv,in_scope,(十六)170,一、汽车生产企业,0,0,1,0,0
401:GXC5060X,401:GXC5060X:confirmed,401,GXC5060X,歌睿途,河南星辰汽车装备有限公司,插电式增程混合动力旅居车,,https://www.miit-eidc.org.cn/art/2025/12/15/art_1691_11915.html,2025-12-15,eidc,confirmed,high,插电式增程混合动力旅居车,passenger_vehicle,suv_mpv,in_scope,(十六)143,一、汽车生产企业,0,0,1,0,0
401:HQ6431,401:HQ6431:confirmed,401,HQ6431,精灵(smart),浙江豪情汽车制造有限公司,纯电动多用途乘用车,精灵#1,https://www.miit-eidc.org.cn/art/2025/12/15/art_1691_11915.html,2025-12-15,eidc,confirmed,high,纯电动多用途乘用车,passenger_vehicle,suv_mpv,in_scope,52,一、汽车生产企业,0,1,1,0,1
401:HQ6472,401:HQ6472:confirmed,401,HQ6472,吉利,浙江豪情汽车制造有限公司,插电式混合动力运动型乘用车,银河星舰7,https://www.miit-eidc.org.cn/art/2025/12/15/art_1691_11915.html,2025-12-15,eidc,confirmed,high,插电式混合动力运动型乘用车,passenger_vehicle,suv_mpv,in_scope,52,一、汽车生产企业,1,1,1,0,1
401:HRD5060X,401:HRD5060X:confirmed,401,HRD5060X,恒诚睿德,湖北恒诚汽车科技有限公司,旅居车,,https://www.miit-eidc.org.cn/art/2025/12/15/art_1691_11915.html,2025-12-15,eidc,confirmed,high,旅居车,passenger_vehicle,suv_mpv,in_scope,(十七)258,一、汽车生产企业,0,0,1,0,0
401:HTL5041X,401:HTL5041X:confirmed,401,HTL5041X,聊工,聊城聊工工程机械有限公司,旅居车,,https://www.miit-eidc.org.cn/art/2025/12/15/art_1691_11915.html,2025-12-15,eidc,confirmed,high,旅居车,passenger_vehicle,suv_mpv,in_scope,(十五)225,一、汽车生产企业,0,0,1,0,0
401:JBG5061X,401:JBG5061X:confirmed,401,JBG5061X,新星房车,江苏新星际华汽车有限公司,旅居车,,https://www.miit-eidc.org.cn/art/2025/12/15/art_1691_11915.html,2025-12-15,eidc,confirmed,high,旅居车,passenger_vehicle,suv_mpv,in_scope,(十)146,一、汽车生产企业,0,0,1,0,0
401:JHC6547,401:JHC6547:confirmed,401,JHC6547,远程,山西新能源汽车工业有限公司,纯电动多用途乘用车,远程V8E,https://www.miit-eidc.org.cn/art/2025/12/15/art_1691_11915.html,2025-12-15,eidc,confirmed,high,纯电动多用途乘用车,passenger_vehicle,suv_mpv,in_scope,25,一、汽车生产企业,0,1,1,0,1
401:JKC6450,401:JKC6450:confirmed,401,JKC6450,鑫源,鑫源汽车有限公司,纯电动多用途乘用车,好运,https://www.miit-eidc.org.cn/art/2025/12/15/art_1691_11915.html,2025-12-15,eidc,confirmed,high,纯电动多用途乘用车,passenger_vehicle,suv_mpv,in_scope,146,一、汽车生产企业,0,1,1,0,1
401:JKC6460,401:JKC6460:confirmed,401,JKC6460,鑫源,鑫源汽车有限公司,纯电动多用途乘用车,E3,https://www.miit-eidc.org.cn/art/2025/12/15/art_1691_11915.html,2025-12-15,eidc,confirmed,high,纯电动多用途乘用车,passenger_vehicle,suv_mpv,in_scope,146,一、汽车生产企业,0,1,1,0,1
401:JKC6472,401:JKC6472:confirmed,401,JKC6472,鑫源,鑫源汽车有限公司,纯电动多用途乘用车,116,https://www.miit-eidc.org.cn/art/2025/12/15/art_1691_11915.html,2025-12-15,eidc,confirmed,high,纯电动多用途乘用车,passenger_vehicle,suv_mpv,in_scope,146,一、汽车生产企业,0,1,1,0,1
401:JKC6490,401:JKC6490:confirmed,401,JKC6490,鑫源,鑫源汽车有限公司,纯电动多用途乘用车,E3L,https://www.miit-eidc.org.cn/art/2025/12/15/art_1691_11915.html,2025-12-15,eidc,confirmed,high,纯电动多用途乘用车,passenger_vehicle,suv_mpv,in_scope,146,一、汽车生产企业,0,1,1,0,1
401:JMT5034X,401:JMT5034X:confirmed,401,JMT5034X,江铃江特,江西江铃集团特种专用车有限公司,旅居车,,https://www.miit-eidc.org.cn/art/2025/12/15/art_1691_11915.html,2025-12-15,eidc,confirmed,high,旅居车,passenger_vehicle,suv_mpv,in_scope,(十四)20,一、汽车生产企业,0,0,1,0,0
401:JX1037,401:JX1037:confirmed,401,JX1037,江铃,江铃汽车股份有限公司,多用途货车 / 多用途货车底盘,,https://www.miit-eidc.org.cn/art/2025/12/15/art_1691_11915.html,2025-12-15,eidc,confirmed,high,多用途货车,passenger_vehicle,suv_mpv,in_scope,61,一、汽车生产企业,0,0,1,0,0
401:JX6491,401:JX6491:confirmed,401,JX6491,江铃,江铃汽车股份有限公司,纯电动多用途乘用车,江铃 E福顺,https://www.miit-eidc.org.cn/art/2025/12/15/art_1691_11915.html,2025-12-15,eidc,confirmed,high,纯电动多用途乘用车,passenger_vehicle,suv_mpv,in_scope,61,一、汽车生产企业,0,1,1,0,1
401:JX6497,401:JX6497:confirmed,401,JX6497,福特,江铃汽车股份有限公司,插电式混合动力多用途乘用车,EQUATOR,https://www.miit-eidc.org.cn/art/2025/12/15/art_1691_11915.html,2025-12-15,eidc,confirmed,high,插电式混合动力多用途乘用车,passenger_vehicle,suv_mpv,in_scope,61,一、汽车生产企业,0,1,1,0,1
401:JX6508,401:JX6508:confirmed,401,JX6508,福特,江铃汽车股份有限公司,插电式增程混合动力多用途乘用车,,https://www.miit-eidc.org.cn/art/2025/12/15/art_1691_11915.html,2025-12-15,eidc,confirmed,high,插电式增程混合动力多用途乘用车,passenger_vehicle,suv_mpv,in_scope,61,一、汽车生产企业,0,0,1,0,0
401:JX6521,401:JX6521:confirmed,401,JX6521,江铃,江铃汽车股份有限公司,纯电动多用途乘用车,江铃 E福顺,https://www.miit-eidc.org.cn/art/2025/12/15/art_1691_11915.html,2025-12-15,eidc,confirmed,high,纯电动多用途乘用车,passenger_vehicle,suv_mpv,in_scope,61,一、汽车生产企业,0,1,1,0,1
401:JXW1031,401:JXW1031:confirmed,401,JXW1031,江西五十铃,江西五十铃汽车有限公司,多用途货车 / 多用途货车底盘,,https://www.miit-eidc.org.cn/art/2025/12/15/art_1691_11915.html,2025-12-15,eidc,confirmed,high,多用途货车,passenger_vehicle,suv_mpv,in_scope,61,一、汽车生产企业,0,0,1,0,0
401:LMC5150X,401:LMC5150X:confirmed,401,LMC5150X,享呗,广东利民人防工程科技有限公司,旅居车,,https://www.miit-eidc.org.cn/art/2025/12/15/art_1691_11915.html,2025-12-15,eidc,confirmed,high,旅居车,passenger_vehicle,suv_mpv,in_scope,(十九)104,一、汽车生产企业,0,0,1,0,0
401:LZ6460,401:LZ6460:confirmed,401,LZ6460,东风,东风柳州汽车有限公司,纯电动多用途乘用车,雷霆、星海X5、星海T5 PLUS、星海T5,https://www.miit-eidc.org.cn/art/2025/12/15/art_1691_11915.html,2025-12-15,eidc,confirmed,high,纯电动多用途乘用车,passenger_vehicle,suv_mpv,in_scope,91,一、汽车生产企业,0,1,1,0,1
401:LZ6520,401:LZ6520:confirmed,401,LZ6520,东风,东风柳州汽车有限公司,多用途乘用车 / 插电式混合动力多用途乘用车,V9,https://www.miit-eidc.org.cn/art/2025/12/15/art_1691_11915.html,2025-12-15,eidc,confirmed,high,多用途乘用车,passenger_vehicle,suv_mpv,in_scope,91,一、汽车生产企业,0,1,1,0,1
401:LZR5030X,401:LZR5030X:confirmed,401,LZR5030X,览众之星,河北览众专用汽车制造有限公司,旅居车,,https://www.miit-eidc.org.cn/art/2025/12/15/art_1691_11915.html,2025-12-15,eidc,confirmed,high,旅居车,passenger_vehicle,suv_mpv,in_scope,(三)83,一、汽车生产企业,1,0,1,0,1
401:LZW6402,401:LZW6402:confirmed,401,LZW6402,宝骏,上汽通用五菱汽车股份有限公司,纯电动运动型乘用车,悦也plus,https://www.miit-eidc.org.cn/art/2025/12/15/art_1691_11915.html,2025-12-15,eidc,confirmed,high,纯电动运动型乘用车,passenger_vehicle,suv_mpv,in_scope,92,一、汽车生产企业,0,1,1,0,1
401:LZW6453,401:LZW6453:confirmed,401,LZW6453,五菱,上汽通用五菱汽车股份有限公司,多用途乘用车 / 纯电动多用途乘用车,五菱荣光,https://www.miit-eidc.org.cn/art/2025/12/15/art_1691_11915.html,2025-12-15,eidc,confirmed,high,多用途乘用车,passenger_vehicle,suv_mpv,in_scope,92,一、汽车生产企业,0,1,1,0,1
401:LZW6500,401:LZW6500:confirmed,401,LZW6500,五菱,上汽通用五菱汽车股份有限公司,纯电动多用途乘用车,五菱扬光,https://www.miit-eidc.org.cn/art/2025/12/15/art_1691_11915.html,2025-12-15,eidc,confirmed,high,纯电动多用途乘用车,passenger_vehicle,suv_mpv,in_scope,92,一、汽车生产企业,0,1,1,0,1
401:LZW6550,401:LZW6550:confirmed,401,LZW6550,五菱,上汽通用五菱汽车股份有限公司,纯电动多用途乘用车,,https://www.miit-eidc.org.cn/art/2025/12/15/art_1691_11915.html,2025-12-15,eidc,confirmed,high,纯电动多用途乘用车,passenger_vehicle,suv_mpv,in_scope,92,一、汽车生产企业,0,0,1,0,0
401:LZX5100X,401:LZX5100X:confirmed,401,LZX5100X,华悦达,湖北旭帆专用汽车有限公司,旅居车,,https://www.miit-eidc.org.cn/art/2025/12/15/art_1691_11915.html,2025-12-15,eidc,confirmed,high,旅居车,passenger_vehicle,suv_mpv,in_scope,(十七)114,一、汽车生产企业,0,0,1,0,0
401:LZX5240X,401:LZX5240X:confirmed,401,LZX5240X,华悦达,湖北旭帆专用汽车有限公司,旅居车,,https://www.miit-eidc.org.cn/art/2025/12/15/art_1691_11915.html,2025-12-15,eidc,confirmed,high,旅居车,passenger_vehicle,suv_mpv,in_scope,(十七)114,一、汽车生产企业,0,0,1,0,0
401:MBK5038X,401:MBK5038X:confirmed,401,MBK5038X,麦卡佰客,青岛麦卡佰客专用车有限公司,旅居车,,https://www.miit-eidc.org.cn/art/2025/12/15/art_1691_11915.html,2025-12-15,eidc,confirmed,high,旅居车,passenger_vehicle,suv_mpv,in_scope,(十五)556,一、汽车生产企业,0,0,1,0,0
401:MR7151,401:MR7151:confirmed,401,MR7151,吉利,浙江吉利汽车有限公司,轿车,,https://www.miit-eidc.org.cn/art/2025/12/15/art_1691_11915.html,2025-12-15,eidc,confirmed,high,轿车,passenger_vehicle,sedan,in_scope,52,一、汽车生产企业,0,0,1,0,0
401:MRN5100X,401:MRN5100X:confirmed,401,MRN5100X,阿娜蕥,东莞市阿娜亚专用汽车制造有限公司,旅居车,,https://www.miit-eidc.org.cn/art/2025/12/15/art_1691_11915.html,2025-12-15,eidc,confirmed,high,旅居车,passenger_vehicle,suv_mpv,in_scope,(十九)94,一、汽车生产企业,0,0,1,0,0
401:NAL7000,401:NAL7000:confirmed,401,NAL7000,萤火虫,蔚来汽车科技（安徽）有限公司,换电式纯电动轿车,萤火虫,https://www.miit-eidc.org.cn/art/2025/12/15/art_1691_11915.html,2025-12-15,eidc,confirmed,high,换电式纯电动轿车,passenger_vehicle,sedan,in_scope,214,一、汽车生产企业,0,1,1,0,1
401:NEQ6430,401:NEQ6430:confirmed,401,NEQ6430,奇瑞,奇瑞新能源汽车股份有限公司,纯电动多用途乘用车,X3,https://www.miit-eidc.org.cn/art/2025/12/15/art_1691_11915.html,2025-12-15,eidc,confirmed,high,纯电动多用途乘用车,passenger_vehicle,suv_mpv,in_scope,174,一、汽车生产企业,0,1,1,0,1
401:NEQ6440,401:NEQ6440:confirmed,401,NEQ6440,奇瑞,奇瑞新能源汽车股份有限公司,纯电动多用途乘用车,X3,https://www.miit-eidc.org.cn/art/2025/12/15/art_1691_11915.html,2025-12-15,eidc,confirmed,high,纯电动多用途乘用车,passenger_vehicle,suv_mpv,in_scope,174,一、汽车生产企业,0,1,1,0,1
401:NEQ6450,401:NEQ6450:confirmed,401,NEQ6450,奇瑞,奇瑞新能源汽车股份有限公司,插电式增程混合动力多用途乘用车,X3L,https://www.miit-eidc.org.cn/art/2025/12/15/art_1691_11915.html,2025-12-15,eidc,confirmed,high,插电式增程混合动力多用途乘用车,passenger_vehicle,suv_mpv,in_scope,174,一、汽车生产企业,1,1,1,0,1
401:NEQ6490,401:NEQ6490:confirmed,401,NEQ6490,爱咖,奇瑞新能源汽车股份有限公司,插电式增程混合动力多用途乘用车,V27,https://www.miit-eidc.org.cn/art/2025/12/15/art_1691_11915.html,2025-12-15,eidc,confirmed,high,插电式增程混合动力多用途乘用车,passenger_vehicle,suv_mpv,in_scope,174,一、汽车生产企业,1,1,1,0,1
401:NEQ6510,401:NEQ6510:confirmed,401,NEQ6510,爱咖,奇瑞新能源汽车股份有限公司,插电式增程混合动力多用途乘用车,V27,https://www.miit-eidc.org.cn/art/2025/12/15/art_1691_11915.html,2025-12-15,eidc,confirmed,high,插电式增程混合动力多用途乘用车,passenger_vehicle,suv_mpv,in_scope,174,一、汽车生产企业,1,1,1,0,1
401:NEQ7001,401:NEQ7001:confirmed,401,NEQ7001,奇瑞,奇瑞新能源汽车股份有限公司,纯电动轿车,eQ1,https://www.miit-eidc.org.cn/art/2025/12/15/art_1691_11915.html,2025-12-15,eidc,confirmed,high,纯电动轿车,passenger_vehicle,sedan,in_scope,174,一、汽车生产企业,0,1,1,0,1
401:NHQ6530,401:NHQ6530:confirmed,401,NHQ6530,小鹏,肇庆小鹏新能源投资有限公司,纯电动多用途乘用车,小鹏X9,https://www.miit-eidc.org.cn/art/2025/12/15/art_1691_11915.html,2025-12-15,eidc,confirmed,high,纯电动多用途乘用车,passenger_vehicle,suv_mpv,in_scope,140,一、汽车生产企业,0,1,1,0,1
401:NHQ7001,401:NHQ7001:confirmed,401,NHQ7001,小鹏,肇庆小鹏新能源投资有限公司,纯电动轿车,小鹏M03,https://www.miit-eidc.org.cn/art/2025/12/15/art_1691_11915.html,2025-12-15,eidc,confirmed,high,纯电动轿车,passenger_vehicle,sedan,in_scope,140,一、汽车生产企业,0,1,1,0,1
401:NJ6500,401:NJ6500:confirmed,401,NJ6500,依维柯,南京汽车集团有限公司,纯电动多用途乘用车,聚星,https://www.miit-eidc.org.cn/art/2025/12/15/art_1691_11915.html,2025-12-15,eidc,confirmed,high,纯电动多用途乘用车,passenger_vehicle,suv_mpv,in_scope,44,一、汽车生产企业,0,1,1,0,1
401:NJ6540,401:NJ6540:confirmed,401,NJ6540,依维柯,南京汽车集团有限公司,纯电动多用途乘用车,聚星,https://www.miit-eidc.org.cn/art/2025/12/15/art_1691_11915.html,2025-12-15,eidc,confirmed,high,纯电动多用途乘用车,passenger_vehicle,suv_mpv,in_scope,44,一、汽车生产企业,0,1,1,0,1
401:NJL6553,401:NJL6553:confirmed,401,NJL6553,创维,南京金龙客车制造有限公司,插电式增程混合动力多用途乘用车,,https://www.miit-eidc.org.cn/art/2025/12/15/art_1691_11915.html,2025-12-15,eidc,confirmed,high,插电式增程混合动力多用途乘用车,passenger_vehicle,suv_mpv,in_scope,142,一、汽车生产企业,0,1,1,0,1
401:QCJ6500,401:QCJ6500:confirmed,401,QCJ6500,方程豹,比亚迪汽车工业有限公司,插电式混合动力多用途乘用车,方程豹钛7,https://www.miit-eidc.org.cn/art/2025/12/15/art_1691_11915.html,2025-12-15,eidc,confirmed,high,插电式混合动力多用途乘用车,passenger_vehicle,suv_mpv,in_scope,79,一、汽车生产企业,1,1,1,0,1
401:SC1038,401:SC1038:confirmed,401,SC1038,长安,河北长安汽车有限公司,插电式增程混合动力多用途货车 / 插电式增程混合动力多用途货车底盘,,https://www.miit-eidc.org.cn/art/2025/12/15/art_1691_11915.html,2025-12-15,eidc,confirmed,high,插电式增程混合动力多用途货车,passenger_vehicle,suv_mpv,in_scope,22,一、汽车生产企业,0,0,1,0,0
401:SC6468,401:SC6468:confirmed,401,SC6468,长安,河北长安汽车有限公司,纯电动多用途乘用车,睿行EM60Ⅱ,https://www.miit-eidc.org.cn/art/2025/12/15/art_1691_11915.html,2025-12-15,eidc,confirmed,high,纯电动多用途乘用车,passenger_vehicle,suv_mpv,in_scope,22,一、汽车生产企业,0,1,1,0,1
401:SC6510,401:SC6510:confirmed,401,SC6510,长安,重庆长安汽车股份有限公司,插电式增程混合动力运动型乘用车,G318,https://www.miit-eidc.org.cn/art/2025/12/15/art_1691_11915.html,2025-12-15,eidc,confirmed,high,插电式增程混合动力运动型乘用车,passenger_vehicle,suv_mpv,in_scope,96,一、汽车生产企业,1,1,1,0,1
401:SC7000,401:SC7000:confirmed,401,SC7000,长安,重庆长安汽车股份有限公司,纯电动轿车,,https://www.miit-eidc.org.cn/art/2025/12/15/art_1691_11915.html,2025-12-15,eidc,confirmed,high,纯电动轿车,passenger_vehicle,sedan,in_scope,96,一、汽车生产企业,0,0,1,0,0
401:SDS5042X,401:SDS5042X:confirmed,401,SDS5042X,舜德,湖北舜德专用汽车有限公司,纯电动旅居车,,https://www.miit-eidc.org.cn/art/2025/12/15/art_1691_11915.html,2025-12-15,eidc,confirmed,high,纯电动旅居车,passenger_vehicle,suv_mpv,in_scope,(十七)116,一、汽车生产企业,0,0,1,0,0
401:SDS5044X,401:SDS5044X:confirmed,401,SDS5044X,舜德,湖北舜德专用汽车有限公司,旅居车,,https://www.miit-eidc.org.cn/art/2025/12/15/art_1691_11915.html,2025-12-15,eidc,confirmed,high,旅居车,passenger_vehicle,suv_mpv,in_scope,(十七)116,一、汽车生产企业,0,0,1,0,0
401:SH6541,401:SH6541:confirmed,401,SH6541,大通,上汽大通汽车有限公司,插电式增程混合动力多用途乘用车 / 纯电动多用途乘用车,MILA 1,https://www.miit-eidc.org.cn/art/2025/12/15/art_1691_11915.html,2025-12-15,eidc,confirmed,high,插电式增程混合动力多用途乘用车,passenger_vehicle,suv_mpv,in_scope,41,一、汽车生产企业,0,1,1,0,1
401:SQR2040,401:SQR2040:confirmed,401,SQR2040,捷途,奇瑞汽车股份有限公司,插电式混合动力越野乘用车,,https://www.miit-eidc.org.cn/art/2025/12/15/art_1691_11915.html,2025-12-15,eidc,confirmed,high,插电式混合动力越野乘用车,passenger_vehicle,suv_mpv,in_scope,119,一、汽车生产企业,0,0,1,0,0
401:SQR6480,401:SQR6480:confirmed,401,SQR6480,捷途,奇瑞汽车股份有限公司,插电式混合动力多用途乘用车,山海T2,https://www.miit-eidc.org.cn/art/2025/12/15/art_1691_11915.html,2025-12-15,eidc,confirmed,high,插电式混合动力多用途乘用车,passenger_vehicle,suv_mpv,in_scope,119,一、汽车生产企业,1,1,1,0,1
401:SQR6500,401:SQR6500:confirmed,401,SQR6500,星途,奇瑞汽车股份有限公司,插电式增程混合动力多用途乘用车 / 插电式混合动力多用途乘用车 / 纯电动多用途乘用车,山海T2,https://www.miit-eidc.org.cn/art/2025/12/15/art_1691_11915.html,2025-12-15,eidc,confirmed,high,插电式增程混合动力多用途乘用车,passenger_vehicle,suv_mpv,in_scope,119,一、汽车生产企业,1,1,1,0,1
401:SQR6501,401:SQR6501:confirmed,401,SQR6501,星途,奇瑞汽车股份有限公司,纯电动多用途乘用车,ET7,https://www.miit-eidc.org.cn/art/2025/12/15/art_1691_11915.html,2025-12-15,eidc,confirmed,high,纯电动多用途乘用车,passenger_vehicle,suv_mpv,in_scope,119,一、汽车生产企业,0,1,1,0,1
401:SQR6520,401:SQR6520:confirmed,401,SQR6520,奇瑞,奇瑞汽车股份有限公司,插电式增程混合动力多用途乘用车,风云T11,https://www.miit-eidc.org.cn/art/2025/12/15/art_1691_11915.html,2025-12-15,eidc,confirmed,high,插电式增程混合动力多用途乘用车,passenger_vehicle,suv_mpv,in_scope,119,一、汽车生产企业,1,1,1,0,1
401:SQR7000,401:SQR7000:confirmed,401,SQR7000,星途,奇瑞汽车股份有限公司,纯电动轿车,,https://www.miit-eidc.org.cn/art/2025/12/15/art_1691_11915.html,2025-12-15,eidc,confirmed,high,纯电动轿车,passenger_vehicle,sedan,in_scope,119,一、汽车生产企业,0,0,1,0,0
401:SY6535,401:SY6535:confirmed,401,SY6535,金杯,华晨雷诺金杯汽车有限公司,多用途乘用车,,https://www.miit-eidc.org.cn/art/2025/12/15/art_1691_11915.html,2025-12-15,eidc,confirmed,high,多用途乘用车,passenger_vehicle,suv_mpv,in_scope,33,一、汽车生产企业,0,0,1,0,0
401:VWA6501,401:VWA6501:confirmed,401,VWA6501,大众汽车,大众汽车（安徽）有限公司,纯电动多用途乘用车,ID.UNYX 与众08,https://www.miit-eidc.org.cn/art/2025/12/15/art_1691_11915.html,2025-12-15,eidc,confirmed,high,纯电动多用途乘用车,passenger_vehicle,suv_mpv,in_scope,212,一、汽车生产企业,0,1,1,0,1
401:WHJ6451,401:WHJ6451:confirmed,401,WHJ6451,凯翼,宜宾凯翼汽车有限公司,纯电动多用途乘用车,江豚E5,https://www.miit-eidc.org.cn/art/2025/12/15/art_1691_11915.html,2025-12-15,eidc,confirmed,high,纯电动多用途乘用车,passenger_vehicle,suv_mpv,in_scope,137,一、汽车生产企业,0,1,1,0,1
401:WHJ6520,401:WHJ6520:confirmed,401,WHJ6520,凯翼,宜宾凯翼汽车有限公司,纯电动多用途乘用车,江豚E7,https://www.miit-eidc.org.cn/art/2025/12/15/art_1691_11915.html,2025-12-15,eidc,confirmed,high,纯电动多用途乘用车,passenger_vehicle,suv_mpv,in_scope,137,一、汽车生产企业,0,1,1,0,1
401:WHP5044X,401:WHP5044X:confirmed,401,WHP5044X,卫航,江苏卫航汽车通信科技有限责任公司,插电式混合动力旅居车,,https://www.miit-eidc.org.cn/art/2025/12/15/art_1691_11915.html,2025-12-15,eidc,confirmed,high,插电式混合动力旅居车,passenger_vehicle,suv_mpv,in_scope,(十)121,一、汽车生产企业,0,0,1,0,0
401:WLP5030X,401:WLP5030X:confirmed,401,WLP5030X,沃勒创精,沃勒（天津）汽车制造有限公司,插电式混合动力旅居车,,https://www.miit-eidc.org.cn/art/2025/12/15/art_1691_11915.html,2025-12-15,eidc,confirmed,high,插电式混合动力旅居车,passenger_vehicle,suv_mpv,in_scope,(二)41,一、汽车生产企业,0,0,1,0,0
401:WTF5130X,401:WTF5130X:confirmed,401,WTF5130X,威尔特芬,湖北威尔特芬房车科技有限公司,旅居车,,https://www.miit-eidc.org.cn/art/2025/12/15/art_1691_11915.html,2025-12-15,eidc,confirmed,high,旅居车,passenger_vehicle,suv_mpv,in_scope,(十七)241,一、汽车生产企业,0,0,1,0,0
401:XYT5031X,401:XYT5031X:confirmed,401,XYT5031X,新逾捷,重庆新逾捷特种车辆有限公司,插电式混合动力旅居车,,https://www.miit-eidc.org.cn/art/2025/12/15/art_1691_11915.html,2025-12-15,eidc,confirmed,high,插电式混合动力旅居车,passenger_vehicle,suv_mpv,in_scope,(二十一)44,一、汽车生产企业,0,1,1,0,1
401:XYT5036X,401:XYT5036X:confirmed,401,XYT5036X,新逾捷,重庆新逾捷特种车辆有限公司,旅居车,,https://www.miit-eidc.org.cn/art/2025/12/15/art_1691_11915.html,2025-12-15,eidc,confirmed,high,旅居车,passenger_vehicle,suv_mpv,in_scope,(二十一)44,一、汽车生产企业,0,0,1,0,0
401:YDL5061X,401:YDL5061X:confirmed,401,YDL5061X,拓锐斯特,南京英德利汽车有限公司,旅居车,,https://www.miit-eidc.org.cn/art/2025/12/15/art_1691_11915.html,2025-12-15,eidc,confirmed,high,旅居车,passenger_vehicle,suv_mpv,in_scope,(十)150,一、汽车生产企业,0,0,1,0,0
401:YSD5040X,401:YSD5040X:confirmed,401,YSD5040X,驿路亦家,扬州赛德房车有限公司,旅居车,,https://www.miit-eidc.org.cn/art/2025/12/15/art_1691_11915.html,2025-12-15,eidc,confirmed,high,旅居车,passenger_vehicle,suv_mpv,in_scope,(十)163,一、汽车生产企业,0,0,1,0,0
401:YSZ5040X,401:YSZ5040X:confirmed,401,YSZ5040X,双专,重庆双专汽车制造股份有限公司,旅居车,,https://www.miit-eidc.org.cn/art/2025/12/15/art_1691_11915.html,2025-12-15,eidc,confirmed,high,旅居车,passenger_vehicle,suv_mpv,in_scope,(二十一)23,一、汽车生产企业,0,0,1,0,0
401:ZN1030,401:ZN1030:confirmed,401,ZN1030,日产(NISSAN),郑州日产汽车有限公司,插电式混合动力多用途货车底盘,,https://www.miit-eidc.org.cn/art/2025/12/15/art_1691_11915.html,2025-12-15,eidc,confirmed,high,插电式混合动力多用途货车底盘,passenger_vehicle,suv_mpv,in_scope,72,一、汽车生产企业,0,0,1,0,0
401:ZN1032,401:ZN1032:confirmed,401,ZN1032,日产(NISSAN),郑州日产汽车有限公司,多用途货车,,https://www.miit-eidc.org.cn/art/2025/12/15/art_1691_11915.html,2025-12-15,eidc,confirmed,high,多用途货车,passenger_vehicle,suv_mpv,in_scope,72,一、汽车生产企业,0,0,1,0,0
401:ZN1036,401:ZN1036:confirmed,401,ZN1036,东风,郑州日产汽车有限公司,两用燃料多用途货车,,https://www.miit-eidc.org.cn/art/2025/12/15/art_1691_11915.html,2025-12-15,eidc,confirmed,high,两用燃料多用途货车,passenger_vehicle,suv_mpv,in_scope,72,一、汽车生产企业,0,0,1,0,0
401:ZN1037,401:ZN1037:confirmed,401,ZN1037,东风,郑州日产汽车有限公司,多用途货车底盘,,https://www.miit-eidc.org.cn/art/2025/12/15/art_1691_11915.html,2025-12-15,eidc,confirmed,high,多用途货车底盘,passenger_vehicle,suv_mpv,in_scope,72,一、汽车生产企业,0,0,1,0,0
401:ZN1039,401:ZN1039:confirmed,401,ZN1039,日产(NISSAN),郑州日产汽车有限公司,多用途货车底盘,,https://www.miit-eidc.org.cn/art/2025/12/15/art_1691_11915.html,2025-12-15,eidc,confirmed,high,多用途货车底盘,passenger_vehicle,suv_mpv,in_scope,72,一、汽车生产企业,0,0,1,0,0
401:ZQZ5188X,401:ZQZ5188X:confirmed,401,ZQZ5188X,中汽,中汽商用汽车有限公司(杭州),旅居车,,https://www.miit-eidc.org.cn/art/2025/12/15/art_1691_11915.html,2025-12-15,eidc,confirmed,high,旅居车,passenger_vehicle,suv_mpv,in_scope,(十一)37,一、汽车生产企业,0,0,1,0,0
402:AAK5031X,402:AAK5031X:confirmed,402,AAK5031X,中星凯悦,湖北中凯汽车科技有限公司,纯电动旅居车,,https://www.miit-eidc.org.cn/art/2025/12/31/art_1691_11974.html,2025-12-31,eidc,confirmed,high,纯电动旅居车,passenger_vehicle,suv_mpv,in_scope,(十七)232,民用改装车生产企业,0,1,1,0,1
402:AHC6460,402:AHC6460:confirmed,402,AHC6460,埃安(AION),广汽埃安新能源汽车股份有限公司,纯电动多用途乘用车,埃安N60,https://www.miit-eidc.org.cn/art/2025/12/31/art_1691_11974.html,2025-12-31,eidc,confirmed,high,纯电动多用途乘用车,passenger_vehicle,suv_mpv,in_scope,216,一、汽车生产企业,0,1,1,0,1
402:AHC6500,402:AHC6500:confirmed,402,AHC6500,昊铂,广汽埃安新能源汽车股份有限公司,插电式增程混合动力多用途乘用车 / 纯电动多用途乘用车,昊铂S600,https://www.miit-eidc.org.cn/art/2025/12/31/art_1691_11974.html,2025-12-31,eidc,confirmed,high,插电式增程混合动力多用途乘用车,passenger_vehicle,suv_mpv,in_scope,216,一、汽车生产企业,1,1,1,0,1
402:AHC7000,402:AHC7000:confirmed,402,AHC7000,埃安(AION),广汽埃安新能源汽车股份有限公司,换电式纯电动轿车,RT,https://www.miit-eidc.org.cn/art/2025/12/31/art_1691_11974.html,2025-12-31,eidc,confirmed,high,换电式纯电动轿车,passenger_vehicle,sedan,in_scope,216,一、汽车生产企业,0,1,1,0,1
402:APW5040X,402:APW5040X:confirmed,402,APW5040X,奥拓福,奥拓福特种车辆制造有限公司,旅居车,,https://www.miit-eidc.org.cn/art/2025/12/31/art_1691_11974.html,2025-12-31,eidc,confirmed,high,旅居车,passenger_vehicle,suv_mpv,in_scope,(六)74,民用改装车生产企业,0,0,1,0,0
402:APW5041X,402:APW5041X:confirmed,402,APW5041X,奥拓福,奥拓福特种车辆制造有限公司,旅居车,,https://www.miit-eidc.org.cn/art/2025/12/31/art_1691_11974.html,2025-12-31,eidc,confirmed,high,旅居车,passenger_vehicle,suv_mpv,in_scope,(六)74,民用改装车生产企业,0,0,1,0,0
402:BAW2033,402:BAW2033:confirmed,402,BAW2033,二一二,北京汽车制造厂有限公司,越野乘用车,,https://www.miit-eidc.org.cn/art/2025/12/31/art_1691_11974.html,2025-12-31,eidc,confirmed,high,越野乘用车,passenger_vehicle,suv_mpv,in_scope,9,一、汽车生产企业,0,0,1,0,0
402:BAW6521,402:BAW6521:confirmed,402,BAW6521,锐胜,北京汽车制造厂有限公司,纯电动多用途乘用车,锐胜王牌E-M7,https://www.miit-eidc.org.cn/art/2025/12/31/art_1691_11974.html,2025-12-31,eidc,confirmed,high,纯电动多用途乘用车,passenger_vehicle,suv_mpv,in_scope,9,一、汽车生产企业,0,1,1,0,1
402:BJ1037,402:BJ1037:confirmed,402,BJ1037,福田,北汽福田汽车股份有限公司,多用途货车 / 多用途货车底盘 / 插电式混合动力多用途货车 / 插电式混合动力多用途货车底盘,,https://www.miit-eidc.org.cn/art/2025/12/31/art_1691_11974.html,2025-12-31,eidc,confirmed,high,多用途货车,passenger_vehicle,suv_mpv,in_scope,9,一、汽车生产企业,0,1,1,0,1
402:BJ2030,402:BJ2030:confirmed,402,BJ2030,北京,北京汽车集团越野车有限公司,插电式增程混合动力越野乘用车,BJ40e,https://www.miit-eidc.org.cn/art/2025/12/31/art_1691_11974.html,2025-12-31,eidc,confirmed,high,插电式增程混合动力越野乘用车,passenger_vehicle,suv_mpv,in_scope,11,一、汽车生产企业,1,1,1,0,1
402:BJ6460,402:BJ6460:confirmed,402,BJ6460,北京,北京汽车股份有限公司,混合动力多用途乘用车,魔方;魔方e,https://www.miit-eidc.org.cn/art/2025/12/31/art_1691_11974.html,2025-12-31,eidc,confirmed,high,混合动力多用途乘用车,passenger_vehicle,suv_mpv,in_scope,11,一、汽车生产企业,1,0,1,0,1
402:BJ6470,402:BJ6470:confirmed,402,BJ6470,北京,北京汽车股份有限公司,混合动力多用途乘用车,BJ30e;BJ30e旅行家,https://www.miit-eidc.org.cn/art/2025/12/31/art_1691_11974.html,2025-12-31,eidc,confirmed,high,混合动力多用途乘用车,passenger_vehicle,suv_mpv,in_scope,11,一、汽车生产企业,1,1,2,0,1
402:BJ6530,402:BJ6530:confirmed,402,BJ6530,极狐,北京新能源汽车股份有限公司,插电式增程混合动力多用途乘用车,ARCFOX,https://www.miit-eidc.org.cn/art/2025/12/31/art_1691_11974.html,2025-12-31,eidc,confirmed,high,插电式增程混合动力多用途乘用车,passenger_vehicle,suv_mpv,in_scope,11,一、汽车生产企业,1,1,1,0,1
402:BMW6462,402:BMW6462:confirmed,402,BMW6462,宝马(BMW),华晨宝马汽车有限公司,纯电动多用途乘用车,创新纯电动BMW iX1,https://www.miit-eidc.org.cn/art/2025/12/31/art_1691_11974.html,2025-12-31,eidc,confirmed,high,纯电动多用途乘用车,passenger_vehicle,suv_mpv,in_scope,33,一、汽车生产企业,0,1,1,0,1
402:BQ1035,402:BQ1035:confirmed,402,BQ1035,田野,河北中兴汽车制造有限公司,多用途货车,,https://www.miit-eidc.org.cn/art/2025/12/31/art_1691_11974.html,2025-12-31,eidc,confirmed,high,多用途货车,passenger_vehicle,suv_mpv,in_scope,19,一、汽车生产企业,0,0,1,0,0
402:BQ1036,402:BQ1036:confirmed,402,BQ1036,田野,河北中兴汽车制造有限公司,多用途货车,,https://www.miit-eidc.org.cn/art/2025/12/31/art_1691_11974.html,2025-12-31,eidc,confirmed,high,多用途货车,passenger_vehicle,suv_mpv,in_scope,19,一、汽车生产企业,0,0,1,0,0
402:BYD6480,402:BYD6480:confirmed,402,BYD6480,比亚迪,比亚迪汽车有限公司,插电式混合动力多用途乘用车 / 纯电动多用途乘用车,比亚迪海狮06,https://www.miit-eidc.org.cn/art/2025/12/31/art_1691_11974.html,2025-12-31,eidc,confirmed,high,插电式混合动力多用途乘用车,passenger_vehicle,suv_mpv,in_scope,108,一、汽车生产企业,1,1,1,0,1
402:BYD6490,402:BYD6490:confirmed,402,BYD6490,比亚迪,比亚迪汽车工业有限公司,插电式混合动力多用途乘用车,比亚迪唐,https://www.miit-eidc.org.cn/art/2025/12/31/art_1691_11974.html,2025-12-31,eidc,confirmed,high,插电式混合动力多用途乘用车,passenger_vehicle,suv_mpv,in_scope,79,一、汽车生产企业,1,1,1,0,1
402:BYD7000,402:BYD7000:confirmed,402,BYD7000,比亚迪,比亚迪汽车工业有限公司,纯电动轿车,比亚迪海豹06、比亚迪海豹06MAX,https://www.miit-eidc.org.cn/art/2025/12/31/art_1691_11974.html,2025-12-31,eidc,confirmed,high,纯电动轿车,passenger_vehicle,sedan,in_scope,79,一、汽车生产企业,0,1,2,0,1
402:BYD7009,402:BYD7009:confirmed,402,BYD7009,比亚迪,比亚迪汽车工业有限公司,纯电动轿车,比亚迪汉,https://www.miit-eidc.org.cn/art/2025/12/31/art_1691_11974.html,2025-12-31,eidc,confirmed,high,纯电动轿车,passenger_vehicle,sedan,in_scope,79,一、汽车生产企业,0,1,1,0,1
402:CA6475,402:CA6475:confirmed,402,CA6475,红旗,中国第一汽车集团有限公司,插电式混合动力多用途乘用车,红旗HS3 PHEV,https://www.miit-eidc.org.cn/art/2025/12/31/art_1691_11974.html,2025-12-31,eidc,confirmed,high,插电式混合动力多用途乘用车,passenger_vehicle,suv_mpv,in_scope,1,一、汽车生产企业,1,1,1,0,1
402:CA6520,402:CA6520:confirmed,402,CA6520,红旗,中国第一汽车集团有限公司,插电式混合动力多用途乘用车,红旗HQ9 PHEV,https://www.miit-eidc.org.cn/art/2025/12/31/art_1691_11974.html,2025-12-31,eidc,confirmed,high,插电式混合动力多用途乘用车,passenger_vehicle,suv_mpv,in_scope,1,一、汽车生产企业,1,1,1,0,1
402:CAF6511,402:CAF6511:confirmed,402,CAF6511,福特,长安福特汽车有限公司,多用途乘用车,,https://www.miit-eidc.org.cn/art/2025/12/31/art_1691_11974.html,2025-12-31,eidc,confirmed,high,多用途乘用车,passenger_vehicle,suv_mpv,in_scope,96,一、汽车生产企业,0,0,1,0,0
402:CC2030,402:CC2030:confirmed,402,CC2030,哈弗,长城汽车股份有限公司,越野乘用车,坦克400,https://www.miit-eidc.org.cn/art/2025/12/31/art_1691_11974.html,2025-12-31,eidc,confirmed,high,越野乘用车,passenger_vehicle,suv_mpv,in_scope,15,一、汽车生产企业,0,1,1,0,1
402:CC6430,402:CC6430:confirmed,402,CC6430,欧拉,长城汽车股份有限公司,纯电动多用途乘用车,欧拉好猫,https://www.miit-eidc.org.cn/art/2025/12/31/art_1691_11974.html,2025-12-31,eidc,confirmed,high,纯电动多用途乘用车,passenger_vehicle,suv_mpv,in_scope,15,一、汽车生产企业,0,1,1,0,1
402:CSA6512,402:CSA6512:confirmed,402,CSA6512,智己,上海汽车集团股份有限公司,插电式增程混合动力运动型乘用车,LS8,https://www.miit-eidc.org.cn/art/2025/12/31/art_1691_11974.html,2025-12-31,eidc,confirmed,high,插电式增程混合动力运动型乘用车,passenger_vehicle,suv_mpv,in_scope,122,一、汽车生产企业,1,1,1,0,1
402:CSA6531,402:CSA6531:confirmed,402,CSA6531,智己,上海汽车集团股份有限公司,插电式增程混合动力运动型乘用车,LS9,https://www.miit-eidc.org.cn/art/2025/12/31/art_1691_11974.html,2025-12-31,eidc,confirmed,high,插电式增程混合动力运动型乘用车,passenger_vehicle,suv_mpv,in_scope,122,一、汽车生产企业,1,1,1,0,1
402:CSA7004,402:CSA7004:confirmed,402,CSA7004,荣威,上海汽车集团股份有限公司,纯电动轿车,D6,https://www.miit-eidc.org.cn/art/2025/12/31/art_1691_11974.html,2025-12-31,eidc,confirmed,high,纯电动轿车,passenger_vehicle,sedan,in_scope,122,一、汽车生产企业,0,1,1,0,1
402:CSA7005,402:CSA7005:confirmed,402,CSA7005,荣威,上海汽车集团股份有限公司,纯电动轿车,D6,https://www.miit-eidc.org.cn/art/2025/12/31/art_1691_11974.html,2025-12-31,eidc,confirmed,high,纯电动轿车,passenger_vehicle,sedan,in_scope,122,一、汽车生产企业,0,1,1,0,1
402:DCQ5054X,402:DCQ5054X:confirmed,402,DCQ5054X,大驰,大驰智能汽车（日照）有限公司,旅居车,,https://www.miit-eidc.org.cn/art/2025/12/31/art_1691_11974.html,2025-12-31,eidc,confirmed,high,旅居车,passenger_vehicle,suv_mpv,in_scope,(十五)466,民用改装车生产企业,0,0,1,0,0
402:DCQ5065X,402:DCQ5065X:confirmed,402,DCQ5065X,大驰,大驰智能汽车（日照）有限公司,旅居车,,https://www.miit-eidc.org.cn/art/2025/12/31/art_1691_11974.html,2025-12-31,eidc,confirmed,high,旅居车,passenger_vehicle,suv_mpv,in_scope,(十五)466,民用改装车生产企业,0,0,1,0,0
402:DFL6490,402:DFL6490:confirmed,402,DFL6490,东风日产,东风汽车有限公司,插电式增程混合动力运动型乘用车 / 纯电动运动型乘用车,东风日产NX8,https://www.miit-eidc.org.cn/art/2025/12/31/art_1691_11974.html,2025-12-31,eidc,confirmed,high,插电式增程混合动力运动型乘用车,passenger_vehicle,suv_mpv,in_scope,3,一、汽车生产企业,1,1,1,0,1
402:DFM6500,402:DFM6500:confirmed,402,DFM6500,东风,东风汽车集团有限公司,插电式增程混合动力多用途乘用车 / 纯电动多用途乘用车,东风eπS08,https://www.miit-eidc.org.cn/art/2025/12/31/art_1691_11974.html,2025-12-31,eidc,confirmed,high,插电式增程混合动力多用途乘用车,passenger_vehicle,suv_mpv,in_scope,3,一、汽车生产企业,0,1,1,0,1
402:DJV5032X,402:DJV5032X:confirmed,402,DJV5032X,东嘉加乐,南充东嘉新能源汽车有限公司,插电式混合动力旅居车,,https://www.miit-eidc.org.cn/art/2025/12/31/art_1691_11974.html,2025-12-31,eidc,confirmed,high,插电式混合动力旅居车,passenger_vehicle,suv_mpv,in_scope,(二十二)68,民用改装车生产企业,0,1,1,0,1
402:DJV5071X,402:DJV5071X:confirmed,402,DJV5071X,东嘉加乐,南充东嘉新能源汽车有限公司,插电式混合动力旅居车,,https://www.miit-eidc.org.cn/art/2025/12/31/art_1691_11974.html,2025-12-31,eidc,confirmed,high,插电式混合动力旅居车,passenger_vehicle,suv_mpv,in_scope,(二十二)68,民用改装车生产企业,0,0,1,0,0
402:EQ2030,402:EQ2030:confirmed,402,EQ2030,东风,东风汽车集团有限公司,多用途越野货车 / 越野多用途货车底盘,,https://www.miit-eidc.org.cn/art/2025/12/31/art_1691_11974.html,2025-12-31,eidc,confirmed,high,多用途越野货车,passenger_vehicle,suv_mpv,in_scope,3,一、汽车生产企业,0,0,1,0,0
402:EQ6520,402:EQ6520:confirmed,402,EQ6520,岚图,东风汽车集团有限公司,插电式混合动力多用途乘用车,岚图泰山8,https://www.miit-eidc.org.cn/art/2025/12/31/art_1691_11974.html,2025-12-31,eidc,confirmed,high,插电式混合动力多用途乘用车,passenger_vehicle,suv_mpv,in_scope,3,一、汽车生产企业,1,1,1,0,1
402:EQ6521,402:EQ6521:confirmed,402,EQ6521,岚图,东风汽车集团有限公司,插电式混合动力多用途乘用车,岚图泰山8,https://www.miit-eidc.org.cn/art/2025/12/31/art_1691_11974.html,2025-12-31,eidc,confirmed,high,插电式混合动力多用途乘用车,passenger_vehicle,suv_mpv,in_scope,3,一、汽车生产企业,1,1,1,0,1
402:FHA5039X,402:FHA5039X:confirmed,402,FHA5039X,景飞,上海辅恒汽车技术有限公司,旅居车,,https://www.miit-eidc.org.cn/art/2025/12/31/art_1691_11974.html,2025-12-31,eidc,confirmed,high,旅居车,passenger_vehicle,suv_mpv,in_scope,(九)50,民用改装车生产企业,0,0,1,0,0
402:FKT5044X,402:FKT5044X:confirmed,402,FKT5044X,福客特,青岛福客特汽车有限公司,旅居车,,https://www.miit-eidc.org.cn/art/2025/12/31/art_1691_11974.html,2025-12-31,eidc,confirmed,high,旅居车,passenger_vehicle,suv_mpv,in_scope,(十五)557,民用改装车生产企业,0,0,1,0,0
402:FV7201,402:FV7201:confirmed,402,FV7201,奥迪(AUDI),一汽-大众汽车有限公司,轿车,,https://www.miit-eidc.org.cn/art/2025/12/31/art_1691_11974.html,2025-12-31,eidc,confirmed,high,轿车,passenger_vehicle,sedan,in_scope,2,一、汽车生产企业,0,0,1,0,0
402:FV7301,402:FV7301:confirmed,402,FV7301,奥迪(AUDI),一汽-大众汽车有限公司,轿车,,https://www.miit-eidc.org.cn/art/2025/12/31/art_1691_11974.html,2025-12-31,eidc,confirmed,high,轿车,passenger_vehicle,sedan,in_scope,2,一、汽车生产企业,0,0,1,0,0
402:GAC6531,402:GAC6531:confirmed,402,GAC6531,传祺(Trumpchi),广汽传祺汽车有限公司,插电式混合动力多用途乘用车,传祺E9;传祺M8,https://www.miit-eidc.org.cn/art/2025/12/31/art_1691_11974.html,2025-12-31,eidc,confirmed,high,插电式混合动力多用途乘用车,passenger_vehicle,suv_mpv,in_scope,89,一、汽车生产企业,1,1,1,0,1
402:HHY5044X,402:HHY5044X:confirmed,402,HHY5044X,途骏,华云汽车(广德)有限公司,旅居车,,https://www.miit-eidc.org.cn/art/2025/12/31/art_1691_11974.html,2025-12-31,eidc,confirmed,high,旅居车,passenger_vehicle,suv_mpv,in_scope,(十二)63,民用改装车生产企业,0,0,1,0,0
402:HQ6483,402:HQ6483:confirmed,402,HQ6483,吉利,浙江豪情汽车制造有限公司,插电式混合动力多用途乘用车,银河M7,https://www.miit-eidc.org.cn/art/2025/12/31/art_1691_11974.html,2025-12-31,eidc,confirmed,high,插电式混合动力多用途乘用车,passenger_vehicle,suv_mpv,in_scope,52,一、汽车生产企业,1,1,1,0,1
402:HQ7151,402:HQ7151:confirmed,402,HQ7151,吉利,浙江豪情汽车制造有限公司,插电式混合动力轿车,银河星耀7,https://www.miit-eidc.org.cn/art/2025/12/31/art_1691_11974.html,2025-12-31,eidc,confirmed,high,插电式混合动力轿车,passenger_vehicle,sedan,in_scope,52,一、汽车生产企业,1,1,1,1,1
402:HSE6547,402:HSE6547:confirmed,402,HSE6547,予风,河南森源电动汽车有限公司,纯电动多用途乘用车,黄金仓,https://www.miit-eidc.org.cn/art/2025/12/31/art_1691_11974.html,2025-12-31,eidc,confirmed,high,纯电动多用途乘用车,passenger_vehicle,suv_mpv,in_scope,209,一、汽车生产企业,0,1,1,0,1
402:HSE6548,402:HSE6548:confirmed,402,HSE6548,予风,河南森源电动汽车有限公司,纯电动多用途乘用车,黄金仓,https://www.miit-eidc.org.cn/art/2025/12/31/art_1691_11974.html,2025-12-31,eidc,confirmed,high,纯电动多用途乘用车,passenger_vehicle,suv_mpv,in_scope,209,一、汽车生产企业,0,1,1,0,1
402:JHC6481,402:JHC6481:confirmed,402,JHC6481,远程,山西新能源汽车工业有限公司,纯电动多用途乘用车,星享V6E,https://www.miit-eidc.org.cn/art/2025/12/31/art_1691_11974.html,2025-12-31,eidc,confirmed,high,纯电动多用途乘用车,passenger_vehicle,suv_mpv,in_scope,25,一、汽车生产企业,0,1,1,0,1
402:JHC6488,402:JHC6488:confirmed,402,JHC6488,远程,山西新能源汽车工业有限公司,纯电动多用途乘用车,星享V6E,https://www.miit-eidc.org.cn/art/2025/12/31/art_1691_11974.html,2025-12-31,eidc,confirmed,high,纯电动多用途乘用车,passenger_vehicle,suv_mpv,in_scope,25,一、汽车生产企业,0,1,1,0,1
402:JHV5141X,402:JHV5141X:confirmed,402,JHV5141X,金环科技,江苏金环科技有限公司,旅居车,,https://www.miit-eidc.org.cn/art/2025/12/31/art_1691_11974.html,2025-12-31,eidc,confirmed,high,旅居车,passenger_vehicle,suv_mpv,in_scope,(十)213,民用改装车生产企业,0,0,1,0,0
402:JKC6460,402:JKC6460:confirmed,402,JKC6460,鑫源,鑫源汽车有限公司,纯电动多用途乘用车,E3,https://www.miit-eidc.org.cn/art/2025/12/31/art_1691_11974.html,2025-12-31,eidc,confirmed,high,纯电动多用途乘用车,passenger_vehicle,suv_mpv,in_scope,146,一、汽车生产企业,0,1,1,0,1
402:JKC6470,402:JKC6470:confirmed,402,JKC6470,鑫源,鑫源汽车有限公司,多用途乘用车 / 纯电动多用途乘用车,向上v6,https://www.miit-eidc.org.cn/art/2025/12/31/art_1691_11974.html,2025-12-31,eidc,confirmed,high,多用途乘用车,passenger_vehicle,suv_mpv,in_scope,146,一、汽车生产企业,0,1,1,0,1
402:JKC6490,402:JKC6490:confirmed,402,JKC6490,鑫源,鑫源汽车有限公司,纯电动多用途乘用车,E3L,https://www.miit-eidc.org.cn/art/2025/12/31/art_1691_11974.html,2025-12-31,eidc,confirmed,high,纯电动多用途乘用车,passenger_vehicle,suv_mpv,in_scope,146,一、汽车生产企业,0,1,1,0,1
402:JL6551,402:JL6551:confirmed,402,JL6551,远程,浙江豪情汽车制造有限公司,纯电动多用途乘用车,SV,https://www.miit-eidc.org.cn/art/2025/12/31/art_1691_11974.html,2025-12-31,eidc,confirmed,high,纯电动多用途乘用车,passenger_vehicle,suv_mpv,in_scope,52,一、汽车生产企业,0,1,1,0,1
402:JX1032,402:JX1032:confirmed,402,JX1032,江铃,江铃汽车股份有限公司,多用途货车 / 多用途货车底盘,,https://www.miit-eidc.org.cn/art/2025/12/31/art_1691_11974.html,2025-12-31,eidc,confirmed,high,多用途货车,passenger_vehicle,suv_mpv,in_scope,61,一、汽车生产企业,0,0,1,0,0
402:JX6491,402:JX6491:confirmed,402,JX6491,江铃,江铃汽车股份有限公司,纯电动多用途乘用车,金琥EV80,https://www.miit-eidc.org.cn/art/2025/12/31/art_1691_11974.html,2025-12-31,eidc,confirmed,high,纯电动多用途乘用车,passenger_vehicle,suv_mpv,in_scope,61,一、汽车生产企业,0,1,1,0,1
402:JX6521,402:JX6521:confirmed,402,JX6521,江铃,江铃汽车股份有限公司,纯电动多用途乘用车,金琥EV80L,https://www.miit-eidc.org.cn/art/2025/12/31/art_1691_11974.html,2025-12-31,eidc,confirmed,high,纯电动多用途乘用车,passenger_vehicle,suv_mpv,in_scope,61,一、汽车生产企业,0,1,1,0,1
402:JX7001,402:JX7001:confirmed,402,JX7001,羿驰,江西江铃集团新能源汽车有限公司,换电式纯电动轿车 / 纯电动轿车,羿驰05,https://www.miit-eidc.org.cn/art/2025/12/31/art_1691_11974.html,2025-12-31,eidc,confirmed,high,换电式纯电动轿车,passenger_vehicle,sedan,in_scope,165,一、汽车生产企业,0,1,1,0,1
402:KDK5050X,402:KDK5050X:confirmed,402,KDK5050X,朗奇,大连宽大特种车辆有限公司,旅居车,,https://www.miit-eidc.org.cn/art/2025/12/31/art_1691_11974.html,2025-12-31,eidc,confirmed,high,旅居车,passenger_vehicle,suv_mpv,in_scope,(六)99,民用改装车生产企业,0,0,1,0,0
402:LDY5100X,402:LDY5100X:confirmed,402,LDY5100X,诺马迪森,河南德野专用车辆股份有限公司,旅居车,,https://www.miit-eidc.org.cn/art/2025/12/31/art_1691_11974.html,2025-12-31,eidc,confirmed,high,旅居车,passenger_vehicle,suv_mpv,in_scope,(十六)98,民用改装车生产企业,0,0,1,0,0
402:LDY5230X,402:LDY5230X:confirmed,402,LDY5230X,诺马迪森,河南德野专用车辆股份有限公司,旅居车,,https://www.miit-eidc.org.cn/art/2025/12/31/art_1691_11974.html,2025-12-31,eidc,confirmed,high,旅居车,passenger_vehicle,suv_mpv,in_scope,(十六)98,民用改装车生产企业,0,0,1,0,0
402:LFH5042X,402:LFH5042X:confirmed,402,LFH5042X,罗霍尔德,浙江罗夫哈特汽车有限公司,旅居车,,https://www.miit-eidc.org.cn/art/2025/12/31/art_1691_11974.html,2025-12-31,eidc,confirmed,high,旅居车,passenger_vehicle,suv_mpv,in_scope,(十一)80,民用改装车生产企业,0,0,1,0,0
402:LFH5060X,402:LFH5060X:confirmed,402,LFH5060X,罗霍尔德,浙江罗夫哈特汽车有限公司,旅居车,,https://www.miit-eidc.org.cn/art/2025/12/31/art_1691_11974.html,2025-12-31,eidc,confirmed,high,旅居车,passenger_vehicle,suv_mpv,in_scope,(十一)80,民用改装车生产企业,0,0,1,0,0
402:LLC5050X,402:LLC5050X:confirmed,402,LLC5050X,朗宸,洛阳凌宇朗宸汽车有限公司,旅居车,,https://www.miit-eidc.org.cn/art/2025/12/31/art_1691_11974.html,2025-12-31,eidc,confirmed,high,旅居车,passenger_vehicle,suv_mpv,in_scope,(十六)101,民用改装车生产企业,0,0,1,0,0
402:LTS6510,402:LTS6510:confirmed,402,LTS6510,莲花,浙江吉利汽车有限公司,插电式混合动力多用途乘用车,FOR ME,https://www.miit-eidc.org.cn/art/2025/12/31/art_1691_11974.html,2025-12-31,eidc,confirmed,high,插电式混合动力多用途乘用车,passenger_vehicle,suv_mpv,in_scope,52,一、汽车生产企业,1,1,1,0,1
402:LZ6520,402:LZ6520:confirmed,402,LZ6520,东风,东风柳州汽车有限公司,插电式混合动力多用途乘用车,V9,https://www.miit-eidc.org.cn/art/2025/12/31/art_1691_11974.html,2025-12-31,eidc,confirmed,high,插电式混合动力多用途乘用车,passenger_vehicle,suv_mpv,in_scope,91,一、汽车生产企业,1,1,1,0,1
402:LZW6500,402:LZW6500:confirmed,402,LZW6500,五菱,上汽通用五菱汽车股份有限公司,换电式纯电动多用途乘用车,五菱扬光,https://www.miit-eidc.org.cn/art/2025/12/31/art_1691_11974.html,2025-12-31,eidc,confirmed,high,换电式纯电动多用途乘用车,passenger_vehicle,suv_mpv,in_scope,92,一、汽车生产企业,0,1,1,0,1
402:LZW6502,402:LZW6502:confirmed,402,LZW6502,五菱,上汽通用五菱汽车股份有限公司,插电式混合动力多用途乘用车,星光L,https://www.miit-eidc.org.cn/art/2025/12/31/art_1691_11974.html,2025-12-31,eidc,confirmed,high,插电式混合动力多用途乘用车,passenger_vehicle,suv_mpv,in_scope,92,一、汽车生产企业,1,1,1,0,1
402:LZW6550,402:LZW6550:confirmed,402,LZW6550,五菱,上汽通用五菱汽车股份有限公司,纯电动多用途乘用车,,https://www.miit-eidc.org.cn/art/2025/12/31/art_1691_11974.html,2025-12-31,eidc,confirmed,high,纯电动多用途乘用车,passenger_vehicle,suv_mpv,in_scope,92,一、汽车生产企业,0,0,1,0,0
402:LZW7001,402:LZW7001:confirmed,402,LZW7001,五菱,上汽通用五菱汽车股份有限公司,纯电动轿车,宏光MINIEV,https://www.miit-eidc.org.cn/art/2025/12/31/art_1691_11974.html,2025-12-31,eidc,confirmed,high,纯电动轿车,passenger_vehicle,sedan,in_scope,92,一、汽车生产企业,0,1,1,0,1
402:LZW7007,402:LZW7007:confirmed,402,LZW7007,五菱,上汽通用五菱汽车股份有限公司,纯电动轿车,五菱缤果Pro,https://www.miit-eidc.org.cn/art/2025/12/31/art_1691_11974.html,2025-12-31,eidc,confirmed,high,纯电动轿车,passenger_vehicle,sedan,in_scope,92,一、汽车生产企业,0,1,1,0,1
402:LZX5120X,402:LZX5120X:confirmed,402,LZX5120X,华悦达,湖北旭帆专用汽车有限公司,旅居车,,https://www.miit-eidc.org.cn/art/2025/12/31/art_1691_11974.html,2025-12-31,eidc,confirmed,high,旅居车,passenger_vehicle,suv_mpv,in_scope,(十七)114,民用改装车生产企业,0,0,1,0,0
402:MR7152,402:MR7152:confirmed,402,MR7152,吉利,浙江吉利汽车有限公司,插电式混合动力轿车,银河星耀8,https://www.miit-eidc.org.cn/art/2025/12/31/art_1691_11974.html,2025-12-31,eidc,confirmed,high,插电式混合动力轿车,passenger_vehicle,sedan,in_scope,52,一、汽车生产企业,1,1,1,0,1
402:MR7154,402:MR7154:confirmed,402,MR7154,吉利,浙江吉利汽车有限公司,混合动力轿车,preface,https://www.miit-eidc.org.cn/art/2025/12/31/art_1691_11974.html,2025-12-31,eidc,confirmed,high,混合动力轿车,passenger_vehicle,sedan,in_scope,52,一、汽车生产企业,1,0,1,0,1
402:NEQ6420,402:NEQ6420:confirmed,402,NEQ6420,爱咖,奇瑞新能源汽车股份有限公司,换电式纯电动多用途乘用车 / 纯电动多用途乘用车,,https://www.miit-eidc.org.cn/art/2025/12/31/art_1691_11974.html,2025-12-31,eidc,confirmed,high,换电式纯电动多用途乘用车,passenger_vehicle,suv_mpv,in_scope,174,一、汽车生产企业,0,0,1,0,0
402:NEQ6490,402:NEQ6490:confirmed,402,NEQ6490,爱咖,奇瑞新能源汽车股份有限公司,插电式增程混合动力多用途乘用车,V27,https://www.miit-eidc.org.cn/art/2025/12/31/art_1691_11974.html,2025-12-31,eidc,confirmed,high,插电式增程混合动力多用途乘用车,passenger_vehicle,suv_mpv,in_scope,174,一、汽车生产企业,1,1,1,0,1
402:NEQ6510,402:NEQ6510:confirmed,402,NEQ6510,爱咖,奇瑞新能源汽车股份有限公司,插电式增程混合动力多用途乘用车,V27,https://www.miit-eidc.org.cn/art/2025/12/31/art_1691_11974.html,2025-12-31,eidc,confirmed,high,插电式增程混合动力多用途乘用车,passenger_vehicle,suv_mpv,in_scope,174,一、汽车生产企业,1,1,1,0,1
402:NJ5046X,402:NJ5046X:confirmed,402,NJ5046X,依维柯,南京汽车集团有限公司,旅居车,,https://www.miit-eidc.org.cn/art/2025/12/31/art_1691_11974.html,2025-12-31,eidc,confirmed,high,旅居车,passenger_vehicle,suv_mpv,in_scope,44,一、汽车生产企业,0,0,1,0,0
402:NJ6540,402:NJ6540:confirmed,402,NJ6540,超越,南京汽车集团有限公司,纯电动多用途乘用车,聚星,https://www.miit-eidc.org.cn/art/2025/12/31/art_1691_11974.html,2025-12-31,eidc,confirmed,high,纯电动多用途乘用车,passenger_vehicle,suv_mpv,in_scope,44,一、汽车生产企业,0,1,1,0,1
402:NJ6550,402:NJ6550:confirmed,402,NJ6550,超越,南京汽车集团有限公司,纯电动多用途乘用车,领胜,https://www.miit-eidc.org.cn/art/2025/12/31/art_1691_11974.html,2025-12-31,eidc,confirmed,high,纯电动多用途乘用车,passenger_vehicle,suv_mpv,in_scope,44,一、汽车生产企业,0,1,1,0,1
402:NJL6553,402:NJL6553:confirmed,402,NJL6553,创维,南京金龙客车制造有限公司,纯电动多用途乘用车,插电式增程混合动力多用途乘用车,https://www.miit-eidc.org.cn/art/2025/12/31/art_1691_11974.html,2025-12-31,eidc,confirmed,high,纯电动多用途乘用车,passenger_vehicle,suv_mpv,in_scope,142,一、汽车生产企业,1,1,1,0,1
402:QCJ2040,402:QCJ2040:confirmed,402,QCJ2040,仰望,比亚迪汽车有限公司,插电式混合动力越野乘用车,,https://www.miit-eidc.org.cn/art/2025/12/31/art_1691_11974.html,2025-12-31,eidc,confirmed,high,插电式混合动力越野乘用车,passenger_vehicle,suv_mpv,in_scope,108,一、汽车生产企业,0,0,1,0,0
402:QCJ6460,402:QCJ6460:confirmed,402,QCJ6460,方程豹,比亚迪汽车有限公司,纯电动多用途乘用车,方程豹钛3,https://www.miit-eidc.org.cn/art/2025/12/31/art_1691_11974.html,2025-12-31,eidc,confirmed,high,纯电动多用途乘用车,passenger_vehicle,suv_mpv,in_scope,108,一、汽车生产企业,0,1,1,0,1
402:QCJ6500,402:QCJ6500:confirmed,402,QCJ6500,方程豹,比亚迪汽车工业有限公司,插电式混合动力多用途乘用车,方程豹钛7,https://www.miit-eidc.org.cn/art/2025/12/31/art_1691_11974.html,2025-12-31,eidc,confirmed,high,插电式混合动力多用途乘用车,passenger_vehicle,suv_mpv,in_scope,79,一、汽车生产企业,1,1,1,0,1
402:QCJ7000,402:QCJ7000:confirmed,402,QCJ7000,仰望,比亚迪汽车工业有限公司,纯电动轿车,仰望U7,https://www.miit-eidc.org.cn/art/2025/12/31/art_1691_11974.html,2025-12-31,eidc,confirmed,high,纯电动轿车,passenger_vehicle,sedan,in_scope,79,一、汽车生产企业,0,1,1,0,1
402:QCJ7200,402:QCJ7200:confirmed,402,QCJ7200,仰望,比亚迪汽车工业有限公司,插电式混合动力轿车,仰望U7,https://www.miit-eidc.org.cn/art/2025/12/31/art_1691_11974.html,2025-12-31,eidc,confirmed,high,插电式混合动力轿车,passenger_vehicle,sedan,in_scope,79,一、汽车生产企业,1,1,1,0,1
402:QFA5030X,402:QFA5030X:confirmed,402,QFA5030X,趣蜂,江西趣蜂专用车装备有限公司,旅居车,,https://www.miit-eidc.org.cn/art/2025/12/31/art_1691_11974.html,2025-12-31,eidc,confirmed,high,旅居车,passenger_vehicle,suv_mpv,in_scope,(十四)48,民用改装车生产企业,0,0,1,0,0
402:QYZ5033X,402:QYZ5033X:confirmed,402,QYZ5033X,重特,重庆凯瑞特种车有限公司,旅居车,,https://www.miit-eidc.org.cn/art/2025/12/31/art_1691_11974.html,2025-12-31,eidc,confirmed,high,旅居车,passenger_vehicle,suv_mpv,in_scope,(二十一)10,民用改装车生产企业,0,0,1,0,0
402:SAL7000,402:SAL7000:confirmed,402,SAL7000,光束(MINI),光束汽车有限公司,纯电动轿车,MINI Aceman E,https://www.miit-eidc.org.cn/art/2025/12/31/art_1691_11974.html,2025-12-31,eidc,confirmed,high,纯电动轿车,passenger_vehicle,sedan,in_scope,213,一、汽车生产企业,0,1,1,0,1
402:SC1038,402:SC1038:confirmed,402,SC1038,长安,河北长安汽车有限公司,插电式增程混合动力多用途货车,,https://www.miit-eidc.org.cn/art/2025/12/31/art_1691_11974.html,2025-12-31,eidc,confirmed,high,插电式增程混合动力多用途货车,passenger_vehicle,suv_mpv,in_scope,22,一、汽车生产企业,1,0,1,0,1
402:SC6460,402:SC6460:confirmed,402,SC6460,长安,重庆长安汽车股份有限公司,插电式混合动力运动型乘用车 / 混合动力运动型乘用车,CS55 HEV,https://www.miit-eidc.org.cn/art/2025/12/31/art_1691_11974.html,2025-12-31,eidc,confirmed,high,插电式混合动力运动型乘用车,passenger_vehicle,suv_mpv,in_scope,96,一、汽车生产企业,1,1,1,0,1
402:SC6480,402:SC6480:confirmed,402,SC6480,长安,合肥长安汽车有限公司,多用途乘用车 / 混合动力多用途乘用车,CS75 HEV,https://www.miit-eidc.org.cn/art/2025/12/31/art_1691_11974.html,2025-12-31,eidc,confirmed,high,多用途乘用车,passenger_vehicle,suv_mpv,in_scope,96,一、汽车生产企业,1,1,1,0,1
402:SC7000,402:SC7000:confirmed,402,SC7000,长安,合肥长安汽车有限公司,纯电动轿车,长安欧尚520,https://www.miit-eidc.org.cn/art/2025/12/31/art_1691_11974.html,2025-12-31,eidc,confirmed,high,纯电动轿车,passenger_vehicle,sedan,in_scope,96,一、汽车生产企业,0,1,2,0,1
402:SC7150,402:SC7150:confirmed,402,SC7150,长安,重庆长安汽车股份有限公司,插电式混合动力轿车 / 混合动力轿车,UNI-V,https://www.miit-eidc.org.cn/art/2025/12/31/art_1691_11974.html,2025-12-31,eidc,confirmed,high,插电式混合动力轿车,passenger_vehicle,sedan,in_scope,96,一、汽车生产企业,1,1,1,0,1
402:SGM6525,402:SGM6525:confirmed,402,SGM6525,凯迪拉克(CADILLAC),上汽通用汽车有限公司,纯电动运动型乘用车,VISTIQ,https://www.miit-eidc.org.cn/art/2025/12/31/art_1691_11974.html,2025-12-31,eidc,confirmed,high,纯电动运动型乘用车,passenger_vehicle,suv_mpv,in_scope,6,一、汽车生产企业,0,1,1,0,1
402:SH1030,402:SH1030:confirmed,402,SH1030,大通,上汽大通汽车有限公司,多用途货车底盘,,https://www.miit-eidc.org.cn/art/2025/12/31/art_1691_11974.html,2025-12-31,eidc,confirmed,high,多用途货车底盘,passenger_vehicle,suv_mpv,in_scope,41,一、汽车生产企业,0,0,1,0,0
402:SH6541,402:SH6541:confirmed,402,SH6541,大通,上汽大通汽车有限公司,纯电动多用途乘用车,MILA 1,https://www.miit-eidc.org.cn/art/2025/12/31/art_1691_11974.html,2025-12-31,eidc,confirmed,high,纯电动多用途乘用车,passenger_vehicle,suv_mpv,in_scope,41,一、汽车生产企业,0,1,1,0,1
402:SH6554,402:SH6554:confirmed,402,SH6554,大通,上汽大通汽车有限公司,纯电动多用途乘用车,EV90,https://www.miit-eidc.org.cn/art/2025/12/31/art_1691_11974.html,2025-12-31,eidc,confirmed,high,纯电动多用途乘用车,passenger_vehicle,suv_mpv,in_scope,41,一、汽车生产企业,0,1,1,0,1
402:SJQ5032X,402:SJQ5032X:confirmed,402,SJQ5032X,大衡辉,河北凯泰专用汽车制造股份有限公司,旅居车,,https://www.miit-eidc.org.cn/art/2025/12/31/art_1691_11974.html,2025-12-31,eidc,confirmed,high,旅居车,passenger_vehicle,suv_mpv,in_scope,(三)91,民用改装车生产企业,0,0,1,0,0
402:SJQ5070X,402:SJQ5070X:confirmed,402,SJQ5070X,大衡辉,河北凯泰专用汽车制造股份有限公司,旅居车,,https://www.miit-eidc.org.cn/art/2025/12/31/art_1691_11974.html,2025-12-31,eidc,confirmed,high,旅居车,passenger_vehicle,suv_mpv,in_scope,(三)91,民用改装车生产企业,0,0,1,0,0
402:SJQ5071X,402:SJQ5071X:confirmed,402,SJQ5071X,大衡辉,河北凯泰专用汽车制造股份有限公司,旅居车,,https://www.miit-eidc.org.cn/art/2025/12/31/art_1691_11974.html,2025-12-31,eidc,confirmed,high,旅居车,passenger_vehicle,suv_mpv,in_scope,(三)91,民用改装车生产企业,0,0,1,0,0
402:SLT5042X,402:SLT5042X:confirmed,402,SLT5042X,金冠圣路,重庆金冠汽车制造股份有限公司,旅居车,,https://www.miit-eidc.org.cn/art/2025/12/31/art_1691_11974.html,2025-12-31,eidc,confirmed,high,旅居车,passenger_vehicle,suv_mpv,in_scope,(二十一)12,民用改装车生产企业,0,1,1,0,1
402:SLT5044X,402:SLT5044X:confirmed,402,SLT5044X,金冠圣路,重庆金冠汽车制造股份有限公司,旅居车,,https://www.miit-eidc.org.cn/art/2025/12/31/art_1691_11974.html,2025-12-31,eidc,confirmed,high,旅居车,passenger_vehicle,suv_mpv,in_scope,(二十一)12,民用改装车生产企业,0,0,1,0,0
402:SQH5040X,402:SQH5040X:confirmed,402,SQH5040X,勤宏,四川川宏机械有限公司,旅居车,,https://www.miit-eidc.org.cn/art/2025/12/31/art_1691_11974.html,2025-12-31,eidc,confirmed,high,旅居车,passenger_vehicle,suv_mpv,in_scope,(二十二)29,民用改装车生产企业,0,0,1,0,0
402:SQR2030,402:SQR2030:confirmed,402,SQR2030,捷途,奇瑞汽车股份有限公司,插电式混合动力越野乘用车,捷途纵横G700,https://www.miit-eidc.org.cn/art/2025/12/31/art_1691_11974.html,2025-12-31,eidc,confirmed,high,插电式混合动力越野乘用车,passenger_vehicle,suv_mpv,in_scope,119,一、汽车生产企业,1,1,1,0,1
402:SQR6450,402:SQR6450:confirmed,402,SQR6450,奇瑞,奇瑞汽车股份有限公司,多用途乘用车,,https://www.miit-eidc.org.cn/art/2025/12/31/art_1691_11974.html,2025-12-31,eidc,confirmed,high,多用途乘用车,passenger_vehicle,suv_mpv,in_scope,119,一、汽车生产企业,0,0,1,0,0
402:SQR6470,402:SQR6470:confirmed,402,SQR6470,奇瑞,奇瑞汽车股份有限公司,多用途乘用车 / 插电式混合动力多用途乘用车,山海T1,https://www.miit-eidc.org.cn/art/2025/12/31/art_1691_11974.html,2025-12-31,eidc,confirmed,high,多用途乘用车,passenger_vehicle,suv_mpv,in_scope,119,一、汽车生产企业,1,1,1,1,1
402:SQR6471,402:SQR6471:confirmed,402,SQR6471,捷途,奇瑞汽车股份有限公司,多用途乘用车 / 插电式混合动力多用途乘用车,山海L7 C-DM,https://www.miit-eidc.org.cn/art/2025/12/31/art_1691_11974.html,2025-12-31,eidc,confirmed,high,多用途乘用车,passenger_vehicle,suv_mpv,in_scope,119,一、汽车生产企业,1,1,1,0,1
402:SQR6472,402:SQR6472:confirmed,402,SQR6472,奇瑞,奇瑞汽车股份有限公司,插电式混合动力多用途乘用车,风云T8L C-DM,https://www.miit-eidc.org.cn/art/2025/12/31/art_1691_11974.html,2025-12-31,eidc,confirmed,high,插电式混合动力多用途乘用车,passenger_vehicle,suv_mpv,in_scope,119,一、汽车生产企业,1,1,1,0,1
402:SQR6480,402:SQR6480:confirmed,402,SQR6480,捷途,奇瑞汽车股份有限公司,多用途乘用车 / 插电式混合动力多用途乘用车,山海L7 PLUS C-DM,https://www.miit-eidc.org.cn/art/2025/12/31/art_1691_11974.html,2025-12-31,eidc,confirmed,high,多用途乘用车,passenger_vehicle,suv_mpv,in_scope,119,一、汽车生产企业,1,1,1,0,1
402:SQR6481,402:SQR6481:confirmed,402,SQR6481,奇瑞,奇瑞汽车股份有限公司,插电式混合动力多用途乘用车,风云T9 C-DM,https://www.miit-eidc.org.cn/art/2025/12/31/art_1691_11974.html,2025-12-31,eidc,confirmed,high,插电式混合动力多用途乘用车,passenger_vehicle,suv_mpv,in_scope,119,一、汽车生产企业,1,1,1,0,1
402:SQR6490,402:SQR6490:confirmed,402,SQR6490,奇瑞,奇瑞汽车股份有限公司,多用途乘用车 / 插电式混合动力多用途乘用车,风云T9L,https://www.miit-eidc.org.cn/art/2025/12/31/art_1691_11974.html,2025-12-31,eidc,confirmed,high,多用途乘用车,passenger_vehicle,suv_mpv,in_scope,119,一、汽车生产企业,1,1,1,0,1
402:SQR6491,402:SQR6491:confirmed,402,SQR6491,奇瑞,奇瑞汽车股份有限公司,多用途乘用车,,https://www.miit-eidc.org.cn/art/2025/12/31/art_1691_11974.html,2025-12-31,eidc,confirmed,high,多用途乘用车,passenger_vehicle,suv_mpv,in_scope,119,一、汽车生产企业,0,0,1,0,0
402:SQR6521,402:SQR6521:confirmed,402,SQR6521,奇瑞,奇瑞汽车股份有限公司,插电式增程混合动力多用途乘用车,风云T11,https://www.miit-eidc.org.cn/art/2025/12/31/art_1691_11974.html,2025-12-31,eidc,confirmed,high,插电式增程混合动力多用途乘用车,passenger_vehicle,suv_mpv,in_scope,119,一、汽车生产企业,1,1,1,0,1
402:SQR7151,402:SQR7151:confirmed,402,SQR7151,星途,奇瑞汽车股份有限公司,插电式增程混合动力轿车,STERRA ES,https://www.miit-eidc.org.cn/art/2025/12/31/art_1691_11974.html,2025-12-31,eidc,confirmed,high,插电式增程混合动力轿车,passenger_vehicle,sedan,in_scope,119,一、汽车生产企业,1,1,1,0,1
402:SQR7163,402:SQR7163:confirmed,402,SQR7163,奇瑞,奇瑞汽车股份有限公司,轿车,,https://www.miit-eidc.org.cn/art/2025/12/31/art_1691_11974.html,2025-12-31,eidc,confirmed,high,轿车,passenger_vehicle,sedan,in_scope,119,一、汽车生产企业,0,0,1,0,0
402:SQR7203,402:SQR7203:confirmed,402,SQR7203,奇瑞,奇瑞汽车股份有限公司,轿车,,https://www.miit-eidc.org.cn/art/2025/12/31/art_1691_11974.html,2025-12-31,eidc,confirmed,high,轿车,passenger_vehicle,sedan,in_scope,119,一、汽车生产企业,0,0,1,0,0
402:SQR7204,402:SQR7204:confirmed,402,SQR7204,奇瑞,奇瑞汽车股份有限公司,轿车,,https://www.miit-eidc.org.cn/art/2025/12/31/art_1691_11974.html,2025-12-31,eidc,confirmed,high,轿车,passenger_vehicle,sedan,in_scope,119,一、汽车生产企业,0,0,1,0,0
402:SVW6501,402:SVW6501:confirmed,402,SVW6501,奥迪(AUDI),上汽大众汽车有限公司,纯电动多用途乘用车,E7X,https://www.miit-eidc.org.cn/art/2025/12/31/art_1691_11974.html,2025-12-31,eidc,confirmed,high,纯电动多用途乘用车,passenger_vehicle,suv_mpv,in_scope,5,一、汽车生产企业,0,1,1,0,1
402:SVW7152,402:SVW7152:confirmed,402,SVW7152,大众汽车(VOLKSWAGEN),上汽大众汽车有限公司,插电式混合动力轿车,PASSAT ePRO,https://www.miit-eidc.org.cn/art/2025/12/31/art_1691_11974.html,2025-12-31,eidc,confirmed,high,插电式混合动力轿车,passenger_vehicle,sedan,in_scope,5,一、汽车生产企业,0,1,1,0,1
402:SY6535,402:SY6535:confirmed,402,SY6535,金杯,华晨雷诺金杯汽车有限公司,多用途乘用车,,https://www.miit-eidc.org.cn/art/2025/12/31/art_1691_11974.html,2025-12-31,eidc,confirmed,high,多用途乘用车,passenger_vehicle,suv_mpv,in_scope,33,一、汽车生产企业,0,0,1,0,0
402:WHJ6520,402:WHJ6520:confirmed,402,WHJ6520,凯翼,宜宾凯翼汽车有限公司,纯电动多用途乘用车,江豚E7,https://www.miit-eidc.org.cn/art/2025/12/31/art_1691_11974.html,2025-12-31,eidc,confirmed,high,纯电动多用途乘用车,passenger_vehicle,suv_mpv,in_scope,137,一、汽车生产企业,0,1,1,0,1
402:WHP5040X,402:WHP5040X:confirmed,402,WHP5040X,卫航,江苏卫航汽车通信科技有限责任公司,旅居车,,https://www.miit-eidc.org.cn/art/2025/12/31/art_1691_11974.html,2025-12-31,eidc,confirmed,high,旅居车,passenger_vehicle,suv_mpv,in_scope,(十)121,民用改装车生产企业,0,0,1,0,0
402:WHR5050X,402:WHR5050X:confirmed,402,WHR5050X,赛家,湖北赛家汽车有限公司,旅居车,,https://www.miit-eidc.org.cn/art/2025/12/31/art_1691_11974.html,2025-12-31,eidc,confirmed,high,旅居车,passenger_vehicle,suv_mpv,in_scope,(十七)142,民用改装车生产企业,0,0,1,0,0
402:WSP5081X,402:WSP5081X:confirmed,402,WSP5081X,衞士,北京中资燕京汽车有限公司,旅居车,,https://www.miit-eidc.org.cn/art/2025/12/31/art_1691_11974.html,2025-12-31,eidc,confirmed,high,旅居车,passenger_vehicle,suv_mpv,in_scope,(一)50,民用改装车生产企业,0,0,1,0,0
402:WWW5040X,402:WWW5040X:confirmed,402,WWW5040X,亿多星,中工车辆湖北省有限公司,旅居车,,https://www.miit-eidc.org.cn/art/2025/12/31/art_1691_11974.html,2025-12-31,eidc,confirmed,high,旅居车,passenger_vehicle,suv_mpv,in_scope,(十七)209,民用改装车生产企业,0,0,1,0,0
402:WZH5040X,402:WZH5040X:confirmed,402,WZH5040X,旅美,芜湖智恒汽车有限公司,旅居车,,https://www.miit-eidc.org.cn/art/2025/12/31/art_1691_11974.html,2025-12-31,eidc,confirmed,high,旅居车,passenger_vehicle,suv_mpv,in_scope,(十二)56,民用改装车生产企业,0,0,1,0,0
402:XYT5031X,402:XYT5031X:confirmed,402,XYT5031X,新逾捷,重庆新逾捷特种车辆有限公司,旅居车,,https://www.miit-eidc.org.cn/art/2025/12/31/art_1691_11974.html,2025-12-31,eidc,confirmed,high,旅居车,passenger_vehicle,suv_mpv,in_scope,(二十一)44,民用改装车生产企业,1,0,1,0,1
402:YZ6512,402:YZ6512:confirmed,402,YZ6512,渝州,重汽(重庆)轻型汽车有限公司,多用途乘用车,,https://www.miit-eidc.org.cn/art/2025/12/31/art_1691_11974.html,2025-12-31,eidc,confirmed,high,多用途乘用车,passenger_vehicle,suv_mpv,in_scope,102,一、汽车生产企业,0,0,1,0,0
402:YZ6552,402:YZ6552:confirmed,402,YZ6552,渝州,重汽(重庆)轻型汽车有限公司,多用途乘用车,,https://www.miit-eidc.org.cn/art/2025/12/31/art_1691_11974.html,2025-12-31,eidc,confirmed,high,多用途乘用车,passenger_vehicle,suv_mpv,in_scope,102,一、汽车生产企业,0,0,1,0,0
402:ZDD5100X,402:ZDD5100X:confirmed,402,ZDD5100X,隆翠,浙江戴德隆翠汽车有限公司,旅居车,,https://www.miit-eidc.org.cn/art/2025/12/31/art_1691_11974.html,2025-12-31,eidc,confirmed,high,旅居车,passenger_vehicle,suv_mpv,in_scope,(十一)45,民用改装车生产企业,0,0,1,0,0
402:ZDD5120X,402:ZDD5120X:confirmed,402,ZDD5120X,隆翠,浙江戴德隆翠汽车有限公司,旅居车,,https://www.miit-eidc.org.cn/art/2025/12/31/art_1691_11974.html,2025-12-31,eidc,confirmed,high,旅居车,passenger_vehicle,suv_mpv,in_scope,(十一)45,民用改装车生产企业,0,0,1,0,0
402:ZN1032,402:ZN1032:confirmed,402,ZN1032,日产(NISSAN),郑州日产汽车有限公司,多用途货车底盘,,https://www.miit-eidc.org.cn/art/2025/12/31/art_1691_11974.html,2025-12-31,eidc,confirmed,high,多用途货车底盘,passenger_vehicle,suv_mpv,in_scope,72,一、汽车生产企业,0,0,1,0,0
402:ZN1037,402:ZN1037:confirmed,402,ZN1037,东风,郑州日产汽车有限公司,多用途货车底盘,,https://www.miit-eidc.org.cn/art/2025/12/31/art_1691_11974.html,2025-12-31,eidc,confirmed,high,多用途货车底盘,passenger_vehicle,suv_mpv,in_scope,72,一、汽车生产企业,0,0,1,0,0
403:AHC7150,403:AHC7150:confirmed,403,AHC7150,昊铂,广汽埃安新能源汽车股份有限公司,插电式增程混合动力轿车,昊铂A800,https://www.miit-eidc.org.cn/art/2026/2/9/art_1691_12093.html,2026-02-09,eidc,confirmed,high,插电式增程混合动力轿车,passenger_vehicle,sedan,in_scope,216,一、汽车生产企业,0,1,1,0,1
403:BJ6496,403:BJ6496:confirmed,403,BJ6496,梅赛德斯-奔驰(Mercedes-Benz),北京奔驰汽车有限公司,纯电动运动型乘用车,GLC 350 L 4MATIC,https://www.miit-eidc.org.cn/art/2026/2/9/art_1691_12093.html,2026-02-09,eidc,confirmed,high,纯电动运动型乘用车,passenger_vehicle,suv_mpv,in_scope,10,一、汽车生产企业,0,1,1,0,1
403:BJ7001,403:BJ7001:confirmed,403,BJ7001,极狐(ARCFOX),北汽蓝谷麦格纳汽车有限公司,纯电动轿车,αS5,https://www.miit-eidc.org.cn/art/2026/2/9/art_1691_12093.html,2026-02-09,eidc,confirmed,high,纯电动轿车,passenger_vehicle,sedan,in_scope,45,一、汽车生产企业,0,1,1,0,1
403:BJ7150,403:BJ7150:confirmed,403,BJ7150,极狐(ARCFOX),北汽蓝谷麦格纳汽车有限公司,插电式增程混合动力轿车,αS5,https://www.miit-eidc.org.cn/art/2026/2/9/art_1691_12093.html,2026-02-09,eidc,confirmed,high,插电式增程混合动力轿车,passenger_vehicle,sedan,in_scope,45,一、汽车生产企业,0,1,1,0,1
403:BYD6460,403:BYD6460:confirmed,403,BYD6460,比亚迪,比亚迪汽车工业有限公司,插电式混合动力多用途乘用车 / 纯电动多用途乘用车,比亚迪海狮05,https://www.miit-eidc.org.cn/art/2026/2/9/art_1691_12093.html,2026-02-09,eidc,confirmed,high,插电式混合动力多用途乘用车,passenger_vehicle,suv_mpv,in_scope,79,一、汽车生产企业,0,1,1,0,1
403:BYD6480,403:BYD6480:confirmed,403,BYD6480,比亚迪,比亚迪汽车工业有限公司,插电式混合动力多用途乘用车 / 纯电动多用途乘用车,比亚迪海狮06,https://www.miit-eidc.org.cn/art/2026/2/9/art_1691_12093.html,2026-02-09,eidc,confirmed,high,纯电动多用途乘用车,passenger_vehicle,suv_mpv,in_scope,79,一、汽车生产企业,0,1,2,0,1
403:BYD7000,403:BYD7000:confirmed,403,BYD7000,比亚迪,比亚迪汽车工业有限公司,纯电动轿车,比亚迪海豹06、比亚迪海豹06MAX,https://www.miit-eidc.org.cn/art/2026/2/9/art_1691_12093.html,2026-02-09,eidc,confirmed,high,纯电动轿车,passenger_vehicle,sedan,in_scope,79,一、汽车生产企业,0,1,2,0,1
403:BYD7001,403:BYD7001:confirmed,403,BYD7001,比亚迪,比亚迪汽车工业有限公司,纯电动轿车,比亚迪海鸥,https://www.miit-eidc.org.cn/art/2026/2/9/art_1691_12093.html,2026-02-09,eidc,confirmed,high,纯电动轿车,passenger_vehicle,sedan,in_scope,79,一、汽车生产企业,0,1,1,0,1
403:BYD7004,403:BYD7004:confirmed,403,BYD7004,比亚迪,比亚迪汽车工业有限公司,纯电动轿车,比亚迪海豚,https://www.miit-eidc.org.cn/art/2026/2/9/art_1691_12093.html,2026-02-09,eidc,confirmed,high,纯电动轿车,passenger_vehicle,sedan,in_scope,79,一、汽车生产企业,0,1,1,0,1
403:CA1030,403:CA1030:confirmed,403,CA1030,解放,中国第一汽车集团有限公司,纯电动多用途货车 / 纯电动多用途货车底盘,,https://www.miit-eidc.org.cn/art/2026/2/9/art_1691_12093.html,2026-02-09,eidc,confirmed,high,纯电动多用途货车,passenger_vehicle,suv_mpv,in_scope,1,一、汽车生产企业,0,0,1,0,0
403:CA7159,403:CA7159:confirmed,403,CA7159,一汽,中国第一汽车集团有限公司,插电式增程混合动力轿车,悦意08,https://www.miit-eidc.org.cn/art/2026/2/9/art_1691_12093.html,2026-02-09,eidc,confirmed,high,插电式增程混合动力轿车,passenger_vehicle,sedan,in_scope,1,一、汽车生产企业,0,1,1,0,1
403:CC6500,403:CC6500:confirmed,403,CC6500,魏,长城汽车股份有限公司,插电式混合动力多用途乘用车,魏牌高山,https://www.miit-eidc.org.cn/art/2026/2/9/art_1691_12093.html,2026-02-09,eidc,confirmed,high,插电式混合动力多用途乘用车,passenger_vehicle,suv_mpv,in_scope,15,一、汽车生产企业,0,1,1,0,1
403:CC6510,403:CC6510:confirmed,403,CC6510,魏,长城汽车股份有限公司,插电式混合动力多用途乘用车,魏牌高山,https://www.miit-eidc.org.cn/art/2026/2/9/art_1691_12093.html,2026-02-09,eidc,confirmed,high,插电式混合动力多用途乘用车,passenger_vehicle,suv_mpv,in_scope,15,一、汽车生产企业,0,1,1,0,1
403:CSA6531,403:CSA6531:confirmed,403,CSA6531,智己,上海汽车集团股份有限公司,插电式增程混合动力运动型乘用车,LS9,https://www.miit-eidc.org.cn/art/2026/2/9/art_1691_12093.html,2026-02-09,eidc,confirmed,high,插电式增程混合动力运动型乘用车,passenger_vehicle,suv_mpv,in_scope,122,一、汽车生产企业,0,1,1,0,1
403:CSA7151,403:CSA7151:confirmed,403,CSA7151,荣威,上海汽车集团股份有限公司,轿车,,https://www.miit-eidc.org.cn/art/2026/2/9/art_1691_12093.html,2026-02-09,eidc,confirmed,high,轿车,passenger_vehicle,sedan,in_scope,122,一、汽车生产企业,0,0,1,0,0
403:FV6472,403:FV6472:confirmed,403,FV6472,大众,一汽-大众汽车有限公司,插电式混合动力多用途乘用车,TAYRON L,https://www.miit-eidc.org.cn/art/2026/2/9/art_1691_12093.html,2026-02-09,eidc,confirmed,high,插电式混合动力多用途乘用车,passenger_vehicle,suv_mpv,in_scope,2,一、汽车生产企业,0,1,1,0,1
403:FV7152,403:FV7152:confirmed,403,FV7152,大众,一汽-大众汽车有限公司,轿车,BORA,https://www.miit-eidc.org.cn/art/2026/2/9/art_1691_12093.html,2026-02-09,eidc,confirmed,high,轿车,passenger_vehicle,sedan,in_scope,2,一、汽车生产企业,1,0,1,0,1
403:FV7157,403:FV7157:confirmed,403,FV7157,大众,一汽-大众汽车有限公司,插电式混合动力轿车,MAGOTAN,https://www.miit-eidc.org.cn/art/2026/2/9/art_1691_12093.html,2026-02-09,eidc,confirmed,high,插电式混合动力轿车,passenger_vehicle,sedan,in_scope,2,一、汽车生产企业,1,1,1,0,1
403:FZ6430,403:FZ6430:confirmed,403,FZ6430,零跑,零跑汽车有限公司,纯电动多用途乘用车,A10,https://www.miit-eidc.org.cn/art/2026/2/9/art_1691_12093.html,2026-02-09,eidc,confirmed,high,纯电动多用途乘用车,passenger_vehicle,suv_mpv,in_scope,58,一、汽车生产企业,0,1,1,0,1
403:FZ6530,403:FZ6530:confirmed,403,FZ6530,零跑,零跑汽车有限公司,插电式增程混合动力多用途乘用车 / 纯电动多用途乘用车,D19,https://www.miit-eidc.org.cn/art/2026/2/9/art_1691_12093.html,2026-02-09,eidc,confirmed,high,插电式增程混合动力多用途乘用车,passenger_vehicle,suv_mpv,in_scope,58,一、汽车生产企业,0,1,1,0,1
403:HQ7151,403:HQ7151:confirmed,403,HQ7151,吉利,浙江豪情汽车制造有限公司,插电式混合动力轿车,银河星耀7,https://www.miit-eidc.org.cn/art/2026/2/9/art_1691_12093.html,2026-02-09,eidc,confirmed,high,插电式混合动力轿车,passenger_vehicle,sedan,in_scope,52,一、汽车生产企业,0,1,1,0,1
403:JL6501,403:JL6501:confirmed,403,JL6501,远程,浙江豪情汽车制造有限公司,纯电动多用途乘用车,,https://www.miit-eidc.org.cn/art/2026/2/9/art_1691_12093.html,2026-02-09,eidc,confirmed,high,纯电动多用途乘用车,passenger_vehicle,suv_mpv,in_scope,52,一、汽车生产企业,0,0,1,0,0
403:LZ1030,403:LZ1030:confirmed,403,LZ1030,东风,东风柳州汽车有限公司,多用途货车,,https://www.miit-eidc.org.cn/art/2026/2/9/art_1691_12093.html,2026-02-09,eidc,confirmed,high,多用途货车,passenger_vehicle,suv_mpv,in_scope,91,一、汽车生产企业,0,0,1,0,0
403:MR6511,403:MR6511:confirmed,403,MR6511,极氪,浙江吉利汽车有限公司,插电式混合动力多用途乘用车,8X,https://www.miit-eidc.org.cn/art/2026/2/9/art_1691_12093.html,2026-02-09,eidc,confirmed,high,插电式混合动力多用途乘用车,passenger_vehicle,suv_mpv,in_scope,52,一、汽车生产企业,0,1,1,0,1
403:MR7151,403:MR7151:confirmed,403,MR7151,吉利,浙江吉利汽车有限公司,插电式混合动力轿车,银河A7,https://www.miit-eidc.org.cn/art/2026/2/9/art_1691_12093.html,2026-02-09,eidc,confirmed,high,插电式混合动力轿车,passenger_vehicle,sedan,in_scope,52,一、汽车生产企业,0,1,1,0,1
403:NAL6543,403:NAL6543:confirmed,403,NAL6543,蔚来,蔚来汽车科技（安徽）有限公司,换电式纯电动多用途乘用车,ES9,https://www.miit-eidc.org.cn/art/2026/2/9/art_1691_12093.html,2026-02-09,eidc,confirmed,high,换电式纯电动多用途乘用车,passenger_vehicle,suv_mpv,in_scope,214,一、汽车生产企业,0,1,1,0,1
403:NEQ7000,403:NEQ7000:confirmed,403,NEQ7000,奇瑞,奇瑞新能源汽车股份有限公司,纯电动轿车,QQ3,https://www.miit-eidc.org.cn/art/2026/2/9/art_1691_12093.html,2026-02-09,eidc,confirmed,high,纯电动轿车,passenger_vehicle,sedan,in_scope,174,一、汽车生产企业,0,1,1,0,1
403:NJL6470,403:NJL6470:confirmed,403,NJL6470,创维,南京金龙客车制造有限公司,纯电动多用途乘用车,创维HTi,https://www.miit-eidc.org.cn/art/2026/2/9/art_1691_12093.html,2026-02-09,eidc,confirmed,high,纯电动多用途乘用车,passenger_vehicle,suv_mpv,in_scope,142,一、汽车生产企业,1,1,1,0,1
403:QCJ6460,403:QCJ6460:confirmed,403,QCJ6460,方程豹,比亚迪汽车有限公司,纯电动多用途乘用车,方程豹钛3,https://www.miit-eidc.org.cn/art/2026/2/9/art_1691_12093.html,2026-02-09,eidc,confirmed,high,纯电动多用途乘用车,passenger_vehicle,suv_mpv,in_scope,108,一、汽车生产企业,0,1,1,0,1
403:QCJ6520,403:QCJ6520:confirmed,403,QCJ6520,领汇,比亚迪汽车工业有限公司,插电式混合动力多用途乘用车,领汇M9,https://www.miit-eidc.org.cn/art/2026/2/9/art_1691_12093.html,2026-02-09,eidc,confirmed,high,插电式混合动力多用途乘用车,passenger_vehicle,suv_mpv,in_scope,79,一、汽车生产企业,0,1,1,0,1
403:QCJ7000,403:QCJ7000:confirmed,403,QCJ7000,腾势,比亚迪汽车工业有限公司,纯电动轿车,腾势Z9,https://www.miit-eidc.org.cn/art/2026/2/9/art_1691_12093.html,2026-02-09,eidc,confirmed,high,纯电动轿车,passenger_vehicle,sedan,in_scope,79,一、汽车生产企业,0,1,1,1,1
403:QCJ7008,403:QCJ7008:confirmed,403,QCJ7008,领汇,比亚迪汽车工业有限公司,纯电动轿车,领汇e5,https://www.miit-eidc.org.cn/art/2026/2/9/art_1691_12093.html,2026-02-09,eidc,confirmed,high,纯电动轿车,passenger_vehicle,sedan,in_scope,79,一、汽车生产企业,0,1,1,0,1
403:QCJ7009,403:QCJ7009:confirmed,403,QCJ7009,领汇,比亚迪汽车工业有限公司,纯电动轿车,领汇e9,https://www.miit-eidc.org.cn/art/2026/2/9/art_1691_12093.html,2026-02-09,eidc,confirmed,high,纯电动轿车,passenger_vehicle,sedan,in_scope,79,一、汽车生产企业,0,1,1,0,1
403:QCJ7200,403:QCJ7200:confirmed,403,QCJ7200,腾势,比亚迪汽车工业有限公司,插电式混合动力轿车,腾势Z9 GT,https://www.miit-eidc.org.cn/art/2026/2/9/art_1691_12093.html,2026-02-09,eidc,confirmed,high,插电式混合动力轿车,passenger_vehicle,sedan,in_scope,79,一、汽车生产企业,0,1,1,0,1
403:SC7000,403:SC7000:confirmed,403,SC7000,阿维塔（AVATR）,重庆长安汽车股份有限公司,纯电动轿车,12,https://www.miit-eidc.org.cn/art/2026/2/9/art_1691_12093.html,2026-02-09,eidc,confirmed,high,纯电动轿车,passenger_vehicle,sedan,in_scope,96,一、汽车生产企业,0,1,1,0,1
403:SC7150,403:SC7150:confirmed,403,SC7150,阿维塔（AVATR）,重庆长安汽车股份有限公司,插电式增程混合动力轿车,UNI-V,https://www.miit-eidc.org.cn/art/2026/2/9/art_1691_12093.html,2026-02-09,eidc,confirmed,high,插电式增程混合动力轿车,passenger_vehicle,sedan,in_scope,96,一、汽车生产企业,1,1,1,0,1
403:SGM6481,403:SGM6481:confirmed,403,SGM6481,别克(BUICK),上汽通用汽车有限公司,插电式混合动力运动型乘用车,ELECTRA E7;ELECTRA X7,https://www.miit-eidc.org.cn/art/2026/2/9/art_1691_12093.html,2026-02-09,eidc,confirmed,high,插电式混合动力运动型乘用车,passenger_vehicle,suv_mpv,in_scope,6,一、汽车生产企业,0,1,1,0,1
403:SQJ6460,403:SQJ6460:confirmed,403,SQJ6460,野马,四川野马汽车股份有限公司,纯电动多用途乘用车,S5,https://www.miit-eidc.org.cn/art/2026/2/9/art_1691_12093.html,2026-02-09,eidc,confirmed,high,纯电动多用途乘用车,passenger_vehicle,suv_mpv,in_scope,101,一、汽车生产企业,0,1,1,0,1
403:SQR1030,403:SQR1030:confirmed,403,SQR1030,威麟,奇瑞商用车(安徽)有限公司,多用途货车 / 多用途货车底盘,,https://www.miit-eidc.org.cn/art/2026/2/9/art_1691_12093.html,2026-02-09,eidc,confirmed,high,多用途货车,passenger_vehicle,suv_mpv,in_scope,119,一、汽车生产企业,0,0,1,0,0
403:SQR6540,403:SQR6540:confirmed,403,SQR6540,智界,奇瑞汽车股份有限公司,插电式增程混合动力多用途乘用车,智界V9,https://www.miit-eidc.org.cn/art/2026/2/9/art_1691_12093.html,2026-02-09,eidc,confirmed,high,插电式增程混合动力多用途乘用车,passenger_vehicle,suv_mpv,in_scope,119,一、汽车生产企业,0,1,1,0,1
403:SVW6521,403:SVW6521:confirmed,403,SVW6521,大众汽车(VOLKSWAGEN),上汽大众汽车有限公司,插电式增程混合动力多用途乘用车,ID.ERA 9X,https://www.miit-eidc.org.cn/art/2026/2/9/art_1691_12093.html,2026-02-09,eidc,confirmed,high,插电式增程混合动力多用途乘用车,passenger_vehicle,suv_mpv,in_scope,5,一、汽车生产企业,0,1,1,0,1
403:VWA6470,403:VWA6470:confirmed,403,VWA6470,大众汽车,大众汽车（安徽）有限公司,纯电动多用途乘用车,,https://www.miit-eidc.org.cn/art/2026/2/9/art_1691_12093.html,2026-02-09,eidc,confirmed,high,纯电动多用途乘用车,passenger_vehicle,suv_mpv,in_scope,212,一、汽车生产企业,0,0,1,0,0
403:XMA7001,403:XMA7001:confirmed,403,XMA7001,小米,小米汽车科技有限公司,纯电动轿车,小米SU7,https://www.miit-eidc.org.cn/art/2026/2/9/art_1691_12093.html,2026-02-09,eidc,confirmed,high,纯电动轿车,passenger_vehicle,sedan,in_scope,217,一、汽车生产企业,0,1,1,0,1
404:AFN7000,404:AFN7000:confirmed,404,AFN7000,奥迪,奥迪一汽新能源汽车有限公司,纯电动轿车,A6L,https://www.miit-eidc.org.cn/art/2026/3/18/art_1691_12168.html,2026-03-18,eidc,confirmed,high,纯电动轿车,passenger_vehicle,sedan,in_scope,218,一、汽车生产企业,0,1,1,0,1
404:AHC6460,404:AHC6460:confirmed,404,AHC6460,埃安(AION),广汽埃安新能源汽车股份有限公司,换电式纯电动多用途乘用车,埃安N60,https://www.miit-eidc.org.cn/art/2026/3/18/art_1691_12168.html,2026-03-18,eidc,confirmed,high,换电式纯电动多用途乘用车,passenger_vehicle,suv_mpv,in_scope,216,一、汽车生产企业,0,1,1,0,1
404:BJ7000,404:BJ7000:confirmed,404,BJ7000,极狐,北京新能源汽车股份有限公司,纯电动轿车,T1,https://www.miit-eidc.org.cn/art/2026/3/18/art_1691_12168.html,2026-03-18,eidc,confirmed,high,纯电动轿车,passenger_vehicle,sedan,in_scope,11,一、汽车生产企业,0,1,1,0,1
404:BJ7158,404:BJ7158:confirmed,404,BJ7158,梅赛德斯-奔驰(Mercedes-Benz),北京奔驰汽车有限公司,混合动力轿车,CLA 220 L,https://www.miit-eidc.org.cn/art/2026/3/18/art_1691_12168.html,2026-03-18,eidc,confirmed,high,混合动力轿车,passenger_vehicle,sedan,in_scope,10,一、汽车生产企业,1,0,1,0,1
404:BRT5060X,404:BRT5060X:confirmed,404,BRT5060X,卓昂,新航达(重庆)智能汽车有限公司,插电式增程混合动力旅居车,,https://www.miit-eidc.org.cn/art/2026/3/18/art_1691_12168.html,2026-03-18,eidc,confirmed,high,插电式增程混合动力旅居车,passenger_vehicle,suv_mpv,in_scope,(二十一)39,民用改装车生产企业,0,0,1,0,0
404:BTQ5073X,404:BTQ5073X:confirmed,404,BTQ5073X,舜泰,舜泰汽车有限公司,插电式混合动力旅居车,,https://www.miit-eidc.org.cn/art/2026/3/18/art_1691_12168.html,2026-03-18,eidc,confirmed,high,插电式混合动力旅居车,passenger_vehicle,suv_mpv,in_scope,(十五)394,民用改装车生产企业,0,0,1,0,0
404:BYD6460,404:BYD6460:confirmed,404,BYD6460,比亚迪,比亚迪汽车工业有限公司,纯电动多用途乘用车,比亚迪海狮05,https://www.miit-eidc.org.cn/art/2026/3/18/art_1691_12168.html,2026-03-18,eidc,confirmed,high,纯电动多用途乘用车,passenger_vehicle,suv_mpv,in_scope,79,一、汽车生产企业,0,1,1,0,1
404:BYD6480,404:BYD6480:confirmed,404,BYD6480,比亚迪,比亚迪汽车有限公司,纯电动多用途乘用车,比亚迪海狮06,https://www.miit-eidc.org.cn/art/2026/3/18/art_1691_12168.html,2026-03-18,eidc,confirmed,high,纯电动多用途乘用车,passenger_vehicle,suv_mpv,in_scope,108,一、汽车生产企业,0,1,1,0,1
404:BYD6530,404:BYD6530:confirmed,404,BYD6530,比亚迪,比亚迪汽车工业有限公司,纯电动多用途乘用车,比亚迪大唐,https://www.miit-eidc.org.cn/art/2026/3/18/art_1691_12168.html,2026-03-18,eidc,confirmed,high,纯电动多用途乘用车,passenger_vehicle,suv_mpv,in_scope,79,一、汽车生产企业,0,1,1,0,1
404:CC1030,404:CC1030:confirmed,404,CC1030,长城,长城汽车股份有限公司,插电式混合动力多用途货车,,https://www.miit-eidc.org.cn/art/2026/3/18/art_1691_12168.html,2026-03-18,eidc,confirmed,high,插电式混合动力多用途货车,passenger_vehicle,suv_mpv,in_scope,15,一、汽车生产企业,1,1,1,0,1
404:CC1033,404:CC1033:confirmed,404,CC1033,长城,长城汽车股份有限公司,插电式混合动力多用途货车,,https://www.miit-eidc.org.cn/art/2026/3/18/art_1691_12168.html,2026-03-18,eidc,confirmed,high,插电式混合动力多用途货车,passenger_vehicle,suv_mpv,in_scope,15,一、汽车生产企业,1,1,1,0,1
404:CC6450,404:CC6450:confirmed,404,CC6450,欧拉,长城汽车股份有限公司,多用途乘用车 / 混合动力多用途乘用车,ORA 5,https://www.miit-eidc.org.cn/art/2026/3/18/art_1691_12168.html,2026-03-18,eidc,confirmed,high,多用途乘用车,passenger_vehicle,suv_mpv,in_scope,15,一、汽车生产企业,1,0,1,0,1
404:CC6480,404:CC6480:confirmed,404,CC6480,哈弗,长城汽车股份有限公司,插电式混合动力多用途乘用车,哈弗猛龙,https://www.miit-eidc.org.cn/art/2026/3/18/art_1691_12168.html,2026-03-18,eidc,confirmed,high,插电式混合动力多用途乘用车,passenger_vehicle,suv_mpv,in_scope,15,一、汽车生产企业,1,1,1,0,1
404:CC6490,404:CC6490:confirmed,404,CC6490,哈弗,长城汽车股份有限公司,插电式混合动力多用途乘用车,哈弗猛龙V7 PLUS;哈弗猛龙 PLUS,https://www.miit-eidc.org.cn/art/2026/3/18/art_1691_12168.html,2026-03-18,eidc,confirmed,high,插电式混合动力多用途乘用车,passenger_vehicle,suv_mpv,in_scope,15,一、汽车生产企业,1,1,1,0,1
404:CC6491,404:CC6491:confirmed,404,CC6491,哈弗,长城汽车股份有限公司,插电式混合动力多用途乘用车,哈弗猛龙V7 PLUS;哈弗猛龙 PLUS,https://www.miit-eidc.org.cn/art/2026/3/18/art_1691_12168.html,2026-03-18,eidc,confirmed,high,插电式混合动力多用途乘用车,passenger_vehicle,suv_mpv,in_scope,15,一、汽车生产企业,1,1,1,0,1
404:CC6530,404:CC6530:confirmed,404,CC6530,魏,长城汽车股份有限公司,插电式混合动力多用途乘用车,V9X,https://www.miit-eidc.org.cn/art/2026/3/18/art_1691_12168.html,2026-03-18,eidc,confirmed,high,插电式混合动力多用途乘用车,passenger_vehicle,suv_mpv,in_scope,15,一、汽车生产企业,1,1,1,0,1
404:CFC5037X,404:CFC5037X:confirmed,404,CFC5037X,长沣,长沣（湖北）汽车有限公司,旅居车,,https://www.miit-eidc.org.cn/art/2026/3/18/art_1691_12168.html,2026-03-18,eidc,confirmed,high,旅居车,passenger_vehicle,suv_mpv,in_scope,(十七)256,民用改装车生产企业,0,0,1,0,0
404:CRV5030X,404:CRV5030X:confirmed,404,CRV5030X,启界,安徽奇瑞瑞弗特种车辆技术有限公司,旅居车,,https://www.miit-eidc.org.cn/art/2026/3/18/art_1691_12168.html,2026-03-18,eidc,confirmed,high,旅居车,passenger_vehicle,suv_mpv,in_scope,(十二)75,民用改装车生产企业,0,0,1,0,0
404:CXF5095X,404:CXF5095X:confirmed,404,CXF5095X,程力新富,程力新富襄阳汽车股份有限公司,旅居车,,https://www.miit-eidc.org.cn/art/2026/3/18/art_1691_12168.html,2026-03-18,eidc,confirmed,high,旅居车,passenger_vehicle,suv_mpv,in_scope,(十七)188,民用改装车生产企业,0,0,1,0,0
404:DCQ5042X,404:DCQ5042X:confirmed,404,DCQ5042X,大驰,大驰智能汽车（日照）有限公司,旅居车,,https://www.miit-eidc.org.cn/art/2026/3/18/art_1691_12168.html,2026-03-18,eidc,confirmed,high,旅居车,passenger_vehicle,suv_mpv,in_scope,(十五)466,民用改装车生产企业,0,0,1,0,0
404:DFL6490,404:DFL6490:confirmed,404,DFL6490,东风日产,东风汽车有限公司,插电式增程混合动力运动型乘用车,东风日产NX8,https://www.miit-eidc.org.cn/art/2026/3/18/art_1691_12168.html,2026-03-18,eidc,confirmed,high,插电式增程混合动力运动型乘用车,passenger_vehicle,suv_mpv,in_scope,3,一、汽车生产企业,1,1,1,0,1
404:DJV5032X,404:DJV5032X:confirmed,404,DJV5032X,东嘉加乐,南充东嘉新能源汽车有限公司,插电式混合动力旅居车,,https://www.miit-eidc.org.cn/art/2026/3/18/art_1691_12168.html,2026-03-18,eidc,confirmed,high,插电式混合动力旅居车,passenger_vehicle,suv_mpv,in_scope,(二十二)68,民用改装车生产企业,1,0,1,0,1
404:DKF5071X,404:DKF5071X:confirmed,404,DKF5071X,科发房车,山东科发房车科技有限公司,旅居车,,https://www.miit-eidc.org.cn/art/2026/3/18/art_1691_12168.html,2026-03-18,eidc,confirmed,high,旅居车,passenger_vehicle,suv_mpv,in_scope,(十五)458,民用改装车生产企业,0,0,1,0,0
404:DKF5140X,404:DKF5140X:confirmed,404,DKF5140X,科发房车,山东科发房车科技有限公司,旅居车,,https://www.miit-eidc.org.cn/art/2026/3/18/art_1691_12168.html,2026-03-18,eidc,confirmed,high,旅居车,passenger_vehicle,suv_mpv,in_scope,(十五)458,民用改装车生产企业,0,0,1,0,0
404:EZY5046X,404:EZY5046X:confirmed,404,EZY5046X,正远,湖北震序车船科技股份有限公司,旅居车,,https://www.miit-eidc.org.cn/art/2026/3/18/art_1691_12168.html,2026-03-18,eidc,confirmed,high,旅居车,passenger_vehicle,suv_mpv,in_scope,(十七)147,民用改装车生产企业,0,0,1,0,0
404:FHA5032X,404:FHA5032X:confirmed,404,FHA5032X,景飞,上海辅恒汽车技术有限公司,插电式混合动力旅居车,,https://www.miit-eidc.org.cn/art/2026/3/18/art_1691_12168.html,2026-03-18,eidc,confirmed,high,插电式混合动力旅居车,passenger_vehicle,suv_mpv,in_scope,(九)50,民用改装车生产企业,0,0,1,0,0
404:FZ6530,404:FZ6530:confirmed,404,FZ6530,零跑,零跑汽车有限公司,纯电动多用途乘用车,D19,https://www.miit-eidc.org.cn/art/2026/3/18/art_1691_12168.html,2026-03-18,eidc,confirmed,high,纯电动多用途乘用车,passenger_vehicle,suv_mpv,in_scope,58,一、汽车生产企业,0,1,1,0,1
404:FZ7000,404:FZ7000:confirmed,404,FZ7000,零跑,零跑汽车有限公司,纯电动轿车,Lafa 5,https://www.miit-eidc.org.cn/art/2026/3/18/art_1691_12168.html,2026-03-18,eidc,confirmed,high,纯电动轿车,passenger_vehicle,sedan,in_scope,58,一、汽车生产企业,0,1,1,0,1
404:HFC7150,404:HFC7150:confirmed,404,HFC7150,江淮,安徽江淮汽车集团股份有限公司,插电式增程混合动力轿车,尊界S800,https://www.miit-eidc.org.cn/art/2026/3/18/art_1691_12168.html,2026-03-18,eidc,confirmed,high,插电式增程混合动力轿车,passenger_vehicle,sedan,in_scope,56,一、汽车生产企业,1,1,1,0,1
404:HQ7151,404:HQ7151:confirmed,404,HQ7151,吉利,浙江豪情汽车制造有限公司,插电式混合动力轿车 / 甲醇插电式混合动力轿车,银河星耀6 EM-i,https://www.miit-eidc.org.cn/art/2026/3/18/art_1691_12168.html,2026-03-18,eidc,confirmed,high,插电式混合动力轿车,passenger_vehicle,sedan,in_scope,52,一、汽车生产企业,1,1,1,0,1
404:HQ7155,404:HQ7155:confirmed,404,HQ7155,帝豪,浙江豪情汽车制造有限公司,混合动力轿车,,https://www.miit-eidc.org.cn/art/2026/3/18/art_1691_12168.html,2026-03-18,eidc,confirmed,high,混合动力轿车,passenger_vehicle,sedan,in_scope,52,一、汽车生产企业,0,0,1,0,0
404:HXP5046X,404:HXP5046X:confirmed,404,HXP5046X,华西,南充天龙特种专用汽车有限公司,旅居车,,https://www.miit-eidc.org.cn/art/2026/3/18/art_1691_12168.html,2026-03-18,eidc,confirmed,high,旅居车,passenger_vehicle,suv_mpv,in_scope,(二十二)41,民用改装车生产企业,0,0,1,0,0
404:JL6484,404:JL6484:confirmed,404,JL6484,吉利,浙江豪情汽车制造有限公司,混合动力多用途乘用车,星越L,https://www.miit-eidc.org.cn/art/2026/3/18/art_1691_12168.html,2026-03-18,eidc,confirmed,high,混合动力多用途乘用车,passenger_vehicle,suv_mpv,in_scope,52,一、汽车生产企业,1,0,1,0,1
404:JL7001,404:JL7001:confirmed,404,JL7001,吉利,浙江豪情汽车制造有限公司,纯电动轿车,,https://www.miit-eidc.org.cn/art/2026/3/18/art_1691_12168.html,2026-03-18,eidc,confirmed,high,纯电动轿车,passenger_vehicle,sedan,in_scope,52,一、汽车生产企业,0,0,1,0,0
404:JMV5044X,404:JMV5044X:confirmed,404,JMV5044X,晶马,江西江铃集团晶马汽车有限公司,旅居车,,https://www.miit-eidc.org.cn/art/2026/3/18/art_1691_12168.html,2026-03-18,eidc,confirmed,high,旅居车,passenger_vehicle,suv_mpv,in_scope,62,一、汽车生产企业,0,0,1,0,0
404:JTW5036X,404:JTW5036X:confirmed,404,JTW5036X,克蒂汽车,克蒂(天津)汽车有限公司,旅居车,,https://www.miit-eidc.org.cn/art/2026/3/18/art_1691_12168.html,2026-03-18,eidc,confirmed,high,旅居车,passenger_vehicle,suv_mpv,in_scope,(二)31,民用改装车生产企业,0,0,1,0,0
404:JX1037,404:JX1037:confirmed,404,JX1037,江铃,江铃汽车股份有限公司,插电式混合动力多用途货车 / 插电式混合动力多用途货车底盘,,https://www.miit-eidc.org.cn/art/2026/3/18/art_1691_12168.html,2026-03-18,eidc,confirmed,high,插电式混合动力多用途货车,passenger_vehicle,suv_mpv,in_scope,61,一、汽车生产企业,0,1,1,0,1
404:JX6547,404:JX6547:confirmed,404,JX6547,江铃,江铃汽车股份有限公司,插电式混合动力运动型乘用车,大道,https://www.miit-eidc.org.cn/art/2026/3/18/art_1691_12168.html,2026-03-18,eidc,confirmed,high,插电式混合动力运动型乘用车,passenger_vehicle,suv_mpv,in_scope,61,一、汽车生产企业,0,1,1,0,1
404:JYF5083X,404:JYF5083X:confirmed,404,JYF5083X,隆吉瑞,湖北吉野房车装备有限公司,旅居车,,https://www.miit-eidc.org.cn/art/2026/3/18/art_1691_12168.html,2026-03-18,eidc,confirmed,high,旅居车,passenger_vehicle,suv_mpv,in_scope,(十七)281,民用改装车生产企业,0,0,1,0,0
404:JYY5070X,404:JYY5070X:confirmed,404,JYY5070X,弋杰,江苏弋杰汽车科技有限公司,旅居车,,https://www.miit-eidc.org.cn/art/2026/3/18/art_1691_12168.html,2026-03-18,eidc,confirmed,high,旅居车,passenger_vehicle,suv_mpv,in_scope,(十)212,民用改装车生产企业,0,0,1,0,0
404:KLV5080X,404:KLV5080X:confirmed,404,KLV5080X,凯勒威,浙江凯勒威房车制造有限公司,纯电动旅居车,,https://www.miit-eidc.org.cn/art/2026/3/18/art_1691_12168.html,2026-03-18,eidc,confirmed,high,纯电动旅居车,passenger_vehicle,suv_mpv,in_scope,(十一)76,民用改装车生产企业,0,0,1,0,0
404:LRP5045X,404:LRP5045X:confirmed,404,LRP5045X,四季风,连云港锐普汽车有限公司,旅居车,,https://www.miit-eidc.org.cn/art/2026/3/18/art_1691_12168.html,2026-03-18,eidc,confirmed,high,旅居车,passenger_vehicle,suv_mpv,in_scope,(十)207,民用改装车生产企业,0,0,1,0,0
404:LXA6530,404:LXA6530:confirmed,404,LXA6530,理想,北京理想汽车有限公司,插电式增程混合动力多用途乘用车,理想L9,https://www.miit-eidc.org.cn/art/2026/3/18/art_1691_12168.html,2026-03-18,eidc,confirmed,high,插电式增程混合动力多用途乘用车,passenger_vehicle,suv_mpv,in_scope,210,一、汽车生产企业,1,0,1,0,1
404:LXP5073X,404:LXP5073X:confirmed,404,LXP5073X,鲁玺,山东富源专用汽车制造股份有限公司,插电式增程混合动力旅居车,,https://www.miit-eidc.org.cn/art/2026/3/18/art_1691_12168.html,2026-03-18,eidc,confirmed,high,插电式增程混合动力旅居车,passenger_vehicle,suv_mpv,in_scope,(十五)262,民用改装车生产企业,0,0,1,0,0
404:MAX5100X,404:MAX5100X:confirmed,404,MAX5100X,星迹,昆山沃骏专用车辆有限公司,旅居车,,https://www.miit-eidc.org.cn/art/2026/3/18/art_1691_12168.html,2026-03-18,eidc,confirmed,high,旅居车,passenger_vehicle,suv_mpv,in_scope,(十)234,民用改装车生产企业,0,0,1,0,0
404:MBK5037X,404:MBK5037X:confirmed,404,MBK5037X,麦卡佰客,青岛麦卡佰客专用车有限公司,旅居车,,https://www.miit-eidc.org.cn/art/2026/3/18/art_1691_12168.html,2026-03-18,eidc,confirmed,high,旅居车,passenger_vehicle,suv_mpv,in_scope,(十五)556,民用改装车生产企业,0,0,1,0,0
404:MR6511,404:MR6511:confirmed,404,MR6511,极氪,浙江吉利汽车有限公司,插电式混合动力多用途乘用车,8X,https://www.miit-eidc.org.cn/art/2026/3/18/art_1691_12168.html,2026-03-18,eidc,confirmed,high,插电式混合动力多用途乘用车,passenger_vehicle,suv_mpv,in_scope,52,一、汽车生产企业,0,1,1,0,1
404:MR7001,404:MR7001:confirmed,404,MR7001,极氪,浙江吉利汽车有限公司,纯电动轿车,007GT,https://www.miit-eidc.org.cn/art/2026/3/18/art_1691_12168.html,2026-03-18,eidc,confirmed,high,纯电动轿车,passenger_vehicle,sedan,in_scope,52,一、汽车生产企业,0,1,1,0,1
404:MR7002,404:MR7002:confirmed,404,MR7002,吉利,浙江吉利汽车有限公司,纯电动轿车,银河A7EV,https://www.miit-eidc.org.cn/art/2026/3/18/art_1691_12168.html,2026-03-18,eidc,confirmed,high,纯电动轿车,passenger_vehicle,sedan,in_scope,52,一、汽车生产企业,0,1,1,0,1
404:MR7152,404:MR7152:confirmed,404,MR7152,吉利,浙江吉利汽车有限公司,插电式混合动力轿车,银河星耀8,https://www.miit-eidc.org.cn/art/2026/3/18/art_1691_12168.html,2026-03-18,eidc,confirmed,high,插电式混合动力轿车,passenger_vehicle,sedan,in_scope,52,一、汽车生产企业,1,0,1,0,1
404:MYY5049X,404:MYY5049X:confirmed,404,MYY5049X,迷野,三创联盟(沧州临港)科技有限公司,插电式增程混合动力旅居车,,https://www.miit-eidc.org.cn/art/2026/3/18/art_1691_12168.html,2026-03-18,eidc,confirmed,high,插电式增程混合动力旅居车,passenger_vehicle,suv_mpv,in_scope,(三)119,民用改装车生产企业,0,0,1,0,0
404:NHQ6530,404:NHQ6530:confirmed,404,NHQ6530,小鹏,肇庆小鹏新能源投资有限公司,插电式增程混合动力多用途乘用车 / 纯电动多用途乘用车,小鹏GX,https://www.miit-eidc.org.cn/art/2026/3/18/art_1691_12168.html,2026-03-18,eidc,confirmed,high,插电式增程混合动力多用途乘用车,passenger_vehicle,suv_mpv,in_scope,140,一、汽车生产企业,1,1,1,0,1
404:NJX5040X,404:NJX5040X:confirmed,404,NJX5040X,艾杰斯坦,四川南极星房车设备有限公司,旅居车,,https://www.miit-eidc.org.cn/art/2026/3/18/art_1691_12168.html,2026-03-18,eidc,confirmed,high,旅居车,passenger_vehicle,suv_mpv,in_scope,(二十二)75,民用改装车生产企业,0,0,1,0,0
404:QCJ6500,404:QCJ6500:confirmed,404,QCJ6500,方程豹,比亚迪汽车工业有限公司,纯电动多用途乘用车,方程豹钛7,https://www.miit-eidc.org.cn/art/2026/3/18/art_1691_12168.html,2026-03-18,eidc,confirmed,high,纯电动多用途乘用车,passenger_vehicle,suv_mpv,in_scope,79,一、汽车生产企业,0,1,1,0,1
404:QCJ6520,404:QCJ6520:confirmed,404,QCJ6520,腾势,比亚迪汽车工业有限公司,纯电动多用途乘用车,腾势D9,https://www.miit-eidc.org.cn/art/2026/3/18/art_1691_12168.html,2026-03-18,eidc,confirmed,high,纯电动多用途乘用车,passenger_vehicle,suv_mpv,in_scope,79,一、汽车生产企业,0,1,1,0,1
404:QYZ5030X,404:QYZ5030X:confirmed,404,QYZ5030X,重特,重庆凯瑞特种车有限公司,旅居车,,https://www.miit-eidc.org.cn/art/2026/3/18/art_1691_12168.html,2026-03-18,eidc,confirmed,high,旅居车,passenger_vehicle,suv_mpv,in_scope,(二十一)10,民用改装车生产企业,0,0,1,0,0
404:QYZ5036X,404:QYZ5036X:confirmed,404,QYZ5036X,重特,重庆凯瑞特种车有限公司,旅居车,,https://www.miit-eidc.org.cn/art/2026/3/18/art_1691_12168.html,2026-03-18,eidc,confirmed,high,旅居车,passenger_vehicle,suv_mpv,in_scope,(二十一)10,民用改装车生产企业,0,0,1,0,0
404:SC7000,404:SC7000:confirmed,404,SC7000,阿维塔（AVATR）,重庆长安汽车股份有限公司,纯电动轿车,06T,https://www.miit-eidc.org.cn/art/2026/3/18/art_1691_12168.html,2026-03-18,eidc,confirmed,high,纯电动轿车,passenger_vehicle,sedan,in_scope,96,一、汽车生产企业,0,1,1,0,1
404:SC7140,404:SC7140:confirmed,404,SC7140,长安,重庆长安汽车股份有限公司,轿车,,https://www.miit-eidc.org.cn/art/2026/3/18/art_1691_12168.html,2026-03-18,eidc,confirmed,high,轿车,passenger_vehicle,sedan,in_scope,96,一、汽车生产企业,0,0,1,0,0
404:SC7150,404:SC7150:confirmed,404,SC7150,阿维塔（AVATR）,重庆长安汽车股份有限公司,插电式增程混合动力轿车,06T,https://www.miit-eidc.org.cn/art/2026/3/18/art_1691_12168.html,2026-03-18,eidc,confirmed,high,插电式增程混合动力轿车,passenger_vehicle,sedan,in_scope,96,一、汽车生产企业,1,0,1,0,1
404:SGM6481,404:SGM6481:confirmed,404,SGM6481,别克(BUICK),上汽通用汽车有限公司,插电式混合动力运动型乘用车,ELECTRA E7,https://www.miit-eidc.org.cn/art/2026/3/18/art_1691_12168.html,2026-03-18,eidc,confirmed,high,插电式混合动力运动型乘用车,passenger_vehicle,suv_mpv,in_scope,6,一、汽车生产企业,1,0,1,0,1
404:SKE6501,404:SKE6501:confirmed,404,SKE6501,问界,赛力斯汽车有限公司,插电式增程混合动力多用途乘用车 / 纯电动多用途乘用车,问界M6,https://www.miit-eidc.org.cn/art/2026/3/18/art_1691_12168.html,2026-03-18,eidc,confirmed,high,插电式增程混合动力多用途乘用车,passenger_vehicle,suv_mpv,in_scope,175,一、汽车生产企业,1,1,1,0,1
404:SKE6521,404:SKE6521:confirmed,404,SKE6521,问界,赛力斯汽车有限公司,插电式增程混合动力多用途乘用车,问界M8,https://www.miit-eidc.org.cn/art/2026/3/18/art_1691_12168.html,2026-03-18,eidc,confirmed,high,插电式增程混合动力多用途乘用车,passenger_vehicle,suv_mpv,in_scope,175,一、汽车生产企业,1,0,1,0,1
404:SQH5180X,404:SQH5180X:confirmed,404,SQH5180X,勤宏,四川川宏机械有限公司,旅居车,,https://www.miit-eidc.org.cn/art/2026/3/18/art_1691_12168.html,2026-03-18,eidc,confirmed,high,旅居车,passenger_vehicle,suv_mpv,in_scope,(二十二)29,民用改装车生产企业,0,0,1,0,0
404:SQR2040,404:SQR2040:confirmed,404,SQR2040,捷途,奇瑞汽车股份有限公司,插电式混合动力越野乘用车,捷途纵横G700,https://www.miit-eidc.org.cn/art/2026/3/18/art_1691_12168.html,2026-03-18,eidc,confirmed,high,插电式混合动力越野乘用车,passenger_vehicle,suv_mpv,in_scope,119,一、汽车生产企业,1,0,1,0,1
404:SQR6490,404:SQR6490:confirmed,404,SQR6490,奇瑞,奇瑞汽车股份有限公司,插电式混合动力多用途乘用车,风云T9L,https://www.miit-eidc.org.cn/art/2026/3/18/art_1691_12168.html,2026-03-18,eidc,confirmed,high,插电式混合动力多用途乘用车,passenger_vehicle,suv_mpv,in_scope,119,一、汽车生产企业,1,1,1,0,1
404:SVW6471,404:SVW6471:confirmed,404,SVW6471,大众汽车(VOLKSWAGEN),上汽大众汽车有限公司,插电式混合动力多用途乘用车,TIGUAN L ePRO,https://www.miit-eidc.org.cn/art/2026/3/18/art_1691_12168.html,2026-03-18,eidc,confirmed,high,插电式混合动力多用途乘用车,passenger_vehicle,suv_mpv,in_scope,5,一、汽车生产企业,1,1,1,0,1
404:SVW6521,404:SVW6521:confirmed,404,SVW6521,大众汽车(VOLKSWAGEN),上汽大众汽车有限公司,插电式增程混合动力多用途乘用车,ID.ERA 9X,https://www.miit-eidc.org.cn/art/2026/3/18/art_1691_12168.html,2026-03-18,eidc,confirmed,high,插电式增程混合动力多用途乘用车,passenger_vehicle,suv_mpv,in_scope,5,一、汽车生产企业,1,0,1,0,1
404:TSP5070X,404:TSP5070X:confirmed,404,TSP5070X,贝天使,海南天使医检汽车科技集团有限公司,旅居车,,https://www.miit-eidc.org.cn/art/2026/3/18/art_1691_12168.html,2026-03-18,eidc,confirmed,high,旅居车,passenger_vehicle,suv_mpv,in_scope,(三十)02,民用改装车生产企业,0,0,1,0,0
404:VCD6474,404:VCD6474:confirmed,404,VCD6474,沃尔沃,大庆沃尔沃汽车制造有限公司,多用途乘用车 / 插电式混合动力多用途乘用车,,https://www.miit-eidc.org.cn/art/2026/3/18/art_1691_12168.html,2026-03-18,eidc,confirmed,high,多用途乘用车,passenger_vehicle,suv_mpv,in_scope,52,一、汽车生产企业,0,0,1,0,0
404:VCD6505,404:VCD6505:confirmed,404,VCD6505,沃尔沃,大庆沃尔沃汽车制造有限公司,纯电动运动型乘用车,EX90,https://www.miit-eidc.org.cn/art/2026/3/18/art_1691_12168.html,2026-03-18,eidc,confirmed,high,纯电动运动型乘用车,passenger_vehicle,suv_mpv,in_scope,52,一、汽车生产企业,0,1,1,0,1
404:VCD7005,404:VCD7005:confirmed,404,VCD7005,沃尔沃,大庆沃尔沃汽车制造有限公司,纯电动轿车,ES90,https://www.miit-eidc.org.cn/art/2026/3/18/art_1691_12168.html,2026-03-18,eidc,confirmed,high,纯电动轿车,passenger_vehicle,sedan,in_scope,52,一、汽车生产企业,0,1,1,0,1
404:WGG5031X,404:WGG5031X:confirmed,404,WGG5031X,武工,武汉斯贝卡专用汽车有限公司,旅居车,,https://www.miit-eidc.org.cn/art/2026/3/18/art_1691_12168.html,2026-03-18,eidc,confirmed,high,旅居车,passenger_vehicle,suv_mpv,in_scope,(十七)54,民用改装车生产企业,0,0,1,0,0
404:WHP5041X,404:WHP5041X:confirmed,404,WHP5041X,卫航,江苏卫航汽车通信科技有限责任公司,旅居车,,https://www.miit-eidc.org.cn/art/2026/3/18/art_1691_12168.html,2026-03-18,eidc,confirmed,high,旅居车,passenger_vehicle,suv_mpv,in_scope,(十)121,民用改装车生产企业,0,0,1,0,0
404:WLP5030X,404:WLP5030X:confirmed,404,WLP5030X,沃勒创精,沃勒（天津）汽车制造有限公司,旅居车,,https://www.miit-eidc.org.cn/art/2026/3/18/art_1691_12168.html,2026-03-18,eidc,confirmed,high,旅居车,passenger_vehicle,suv_mpv,in_scope,(二)41,民用改装车生产企业,0,0,1,0,0
404:WLP5039X,404:WLP5039X:confirmed,404,WLP5039X,沃勒创精,沃勒（天津）汽车制造有限公司,旅居车,,https://www.miit-eidc.org.cn/art/2026/3/18/art_1691_12168.html,2026-03-18,eidc,confirmed,high,旅居车,passenger_vehicle,suv_mpv,in_scope,(二)41,民用改装车生产企业,0,0,1,0,0
404:WTF5063X,404:WTF5063X:confirmed,404,WTF5063X,威尔特芬,湖北威尔特芬房车科技有限公司,插电式增程混合动力旅居车,,https://www.miit-eidc.org.cn/art/2026/3/18/art_1691_12168.html,2026-03-18,eidc,confirmed,high,插电式增程混合动力旅居车,passenger_vehicle,suv_mpv,in_scope,(十七)241,民用改装车生产企业,0,0,1,0,0
404:WXY5041X,404:WXY5041X:confirmed,404,WXY5041X,星羽兴旺,山东星羽房车制造有限公司,旅居车,,https://www.miit-eidc.org.cn/art/2026/3/18/art_1691_12168.html,2026-03-18,eidc,confirmed,high,旅居车,passenger_vehicle,suv_mpv,in_scope,(十五)529,民用改装车生产企业,0,0,1,0,0
404:XKL5035X,404:XKL5035X:confirmed,404,XKL5035X,霞客乐,邵东霞客乐汽车制造有限公司,旅居车,,https://www.miit-eidc.org.cn/art/2026/3/18/art_1691_12168.html,2026-03-18,eidc,confirmed,high,旅居车,passenger_vehicle,suv_mpv,in_scope,(十八)78,民用改装车生产企业,0,0,1,0,0
404:XMA6500,404:XMA6500:confirmed,404,XMA6500,小米,小米汽车科技有限公司,纯电动运动型乘用车,小米YU7,https://www.miit-eidc.org.cn/art/2026/3/18/art_1691_12168.html,2026-03-18,eidc,confirmed,high,纯电动运动型乘用车,passenger_vehicle,suv_mpv,in_scope,217,一、汽车生产企业,0,1,1,0,1
404:YSD5040X,404:YSD5040X:confirmed,404,YSD5040X,驿路亦家,扬州赛德房车有限公司,旅居车,,https://www.miit-eidc.org.cn/art/2026/3/18/art_1691_12168.html,2026-03-18,eidc,confirmed,high,旅居车,passenger_vehicle,suv_mpv,in_scope,(十)163,民用改装车生产企业,0,0,1,0,0
404:YZP5046X,404:YZP5046X:confirmed,404,YZP5046X,驿舟房车,重庆驿舟房车有限公司,插电式增程混合动力旅居车,,https://www.miit-eidc.org.cn/art/2026/3/18/art_1691_12168.html,2026-03-18,eidc,confirmed,high,插电式增程混合动力旅居车,passenger_vehicle,suv_mpv,in_scope,(二十一)54,民用改装车生产企业,0,0,1,0,0
404:ZYP5053X,404:ZYP5053X:confirmed,404,ZYP5053X,中悦,湖北世纪中远车辆有限公司,旅居车,,https://www.miit-eidc.org.cn/art/2026/3/18/art_1691_12168.html,2026-03-18,eidc,confirmed,high,旅居车,passenger_vehicle,suv_mpv,in_scope,195,一、汽车生产企业,0,0,1,0,0
404:ZYP5054X,404:ZYP5054X:confirmed,404,ZYP5054X,中悦,湖北世纪中远车辆有限公司,旅居车,,https://www.miit-eidc.org.cn/art/2026/3/18/art_1691_12168.html,2026-03-18,eidc,confirmed,high,旅居车,passenger_vehicle,suv_mpv,in_scope,195,一、汽车生产企业,0,0,1,0,0
405:APW5037X,405:APW5037X:confirmed,405,APW5037X,奥拓福,奥拓福特种车辆制造有限公司,旅居车,,https://www.miit-eidc.org.cn/art/2026/4/14/art_1691_12236.html,2026-04-14,eidc,confirmed,high,旅居车,passenger_vehicle,suv_mpv,in_scope,(六)74,民用改装车生产企业,0,0,1,0,0
405:APW5042X,405:APW5042X:confirmed,405,APW5042X,奥拓福,奥拓福特种车辆制造有限公司,旅居车,,https://www.miit-eidc.org.cn/art/2026/4/14/art_1691_12236.html,2026-04-14,eidc,confirmed,high,旅居车,passenger_vehicle,suv_mpv,in_scope,(六)74,民用改装车生产企业,0,0,1,0,0
405:BJ2030,405:BJ2030:confirmed,405,BJ2030,北京,北京汽车集团越野车有限公司,插电式增程混合动力越野乘用车,享野700,https://www.miit-eidc.org.cn/art/2026/4/14/art_1691_12236.html,2026-04-14,eidc,confirmed,high,插电式增程混合动力越野乘用车,passenger_vehicle,suv_mpv,in_scope,11,一、汽车生产企业,0,1,1,0,1
405:BJ7000,405:BJ7000:confirmed,405,BJ7000,极狐,北京新能源汽车股份有限公司,换电式纯电动轿车 / 纯电动轿车,EU8,https://www.miit-eidc.org.cn/art/2026/4/14/art_1691_12236.html,2026-04-14,eidc,confirmed,high,换电式纯电动轿车,passenger_vehicle,sedan,in_scope,11,一、汽车生产企业,0,1,2,1,1
405:BYD6430,405:BYD6430:confirmed,405,BYD6430,比亚迪,比亚迪汽车工业有限公司,纯电动多用途乘用车,比亚迪元UP,https://www.miit-eidc.org.cn/art/2026/4/14/art_1691_12236.html,2026-04-14,eidc,confirmed,high,纯电动多用途乘用车,passenger_vehicle,suv_mpv,in_scope,79,一、汽车生产企业,0,1,1,0,1
405:BYD6460,405:BYD6460:confirmed,405,BYD6460,比亚迪,比亚迪汽车工业有限公司,插电式混合动力多用途乘用车,比亚迪海狮05,https://www.miit-eidc.org.cn/art/2026/4/14/art_1691_12236.html,2026-04-14,eidc,confirmed,high,插电式混合动力多用途乘用车,passenger_vehicle,suv_mpv,in_scope,79,一、汽车生产企业,1,0,1,0,1
405:BYD6470,405:BYD6470:confirmed,405,BYD6470,比亚迪,比亚迪汽车工业有限公司,纯电动多用途乘用车,比亚迪元PLUS,https://www.miit-eidc.org.cn/art/2026/4/14/art_1691_12236.html,2026-04-14,eidc,confirmed,high,纯电动多用途乘用车,passenger_vehicle,suv_mpv,in_scope,79,一、汽车生产企业,0,1,1,0,1
405:BYD6476,405:BYD6476:confirmed,405,BYD6476,比亚迪,比亚迪汽车工业有限公司,插电式混合动力多用途乘用车,比亚迪宋pro,https://www.miit-eidc.org.cn/art/2026/4/14/art_1691_12236.html,2026-04-14,eidc,confirmed,high,插电式混合动力多用途乘用车,passenger_vehicle,suv_mpv,in_scope,79,一、汽车生产企业,1,1,1,0,1
405:BYD6480,405:BYD6480:confirmed,405,BYD6480,比亚迪,比亚迪汽车工业有限公司,插电式混合动力多用途乘用车 / 纯电动多用途乘用车,比亚迪海狮06,https://www.miit-eidc.org.cn/art/2026/4/14/art_1691_12236.html,2026-04-14,eidc,confirmed,high,插电式混合动力多用途乘用车,passenger_vehicle,suv_mpv,in_scope,79,一、汽车生产企业,1,1,2,0,1
405:BYD6483,405:BYD6483:confirmed,405,BYD6483,比亚迪,比亚迪汽车有限公司,插电式混合动力多用途乘用车,,https://www.miit-eidc.org.cn/art/2026/4/14/art_1691_12236.html,2026-04-14,eidc,confirmed,high,插电式混合动力多用途乘用车,passenger_vehicle,suv_mpv,in_scope,108,一、汽车生产企业,0,0,1,0,0
405:BYD6530,405:BYD6530:confirmed,405,BYD6530,比亚迪,比亚迪汽车工业有限公司,插电式混合动力多用途乘用车,比亚迪大唐,https://www.miit-eidc.org.cn/art/2026/4/14/art_1691_12236.html,2026-04-14,eidc,confirmed,high,插电式混合动力多用途乘用车,passenger_vehicle,suv_mpv,in_scope,79,一、汽车生产企业,1,0,1,0,1
405:BYD7150,405:BYD7150:confirmed,405,BYD7150,比亚迪,比亚迪汽车工业有限公司,插电式混合动力轿车,比亚迪海豹06、比亚迪海豹06MAX,https://www.miit-eidc.org.cn/art/2026/4/14/art_1691_12236.html,2026-04-14,eidc,confirmed,high,插电式混合动力轿车,passenger_vehicle,sedan,in_scope,79,一、汽车生产企业,1,1,2,0,1
405:BYD7153,405:BYD7153:confirmed,405,BYD7153,比亚迪,比亚迪汽车工业有限公司,插电式混合动力轿车,,https://www.miit-eidc.org.cn/art/2026/4/14/art_1691_12236.html,2026-04-14,eidc,confirmed,high,插电式混合动力轿车,passenger_vehicle,sedan,in_scope,79,一、汽车生产企业,0,0,1,0,0
405:BYD7155,405:BYD7155:confirmed,405,BYD7155,比亚迪,比亚迪汽车工业有限公司,插电式混合动力轿车,,https://www.miit-eidc.org.cn/art/2026/4/14/art_1691_12236.html,2026-04-14,eidc,confirmed,high,插电式混合动力轿车,passenger_vehicle,sedan,in_scope,79,一、汽车生产企业,0,0,1,0,0
405:BYD7156,405:BYD7156:confirmed,405,BYD7156,比亚迪,比亚迪汽车工业有限公司,插电式混合动力轿车,,https://www.miit-eidc.org.cn/art/2026/4/14/art_1691_12236.html,2026-04-14,eidc,confirmed,high,插电式混合动力轿车,passenger_vehicle,sedan,in_scope,79,一、汽车生产企业,0,0,1,0,0
405:CAA5080X,405:CAA5080X:confirmed,405,CAA5080X,同锐通,湖北东神专用汽车有限公司,旅居车,,https://www.miit-eidc.org.cn/art/2026/4/14/art_1691_12236.html,2026-04-14,eidc,confirmed,high,旅居车,passenger_vehicle,suv_mpv,in_scope,(十七)186,民用改装车生产企业,0,0,1,0,0
405:CC2030,405:CC2030:confirmed,405,CC2030,长城,长城汽车股份有限公司,插电式混合动力越野乘用车,坦克300,https://www.miit-eidc.org.cn/art/2026/4/14/art_1691_12236.html,2026-04-14,eidc,confirmed,high,插电式混合动力越野乘用车,passenger_vehicle,suv_mpv,in_scope,15,一、汽车生产企业,1,0,1,0,1
405:CSA6453,405:CSA6453:confirmed,405,CSA6453,名爵,上海汽车集团股份有限公司,纯电动运动型乘用车,MG 4X,https://www.miit-eidc.org.cn/art/2026/4/14/art_1691_12236.html,2026-04-14,eidc,confirmed,high,纯电动运动型乘用车,passenger_vehicle,suv_mpv,in_scope,122,一、汽车生产企业,0,1,1,0,1
405:CSA7008,405:CSA7008:confirmed,405,CSA7008,尚界,上海汽车集团股份有限公司,纯电动轿车,尚界 Z7 ULTRA,https://www.miit-eidc.org.cn/art/2026/4/14/art_1691_12236.html,2026-04-14,eidc,confirmed,high,纯电动轿车,passenger_vehicle,sedan,in_scope,122,一、汽车生产企业,0,1,1,0,1
405:DJV5035X,405:DJV5035X:confirmed,405,DJV5035X,东嘉加乐,南充东嘉新能源汽车有限公司,旅居车,,https://www.miit-eidc.org.cn/art/2026/4/14/art_1691_12236.html,2026-04-14,eidc,confirmed,high,旅居车,passenger_vehicle,suv_mpv,in_scope,(二十二)68,民用改装车生产企业,0,0,1,0,0
405:DKF5045X,405:DKF5045X:confirmed,405,DKF5045X,科发房车,山东科发房车科技有限公司,旅居车,,https://www.miit-eidc.org.cn/art/2026/4/14/art_1691_12236.html,2026-04-14,eidc,confirmed,high,旅居车,passenger_vehicle,suv_mpv,in_scope,(十五)458,民用改装车生产企业,0,0,1,0,0
405:DKF5070X,405:DKF5070X:confirmed,405,DKF5070X,科发房车,山东科发房车科技有限公司,插电式混合动力旅居车,,https://www.miit-eidc.org.cn/art/2026/4/14/art_1691_12236.html,2026-04-14,eidc,confirmed,high,插电式混合动力旅居车,passenger_vehicle,suv_mpv,in_scope,(十五)458,民用改装车生产企业,0,0,1,0,0
405:DXM5070X,405:DXM5070X:confirmed,405,DXM5070X,曼恩拓,大连新重汽特种汽车有限公司,旅居车,,https://www.miit-eidc.org.cn/art/2026/4/14/art_1691_12236.html,2026-04-14,eidc,confirmed,high,旅居车,passenger_vehicle,suv_mpv,in_scope,(六)101,民用改装车生产企业,0,0,1,0,0
405:EQ6531,405:EQ6531:confirmed,405,EQ6531,东风,东风汽车股份有限公司,纯电动多用途乘用车,睿立达V8E,https://www.miit-eidc.org.cn/art/2026/4/14/art_1691_12236.html,2026-04-14,eidc,confirmed,high,纯电动多用途乘用车,passenger_vehicle,suv_mpv,in_scope,3,一、汽车生产企业,0,1,1,0,1
405:FZ6530,405:FZ6530:confirmed,405,FZ6530,零跑,零跑汽车有限公司,插电式增程混合动力多用途乘用车 / 纯电动多用途乘用车,D99,https://www.miit-eidc.org.cn/art/2026/4/14/art_1691_12236.html,2026-04-14,eidc,confirmed,high,插电式增程混合动力多用途乘用车,passenger_vehicle,suv_mpv,in_scope,58,一、汽车生产企业,1,1,1,0,1
405:FZ7000,405:FZ7000:confirmed,405,FZ7000,零跑,零跑汽车有限公司,纯电动轿车,A05,https://www.miit-eidc.org.cn/art/2026/4/14/art_1691_12236.html,2026-04-14,eidc,confirmed,high,纯电动轿车,passenger_vehicle,sedan,in_scope,58,一、汽车生产企业,0,1,1,0,1
405:GAC6531,405:GAC6531:confirmed,405,GAC6531,传祺(Trumpchi),广汽传祺汽车有限公司,插电式混合动力多用途乘用车,传祺向往M8,https://www.miit-eidc.org.cn/art/2026/4/14/art_1691_12236.html,2026-04-14,eidc,confirmed,high,插电式混合动力多用途乘用车,passenger_vehicle,suv_mpv,in_scope,89,一、汽车生产企业,1,1,1,0,1
405:HQ7151,405:HQ7151:confirmed,405,HQ7151,吉利,浙江豪情汽车制造有限公司,插电式混合动力轿车 / 甲醇插电式混合动力轿车,银河星耀6EF,https://www.miit-eidc.org.cn/art/2026/4/14/art_1691_12236.html,2026-04-14,eidc,confirmed,high,插电式混合动力轿车,passenger_vehicle,sedan,in_scope,52,一、汽车生产企业,1,0,1,0,1
405:HRD5043X,405:HRD5043X:confirmed,405,HRD5043X,恒诚睿德,湖北恒诚汽车科技有限公司,旅居车,,https://www.miit-eidc.org.cn/art/2026/4/14/art_1691_12236.html,2026-04-14,eidc,confirmed,high,旅居车,passenger_vehicle,suv_mpv,in_scope,(十七)258,民用改装车生产企业,0,0,1,0,0
405:JHC6481,405:JHC6481:confirmed,405,JHC6481,远程,山西新能源汽车工业有限公司,纯电动多用途乘用车,星享V6E,https://www.miit-eidc.org.cn/art/2026/4/14/art_1691_12236.html,2026-04-14,eidc,confirmed,high,纯电动多用途乘用车,passenger_vehicle,suv_mpv,in_scope,25,一、汽车生产企业,0,1,1,0,1
405:JL6481,405:JL6481:confirmed,405,JL6481,远程,浙江豪情汽车制造有限公司,纯电动多用途乘用车,,https://www.miit-eidc.org.cn/art/2026/4/14/art_1691_12236.html,2026-04-14,eidc,confirmed,high,纯电动多用途乘用车,passenger_vehicle,suv_mpv,in_scope,52,一、汽车生产企业,0,0,1,0,0
405:JL6501,405:JL6501:confirmed,405,JL6501,远程,浙江豪情汽车制造有限公司,纯电动多用途乘用车,SV,https://www.miit-eidc.org.cn/art/2026/4/14/art_1691_12236.html,2026-04-14,eidc,confirmed,high,纯电动多用途乘用车,passenger_vehicle,suv_mpv,in_scope,52,一、汽车生产企业,0,1,1,0,1
405:JL6551,405:JL6551:confirmed,405,JL6551,远程,浙江豪情汽车制造有限公司,纯电动多用途乘用车,SV,https://www.miit-eidc.org.cn/art/2026/4/14/art_1691_12236.html,2026-04-14,eidc,confirmed,high,纯电动多用途乘用车,passenger_vehicle,suv_mpv,in_scope,52,一、汽车生产企业,0,1,1,0,1
405:JMV5034X,405:JMV5034X:confirmed,405,JMV5034X,晶马,江西江铃集团晶马汽车有限公司,旅居车,,https://www.miit-eidc.org.cn/art/2026/4/14/art_1691_12236.html,2026-04-14,eidc,confirmed,high,旅居车,passenger_vehicle,suv_mpv,in_scope,62,一、汽车生产企业,0,0,1,0,0
405:JRV5052X,405:JRV5052X:confirmed,405,JRV5052X,江旅,江西江铃汽车集团旅居车有限公司,旅居车,,https://www.miit-eidc.org.cn/art/2026/4/14/art_1691_12236.html,2026-04-14,eidc,confirmed,high,旅居车,passenger_vehicle,suv_mpv,in_scope,(十四)26,民用改装车生产企业,0,0,1,0,0
405:LMS5055X,405:LMS5055X:confirmed,405,LMS5055X,罗曼特斯,江苏罗曼特斯房车有限公司,旅居车,,https://www.miit-eidc.org.cn/art/2026/4/14/art_1691_12236.html,2026-04-14,eidc,confirmed,high,旅居车,passenger_vehicle,suv_mpv,in_scope,(十)170,民用改装车生产企业,0,0,1,0,0
405:LZR5030X,405:LZR5030X:confirmed,405,LZR5030X,览众之星,河北览众专用汽车制造有限公司,插电式混合动力旅居车,,https://www.miit-eidc.org.cn/art/2026/4/14/art_1691_12236.html,2026-04-14,eidc,confirmed,high,插电式混合动力旅居车,passenger_vehicle,suv_mpv,in_scope,(三)83,民用改装车生产企业,0,1,1,0,1
405:MR6521,405:MR6521:confirmed,405,MR6521,极氪,浙江吉利汽车有限公司,纯电动多用途乘用车,009,https://www.miit-eidc.org.cn/art/2026/4/14/art_1691_12236.html,2026-04-14,eidc,confirmed,high,纯电动多用途乘用车,passenger_vehicle,suv_mpv,in_scope,52,一、汽车生产企业,0,1,1,0,1
405:MR7002,405:MR7002:confirmed,405,MR7002,领克,浙江吉利汽车有限公司,纯电动轿车,领克10,https://www.miit-eidc.org.cn/art/2026/4/14/art_1691_12236.html,2026-04-14,eidc,confirmed,high,纯电动轿车,passenger_vehicle,sedan,in_scope,52,一、汽车生产企业,0,1,1,0,1
405:MYY5033X,405:MYY5033X:confirmed,405,MYY5033X,迷野,三创联盟(沧州临港)科技有限公司,插电式增程混合动力旅居车,,https://www.miit-eidc.org.cn/art/2026/4/14/art_1691_12236.html,2026-04-14,eidc,confirmed,high,插电式增程混合动力旅居车,passenger_vehicle,suv_mpv,in_scope,(三)119,民用改装车生产企业,0,0,1,0,0
405:QCJ2042,405:QCJ2042:confirmed,405,QCJ2042,方程豹,比亚迪汽车工业有限公司,插电式混合动力越野乘用车,方程豹豹8,https://www.miit-eidc.org.cn/art/2026/4/14/art_1691_12236.html,2026-04-14,eidc,confirmed,high,插电式混合动力越野乘用车,passenger_vehicle,suv_mpv,in_scope,79,一、汽车生产企业,1,1,1,0,1
405:QCJ6500,405:QCJ6500:confirmed,405,QCJ6500,方程豹,比亚迪汽车工业有限公司,纯电动多用途乘用车,方程豹钛7,https://www.miit-eidc.org.cn/art/2026/4/14/art_1691_12236.html,2026-04-14,eidc,confirmed,high,纯电动多用途乘用车,passenger_vehicle,suv_mpv,in_scope,79,一、汽车生产企业,0,1,1,0,1
405:QCJ6520,405:QCJ6520:confirmed,405,QCJ6520,腾势,比亚迪汽车工业有限公司,插电式混合动力多用途乘用车,腾势N8L,https://www.miit-eidc.org.cn/art/2026/4/14/art_1691_12236.html,2026-04-14,eidc,confirmed,high,插电式混合动力多用途乘用车,passenger_vehicle,suv_mpv,in_scope,79,一、汽车生产企业,1,0,1,0,1
405:QCJ6530,405:QCJ6530:confirmed,405,QCJ6530,腾势,比亚迪汽车工业有限公司,插电式混合动力多用途乘用车,腾势N9,https://www.miit-eidc.org.cn/art/2026/4/14/art_1691_12236.html,2026-04-14,eidc,confirmed,high,插电式混合动力多用途乘用车,passenger_vehicle,suv_mpv,in_scope,79,一、汽车生产企业,1,0,1,0,1
405:QHV5030X,405:QHV5030X:confirmed,405,QHV5030X,启敬,启航汽车有限公司,旅居车,,https://www.miit-eidc.org.cn/art/2026/4/14/art_1691_12236.html,2026-04-14,eidc,confirmed,high,旅居车,passenger_vehicle,suv_mpv,in_scope,(十一)64,民用改装车生产企业,0,0,1,0,0
405:SC6460,405:SC6460:confirmed,405,SC6460,长安,重庆长安汽车股份有限公司,混合动力运动型乘用车,CS55 HEV,https://www.miit-eidc.org.cn/art/2026/4/14/art_1691_12236.html,2026-04-14,eidc,confirmed,high,混合动力运动型乘用车,passenger_vehicle,suv_mpv,in_scope,96,一、汽车生产企业,1,0,1,0,1
405:SC6480,405:SC6480:confirmed,405,SC6480,长安,合肥长安汽车有限公司,混合动力多用途乘用车,CS75 HEV,https://www.miit-eidc.org.cn/art/2026/4/14/art_1691_12236.html,2026-04-14,eidc,confirmed,high,混合动力多用途乘用车,passenger_vehicle,suv_mpv,in_scope,96,一、汽车生产企业,1,0,1,0,1
405:SC7150,405:SC7150:confirmed,405,SC7150,长安,重庆长安汽车股份有限公司,混合动力轿车,UNI-V,https://www.miit-eidc.org.cn/art/2026/4/14/art_1691_12236.html,2026-04-14,eidc,confirmed,high,混合动力轿车,passenger_vehicle,sedan,in_scope,96,一、汽车生产企业,1,0,1,0,1
405:SDS5043X,405:SDS5043X:confirmed,405,SDS5043X,舜德,湖北舜德专用汽车有限公司,旅居车,,https://www.miit-eidc.org.cn/art/2026/4/14/art_1691_12236.html,2026-04-14,eidc,confirmed,high,旅居车,passenger_vehicle,suv_mpv,in_scope,(十七)116,民用改装车生产企业,0,0,1,0,0
405:SJQ5033X,405:SJQ5033X:confirmed,405,SJQ5033X,大衡辉,河北凯泰专用汽车制造股份有限公司,旅居车,,https://www.miit-eidc.org.cn/art/2026/4/14/art_1691_12236.html,2026-04-14,eidc,confirmed,high,旅居车,passenger_vehicle,suv_mpv,in_scope,(三)91,民用改装车生产企业,0,0,1,0,0
405:SKE6530,405:SKE6530:confirmed,405,SKE6530,问界,赛力斯汽车有限公司,插电式增程混合动力多用途乘用车 / 纯电动多用途乘用车,问界M9,https://www.miit-eidc.org.cn/art/2026/4/14/art_1691_12236.html,2026-04-14,eidc,confirmed,high,插电式增程混合动力多用途乘用车,passenger_vehicle,suv_mpv,in_scope,175,一、汽车生产企业,1,1,1,0,1
405:SQH5035X,405:SQH5035X:confirmed,405,SQH5035X,勤宏,四川川宏机械有限公司,旅居车,,https://www.miit-eidc.org.cn/art/2026/4/14/art_1691_12236.html,2026-04-14,eidc,confirmed,high,旅居车,passenger_vehicle,suv_mpv,in_scope,(二十二)29,民用改装车生产企业,0,0,1,0,0
405:SQR6490,405:SQR6490:confirmed,405,SQR6490,奇瑞,奇瑞汽车股份有限公司,插电式混合动力多用途乘用车,风云T9L,https://www.miit-eidc.org.cn/art/2026/4/14/art_1691_12236.html,2026-04-14,eidc,confirmed,high,插电式混合动力多用途乘用车,passenger_vehicle,suv_mpv,in_scope,119,一、汽车生产企业,1,0,1,0,1
405:SQR6502,405:SQR6502:confirmed,405,SQR6502,星途,奇瑞汽车股份有限公司,纯电动多用途乘用车,ET7,https://www.miit-eidc.org.cn/art/2026/4/14/art_1691_12236.html,2026-04-14,eidc,confirmed,high,纯电动多用途乘用车,passenger_vehicle,suv_mpv,in_scope,119,一、汽车生产企业,0,1,1,0,1
405:SQR7000,405:SQR7000:confirmed,405,SQR7000,奇瑞,奇瑞汽车股份有限公司,纯电动轿车,风云A9,https://www.miit-eidc.org.cn/art/2026/4/14/art_1691_12236.html,2026-04-14,eidc,confirmed,high,纯电动轿车,passenger_vehicle,sedan,in_scope,119,一、汽车生产企业,0,1,1,0,1
405:STZ5043X,405:STZ5043X:confirmed,405,STZ5043X,唐骏,山东唐骏重工有限公司,旅居车,,https://www.miit-eidc.org.cn/art/2026/4/14/art_1691_12236.html,2026-04-14,eidc,confirmed,high,旅居车,passenger_vehicle,suv_mpv,in_scope,(十五)270,民用改装车生产企业,0,0,1,0,0
405:SZY5066X,405:SZY5066X:confirmed,405,SZY5066X,中意,江苏中意汽车有限公司,旅居车,,https://www.miit-eidc.org.cn/art/2026/4/14/art_1691_12236.html,2026-04-14,eidc,confirmed,high,旅居车,passenger_vehicle,suv_mpv,in_scope,(十)61,民用改装车生产企业,0,0,1,0,0
405:WHJ6451,405:WHJ6451:confirmed,405,WHJ6451,凯翼,宜宾凯翼汽车有限公司,纯电动多用途乘用车,江豚E5,https://www.miit-eidc.org.cn/art/2026/4/14/art_1691_12236.html,2026-04-14,eidc,confirmed,high,纯电动多用途乘用车,passenger_vehicle,suv_mpv,in_scope,137,一、汽车生产企业,0,1,1,0,1
405:WHJ6520,405:WHJ6520:confirmed,405,WHJ6520,凯翼,宜宾凯翼汽车有限公司,纯电动多用途乘用车,江豚E6 PLUS,https://www.miit-eidc.org.cn/art/2026/4/14/art_1691_12236.html,2026-04-14,eidc,confirmed,high,纯电动多用途乘用车,passenger_vehicle,suv_mpv,in_scope,137,一、汽车生产企业,0,1,1,0,1
405:WLP5039X,405:WLP5039X:confirmed,405,WLP5039X,沃勒创精,沃勒（天津）汽车制造有限公司,旅居车,,https://www.miit-eidc.org.cn/art/2026/4/14/art_1691_12236.html,2026-04-14,eidc,confirmed,high,旅居车,passenger_vehicle,suv_mpv,in_scope,(二)41,民用改装车生产企业,0,0,1,0,0
405:WTF5071X,405:WTF5071X:confirmed,405,WTF5071X,威尔特芬,湖北威尔特芬房车科技有限公司,旅居车,,https://www.miit-eidc.org.cn/art/2026/4/14/art_1691_12236.html,2026-04-14,eidc,confirmed,high,旅居车,passenger_vehicle,suv_mpv,in_scope,(十七)241,民用改装车生产企业,0,0,1,0,0
405:YQZ6452,405:YQZ6452:confirmed,405,YQZ6452,起亚,江苏悦达起亚汽车有限公司,多用途乘用车,,https://www.miit-eidc.org.cn/art/2026/4/14/art_1691_12236.html,2026-04-14,eidc,confirmed,high,多用途乘用车,passenger_vehicle,suv_mpv,in_scope,47,一、汽车生产企业,0,0,1,0,0
405:ZJF5047X,405:ZJF5047X:confirmed,405,ZJF5047X,尚游惠,天津中景汽车制造有限公司,旅居车,,https://www.miit-eidc.org.cn/art/2026/4/14/art_1691_12236.html,2026-04-14,eidc,confirmed,high,旅居车,passenger_vehicle,suv_mpv,in_scope,(二)40,民用改装车生产企业,0,0,1,0,0
406:ABL5041X,406:ABL5041X:confirmed,406,ABL5041X,金宝路,宝路汽车产业（十堰）有限公司,旅居车,,https://www.miit-eidc.org.cn/art/2026/5/9/art_1691_12292.html,2026-05-09,eidc,confirmed,high,旅居车,passenger_vehicle,suv_mpv,in_scope,(十七)225,民用改装车生产企业,0,0,1,0,0
406:ABL5061X,406:ABL5061X:confirmed,406,ABL5061X,金宝路,宝路汽车产业（十堰）有限公司,旅居车,,https://www.miit-eidc.org.cn/art/2026/5/9/art_1691_12292.html,2026-05-09,eidc,confirmed,high,旅居车,passenger_vehicle,suv_mpv,in_scope,(十七)225,民用改装车生产企业,0,0,1,0,0
406:AHC6450,406:AHC6450:confirmed,406,AHC6450,埃安(AION),广汽埃安新能源汽车股份有限公司,纯电动多用途乘用车,埃安Y Plus,https://www.miit-eidc.org.cn/art/2026/5/9/art_1691_12292.html,2026-05-09,eidc,confirmed,high,纯电动多用途乘用车,passenger_vehicle,suv_mpv,in_scope,216,一、汽车生产企业,0,1,1,0,1
406:AHC6460,406:AHC6460:confirmed,406,AHC6460,埃安(AION),广汽埃安新能源汽车股份有限公司,纯电动多用途乘用车,埃安N60,https://www.miit-eidc.org.cn/art/2026/5/9/art_1691_12292.html,2026-05-09,eidc,confirmed,high,纯电动多用途乘用车,passenger_vehicle,suv_mpv,in_scope,216,一、汽车生产企业,0,1,1,0,1
406:AHC7000,406:AHC7000:confirmed,406,AHC7000,启境,广汽埃安新能源汽车股份有限公司,纯电动轿车,启境GT7,https://www.miit-eidc.org.cn/art/2026/5/9/art_1691_12292.html,2026-05-09,eidc,confirmed,high,纯电动轿车,passenger_vehicle,sedan,in_scope,216,一、汽车生产企业,0,1,1,0,1
406:BJ6480,406:BJ6480:confirmed,406,BJ6480,极狐(ARCFOX),北汽蓝谷麦格纳汽车有限公司,插电式增程混合动力多用途乘用车 / 纯电动多用途乘用车,αT5,https://www.miit-eidc.org.cn/art/2026/5/9/art_1691_12292.html,2026-05-09,eidc,confirmed,high,插电式增程混合动力多用途乘用车,passenger_vehicle,suv_mpv,in_scope,45,一、汽车生产企业,0,1,1,0,1
406:BJ7000,406:BJ7000:confirmed,406,BJ7000,极狐,北京新能源汽车股份有限公司,换电式纯电动轿车 / 纯电动轿车,EU8,https://www.miit-eidc.org.cn/art/2026/5/9/art_1691_12292.html,2026-05-09,eidc,confirmed,high,纯电动轿车,passenger_vehicle,sedan,in_scope,11,一、汽车生产企业,0,1,2,1,1
406:BMW6495,406:BMW6495:confirmed,406,BMW6495,宝马(BMW),华晨宝马汽车有限公司,纯电动多用途乘用车,,https://www.miit-eidc.org.cn/art/2026/5/9/art_1691_12292.html,2026-05-09,eidc,confirmed,high,纯电动多用途乘用车,passenger_vehicle,suv_mpv,in_scope,33,一、汽车生产企业,0,0,1,0,0
406:BTQ5077X,406:BTQ5077X:confirmed,406,BTQ5077X,舜泰,舜泰汽车有限公司,旅居车,,https://www.miit-eidc.org.cn/art/2026/5/9/art_1691_12292.html,2026-05-09,eidc,confirmed,high,旅居车,passenger_vehicle,suv_mpv,in_scope,(十五)394,民用改装车生产企业,0,0,1,0,0
406:BYD6480,406:BYD6480:confirmed,406,BYD6480,比亚迪,比亚迪汽车有限公司,纯电动多用途乘用车,比亚迪海狮06,https://www.miit-eidc.org.cn/art/2026/5/9/art_1691_12292.html,2026-05-09,eidc,confirmed,high,纯电动多用途乘用车,passenger_vehicle,suv_mpv,in_scope,108,一、汽车生产企业,0,1,1,0,1
406:BYD7000,406:BYD7000:confirmed,406,BYD7000,比亚迪,比亚迪汽车有限公司,纯电动轿车,比亚迪海豹08,https://www.miit-eidc.org.cn/art/2026/5/9/art_1691_12292.html,2026-05-09,eidc,confirmed,high,纯电动轿车,passenger_vehicle,sedan,in_scope,108,一、汽车生产企业,0,1,1,0,1
406:CA7009,406:CA7009:confirmed,406,CA7009,一汽,中国第一汽车集团有限公司,纯电动轿车,悦意08,https://www.miit-eidc.org.cn/art/2026/5/9/art_1691_12292.html,2026-05-09,eidc,confirmed,high,纯电动轿车,passenger_vehicle,sedan,in_scope,1,一、汽车生产企业,0,1,1,0,1
406:CA7153,406:CA7153:confirmed,406,CA7153,红旗,中国第一汽车集团有限公司,插电式混合动力轿车,红旗H7,https://www.miit-eidc.org.cn/art/2026/5/9/art_1691_12292.html,2026-05-09,eidc,confirmed,high,插电式混合动力轿车,passenger_vehicle,sedan,in_scope,1,一、汽车生产企业,0,1,1,0,1
406:CC6491,406:CC6491:confirmed,406,CC6491,哈弗,长城汽车股份有限公司,插电式混合动力多用途乘用车,哈弗猛龙 PLUS,https://www.miit-eidc.org.cn/art/2026/5/9/art_1691_12292.html,2026-05-09,eidc,confirmed,high,插电式混合动力多用途乘用车,passenger_vehicle,suv_mpv,in_scope,15,一、汽车生产企业,1,0,1,0,1
406:CC6510,406:CC6510:confirmed,406,CC6510,哈弗,长城汽车股份有限公司,插电式混合动力多用途乘用车,HX;H10,https://www.miit-eidc.org.cn/art/2026/5/9/art_1691_12292.html,2026-05-09,eidc,confirmed,high,插电式混合动力多用途乘用车,passenger_vehicle,suv_mpv,in_scope,15,一、汽车生产企业,1,1,1,1,1
406:CC6520,406:CC6520:confirmed,406,CC6520,魏,长城汽车股份有限公司,插电式混合动力多用途乘用车,V9,https://www.miit-eidc.org.cn/art/2026/5/9/art_1691_12292.html,2026-05-09,eidc,confirmed,high,插电式混合动力多用途乘用车,passenger_vehicle,suv_mpv,in_scope,15,一、汽车生产企业,1,1,1,0,1
406:CC6530,406:CC6530:confirmed,406,CC6530,哈弗,长城汽车股份有限公司,插电式混合动力多用途乘用车,HX;H10,https://www.miit-eidc.org.cn/art/2026/5/9/art_1691_12292.html,2026-05-09,eidc,confirmed,high,插电式混合动力多用途乘用车,passenger_vehicle,suv_mpv,in_scope,15,一、汽车生产企业,1,1,1,0,1
406:CC7000,406:CC7000:confirmed,406,CC7000,欧拉,长城汽车股份有限公司,纯电动轿车,ORA 5,https://www.miit-eidc.org.cn/art/2026/5/9/art_1691_12292.html,2026-05-09,eidc,confirmed,high,纯电动轿车,passenger_vehicle,sedan,in_scope,15,一、汽车生产企业,0,1,1,0,1
406:CC7150,406:CC7150:confirmed,406,CC7150,欧拉,长城汽车股份有限公司,混合动力轿车 / 轿车,ORA 5,https://www.miit-eidc.org.cn/art/2026/5/9/art_1691_12292.html,2026-05-09,eidc,confirmed,high,混合动力轿车,passenger_vehicle,sedan,in_scope,15,一、汽车生产企业,1,0,1,0,1
406:CSA6453,406:CSA6453:confirmed,406,CSA6453,名爵,上海汽车集团股份有限公司,纯电动运动型乘用车,MG 4X,https://www.miit-eidc.org.cn/art/2026/5/9/art_1691_12292.html,2026-05-09,eidc,confirmed,high,纯电动运动型乘用车,passenger_vehicle,suv_mpv,in_scope,122,一、汽车生产企业,0,1,1,0,1
406:CSA7002,406:CSA7002:confirmed,406,CSA7002,智己,上海汽车集团股份有限公司,纯电动轿车,L6,https://www.miit-eidc.org.cn/art/2026/5/9/art_1691_12292.html,2026-05-09,eidc,confirmed,high,纯电动轿车,passenger_vehicle,sedan,in_scope,122,一、汽车生产企业,0,1,1,0,1
406:CSA7009,406:CSA7009:confirmed,406,CSA7009,荣威,上海汽车集团股份有限公司,换电式纯电动轿车,D7,https://www.miit-eidc.org.cn/art/2026/5/9/art_1691_12292.html,2026-05-09,eidc,confirmed,high,换电式纯电动轿车,passenger_vehicle,sedan,in_scope,122,一、汽车生产企业,0,1,1,0,1
406:CXF5150X,406:CXF5150X:confirmed,406,CXF5150X,程力新富,程力新富襄阳汽车股份有限公司,旅居车,,https://www.miit-eidc.org.cn/art/2026/5/9/art_1691_12292.html,2026-05-09,eidc,confirmed,high,旅居车,passenger_vehicle,suv_mpv,in_scope,(十七)188,民用改装车生产企业,0,0,1,0,0
406:DCQ5045X,406:DCQ5045X:confirmed,406,DCQ5045X,大驰,大驰智能汽车（日照）有限公司,旅居车,,https://www.miit-eidc.org.cn/art/2026/5/9/art_1691_12292.html,2026-05-09,eidc,confirmed,high,旅居车,passenger_vehicle,suv_mpv,in_scope,(十五)466,民用改装车生产企业,0,0,1,0,0
406:DCQ5062X,406:DCQ5062X:confirmed,406,DCQ5062X,大驰,大驰智能汽车（日照）有限公司,旅居车,,https://www.miit-eidc.org.cn/art/2026/5/9/art_1691_12292.html,2026-05-09,eidc,confirmed,high,旅居车,passenger_vehicle,suv_mpv,in_scope,(十五)466,民用改装车生产企业,0,0,1,0,0
406:DJV5070X,406:DJV5070X:confirmed,406,DJV5070X,东嘉加乐,南充东嘉新能源汽车有限公司,旅居车,,https://www.miit-eidc.org.cn/art/2026/5/9/art_1691_12292.html,2026-05-09,eidc,confirmed,high,旅居车,passenger_vehicle,suv_mpv,in_scope,(二十二)68,民用改装车生产企业,0,0,1,0,0
406:ELT5040X,406:ELT5040X:confirmed,406,ELT5040X,闽特,福建省一禄通特种车有限公司,旅居车,,https://www.miit-eidc.org.cn/art/2026/5/9/art_1691_12292.html,2026-05-09,eidc,confirmed,high,旅居车,passenger_vehicle,suv_mpv,in_scope,(十三)69,民用改装车生产企业,0,0,1,0,0
406:EQ2035,406:EQ2035:confirmed,406,EQ2035,猛士,东风汽车集团有限公司,插电式混合动力越野乘用车,,https://www.miit-eidc.org.cn/art/2026/5/9/art_1691_12292.html,2026-05-09,eidc,confirmed,high,插电式混合动力越野乘用车,passenger_vehicle,suv_mpv,in_scope,3,一、汽车生产企业,0,0,1,0,0
406:EQ2036,406:EQ2036:confirmed,406,EQ2036,猛士,东风汽车集团有限公司,插电式混合动力越野乘用车,,https://www.miit-eidc.org.cn/art/2026/5/9/art_1691_12292.html,2026-05-09,eidc,confirmed,high,插电式混合动力越野乘用车,passenger_vehicle,suv_mpv,in_scope,3,一、汽车生产企业,0,0,1,0,0
406:FHA5030X,406:FHA5030X:confirmed,406,FHA5030X,景飞,上海辅恒汽车技术有限公司,旅居车,,https://www.miit-eidc.org.cn/art/2026/5/9/art_1691_12292.html,2026-05-09,eidc,confirmed,high,旅居车,passenger_vehicle,suv_mpv,in_scope,(九)50,民用改装车生产企业,0,0,1,0,0
406:FZ6430,406:FZ6430:confirmed,406,FZ6430,零跑,零跑汽车有限公司,纯电动多用途乘用车,A10,https://www.miit-eidc.org.cn/art/2026/5/9/art_1691_12292.html,2026-05-09,eidc,confirmed,high,纯电动多用途乘用车,passenger_vehicle,suv_mpv,in_scope,58,一、汽车生产企业,0,1,1,0,1
406:FZ6470,406:FZ6470:confirmed,406,FZ6470,零跑,零跑汽车有限公司,插电式增程混合动力多用途乘用车 / 纯电动多用途乘用车,C10,https://www.miit-eidc.org.cn/art/2026/5/9/art_1691_12292.html,2026-05-09,eidc,confirmed,high,插电式增程混合动力多用途乘用车,passenger_vehicle,suv_mpv,in_scope,58,一、汽车生产企业,1,1,1,0,1
406:FZ6490,406:FZ6490:confirmed,406,FZ6490,零跑,零跑汽车有限公司,插电式增程混合动力多用途乘用车 / 纯电动多用途乘用车,C16,https://www.miit-eidc.org.cn/art/2026/5/9/art_1691_12292.html,2026-05-09,eidc,confirmed,high,插电式增程混合动力多用途乘用车,passenger_vehicle,suv_mpv,in_scope,58,一、汽车生产企业,1,1,1,0,1
406:FZ7000,406:FZ7000:confirmed,406,FZ7000,零跑,零跑汽车有限公司,纯电动轿车,A05,https://www.miit-eidc.org.cn/art/2026/5/9/art_1691_12292.html,2026-05-09,eidc,confirmed,high,纯电动轿车,passenger_vehicle,sedan,in_scope,58,一、汽车生产企业,0,1,1,0,1
406:GAC6490,406:GAC6490:confirmed,406,GAC6490,传祺(Trumpchi),广汽传祺汽车有限公司,插电式混合动力多用途乘用车,传祺向往S7;传祺S7,https://www.miit-eidc.org.cn/art/2026/5/9/art_1691_12292.html,2026-05-09,eidc,confirmed,high,插电式混合动力多用途乘用车,passenger_vehicle,suv_mpv,in_scope,89,一、汽车生产企业,1,0,1,0,1
406:GAC6501,406:GAC6501:confirmed,406,GAC6501,传祺(Trumpchi),广汽传祺汽车有限公司,插电式混合动力多用途乘用车,传祺向往E8,https://www.miit-eidc.org.cn/art/2026/5/9/art_1691_12292.html,2026-05-09,eidc,confirmed,high,插电式混合动力多用途乘用车,passenger_vehicle,suv_mpv,in_scope,89,一、汽车生产企业,1,1,1,0,1
406:HBG5030X,406:HBG5030X:confirmed,406,HBG5030X,瑞旅,喜爱汽车股份有限公司,插电式混合动力旅居车,,https://www.miit-eidc.org.cn/art/2026/5/9/art_1691_12292.html,2026-05-09,eidc,confirmed,high,插电式混合动力旅居车,passenger_vehicle,suv_mpv,in_scope,(十七)42,民用改装车生产企业,0,0,1,0,0
406:HQ6472,406:HQ6472:confirmed,406,HQ6472,吉利,浙江豪情汽车制造有限公司,多用途乘用车,,https://www.miit-eidc.org.cn/art/2026/5/9/art_1691_12292.html,2026-05-09,eidc,confirmed,high,多用途乘用车,passenger_vehicle,suv_mpv,in_scope,52,一、汽车生产企业,0,0,1,0,0
406:HTL5033X,406:HTL5033X:confirmed,406,HTL5033X,聊工,聊城聊工工程机械有限公司,旅居车,,https://www.miit-eidc.org.cn/art/2026/5/9/art_1691_12292.html,2026-05-09,eidc,confirmed,high,旅居车,passenger_vehicle,suv_mpv,in_scope,(十五)225,民用改装车生产企业,0,0,1,0,0
406:JL6441,406:JL6441:confirmed,406,JL6441,帝豪,浙江豪情汽车制造有限公司,多用途乘用车,,https://www.miit-eidc.org.cn/art/2026/5/9/art_1691_12292.html,2026-05-09,eidc,confirmed,high,多用途乘用车,passenger_vehicle,suv_mpv,in_scope,52,一、汽车生产企业,0,0,1,0,0
406:JL6481,406:JL6481:confirmed,406,JL6481,远程,浙江豪情汽车制造有限公司,换电式纯电动多用途乘用车 / 纯电动多用途乘用车,星享V6E,https://www.miit-eidc.org.cn/art/2026/5/9/art_1691_12292.html,2026-05-09,eidc,confirmed,high,换电式纯电动多用途乘用车,passenger_vehicle,suv_mpv,in_scope,52,一、汽车生产企业,0,1,1,0,1
406:JL6484,406:JL6484:confirmed,406,JL6484,吉利,浙江豪情汽车制造有限公司,多用途乘用车,,https://www.miit-eidc.org.cn/art/2026/5/9/art_1691_12292.html,2026-05-09,eidc,confirmed,high,多用途乘用车,passenger_vehicle,suv_mpv,in_scope,52,一、汽车生产企业,0,0,1,0,0
406:JL6501,406:JL6501:confirmed,406,JL6501,远程,浙江豪情汽车制造有限公司,纯电动多用途乘用车,远程V7E,https://www.miit-eidc.org.cn/art/2026/5/9/art_1691_12292.html,2026-05-09,eidc,confirmed,high,纯电动多用途乘用车,passenger_vehicle,suv_mpv,in_scope,52,一、汽车生产企业,0,1,1,0,1
406:JL6541,406:JL6541:confirmed,406,JL6541,远程,浙江豪情汽车制造有限公司,纯电动多用途乘用车,远程V8E,https://www.miit-eidc.org.cn/art/2026/5/9/art_1691_12292.html,2026-05-09,eidc,confirmed,high,纯电动多用途乘用车,passenger_vehicle,suv_mpv,in_scope,52,一、汽车生产企业,0,1,1,0,1
406:JL7001,406:JL7001:confirmed,406,JL7001,吉利,浙江豪情汽车制造有限公司,纯电动轿车,星愿STAR、星愿,https://www.miit-eidc.org.cn/art/2026/5/9/art_1691_12292.html,2026-05-09,eidc,confirmed,high,纯电动轿车,passenger_vehicle,sedan,in_scope,52,一、汽车生产企业,0,1,1,0,1
406:JSL5045X,406:JSL5045X:confirmed,406,JSL5045X,骏隆,江苏长隆特种汽车有限公司,插电式增程混合动力旅居车,,https://www.miit-eidc.org.cn/art/2026/5/9/art_1691_12292.html,2026-05-09,eidc,confirmed,high,插电式增程混合动力旅居车,passenger_vehicle,suv_mpv,in_scope,(十)202,民用改装车生产企业,0,0,1,0,0
406:JX1036,406:JX1036:confirmed,406,JX1036,福特,江铃汽车股份有限公司,多用途货车 / 多用途货车底盘,,https://www.miit-eidc.org.cn/art/2026/5/9/art_1691_12292.html,2026-05-09,eidc,confirmed,high,多用途货车,passenger_vehicle,suv_mpv,in_scope,61,一、汽车生产企业,0,0,1,0,0
406:JX1037,406:JX1037:confirmed,406,JX1037,福特,江铃汽车股份有限公司,多用途货车 / 多用途货车底盘,,https://www.miit-eidc.org.cn/art/2026/5/9/art_1691_12292.html,2026-05-09,eidc,confirmed,high,多用途货车,passenger_vehicle,suv_mpv,in_scope,61,一、汽车生产企业,0,0,1,0,0
406:JYF5040X,406:JYF5040X:confirmed,406,JYF5040X,隆吉瑞,湖北吉野房车装备有限公司,旅居车,,https://www.miit-eidc.org.cn/art/2026/5/9/art_1691_12292.html,2026-05-09,eidc,confirmed,high,旅居车,passenger_vehicle,suv_mpv,in_scope,(十七)281,民用改装车生产企业,0,0,1,0,0
406:LMJ5065X,406:LMJ5065X:confirmed,406,LMJ5065X,美景如家,山东美景美家房车有限公司,插电式增程混合动力旅居车,,https://www.miit-eidc.org.cn/art/2026/5/9/art_1691_12292.html,2026-05-09,eidc,confirmed,high,插电式增程混合动力旅居车,passenger_vehicle,suv_mpv,in_scope,(十五)440,民用改装车生产企业,0,0,1,0,0
406:LUX5180X,406:LUX5180X:confirmed,406,LUX5180X,禹行,江西杭越房车有限公司,旅居车,,https://www.miit-eidc.org.cn/art/2026/5/9/art_1691_12292.html,2026-05-09,eidc,confirmed,high,旅居车,passenger_vehicle,suv_mpv,in_scope,(十四)47,民用改装车生产企业,0,0,1,0,0
406:LXA6512,406:LXA6512:confirmed,406,LXA6512,理想,北京理想汽车有限公司,插电式增程混合动力多用途乘用车,理想L8,https://www.miit-eidc.org.cn/art/2026/5/9/art_1691_12292.html,2026-05-09,eidc,confirmed,high,插电式增程混合动力多用途乘用车,passenger_vehicle,suv_mpv,in_scope,210,一、汽车生产企业,1,1,1,0,1
406:LZW6490,406:LZW6490:confirmed,406,LZW6490,五菱,上汽通用五菱汽车股份有限公司,纯电动多用途乘用车,星光730,https://www.miit-eidc.org.cn/art/2026/5/9/art_1691_12292.html,2026-05-09,eidc,confirmed,high,纯电动多用途乘用车,passenger_vehicle,suv_mpv,in_scope,92,一、汽车生产企业,0,1,1,0,1
406:MAX5120X,406:MAX5120X:confirmed,406,MAX5120X,星迹,昆山沃骏专用车辆有限公司,旅居车,,https://www.miit-eidc.org.cn/art/2026/5/9/art_1691_12292.html,2026-05-09,eidc,confirmed,high,旅居车,passenger_vehicle,suv_mpv,in_scope,(十)234,民用改装车生产企业,0,0,1,0,0
406:MR7001,406:MR7001:confirmed,406,MR7001,吉利,浙江吉利汽车有限公司,纯电动轿车,星愿UP、星愿,https://www.miit-eidc.org.cn/art/2026/5/9/art_1691_12292.html,2026-05-09,eidc,confirmed,high,纯电动轿车,passenger_vehicle,sedan,in_scope,52,一、汽车生产企业,0,1,1,0,1
406:MR7205,406:MR7205:confirmed,406,MR7205,吉利,浙江吉利汽车有限公司,轿车,,https://www.miit-eidc.org.cn/art/2026/5/9/art_1691_12292.html,2026-05-09,eidc,confirmed,high,轿车,passenger_vehicle,sedan,in_scope,52,一、汽车生产企业,0,0,1,0,0
406:NEQ6490,406:NEQ6490:confirmed,406,NEQ6490,爱咖,奇瑞新能源汽车股份有限公司,插电式增程混合动力多用途乘用车,V27,https://www.miit-eidc.org.cn/art/2026/5/9/art_1691_12292.html,2026-05-09,eidc,confirmed,high,插电式增程混合动力多用途乘用车,passenger_vehicle,suv_mpv,in_scope,174,一、汽车生产企业,1,1,1,0,1
406:NEQ6510,406:NEQ6510:confirmed,406,NEQ6510,爱咖,奇瑞新能源汽车股份有限公司,插电式增程混合动力多用途乘用车,V27,https://www.miit-eidc.org.cn/art/2026/5/9/art_1691_12292.html,2026-05-09,eidc,confirmed,high,插电式增程混合动力多用途乘用车,passenger_vehicle,suv_mpv,in_scope,174,一、汽车生产企业,1,0,1,0,1
406:NHQ6470,406:NHQ6470:confirmed,406,NHQ6470,小鹏,肇庆小鹏新能源投资有限公司,纯电动多用途乘用车,小鹏L03,https://www.miit-eidc.org.cn/art/2026/5/9/art_1691_12292.html,2026-05-09,eidc,confirmed,high,纯电动多用途乘用车,passenger_vehicle,suv_mpv,in_scope,140,一、汽车生产企业,0,1,1,0,1
406:NJ6500,406:NJ6500:confirmed,406,NJ6500,依维柯,南京汽车集团有限公司,纯电动多用途乘用车,聚星,https://www.miit-eidc.org.cn/art/2026/5/9/art_1691_12292.html,2026-05-09,eidc,confirmed,high,纯电动多用途乘用车,passenger_vehicle,suv_mpv,in_scope,44,一、汽车生产企业,0,1,1,0,1
406:QCJ2030,406:QCJ2030:confirmed,406,QCJ2030,方程豹,比亚迪汽车工业有限公司,插电式混合动力越野乘用车,方程豹豹5,https://www.miit-eidc.org.cn/art/2026/5/9/art_1691_12292.html,2026-05-09,eidc,confirmed,high,插电式混合动力越野乘用车,passenger_vehicle,suv_mpv,in_scope,79,一、汽车生产企业,1,1,1,0,1
406:QCJ7000,406:QCJ7000:confirmed,406,QCJ7000,腾势,比亚迪汽车工业有限公司,纯电动轿车,腾势Z9,https://www.miit-eidc.org.cn/art/2026/5/9/art_1691_12292.html,2026-05-09,eidc,confirmed,high,纯电动轿车,passenger_vehicle,sedan,in_scope,79,一、汽车生产企业,0,1,1,0,1
406:QCJ7002,406:QCJ7002:confirmed,406,QCJ7002,领汇,比亚迪汽车工业有限公司,纯电动轿车,领汇e3,https://www.miit-eidc.org.cn/art/2026/5/9/art_1691_12292.html,2026-05-09,eidc,confirmed,high,纯电动轿车,passenger_vehicle,sedan,in_scope,79,一、汽车生产企业,0,1,1,0,1
406:QXC5044X,406:QXC5044X:confirmed,406,QXC5044X,齐星,湖北省齐星汽车车身股份有限公司,插电式混合动力旅居车,,https://www.miit-eidc.org.cn/art/2026/5/9/art_1691_12292.html,2026-05-09,eidc,confirmed,high,插电式混合动力旅居车,passenger_vehicle,suv_mpv,in_scope,(十七)70,民用改装车生产企业,0,0,1,0,0
406:QYZ5030X,406:QYZ5030X:confirmed,406,QYZ5030X,重特,重庆凯瑞特种车有限公司,旅居车,,https://www.miit-eidc.org.cn/art/2026/5/9/art_1691_12292.html,2026-05-09,eidc,confirmed,high,旅居车,passenger_vehicle,suv_mpv,in_scope,(二十一)10,民用改装车生产企业,0,0,1,0,0
406:SC5033X,406:SC5033X:confirmed,406,SC5033X,长安,重庆长安专用汽车有限公司,插电式增程混合动力旅居车,,https://www.miit-eidc.org.cn/art/2026/5/9/art_1691_12292.html,2026-05-09,eidc,confirmed,high,插电式增程混合动力旅居车,passenger_vehicle,suv_mpv,in_scope,(二十一)45,民用改装车生产企业,0,1,1,0,1
406:SC6470,406:SC6470:confirmed,406,SC6470,长安,重庆长安汽车股份有限公司,多用途乘用车 / 插电式混合动力多用途乘用车,UNI-Z,https://www.miit-eidc.org.cn/art/2026/5/9/art_1691_12292.html,2026-05-09,eidc,confirmed,high,多用途乘用车,passenger_vehicle,suv_mpv,in_scope,96,一、汽车生产企业,1,0,1,0,1
406:SC6480,406:SC6480:confirmed,406,SC6480,长安,重庆长安汽车股份有限公司,插电式增程混合动力多用途乘用车 / 纯电动多用途乘用车,Q06R,https://www.miit-eidc.org.cn/art/2026/5/9/art_1691_12292.html,2026-05-09,eidc,confirmed,high,插电式增程混合动力多用途乘用车,passenger_vehicle,suv_mpv,in_scope,96,一、汽车生产企业,1,1,1,0,1
406:SFK5040X,406:SFK5040X:confirmed,406,SFK5040X,富旗,荣成富琪科技有限公司,旅居车,,https://www.miit-eidc.org.cn/art/2026/5/9/art_1691_12292.html,2026-05-09,eidc,confirmed,high,旅居车,passenger_vehicle,suv_mpv,in_scope,(十五)565,民用改装车生产企业,0,0,1,0,0
406:SJW5260X,406:SJW5260X:confirmed,406,SJW5260X,巨威,山东巨威汽车制造有限公司,旅居车,,https://www.miit-eidc.org.cn/art/2026/5/9/art_1691_12292.html,2026-05-09,eidc,confirmed,high,旅居车,passenger_vehicle,suv_mpv,in_scope,(十五)210,民用改装车生产企业,0,0,1,0,0
406:SQR6440,406:SQR6440:confirmed,406,SQR6440,奇瑞,奇瑞汽车股份有限公司,多用途乘用车,,https://www.miit-eidc.org.cn/art/2026/5/9/art_1691_12292.html,2026-05-09,eidc,confirmed,high,多用途乘用车,passenger_vehicle,suv_mpv,in_scope,119,一、汽车生产企业,0,0,1,0,0
406:SQR6470,406:SQR6470:confirmed,406,SQR6470,捷途,奇瑞汽车股份有限公司,插电式混合动力多用途乘用车,山海T1,https://www.miit-eidc.org.cn/art/2026/5/9/art_1691_12292.html,2026-05-09,eidc,confirmed,high,插电式混合动力多用途乘用车,passenger_vehicle,suv_mpv,in_scope,119,一、汽车生产企业,1,0,1,0,1
406:SQR7150,406:SQR7150:confirmed,406,SQR7150,奇瑞,奇瑞汽车股份有限公司,插电式增程混合动力轿车,风云A9,https://www.miit-eidc.org.cn/art/2026/5/9/art_1691_12292.html,2026-05-09,eidc,confirmed,high,插电式增程混合动力轿车,passenger_vehicle,sedan,in_scope,119,一、汽车生产企业,1,1,1,0,1
406:WGG5032X,406:WGG5032X:confirmed,406,WGG5032X,武工,武汉斯贝卡专用汽车有限公司,旅居车,,https://www.miit-eidc.org.cn/art/2026/5/9/art_1691_12292.html,2026-05-09,eidc,confirmed,high,旅居车,passenger_vehicle,suv_mpv,in_scope,(十七)54,民用改装车生产企业,0,0,1,0,0
406:WHJ6520,406:WHJ6520:confirmed,406,WHJ6520,凯翼,宜宾凯翼汽车有限公司,纯电动多用途乘用车,江豚E7,https://www.miit-eidc.org.cn/art/2026/5/9/art_1691_12292.html,2026-05-09,eidc,confirmed,high,纯电动多用途乘用车,passenger_vehicle,suv_mpv,in_scope,137,一、汽车生产企业,0,1,1,0,1
406:WHJ7000,406:WHJ7000:confirmed,406,WHJ7000,凯翼,宜宾凯翼汽车有限公司,纯电动轿车,拾月max,https://www.miit-eidc.org.cn/art/2026/5/9/art_1691_12292.html,2026-05-09,eidc,confirmed,high,纯电动轿车,passenger_vehicle,sedan,in_scope,137,一、汽车生产企业,0,1,1,0,1
406:WLP5030X,406:WLP5030X:confirmed,406,WLP5030X,沃勒创精,沃勒（天津）汽车制造有限公司,插电式混合动力旅居车,,https://www.miit-eidc.org.cn/art/2026/5/9/art_1691_12292.html,2026-05-09,eidc,confirmed,high,插电式混合动力旅居车,passenger_vehicle,suv_mpv,in_scope,(二)41,民用改装车生产企业,1,0,1,0,1
406:WLP5031X,406:WLP5031X:confirmed,406,WLP5031X,沃勒创精,沃勒（天津）汽车制造有限公司,旅居车,,https://www.miit-eidc.org.cn/art/2026/5/9/art_1691_12292.html,2026-05-09,eidc,confirmed,high,旅居车,passenger_vehicle,suv_mpv,in_scope,(二)41,民用改装车生产企业,0,0,1,0,0
406:WLP5040X,406:WLP5040X:confirmed,406,WLP5040X,沃勒创精,沃勒（天津）汽车制造有限公司,旅居车,,https://www.miit-eidc.org.cn/art/2026/5/9/art_1691_12292.html,2026-05-09,eidc,confirmed,high,旅居车,passenger_vehicle,suv_mpv,in_scope,(二)41,民用改装车生产企业,0,0,1,0,0
406:WLQ5040X,406:WLQ5040X:confirmed,406,WLQ5040X,和菱,青岛五菱专用汽车有限公司,插电式增程混合动力旅居车,,https://www.miit-eidc.org.cn/art/2026/5/9/art_1691_12292.html,2026-05-09,eidc,confirmed,high,插电式增程混合动力旅居车,passenger_vehicle,suv_mpv,in_scope,(十五)128,民用改装车生产企业,0,1,1,0,1
406:WSJ5030X,406:WSJ5030X:confirmed,406,WSJ5030X,威士捷,山东威士捷房车制造有限公司,旅居车,,https://www.miit-eidc.org.cn/art/2026/5/9/art_1691_12292.html,2026-05-09,eidc,confirmed,high,旅居车,passenger_vehicle,suv_mpv,in_scope,(十五)526,民用改装车生产企业,0,1,1,0,1
406:WSJ5031X,406:WSJ5031X:confirmed,406,WSJ5031X,威士捷,山东威士捷房车制造有限公司,纯电动旅居车,,https://www.miit-eidc.org.cn/art/2026/5/9/art_1691_12292.html,2026-05-09,eidc,confirmed,high,纯电动旅居车,passenger_vehicle,suv_mpv,in_scope,(十五)526,民用改装车生产企业,0,0,1,0,0
406:WSJ5040X,406:WSJ5040X:confirmed,406,WSJ5040X,威士捷,山东威士捷房车制造有限公司,插电式增程混合动力旅居车,,https://www.miit-eidc.org.cn/art/2026/5/9/art_1691_12292.html,2026-05-09,eidc,confirmed,high,插电式增程混合动力旅居车,passenger_vehicle,suv_mpv,in_scope,(十五)526,民用改装车生产企业,0,0,1,0,0
406:WWW5030X,406:WWW5030X:confirmed,406,WWW5030X,亿多星,中工车辆湖北省有限公司,纯电动旅居车,,https://www.miit-eidc.org.cn/art/2026/5/9/art_1691_12292.html,2026-05-09,eidc,confirmed,high,纯电动旅居车,passenger_vehicle,suv_mpv,in_scope,(十七)209,民用改装车生产企业,0,0,1,0,0
406:WXY5037X,406:WXY5037X:confirmed,406,WXY5037X,星羽兴旺,山东星羽房车制造有限公司,旅居车,,https://www.miit-eidc.org.cn/art/2026/5/9/art_1691_12292.html,2026-05-09,eidc,confirmed,high,旅居车,passenger_vehicle,suv_mpv,in_scope,(十五)529,民用改装车生产企业,0,0,1,0,0
406:XMA6500,406:XMA6500:confirmed,406,XMA6500,小米,小米汽车科技有限公司,纯电动多用途乘用车,小米YU7,https://www.miit-eidc.org.cn/art/2026/5/9/art_1691_12292.html,2026-05-09,eidc,confirmed,high,纯电动多用途乘用车,passenger_vehicle,suv_mpv,in_scope,217,一、汽车生产企业,0,1,1,0,1
406:YQZ6452,406:YQZ6452:confirmed,406,YQZ6452,起亚,江苏悦达起亚汽车有限公司,多用途乘用车,,https://www.miit-eidc.org.cn/art/2026/5/9/art_1691_12292.html,2026-05-09,eidc,confirmed,high,多用途乘用车,passenger_vehicle,suv_mpv,in_scope,47,一、汽车生产企业,0,0,1,0,0
406:YZ6510,406:YZ6510:confirmed,406,YZ6510,渝州,重汽(重庆)轻型汽车有限公司,纯电动多用途乘用车,,https://www.miit-eidc.org.cn/art/2026/5/9/art_1691_12292.html,2026-05-09,eidc,confirmed,high,纯电动多用途乘用车,passenger_vehicle,suv_mpv,in_scope,102,一、汽车生产企业,0,0,1,0,0
406:YZZ5060X,406:YZZ5060X:confirmed,406,YZZ5060X,专致,湖北一专汽车股份有限公司,旅居车,,https://www.miit-eidc.org.cn/art/2026/5/9/art_1691_12292.html,2026-05-09,eidc,confirmed,high,旅居车,passenger_vehicle,suv_mpv,in_scope,(十七)118,民用改装车生产企业,0,0,1,0,0
406:ZB1038,406:ZB1038:confirmed,406,ZB1038,雷达,山东唐骏欧铃汽车制造有限公司,纯电动多用途货车,,https://www.miit-eidc.org.cn/art/2026/5/9/art_1691_12292.html,2026-05-09,eidc,confirmed,high,纯电动多用途货车,passenger_vehicle,suv_mpv,in_scope,68,一、汽车生产企业,1,0,1,0,1
406:ZDD5046X,406:ZDD5046X:confirmed,406,ZDD5046X,隆翠,浙江戴德隆翠汽车有限公司,旅居车,,https://www.miit-eidc.org.cn/art/2026/5/9/art_1691_12292.html,2026-05-09,eidc,confirmed,high,旅居车,passenger_vehicle,suv_mpv,in_scope,(十一)45,民用改装车生产企业,0,0,1,0,0
406:ZDD5080X,406:ZDD5080X:confirmed,406,ZDD5080X,隆翠,浙江戴德隆翠汽车有限公司,旅居车,,https://www.miit-eidc.org.cn/art/2026/5/9/art_1691_12292.html,2026-05-09,eidc,confirmed,high,旅居车,passenger_vehicle,suv_mpv,in_scope,(十一)45,民用改装车生产企业,0,0,1,0,0
406:ZHZ5142X,406:ZHZ5142X:confirmed,406,ZHZ5142X,中海州,济南海州专用车有限公司,旅居车,,https://www.miit-eidc.org.cn/art/2026/5/9/art_1691_12292.html,2026-05-09,eidc,confirmed,high,旅居车,passenger_vehicle,suv_mpv,in_scope,(十五)470,民用改装车生产企业,0,0,1,0,0
406:ZN1030,406:ZN1030:confirmed,406,ZN1030,东风,郑州日产汽车有限公司,插电式混合动力多用途货车,,https://www.miit-eidc.org.cn/art/2026/5/9/art_1691_12292.html,2026-05-09,eidc,confirmed,high,插电式混合动力多用途货车,passenger_vehicle,suv_mpv,in_scope,72,一、汽车生产企业,0,1,1,0,1
407:ADC5080X,407:ADC5080X:confirmed,407,ADC5080X,行e居,安徽大昌改装汽车制造有限责任公司,旅居车,,https://www.miit-eidc.org.cn/art/2026/6/12/art_1691_12457.html,2026-06-12,eidc,confirmed,high,旅居车,passenger_vehicle,suv_mpv,in_scope,(十二)128,民用改装车生产企业,0,0,1,0,0
407:AHC6470,407:AHC6470:confirmed,407,AHC6470,埃安(AION),广汽埃安新能源汽车股份有限公司,插电式增程混合动力多用途乘用车,埃安i60,https://www.miit-eidc.org.cn/art/2026/6/12/art_1691_12457.html,2026-06-12,eidc,confirmed,high,插电式增程混合动力多用途乘用车,passenger_vehicle,suv_mpv,in_scope,216,一、汽车生产企业,1,1,1,0,1
407:AKP5120X,407:AKP5120X:confirmed,407,AKP5120X,科摩多龙,四川艾可沛专用汽车有限公司,旅居车,,https://www.miit-eidc.org.cn/art/2026/6/12/art_1691_12457.html,2026-06-12,eidc,confirmed,high,旅居车,passenger_vehicle,suv_mpv,in_scope,(二十二)65,民用改装车生产企业,0,0,1,0,0
407:BAW6530,407:BAW6530:confirmed,407,BAW6530,锐胜,北京汽车制造厂有限公司,纯电动多用途乘用车,,https://www.miit-eidc.org.cn/art/2026/6/12/art_1691_12457.html,2026-06-12,eidc,confirmed,high,纯电动多用途乘用车,passenger_vehicle,suv_mpv,in_scope,9,一、汽车生产企业,0,0,1,0,0
407:BH7000,407:BH7000:confirmed,407,BH7000,北京现代,北京现代汽车有限公司,纯电动轿车,,https://www.miit-eidc.org.cn/art/2026/6/12/art_1691_12457.html,2026-06-12,eidc,confirmed,high,纯电动轿车,passenger_vehicle,sedan,in_scope,11,一、汽车生产企业,0,0,1,0,0
407:BH7001,407:BH7001:confirmed,407,BH7001,北京现代,北京现代汽车有限公司,纯电动轿车,IONIQ,https://www.miit-eidc.org.cn/art/2026/6/12/art_1691_12457.html,2026-06-12,eidc,confirmed,high,纯电动轿车,passenger_vehicle,sedan,in_scope,11,一、汽车生产企业,0,1,1,0,1
407:BH7002,407:BH7002:confirmed,407,BH7002,北京现代,北京现代汽车有限公司,纯电动轿车,,https://www.miit-eidc.org.cn/art/2026/6/12/art_1691_12457.html,2026-06-12,eidc,confirmed,high,纯电动轿车,passenger_vehicle,sedan,in_scope,11,一、汽车生产企业,0,0,1,0,0
407:BH7003,407:BH7003:confirmed,407,BH7003,北京现代,北京现代汽车有限公司,纯电动轿车,,https://www.miit-eidc.org.cn/art/2026/6/12/art_1691_12457.html,2026-06-12,eidc,confirmed,high,纯电动轿车,passenger_vehicle,sedan,in_scope,11,一、汽车生产企业,0,0,1,0,0
407:BJ1037,407:BJ1037:confirmed,407,BJ1037,福田,北汽福田汽车股份有限公司,多用途货车 / 多用途货车底盘,,https://www.miit-eidc.org.cn/art/2026/6/12/art_1691_12457.html,2026-06-12,eidc,confirmed,high,多用途货车,passenger_vehicle,suv_mpv,in_scope,9,一、汽车生产企业,1,0,1,0,1
407:BJ1038,407:BJ1038:confirmed,407,BJ1038,福田,北汽福田汽车股份有限公司,多用途货车 / 多用途货车底盘,,https://www.miit-eidc.org.cn/art/2026/6/12/art_1691_12457.html,2026-06-12,eidc,confirmed,high,多用途货车,passenger_vehicle,suv_mpv,in_scope,9,一、汽车生产企业,0,0,1,0,0
407:BJ2030,407:BJ2030:confirmed,407,BJ2030,梅赛德斯-奔驰(Mercedes-Benz),北京奔驰汽车有限公司,越野乘用车,,https://www.miit-eidc.org.cn/art/2026/6/12/art_1691_12457.html,2026-06-12,eidc,confirmed,high,越野乘用车,passenger_vehicle,suv_mpv,in_scope,10,一、汽车生产企业,0,0,1,0,0
407:BJ6510,407:BJ6510:confirmed,407,BJ6510,梅赛德斯-奔驰(Mercedes-Benz),北京奔驰汽车有限公司,运动型乘用车,,https://www.miit-eidc.org.cn/art/2026/6/12/art_1691_12457.html,2026-06-12,eidc,confirmed,high,运动型乘用车,passenger_vehicle,suv_mpv,in_scope,10,一、汽车生产企业,0,0,1,0,0
407:BYD6510,407:BYD6510:confirmed,407,BYD6510,比亚迪,比亚迪汽车工业有限公司,插电式混合动力多用途乘用车 / 纯电动多用途乘用车,比亚迪海狮08,https://www.miit-eidc.org.cn/art/2026/6/12/art_1691_12457.html,2026-06-12,eidc,confirmed,high,插电式混合动力多用途乘用车,passenger_vehicle,suv_mpv,in_scope,79,一、汽车生产企业,1,1,1,0,1
407:BYD6520,407:BYD6520:confirmed,407,BYD6520,比亚迪,比亚迪汽车工业有限公司,插电式混合动力多用途乘用车,比亚迪M9,https://www.miit-eidc.org.cn/art/2026/6/12/art_1691_12457.html,2026-06-12,eidc,confirmed,high,插电式混合动力多用途乘用车,passenger_vehicle,suv_mpv,in_scope,79,一、汽车生产企业,1,1,1,0,1
407:BYD7001,407:BYD7001:confirmed,407,BYD7001,比亚迪,比亚迪汽车工业有限公司,纯电动轿车,比亚迪海鸥,https://www.miit-eidc.org.cn/art/2026/6/12/art_1691_12457.html,2026-06-12,eidc,confirmed,high,纯电动轿车,passenger_vehicle,sedan,in_scope,79,一、汽车生产企业,0,1,1,0,1
407:CA6490,407:CA6490:confirmed,407,CA6490,红旗,中国第一汽车集团有限公司,纯电动多用途乘用车,,https://www.miit-eidc.org.cn/art/2026/6/12/art_1691_12457.html,2026-06-12,eidc,confirmed,high,纯电动多用途乘用车,passenger_vehicle,suv_mpv,in_scope,1,一、汽车生产企业,0,0,1,0,0
407:CA7000,407:CA7000:confirmed,407,CA7000,一汽,中国第一汽车集团有限公司,纯电动轿车,奔腾小马,https://www.miit-eidc.org.cn/art/2026/6/12/art_1691_12457.html,2026-06-12,eidc,confirmed,high,纯电动轿车,passenger_vehicle,sedan,in_scope,1,一、汽车生产企业,0,1,1,0,1
407:CAF6500,407:CAF6500:confirmed,407,CAF6500,福特,长安福特汽车有限公司,多用途乘用车 / 混合动力多用途乘用车,,https://www.miit-eidc.org.cn/art/2026/6/12/art_1691_12457.html,2026-06-12,eidc,confirmed,high,多用途乘用车,passenger_vehicle,suv_mpv,in_scope,96,一、汽车生产企业,0,0,1,0,0
407:CC2030,407:CC2030:confirmed,407,CC2030,长城,长城汽车股份有限公司,越野乘用车,,https://www.miit-eidc.org.cn/art/2026/6/12/art_1691_12457.html,2026-06-12,eidc,confirmed,high,越野乘用车,passenger_vehicle,suv_mpv,in_scope,15,一、汽车生产企业,0,0,1,0,0
407:CC6430,407:CC6430:confirmed,407,CC6430,欧拉,长城汽车股份有限公司,纯电动多用途乘用车,,https://www.miit-eidc.org.cn/art/2026/6/12/art_1691_12457.html,2026-06-12,eidc,confirmed,high,纯电动多用途乘用车,passenger_vehicle,suv_mpv,in_scope,15,一、汽车生产企业,0,0,1,0,0
407:CC6500,407:CC6500:confirmed,407,CC6500,魏,长城汽车股份有限公司,插电式混合动力多用途乘用车,V8X;V8X蓝山,https://www.miit-eidc.org.cn/art/2026/6/12/art_1691_12457.html,2026-06-12,eidc,confirmed,high,插电式混合动力多用途乘用车,passenger_vehicle,suv_mpv,in_scope,15,一、汽车生产企业,1,1,1,0,1
407:CC6510,407:CC6510:confirmed,407,CC6510,魏,长城汽车股份有限公司,插电式混合动力多用途乘用车,V8X;V8X蓝山,https://www.miit-eidc.org.cn/art/2026/6/12/art_1691_12457.html,2026-06-12,eidc,confirmed,high,插电式混合动力多用途乘用车,passenger_vehicle,suv_mpv,in_scope,15,一、汽车生产企业,1,1,1,0,1
407:CFC5033X,407:CFC5033X:confirmed,407,CFC5033X,长沣,长沣（湖北）汽车有限公司,插电式混合动力旅居车,,https://www.miit-eidc.org.cn/art/2026/6/12/art_1691_12457.html,2026-06-12,eidc,confirmed,high,插电式混合动力旅居车,passenger_vehicle,suv_mpv,in_scope,(十七)256,民用改装车生产企业,0,1,1,0,1
407:CJL6510,407:CJL6510:confirmed,407,CJL6510,神行者(FREELANDER),奇瑞捷豹路虎汽车有限公司,插电式增程混合动力多用途乘用车,FREELANDER 神行者8,https://www.miit-eidc.org.cn/art/2026/6/12/art_1691_12457.html,2026-06-12,eidc,confirmed,high,插电式增程混合动力多用途乘用车,passenger_vehicle,suv_mpv,in_scope,119,一、汽车生产企业,1,1,1,0,1
407:CSA6492,407:CSA6492:confirmed,407,CSA6492,智己,上海汽车集团股份有限公司,插电式增程混合动力运动型乘用车 / 纯电动运动型乘用车,LS6,https://www.miit-eidc.org.cn/art/2026/6/12/art_1691_12457.html,2026-06-12,eidc,confirmed,high,插电式增程混合动力运动型乘用车,passenger_vehicle,suv_mpv,in_scope,122,一、汽车生产企业,1,1,1,0,1
407:CSA7005,407:CSA7005:confirmed,407,CSA7005,名爵,上海汽车集团股份有限公司,纯电动轿车,,https://www.miit-eidc.org.cn/art/2026/6/12/art_1691_12457.html,2026-06-12,eidc,confirmed,high,纯电动轿车,passenger_vehicle,sedan,in_scope,122,一、汽车生产企业,0,0,1,0,0
407:CSA7155,407:CSA7155:confirmed,407,CSA7155,名爵,上海汽车集团股份有限公司,插电式混合动力轿车,MG 07,https://www.miit-eidc.org.cn/art/2026/6/12/art_1691_12457.html,2026-06-12,eidc,confirmed,high,插电式混合动力轿车,passenger_vehicle,sedan,in_scope,122,一、汽车生产企业,1,1,1,0,1
407:DFM6500,407:DFM6500:confirmed,407,DFM6500,东风,东风汽车集团有限公司,插电式增程混合动力多用途乘用车 / 纯电动多用途乘用车,奕派M8,https://www.miit-eidc.org.cn/art/2026/6/12/art_1691_12457.html,2026-06-12,eidc,confirmed,high,插电式增程混合动力多用途乘用车,passenger_vehicle,suv_mpv,in_scope,3,一、汽车生产企业,1,1,1,0,1
407:DFM6531,407:DFM6531:confirmed,407,DFM6531,奕境,东风汽车集团有限公司,插电式增程混合动力多用途乘用车,奕境X9,https://www.miit-eidc.org.cn/art/2026/6/12/art_1691_12457.html,2026-06-12,eidc,confirmed,high,插电式增程混合动力多用途乘用车,passenger_vehicle,suv_mpv,in_scope,3,一、汽车生产企业,1,1,1,0,1
407:DJV5032X,407:DJV5032X:confirmed,407,DJV5032X,东嘉加乐,南充东嘉新能源汽车有限公司,插电式混合动力旅居车,,https://www.miit-eidc.org.cn/art/2026/6/12/art_1691_12457.html,2026-06-12,eidc,confirmed,high,插电式混合动力旅居车,passenger_vehicle,suv_mpv,in_scope,(二十二)68,民用改装车生产企业,0,0,1,0,0
407:DKF5033X,407:DKF5033X:confirmed,407,DKF5033X,科发房车,山东科发房车科技有限公司,旅居车,,https://www.miit-eidc.org.cn/art/2026/6/12/art_1691_12457.html,2026-06-12,eidc,confirmed,high,旅居车,passenger_vehicle,suv_mpv,in_scope,(十五)458,民用改装车生产企业,0,0,1,0,0
407:DXK6520,407:DXK6520:confirmed,407,DXK6520,瑞驰,赛力斯汽车（湖北）有限公司,纯电动多用途乘用车,,https://www.miit-eidc.org.cn/art/2026/6/12/art_1691_12457.html,2026-06-12,eidc,confirmed,high,纯电动多用途乘用车,passenger_vehicle,suv_mpv,in_scope,3,一、汽车生产企业,0,0,1,0,0
407:EQ2037,407:EQ2037:confirmed,407,EQ2037,猛士,东风汽车集团有限公司,插电式混合动力越野乘用车,,https://www.miit-eidc.org.cn/art/2026/6/12/art_1691_12457.html,2026-06-12,eidc,confirmed,high,插电式混合动力越野乘用车,passenger_vehicle,suv_mpv,in_scope,3,一、汽车生产企业,0,0,1,0,0
407:EQ2038,407:EQ2038:confirmed,407,EQ2038,猛士,东风汽车集团有限公司,插电式混合动力越野乘用车,M817,https://www.miit-eidc.org.cn/art/2026/6/12/art_1691_12457.html,2026-06-12,eidc,confirmed,high,插电式混合动力越野乘用车,passenger_vehicle,suv_mpv,in_scope,3,一、汽车生产企业,1,1,1,0,1
407:EQ6500,407:EQ6500:confirmed,407,EQ6500,岚图,东风汽车集团有限公司,纯电动多用途乘用车,,https://www.miit-eidc.org.cn/art/2026/6/12/art_1691_12457.html,2026-06-12,eidc,confirmed,high,纯电动多用途乘用车,passenger_vehicle,suv_mpv,in_scope,3,一、汽车生产企业,0,0,1,0,0
407:EQ6501,407:EQ6501:confirmed,407,EQ6501,岚图,东风汽车集团有限公司,纯电动多用途乘用车,,https://www.miit-eidc.org.cn/art/2026/6/12/art_1691_12457.html,2026-06-12,eidc,confirmed,high,纯电动多用途乘用车,passenger_vehicle,suv_mpv,in_scope,3,一、汽车生产企业,0,0,1,0,0
407:EQ6520,407:EQ6520:confirmed,407,EQ6520,岚图,东风汽车集团有限公司,纯电动多用途乘用车,,https://www.miit-eidc.org.cn/art/2026/6/12/art_1691_12457.html,2026-06-12,eidc,confirmed,high,纯电动多用途乘用车,passenger_vehicle,suv_mpv,in_scope,3,一、汽车生产企业,0,0,1,0,0
407:EQ6521,407:EQ6521:confirmed,407,EQ6521,岚图,东风汽车集团有限公司,纯电动多用途乘用车,岚图泰山X8,https://www.miit-eidc.org.cn/art/2026/6/12/art_1691_12457.html,2026-06-12,eidc,confirmed,high,纯电动多用途乘用车,passenger_vehicle,suv_mpv,in_scope,3,一、汽车生产企业,0,1,1,0,1
407:EQ6522,407:EQ6522:confirmed,407,EQ6522,岚图,东风汽车集团有限公司,纯电动多用途乘用车,岚图泰山X8,https://www.miit-eidc.org.cn/art/2026/6/12/art_1691_12457.html,2026-06-12,eidc,confirmed,high,纯电动多用途乘用车,passenger_vehicle,suv_mpv,in_scope,3,一、汽车生产企业,0,1,1,0,1
407:EQ6523,407:EQ6523:confirmed,407,EQ6523,岚图,东风汽车集团有限公司,纯电动多用途乘用车,,https://www.miit-eidc.org.cn/art/2026/6/12/art_1691_12457.html,2026-06-12,eidc,confirmed,high,纯电动多用途乘用车,passenger_vehicle,suv_mpv,in_scope,3,一、汽车生产企业,0,0,1,0,0
407:FV7203,407:FV7203:confirmed,407,FV7203,奥迪(AUDI),一汽-大众汽车有限公司,轿车,,https://www.miit-eidc.org.cn/art/2026/6/12/art_1691_12457.html,2026-06-12,eidc,confirmed,high,轿车,passenger_vehicle,sedan,in_scope,2,一、汽车生产企业,0,0,1,0,0
407:FZ6430,407:FZ6430:confirmed,407,FZ6430,零跑,零跑汽车有限公司,纯电动多用途乘用车,A10,https://www.miit-eidc.org.cn/art/2026/6/12/art_1691_12457.html,2026-06-12,eidc,confirmed,high,纯电动多用途乘用车,passenger_vehicle,suv_mpv,in_scope,58,一、汽车生产企业,0,1,1,0,1
407:FZ6450,407:FZ6450:confirmed,407,FZ6450,零跑,零跑汽车有限公司,纯电动多用途乘用车,B10,https://www.miit-eidc.org.cn/art/2026/6/12/art_1691_12457.html,2026-06-12,eidc,confirmed,high,纯电动多用途乘用车,passenger_vehicle,suv_mpv,in_scope,58,一、汽车生产企业,0,1,1,0,1
407:FZ6490,407:FZ6490:confirmed,407,FZ6490,零跑,零跑汽车有限公司,纯电动多用途乘用车,,https://www.miit-eidc.org.cn/art/2026/6/12/art_1691_12457.html,2026-06-12,eidc,confirmed,high,纯电动多用途乘用车,passenger_vehicle,suv_mpv,in_scope,58,一、汽车生产企业,0,0,1,0,0
407:FZ6530,407:FZ6530:confirmed,407,FZ6530,零跑,零跑汽车有限公司,插电式增程混合动力多用途乘用车,D19,https://www.miit-eidc.org.cn/art/2026/6/12/art_1691_12457.html,2026-06-12,eidc,confirmed,high,插电式增程混合动力多用途乘用车,passenger_vehicle,suv_mpv,in_scope,58,一、汽车生产企业,1,1,1,0,1
407:FZ7000,407:FZ7000:confirmed,407,FZ7000,零跑,零跑汽车有限公司,纯电动轿车,,https://www.miit-eidc.org.cn/art/2026/6/12/art_1691_12457.html,2026-06-12,eidc,confirmed,high,纯电动轿车,passenger_vehicle,sedan,in_scope,58,一、汽车生产企业,0,0,1,0,0
407:GAC6470,407:GAC6470:confirmed,407,GAC6470,传祺(Trumpchi),广汽传祺汽车有限公司,多用途乘用车,,https://www.miit-eidc.org.cn/art/2026/6/12/art_1691_12457.html,2026-06-12,eidc,confirmed,high,多用途乘用车,passenger_vehicle,suv_mpv,in_scope,89,一、汽车生产企业,0,0,1,0,0
407:GAC6490,407:GAC6490:confirmed,407,GAC6490,传祺(Trumpchi),广汽传祺汽车有限公司,插电式混合动力多用途乘用车,传祺向往S7;传祺S7,https://www.miit-eidc.org.cn/art/2026/6/12/art_1691_12457.html,2026-06-12,eidc,confirmed,high,插电式混合动力多用途乘用车,passenger_vehicle,suv_mpv,in_scope,89,一、汽车生产企业,0,1,1,0,1
407:GAC6500,407:GAC6500:confirmed,407,GAC6500,传祺(Trumpchi),广汽传祺汽车有限公司,插电式混合动力运动型乘用车,传祺越7,https://www.miit-eidc.org.cn/art/2026/6/12/art_1691_12457.html,2026-06-12,eidc,confirmed,high,插电式混合动力运动型乘用车,passenger_vehicle,suv_mpv,in_scope,89,一、汽车生产企业,1,1,1,0,1
407:HFC6550,407:HFC6550:confirmed,407,HFC6550,江淮,安徽江淮汽车集团股份有限公司,插电式增程混合动力多用途乘用车,尊界V800,https://www.miit-eidc.org.cn/art/2026/6/12/art_1691_12457.html,2026-06-12,eidc,confirmed,high,插电式增程混合动力多用途乘用车,passenger_vehicle,suv_mpv,in_scope,56,一、汽车生产企业,1,1,1,0,1
407:HFC7000,407:HFC7000:confirmed,407,HFC7000,江淮,安徽江淮汽车集团股份有限公司,纯电动轿车,,https://www.miit-eidc.org.cn/art/2026/6/12/art_1691_12457.html,2026-06-12,eidc,confirmed,high,纯电动轿车,passenger_vehicle,sedan,in_scope,56,一、汽车生产企业,0,0,1,0,0
407:HFC7150,407:HFC7150:confirmed,407,HFC7150,江淮,安徽江淮汽车集团股份有限公司,插电式增程混合动力轿车,尊界S800,https://www.miit-eidc.org.cn/art/2026/6/12/art_1691_12457.html,2026-06-12,eidc,confirmed,high,插电式增程混合动力轿车,passenger_vehicle,sedan,in_scope,56,一、汽车生产企业,1,1,1,0,1
407:HQ6431,407:HQ6431:confirmed,407,HQ6431,精灵(smart),浙江豪情汽车制造有限公司,纯电动多用途乘用车,,https://www.miit-eidc.org.cn/art/2026/6/12/art_1691_12457.html,2026-06-12,eidc,confirmed,high,纯电动多用途乘用车,passenger_vehicle,suv_mpv,in_scope,52,一、汽车生产企业,0,0,1,0,0
407:HRD5040X,407:HRD5040X:confirmed,407,HRD5040X,恒诚睿德,湖北恒诚汽车科技有限公司,插电式增程混合动力旅居车,,https://www.miit-eidc.org.cn/art/2026/6/12/art_1691_12457.html,2026-06-12,eidc,confirmed,high,插电式增程混合动力旅居车,passenger_vehicle,suv_mpv,in_scope,(十七)258,民用改装车生产企业,0,1,1,0,1
407:HRD5070X,407:HRD5070X:confirmed,407,HRD5070X,恒诚睿德,湖北恒诚汽车科技有限公司,纯电动旅居车,,https://www.miit-eidc.org.cn/art/2026/6/12/art_1691_12457.html,2026-06-12,eidc,confirmed,high,纯电动旅居车,passenger_vehicle,suv_mpv,in_scope,(十七)258,民用改装车生产企业,0,1,1,0,1
407:JBG5071X,407:JBG5071X:confirmed,407,JBG5071X,新星房车,江苏新星际华汽车有限公司,旅居车,,https://www.miit-eidc.org.cn/art/2026/6/12/art_1691_12457.html,2026-06-12,eidc,confirmed,high,旅居车,passenger_vehicle,suv_mpv,in_scope,(十)146,民用改装车生产企业,0,0,1,0,0
407:JKF5030X,407:JKF5030X:confirmed,407,JKF5030X,钧天,江西钧天机械有限公司,插电式混合动力旅居车,,https://www.miit-eidc.org.cn/art/2026/6/12/art_1691_12457.html,2026-06-12,eidc,confirmed,high,插电式混合动力旅居车,passenger_vehicle,suv_mpv,in_scope,(十四)17,民用改装车生产企业,0,0,1,0,0
407:JL6481,407:JL6481:confirmed,407,JL6481,远程,浙江豪情汽车制造有限公司,纯电动多用途乘用车,,https://www.miit-eidc.org.cn/art/2026/6/12/art_1691_12457.html,2026-06-12,eidc,confirmed,high,纯电动多用途乘用车,passenger_vehicle,suv_mpv,in_scope,52,一、汽车生产企业,0,0,1,0,0
407:JYA5041X,407:JYA5041X:confirmed,407,JYA5041X,凯乐泰,浙江锦宇汽车制造有限公司,旅居车,,https://www.miit-eidc.org.cn/art/2026/6/12/art_1691_12457.html,2026-06-12,eidc,confirmed,high,旅居车,passenger_vehicle,suv_mpv,in_scope,(十一)62,民用改装车生产企业,0,0,1,0,0
407:KLF5040X,407:KLF5040X:confirmed,407,KLF5040X,凯力风,湖北凯力专用汽车有限公司,纯电动旅居车,,https://www.miit-eidc.org.cn/art/2026/6/12/art_1691_12457.html,2026-06-12,eidc,confirmed,high,纯电动旅居车,passenger_vehicle,suv_mpv,in_scope,(十七)180,民用改装车生产企业,1,1,1,0,1
407:LH5062X,407:LH5062X:confirmed,407,LH5062X,凌河,辽宁航天凌河汽车有限公司,旅居车,,https://www.miit-eidc.org.cn/art/2026/6/12/art_1691_12457.html,2026-06-12,eidc,confirmed,high,旅居车,passenger_vehicle,suv_mpv,in_scope,32,一、汽车生产企业,0,0,1,0,0
407:LXA6493,407:LXA6493:confirmed,407,LXA6493,理想,北京理想汽车有限公司,插电式增程混合动力多用途乘用车,理想L6,https://www.miit-eidc.org.cn/art/2026/6/12/art_1691_12457.html,2026-06-12,eidc,confirmed,high,插电式增程混合动力多用途乘用车,passenger_vehicle,suv_mpv,in_scope,210,一、汽车生产企业,1,1,1,0,1
407:LZ6480,407:LZ6480:confirmed,407,LZ6480,东风,东风柳州汽车有限公司,纯电动多用途乘用车,星海V6,https://www.miit-eidc.org.cn/art/2026/6/12/art_1691_12457.html,2026-06-12,eidc,confirmed,high,纯电动多用途乘用车,passenger_vehicle,suv_mpv,in_scope,91,一、汽车生产企业,0,1,1,0,1
407:LZW6482,407:LZW6482:confirmed,407,LZW6482,五菱,上汽通用五菱汽车股份有限公司,多用途乘用车,,https://www.miit-eidc.org.cn/art/2026/6/12/art_1691_12457.html,2026-06-12,eidc,confirmed,high,多用途乘用车,passenger_vehicle,suv_mpv,in_scope,92,一、汽车生产企业,0,0,1,0,0
407:LZW6510,407:LZW6510:confirmed,407,LZW6510,五菱,上汽通用五菱汽车股份有限公司,纯电动多用途乘用车,,https://www.miit-eidc.org.cn/art/2026/6/12/art_1691_12457.html,2026-06-12,eidc,confirmed,high,纯电动多用途乘用车,passenger_vehicle,suv_mpv,in_scope,92,一、汽车生产企业,0,0,1,0,0
407:LZW6550,407:LZW6550:confirmed,407,LZW6550,五菱,上汽通用五菱汽车股份有限公司,插电式增程混合动力多用途乘用车 / 纯电动多用途乘用车,五菱扬光Pro,https://www.miit-eidc.org.cn/art/2026/6/12/art_1691_12457.html,2026-06-12,eidc,confirmed,high,插电式增程混合动力多用途乘用车,passenger_vehicle,suv_mpv,in_scope,92,一、汽车生产企业,1,1,1,0,1
407:MR7001,407:MR7001:confirmed,407,MR7001,吉利,浙江吉利汽车有限公司,纯电动轿车,TT、TT7、银河TT、银河TT7、Viva7、Viva、Luna7、Luna,https://www.miit-eidc.org.cn/art/2026/6/12/art_1691_12457.html,2026-06-12,eidc,confirmed,high,纯电动轿车,passenger_vehicle,sedan,in_scope,52,一、汽车生产企业,0,1,1,1,1
407:MR7151,407:MR7151:confirmed,407,MR7151,吉利,浙江吉利汽车有限公司,插电式混合动力轿车 / 甲醇插电式混合动力轿车,银河星耀6EF,https://www.miit-eidc.org.cn/art/2026/6/12/art_1691_12457.html,2026-06-12,eidc,confirmed,high,插电式混合动力轿车,passenger_vehicle,sedan,in_scope,52,一、汽车生产企业,1,1,1,1,1
407:MYY5046X,407:MYY5046X:confirmed,407,MYY5046X,迷野,三创联盟(沧州临港)科技有限公司,插电式混合动力旅居车,,https://www.miit-eidc.org.cn/art/2026/6/12/art_1691_12457.html,2026-06-12,eidc,confirmed,high,插电式混合动力旅居车,passenger_vehicle,suv_mpv,in_scope,(三)119,民用改装车生产企业,0,0,1,0,0
407:NEQ7000,407:NEQ7000:confirmed,407,NEQ7000,奇瑞,奇瑞新能源汽车股份有限公司,纯电动轿车,QQ3,https://www.miit-eidc.org.cn/art/2026/6/12/art_1691_12457.html,2026-06-12,eidc,confirmed,high,纯电动轿车,passenger_vehicle,sedan,in_scope,174,一、汽车生产企业,0,1,1,0,1
407:NHQ6470,407:NHQ6470:confirmed,407,NHQ6470,小鹏,肇庆小鹏新能源投资有限公司,插电式增程混合动力多用途乘用车,小鹏L03,https://www.miit-eidc.org.cn/art/2026/6/12/art_1691_12457.html,2026-06-12,eidc,confirmed,high,插电式增程混合动力多用途乘用车,passenger_vehicle,suv_mpv,in_scope,140,一、汽车生产企业,1,1,1,0,1
407:NHQ6490,407:NHQ6490:confirmed,407,NHQ6490,小鹏,肇庆小鹏新能源投资有限公司,插电式增程混合动力多用途乘用车 / 纯电动多用途乘用车,小鹏L05,https://www.miit-eidc.org.cn/art/2026/6/12/art_1691_12457.html,2026-06-12,eidc,confirmed,high,插电式增程混合动力多用途乘用车,passenger_vehicle,suv_mpv,in_scope,140,一、汽车生产企业,1,1,1,0,1
407:NHQ6510,407:NHQ6510:confirmed,407,NHQ6510,小鹏,肇庆小鹏新能源投资有限公司,插电式增程混合动力多用途乘用车 / 纯电动多用途乘用车,小鹏G9L,https://www.miit-eidc.org.cn/art/2026/6/12/art_1691_12457.html,2026-06-12,eidc,confirmed,high,插电式增程混合动力多用途乘用车,passenger_vehicle,suv_mpv,in_scope,140,一、汽车生产企业,1,1,1,0,1
407:NJ5046X,407:NJ5046X:confirmed,407,NJ5046X,依维柯,南京汽车集团有限公司,旅居车,,https://www.miit-eidc.org.cn/art/2026/6/12/art_1691_12457.html,2026-06-12,eidc,confirmed,high,旅居车,passenger_vehicle,suv_mpv,in_scope,44,一、汽车生产企业,0,0,1,0,0
407:QCJ6500,407:QCJ6500:confirmed,407,QCJ6500,方程豹,比亚迪汽车工业有限公司,插电式混合动力多用途乘用车,,https://www.miit-eidc.org.cn/art/2026/6/12/art_1691_12457.html,2026-06-12,eidc,confirmed,high,插电式混合动力多用途乘用车,passenger_vehicle,suv_mpv,in_scope,79,一、汽车生产企业,0,0,1,0,0
407:QCJ6520,407:QCJ6520:confirmed,407,QCJ6520,腾势,比亚迪汽车工业有限公司,插电式混合动力多用途乘用车,腾势D9,https://www.miit-eidc.org.cn/art/2026/6/12/art_1691_12457.html,2026-06-12,eidc,confirmed,high,插电式混合动力多用途乘用车,passenger_vehicle,suv_mpv,in_scope,79,一、汽车生产企业,1,1,1,0,1
407:SC6490,407:SC6490:confirmed,407,SC6490,阿维塔（AVATR）,重庆长安汽车股份有限公司,插电式增程混合动力多用途乘用车 / 纯电动多用途乘用车,07L,https://www.miit-eidc.org.cn/art/2026/6/12/art_1691_12457.html,2026-06-12,eidc,confirmed,high,插电式增程混合动力多用途乘用车,passenger_vehicle,suv_mpv,in_scope,96,一、汽车生产企业,1,1,1,0,1
407:SC6510,407:SC6510:confirmed,407,SC6510,长安,重庆长安汽车股份有限公司,插电式增程混合动力运动型乘用车,G318,https://www.miit-eidc.org.cn/art/2026/6/12/art_1691_12457.html,2026-06-12,eidc,confirmed,high,插电式增程混合动力运动型乘用车,passenger_vehicle,suv_mpv,in_scope,96,一、汽车生产企业,1,1,1,0,1
407:SC6519,407:SC6519:confirmed,407,SC6519,长安,重庆长安汽车股份有限公司,纯电动多用途乘用车,,https://www.miit-eidc.org.cn/art/2026/6/12/art_1691_12457.html,2026-06-12,eidc,confirmed,high,纯电动多用途乘用车,passenger_vehicle,suv_mpv,in_scope,96,一、汽车生产企业,0,0,1,0,0
407:SC6520,407:SC6520:confirmed,407,SC6520,长安,重庆长安汽车股份有限公司,插电式增程混合动力多用途乘用车,S09,https://www.miit-eidc.org.cn/art/2026/6/12/art_1691_12457.html,2026-06-12,eidc,confirmed,high,插电式增程混合动力多用途乘用车,passenger_vehicle,suv_mpv,in_scope,96,一、汽车生产企业,1,1,1,0,1
407:SCT6514,407:SCT6514:confirmed,407,SCT6514,丰田(TOYOTA),一汽丰田汽车（成都）有限公司,混合动力多用途乘用车,,https://www.miit-eidc.org.cn/art/2026/6/12/art_1691_12457.html,2026-06-12,eidc,confirmed,high,混合动力多用途乘用车,passenger_vehicle,suv_mpv,in_scope,100,一、汽车生产企业,0,0,1,0,0
407:SGM6490,407:SGM6490:confirmed,407,SGM6490,凯迪拉克(CADILLAC),上汽通用汽车有限公司,插电式混合动力运动型乘用车,XT5,https://www.miit-eidc.org.cn/art/2026/6/12/art_1691_12457.html,2026-06-12,eidc,confirmed,high,插电式混合动力运动型乘用车,passenger_vehicle,suv_mpv,in_scope,6,一、汽车生产企业,0,1,1,0,1
407:SGM7000,407:SGM7000:confirmed,407,SGM7000,别克(BUICK),上汽通用汽车有限公司,纯电动轿车,ELECTRA L7,https://www.miit-eidc.org.cn/art/2026/6/12/art_1691_12457.html,2026-06-12,eidc,confirmed,high,纯电动轿车,passenger_vehicle,sedan,in_scope,6,一、汽车生产企业,0,1,1,0,1
407:SKE6540,407:SKE6540:confirmed,407,SKE6540,问界,赛力斯汽车有限公司,插电式增程混合动力多用途乘用车,问界M9,https://www.miit-eidc.org.cn/art/2026/6/12/art_1691_12457.html,2026-06-12,eidc,confirmed,high,插电式增程混合动力多用途乘用车,passenger_vehicle,suv_mpv,in_scope,175,一、汽车生产企业,1,1,1,0,1
407:SLR5030X,407:SLR5030X:confirmed,407,SLR5030X,自在尚旅,江西尚旅专用车装备股份有限公司,旅居车,,https://www.miit-eidc.org.cn/art/2026/6/12/art_1691_12457.html,2026-06-12,eidc,confirmed,high,旅居车,passenger_vehicle,suv_mpv,in_scope,(十四)44,民用改装车生产企业,0,0,1,0,0
407:SQR1030,407:SQR1030:confirmed,407,SQR1030,纵横戟,奇瑞商用车(安徽)有限公司,插电式混合动力多用途货车,,https://www.miit-eidc.org.cn/art/2026/6/12/art_1691_12457.html,2026-06-12,eidc,confirmed,high,插电式混合动力多用途货车,passenger_vehicle,suv_mpv,in_scope,119,一、汽车生产企业,1,1,1,0,1
407:SQR6460,407:SQR6460:confirmed,407,SQR6460,奇瑞,奇瑞汽车股份有限公司,纯电动多用途乘用车,,https://www.miit-eidc.org.cn/art/2026/6/12/art_1691_12457.html,2026-06-12,eidc,confirmed,high,纯电动多用途乘用车,passenger_vehicle,suv_mpv,in_scope,119,一、汽车生产企业,0,0,1,0,0
407:SVW7153,407:SVW7153:confirmed,407,SVW7153,大众汽车(VOLKSWAGEN),上汽大众汽车有限公司,插电式混合动力轿车,ID.ERA 5S,https://www.miit-eidc.org.cn/art/2026/6/12/art_1691_12457.html,2026-06-12,eidc,confirmed,high,插电式混合动力轿车,passenger_vehicle,sedan,in_scope,5,一、汽车生产企业,1,1,1,0,1
407:WHJ7000,407:WHJ7000:confirmed,407,WHJ7000,凯翼,宜宾凯翼汽车有限公司,纯电动轿车,,https://www.miit-eidc.org.cn/art/2026/6/12/art_1691_12457.html,2026-06-12,eidc,confirmed,high,纯电动轿车,passenger_vehicle,sedan,in_scope,137,一、汽车生产企业,0,0,1,0,0
407:WLP5039X,407:WLP5039X:confirmed,407,WLP5039X,沃勒创精,沃勒（天津）汽车制造有限公司,旅居车,,https://www.miit-eidc.org.cn/art/2026/6/12/art_1691_12457.html,2026-06-12,eidc,confirmed,high,旅居车,passenger_vehicle,suv_mpv,in_scope,(二)41,民用改装车生产企业,0,0,1,0,0
407:WSJ5070X,407:WSJ5070X:confirmed,407,WSJ5070X,威士捷,山东威士捷房车制造有限公司,旅居车,,https://www.miit-eidc.org.cn/art/2026/6/12/art_1691_12457.html,2026-06-12,eidc,confirmed,high,旅居车,passenger_vehicle,suv_mpv,in_scope,(十五)526,民用改装车生产企业,0,0,1,0,0
407:ZB1032,407:ZB1032:confirmed,407,ZB1032,雷达,山东唐骏欧铃汽车制造有限公司,纯电动多用途货车,,https://www.miit-eidc.org.cn/art/2026/6/12/art_1691_12457.html,2026-06-12,eidc,confirmed,high,纯电动多用途货车,passenger_vehicle,suv_mpv,in_scope,68,一、汽车生产企业,0,1,1,0,1
407:ZHH5160X,407:ZHH5160X:confirmed,407,ZHH5160X,中恒旅,湖北中恒汽车装备有限公司,旅居车,,https://www.miit-eidc.org.cn/art/2026/6/12/art_1691_12457.html,2026-06-12,eidc,confirmed,high,旅居车,passenger_vehicle,suv_mpv,in_scope,(十七)207,民用改装车生产企业,0,0,1,0,0
407:ZHZ5070X,407:ZHZ5070X:confirmed,407,ZHZ5070X,中海州,济南海州专用车有限公司,旅居车,,https://www.miit-eidc.org.cn/art/2026/6/12/art_1691_12457.html,2026-06-12,eidc,confirmed,high,旅居车,passenger_vehicle,suv_mpv,in_scope,(十五)470,民用改装车生产企业,0,0,1,0,0
407:ZJL5044X,407:ZJL5044X:confirmed,407,ZJL5044X,飞球,镇江飞驰汽车集团有限责任公司,纯电动旅居车,,https://www.miit-eidc.org.cn/art/2026/6/12/art_1691_12457.html,2026-06-12,eidc,confirmed,high,纯电动旅居车,passenger_vehicle,suv_mpv,in_scope,(十)03,民用改装车生产企业,0,0,1,0,0
407:ZMS5040X,407:ZMS5040X:confirmed,407,ZMS5040X,沃尔兰迪,浙江淼盛汽车有限公司,旅居车,,https://www.miit-eidc.org.cn/art/2026/6/12/art_1691_12457.html,2026-06-12,eidc,confirmed,high,旅居车,passenger_vehicle,suv_mpv,in_scope,(十一)69,民用改装车生产企业,0,0,1,0,0
408:AHC6470,408:AHC6470:confirmed,408,AHC6470,埃安(AION),广汽埃安新能源汽车股份有限公司,纯电动多用途乘用车,埃安i60,https://www.miit-eidc.org.cn/art/2026/7/17/art_1691_12598.html,2026-07-17,eidc,confirmed,high,纯电动多用途乘用车,passenger_vehicle,suv_mpv,in_scope,216,一、汽车生产企业,0,1,1,0,1
408:AHC7000,408:AHC7000:confirmed,408,AHC7000,埃安(AION),广汽埃安新能源汽车股份有限公司,纯电动轿车,埃安RT,https://www.miit-eidc.org.cn/art/2026/7/17/art_1691_12598.html,2026-07-17,eidc,confirmed,high,纯电动轿车,passenger_vehicle,sedan,in_scope,216,一、汽车生产企业,0,1,1,0,1
408:AHC7001,408:AHC7001:confirmed,408,AHC7001,埃安(AION),广汽埃安新能源汽车股份有限公司,纯电动轿车,,https://www.miit-eidc.org.cn/art/2026/7/17/art_1691_12598.html,2026-07-17,eidc,confirmed,high,纯电动轿车,passenger_vehicle,sedan,in_scope,216,一、汽车生产企业,0,0,1,0,0
408:APW5042X,408:APW5042X:confirmed,408,APW5042X,奥拓福,奥拓福特种车辆制造有限公司,旅居车,,https://www.miit-eidc.org.cn/art/2026/7/17/art_1691_12598.html,2026-07-17,eidc,confirmed,high,旅居车,passenger_vehicle,suv_mpv,in_scope,(六)74,民用改装车生产企业,0,0,1,0,0
408:ARM5030X,408:ARM5030X:confirmed,408,ARM5030X,阿莫迪罗,浙江锐野专用车辆股份有限公司,旅居车,,https://www.miit-eidc.org.cn/art/2026/7/17/art_1691_12598.html,2026-07-17,eidc,confirmed,high,旅居车,passenger_vehicle,suv_mpv,in_scope,(十一)39,民用改装车生产企业,0,0,1,0,0
408:ATK5060X,408:ATK5060X:confirmed,408,ATK5060X,徽酷,安徽途酷专用车科技有限公司,插电式增程混合动力旅居车,,https://www.miit-eidc.org.cn/art/2026/7/17/art_1691_12598.html,2026-07-17,eidc,confirmed,high,插电式增程混合动力旅居车,passenger_vehicle,suv_mpv,in_scope,(十二)127,民用改装车生产企业,0,0,1,0,0
408:BAW2033,408:BAW2033:confirmed,408,BAW2033,二一二,北京汽车制造厂有限公司,越野乘用车,,https://www.miit-eidc.org.cn/art/2026/7/17/art_1691_12598.html,2026-07-17,eidc,confirmed,high,越野乘用车,passenger_vehicle,suv_mpv,in_scope,9,一、汽车生产企业,0,0,1,0,0
408:BJ1037,408:BJ1037:confirmed,408,BJ1037,福田,北汽福田汽车股份有限公司,多用途货车 / 多用途货车底盘,,https://www.miit-eidc.org.cn/art/2026/7/17/art_1691_12598.html,2026-07-17,eidc,confirmed,high,多用途货车,passenger_vehicle,suv_mpv,in_scope,9,一、汽车生产企业,1,0,1,0,1
408:BJ1038,408:BJ1038:confirmed,408,BJ1038,福田,北汽福田汽车股份有限公司,多用途货车 / 多用途货车底盘,,https://www.miit-eidc.org.cn/art/2026/7/17/art_1691_12598.html,2026-07-17,eidc,confirmed,high,多用途货车,passenger_vehicle,suv_mpv,in_scope,9,一、汽车生产企业,0,0,1,0,0
408:BJ2030,408:BJ2030:confirmed,408,BJ2030,北京,北京汽车集团越野车有限公司,插电式增程混合动力越野乘用车,泰钽700,https://www.miit-eidc.org.cn/art/2026/7/17/art_1691_12598.html,2026-07-17,eidc,confirmed,high,插电式增程混合动力越野乘用车,passenger_vehicle,suv_mpv,in_scope,11,一、汽车生产企业,1,1,1,0,1
408:BJ5030X,408:BJ5030X:confirmed,408,BJ5030X,福田,北汽福田汽车股份有限公司,插电式增程混合动力旅居车,,https://www.miit-eidc.org.cn/art/2026/7/17/art_1691_12598.html,2026-07-17,eidc,confirmed,high,插电式增程混合动力旅居车,passenger_vehicle,suv_mpv,in_scope,9,一、汽车生产企业,0,1,1,0,1
408:BJ6496,408:BJ6496:confirmed,408,BJ6496,梅赛德斯-奔驰(Mercedes-Benz),北京奔驰汽车有限公司,纯电动运动型乘用车,GLC 400 L 4MATIC,https://www.miit-eidc.org.cn/art/2026/7/17/art_1691_12598.html,2026-07-17,eidc,confirmed,high,纯电动运动型乘用车,passenger_vehicle,suv_mpv,in_scope,10,一、汽车生产企业,0,1,1,0,1
408:BJ6500,408:BJ6500:confirmed,408,BJ6500,极狐(ARCFOX),北汽蓝谷麦格纳汽车有限公司,插电式增程混合动力多用途乘用车 / 纯电动多用途乘用车,αT7,https://www.miit-eidc.org.cn/art/2026/7/17/art_1691_12598.html,2026-07-17,eidc,confirmed,high,插电式增程混合动力多用途乘用车,passenger_vehicle,suv_mpv,in_scope,45,一、汽车生产企业,1,1,1,0,1
408:BJ6530,408:BJ6530:confirmed,408,BJ6530,极狐,北京新能源汽车股份有限公司,插电式增程混合动力多用途乘用车 / 纯电动多用途乘用车,问道V9,https://www.miit-eidc.org.cn/art/2026/7/17/art_1691_12598.html,2026-07-17,eidc,confirmed,high,插电式增程混合动力多用途乘用车,passenger_vehicle,suv_mpv,in_scope,11,一、汽车生产企业,1,0,1,0,1
408:BJ6540,408:BJ6540:confirmed,408,BJ6540,享界,北京新能源汽车股份有限公司,插电式增程混合动力运动型乘用车 / 纯电动运动型乘用车,享界G9,https://www.miit-eidc.org.cn/art/2026/7/17/art_1691_12598.html,2026-07-17,eidc,confirmed,high,插电式增程混合动力运动型乘用车,passenger_vehicle,suv_mpv,in_scope,11,一、汽车生产企业,1,1,1,0,1
408:BJ7000,408:BJ7000:confirmed,408,BJ7000,享界,北京新能源汽车股份有限公司,纯电动轿车,享界S9,https://www.miit-eidc.org.cn/art/2026/7/17/art_1691_12598.html,2026-07-17,eidc,confirmed,high,纯电动轿车,passenger_vehicle,sedan,in_scope,11,一、汽车生产企业,0,1,1,0,1
408:BJ7004,408:BJ7004:confirmed,408,BJ7004,梅赛德斯-奔驰(Mercedes-Benz),北京奔驰汽车有限公司,纯电动轿车,,https://www.miit-eidc.org.cn/art/2026/7/17/art_1691_12598.html,2026-07-17,eidc,confirmed,high,纯电动轿车,passenger_vehicle,sedan,in_scope,10,一、汽车生产企业,0,0,1,0,0
408:BJ7150,408:BJ7150:confirmed,408,BJ7150,享界,北京新能源汽车股份有限公司,插电式增程混合动力轿车,享界S9T,https://www.miit-eidc.org.cn/art/2026/7/17/art_1691_12598.html,2026-07-17,eidc,confirmed,high,插电式增程混合动力轿车,passenger_vehicle,sedan,in_scope,11,一、汽车生产企业,1,0,1,0,1
408:BQ1030,408:BQ1030:confirmed,408,BQ1030,田野,河北中兴汽车制造有限公司,纯电动多用途货车,,https://www.miit-eidc.org.cn/art/2026/7/17/art_1691_12598.html,2026-07-17,eidc,confirmed,high,纯电动多用途货车,passenger_vehicle,suv_mpv,in_scope,19,一、汽车生产企业,0,0,1,0,0
408:BYD6476,408:BYD6476:confirmed,408,BYD6476,比亚迪,比亚迪汽车有限公司,插电式混合动力多用途乘用车,比亚迪宋Pro,https://www.miit-eidc.org.cn/art/2026/7/17/art_1691_12598.html,2026-07-17,eidc,confirmed,high,插电式混合动力多用途乘用车,passenger_vehicle,suv_mpv,in_scope,108,一、汽车生产企业,1,1,1,0,1
408:BYD7000,408:BYD7000:confirmed,408,BYD7000,比亚迪,比亚迪汽车工业有限公司,纯电动轿车,比亚迪大汉,https://www.miit-eidc.org.cn/art/2026/7/17/art_1691_12598.html,2026-07-17,eidc,confirmed,high,纯电动轿车,passenger_vehicle,sedan,in_scope,79,一、汽车生产企业,0,1,1,0,1
408:BYD7150,408:BYD7150:confirmed,408,BYD7150,比亚迪,比亚迪汽车工业有限公司,插电式混合动力轿车,比亚迪大汉,https://www.miit-eidc.org.cn/art/2026/7/17/art_1691_12598.html,2026-07-17,eidc,confirmed,high,插电式混合动力轿车,passenger_vehicle,sedan,in_scope,79,一、汽车生产企业,1,0,1,0,1
408:CA2040,408:CA2040:confirmed,408,CA2040,红旗,中国第一汽车集团有限公司,插电式增程混合动力越野乘用车,红旗G919,https://www.miit-eidc.org.cn/art/2026/7/17/art_1691_12598.html,2026-07-17,eidc,confirmed,high,插电式增程混合动力越野乘用车,passenger_vehicle,suv_mpv,in_scope,1,一、汽车生产企业,1,0,1,0,1
408:CA6471,408:CA6471:confirmed,408,CA6471,一汽,中国第一汽车集团有限公司,插电式混合动力多用途乘用车,悦意07,https://www.miit-eidc.org.cn/art/2026/7/17/art_1691_12598.html,2026-07-17,eidc,confirmed,high,插电式混合动力多用途乘用车,passenger_vehicle,suv_mpv,in_scope,1,一、汽车生产企业,1,1,1,0,1
408:CA7204,408:CA7204:confirmed,408,CA7204,红旗,中国第一汽车集团有限公司,插电式混合动力轿车,红旗H9,https://www.miit-eidc.org.cn/art/2026/7/17/art_1691_12598.html,2026-07-17,eidc,confirmed,high,插电式混合动力轿车,passenger_vehicle,sedan,in_scope,1,一、汽车生产企业,1,0,1,0,1
408:CC6480,408:CC6480:confirmed,408,CC6480,哈弗,长城汽车股份有限公司,插电式混合动力多用途乘用车,哈弗枭龙MAX;哈弗H6L;枭龙MAX;H6L,https://www.miit-eidc.org.cn/art/2026/7/17/art_1691_12598.html,2026-07-17,eidc,confirmed,high,插电式混合动力多用途乘用车,passenger_vehicle,suv_mpv,in_scope,15,一、汽车生产企业,1,1,1,0,1
408:CC6510,408:CC6510:confirmed,408,CC6510,哈弗,长城汽车股份有限公司,插电式混合动力多用途乘用车,H10,https://www.miit-eidc.org.cn/art/2026/7/17/art_1691_12598.html,2026-07-17,eidc,confirmed,high,插电式混合动力多用途乘用车,passenger_vehicle,suv_mpv,in_scope,15,一、汽车生产企业,1,0,1,0,1
408:CC7000,408:CC7000:confirmed,408,CC7000,欧拉,长城汽车股份有限公司,纯电动轿车,,https://www.miit-eidc.org.cn/art/2026/7/17/art_1691_12598.html,2026-07-17,eidc,confirmed,high,纯电动轿车,passenger_vehicle,sedan,in_scope,15,一、汽车生产企业,0,0,1,0,0
408:CLW5070X,408:CLW5070X:confirmed,408,CLW5070X,程力威,程力专用汽车股份有限公司,插电式增程混合动力旅居车,,https://www.miit-eidc.org.cn/art/2026/7/17/art_1691_12598.html,2026-07-17,eidc,confirmed,high,插电式增程混合动力旅居车,passenger_vehicle,suv_mpv,in_scope,(十七)74,民用改装车生产企业,0,0,1,0,0
408:CSA6494,408:CSA6494:confirmed,408,CSA6494,荣威,上海汽车集团股份有限公司,插电式增程混合动力运动型乘用车,家越07,https://www.miit-eidc.org.cn/art/2026/7/17/art_1691_12598.html,2026-07-17,eidc,confirmed,high,插电式增程混合动力运动型乘用车,passenger_vehicle,suv_mpv,in_scope,122,一、汽车生产企业,1,0,1,0,1
408:CSA6512,408:CSA6512:confirmed,408,CSA6512,智己,上海汽车集团股份有限公司,纯电动运动型乘用车,LS8,https://www.miit-eidc.org.cn/art/2026/7/17/art_1691_12598.html,2026-07-17,eidc,confirmed,high,纯电动运动型乘用车,passenger_vehicle,suv_mpv,in_scope,122,一、汽车生产企业,0,1,1,0,1
408:CTY5040X,408:CTY5040X:confirmed,408,CTY5040X,通亚达,通亚汽车制造有限公司,旅居车,,https://www.miit-eidc.org.cn/art/2026/7/17/art_1691_12598.html,2026-07-17,eidc,confirmed,high,旅居车,passenger_vehicle,suv_mpv,in_scope,(十五)14,民用改装车生产企业,0,0,1,0,0
408:CYT5042X,408:CYT5042X:confirmed,408,CYT5042X,亿拖,河南亿拖车辆有限公司,旅居车,,https://www.miit-eidc.org.cn/art/2026/7/17/art_1691_12598.html,2026-07-17,eidc,confirmed,high,旅居车,passenger_vehicle,suv_mpv,in_scope,(十六)82,民用改装车生产企业,0,0,1,0,0
408:DCQ5032X,408:DCQ5032X:confirmed,408,DCQ5032X,大驰,大驰智能汽车（日照）有限公司,旅居车,,https://www.miit-eidc.org.cn/art/2026/7/17/art_1691_12598.html,2026-07-17,eidc,confirmed,high,旅居车,passenger_vehicle,suv_mpv,in_scope,(十五)466,民用改装车生产企业,0,0,1,0,0
408:DFM6531,408:DFM6531:confirmed,408,DFM6531,奕境,东风汽车集团有限公司,插电式增程混合动力多用途乘用车,,https://www.miit-eidc.org.cn/art/2026/7/17/art_1691_12598.html,2026-07-17,eidc,confirmed,high,插电式增程混合动力多用途乘用车,passenger_vehicle,suv_mpv,in_scope,3,一、汽车生产企业,0,0,1,0,0
408:DFM7002,408:DFM7002:confirmed,408,DFM7002,东风,东风汽车集团有限公司,纯电动轿车,奕派EP7,https://www.miit-eidc.org.cn/art/2026/7/17/art_1691_12598.html,2026-07-17,eidc,confirmed,high,纯电动轿车,passenger_vehicle,sedan,in_scope,3,一、汽车生产企业,0,1,1,0,1
408:DKF5031X,408:DKF5031X:confirmed,408,DKF5031X,科发房车,山东科发房车科技有限公司,旅居车,,https://www.miit-eidc.org.cn/art/2026/7/17/art_1691_12598.html,2026-07-17,eidc,confirmed,high,旅居车,passenger_vehicle,suv_mpv,in_scope,(十五)458,民用改装车生产企业,0,0,1,0,0
408:DXM5080X,408:DXM5080X:confirmed,408,DXM5080X,曼恩拓,大连新重汽特种汽车有限公司,旅居车,,https://www.miit-eidc.org.cn/art/2026/7/17/art_1691_12598.html,2026-07-17,eidc,confirmed,high,旅居车,passenger_vehicle,suv_mpv,in_scope,(六)101,民用改装车生产企业,0,0,1,0,0
408:EQ2042,408:EQ2042:confirmed,408,EQ2042,猛士,东风汽车集团有限公司,插电式混合动力越野乘用车,,https://www.miit-eidc.org.cn/art/2026/7/17/art_1691_12598.html,2026-07-17,eidc,confirmed,high,插电式混合动力越野乘用车,passenger_vehicle,suv_mpv,in_scope,3,一、汽车生产企业,0,0,1,0,0
408:EQ6502,408:EQ6502:confirmed,408,EQ6502,岚图,东风汽车集团有限公司,纯电动多用途乘用车,,https://www.miit-eidc.org.cn/art/2026/7/17/art_1691_12598.html,2026-07-17,eidc,confirmed,high,纯电动多用途乘用车,passenger_vehicle,suv_mpv,in_scope,3,一、汽车生产企业,0,0,1,0,0
408:EQ6520,408:EQ6520:confirmed,408,EQ6520,岚图,东风汽车集团有限公司,纯电动多用途乘用车,岚图泰山,https://www.miit-eidc.org.cn/art/2026/7/17/art_1691_12598.html,2026-07-17,eidc,confirmed,high,纯电动多用途乘用车,passenger_vehicle,suv_mpv,in_scope,3,一、汽车生产企业,0,1,1,0,1
408:EQ6530,408:EQ6530:confirmed,408,EQ6530,东风,东风汽车股份有限公司,多用途乘用车 / 纯电动多用途乘用车,,https://www.miit-eidc.org.cn/art/2026/7/17/art_1691_12598.html,2026-07-17,eidc,confirmed,high,多用途乘用车,passenger_vehicle,suv_mpv,in_scope,3,一、汽车生产企业,0,0,1,0,0
408:EZY5030X,408:EZY5030X:confirmed,408,EZY5030X,正远,湖北震序车船科技股份有限公司,插电式混合动力旅居车,,https://www.miit-eidc.org.cn/art/2026/7/17/art_1691_12598.html,2026-07-17,eidc,confirmed,high,插电式混合动力旅居车,passenger_vehicle,suv_mpv,in_scope,(十七)147,民用改装车生产企业,1,0,1,0,1
408:GAC6470,408:GAC6470:confirmed,408,GAC6470,传祺(Trumpchi),广汽传祺汽车有限公司,多用途乘用车,,https://www.miit-eidc.org.cn/art/2026/7/17/art_1691_12598.html,2026-07-17,eidc,confirmed,high,多用途乘用车,passenger_vehicle,suv_mpv,in_scope,89,一、汽车生产企业,0,0,1,0,0
408:GAC6500,408:GAC6500:confirmed,408,GAC6500,传祺(Trumpchi),广汽传祺汽车有限公司,插电式混合动力运动型乘用车,传祺越7,https://www.miit-eidc.org.cn/art/2026/7/17/art_1691_12598.html,2026-07-17,eidc,confirmed,high,插电式混合动力运动型乘用车,passenger_vehicle,suv_mpv,in_scope,89,一、汽车生产企业,1,0,1,0,1
408:GRX5040X,408:GRX5040X:confirmed,408,GRX5040X,润驰,安徽国润翔专用汽车有限公司,旅居车,,https://www.miit-eidc.org.cn/art/2026/7/17/art_1691_12598.html,2026-07-17,eidc,confirmed,high,旅居车,passenger_vehicle,suv_mpv,in_scope,(十二)82,民用改装车生产企业,0,0,1,0,0
408:GWZ5049X,408:GWZ5049X:confirmed,408,GWZ5049X,七狼装备,洛阳七狼房车装备有限公司,旅居车,,https://www.miit-eidc.org.cn/art/2026/7/17/art_1691_12598.html,2026-07-17,eidc,confirmed,high,旅居车,passenger_vehicle,suv_mpv,in_scope,(十六)144,民用改装车生产企业,0,0,1,0,0
408:HFC6530,408:HFC6530:confirmed,408,HFC6530,江淮,安徽江淮汽车集团股份有限公司,插电式增程混合动力多用途乘用车,尊界V680,https://www.miit-eidc.org.cn/art/2026/7/17/art_1691_12598.html,2026-07-17,eidc,confirmed,high,插电式增程混合动力多用途乘用车,passenger_vehicle,suv_mpv,in_scope,56,一、汽车生产企业,1,0,1,0,1
408:HLH5046X,408:HLH5046X:confirmed,408,HLH5046X,力海通,湖北力海专用汽车有限公司,旅居车,,https://www.miit-eidc.org.cn/art/2026/7/17/art_1691_12598.html,2026-07-17,eidc,confirmed,high,旅居车,passenger_vehicle,suv_mpv,in_scope,(十七)199,民用改装车生产企业,0,0,1,0,0
408:HQ6471,408:HQ6471:confirmed,408,HQ6471,吉利,浙江豪情汽车制造有限公司,混合动力多用途乘用车,博越L,https://www.miit-eidc.org.cn/art/2026/7/17/art_1691_12598.html,2026-07-17,eidc,confirmed,high,混合动力多用途乘用车,passenger_vehicle,suv_mpv,in_scope,52,一、汽车生产企业,1,0,1,0,1
408:HQ6472,408:HQ6472:confirmed,408,HQ6472,吉利,浙江豪情汽车制造有限公司,多用途乘用车,,https://www.miit-eidc.org.cn/art/2026/7/17/art_1691_12598.html,2026-07-17,eidc,confirmed,high,多用途乘用车,passenger_vehicle,suv_mpv,in_scope,52,一、汽车生产企业,0,0,1,0,0
408:HQG5180X,408:HQG5180X:confirmed,408,HQG5180X,楚风,湖北新楚风汽车股份有限公司,旅居车,,https://www.miit-eidc.org.cn/art/2026/7/17/art_1691_12598.html,2026-07-17,eidc,confirmed,high,旅居车,passenger_vehicle,suv_mpv,in_scope,73,一、汽车生产企业,0,0,1,0,0
408:JCV5032X,408:JCV5032X:confirmed,408,JCV5032X,依维德,徐州晶锐高科汽车制造有限公司,插电式混合动力旅居车,,https://www.miit-eidc.org.cn/art/2026/7/17/art_1691_12598.html,2026-07-17,eidc,confirmed,high,插电式混合动力旅居车,passenger_vehicle,suv_mpv,in_scope,(十)97,民用改装车生产企业,0,0,1,0,0
408:JHV5101X,408:JHV5101X:confirmed,408,JHV5101X,金环科技,江苏金环科技有限公司,旅居车,,https://www.miit-eidc.org.cn/art/2026/7/17/art_1691_12598.html,2026-07-17,eidc,confirmed,high,旅居车,passenger_vehicle,suv_mpv,in_scope,(十)213,民用改装车生产企业,0,0,1,0,0
408:JKC6450,408:JKC6450:confirmed,408,JKC6450,鑫源,鑫源汽车有限公司,纯电动多用途乘用车,好运,https://www.miit-eidc.org.cn/art/2026/7/17/art_1691_12598.html,2026-07-17,eidc,confirmed,high,纯电动多用途乘用车,passenger_vehicle,suv_mpv,in_scope,146,一、汽车生产企业,0,1,1,0,1
408:JKC6470,408:JKC6470:confirmed,408,JKC6470,鑫源,鑫源汽车有限公司,多用途乘用车 / 换电式纯电动多用途乘用车,,https://www.miit-eidc.org.cn/art/2026/7/17/art_1691_12598.html,2026-07-17,eidc,confirmed,high,多用途乘用车,passenger_vehicle,suv_mpv,in_scope,146,一、汽车生产企业,0,0,1,0,0
408:JKC6480,408:JKC6480:confirmed,408,JKC6480,鑫源,鑫源汽车有限公司,插电式混合动力多用途乘用车,向上V6,https://www.miit-eidc.org.cn/art/2026/7/17/art_1691_12598.html,2026-07-17,eidc,confirmed,high,插电式混合动力多用途乘用车,passenger_vehicle,suv_mpv,in_scope,146,一、汽车生产企业,1,0,1,0,1
408:JKC6490,408:JKC6490:confirmed,408,JKC6490,鑫源,鑫源汽车有限公司,换电式纯电动多用途乘用车,E3L,https://www.miit-eidc.org.cn/art/2026/7/17/art_1691_12598.html,2026-07-17,eidc,confirmed,high,换电式纯电动多用途乘用车,passenger_vehicle,suv_mpv,in_scope,146,一、汽车生产企业,0,1,1,0,1
408:JKF5030X,408:JKF5030X:confirmed,408,JKF5030X,钧天,江西钧天机械有限公司,旅居车,,https://www.miit-eidc.org.cn/art/2026/7/17/art_1691_12598.html,2026-07-17,eidc,confirmed,high,旅居车,passenger_vehicle,suv_mpv,in_scope,(十四)17,民用改装车生产企业,0,0,1,0,0
408:JL6501,408:JL6501:confirmed,408,JL6501,远程,浙江豪情汽车制造有限公司,纯电动多用途乘用车,远程V7E,https://www.miit-eidc.org.cn/art/2026/7/17/art_1691_12598.html,2026-07-17,eidc,confirmed,high,纯电动多用途乘用车,passenger_vehicle,suv_mpv,in_scope,52,一、汽车生产企业,0,1,1,0,1
408:JL6541,408:JL6541:confirmed,408,JL6541,远程,浙江豪情汽车制造有限公司,纯电动多用途乘用车,远程V8E,https://www.miit-eidc.org.cn/art/2026/7/17/art_1691_12598.html,2026-07-17,eidc,confirmed,high,纯电动多用途乘用车,passenger_vehicle,suv_mpv,in_scope,52,一、汽车生产企业,0,1,1,0,1
408:JL7001,408:JL7001:confirmed,408,JL7001,吉利,浙江豪情汽车制造有限公司,纯电动轿车,,https://www.miit-eidc.org.cn/art/2026/7/17/art_1691_12598.html,2026-07-17,eidc,confirmed,high,纯电动轿车,passenger_vehicle,sedan,in_scope,52,一、汽车生产企业,0,0,1,0,0
408:JX1037,408:JX1037:confirmed,408,JX1037,江铃,江铃汽车股份有限公司,多用途货车 / 多用途货车底盘,,https://www.miit-eidc.org.cn/art/2026/7/17/art_1691_12598.html,2026-07-17,eidc,confirmed,high,多用途货车,passenger_vehicle,suv_mpv,in_scope,61,一、汽车生产企业,0,0,1,0,0
408:KDK5041X,408:KDK5041X:confirmed,408,KDK5041X,朗奇,大连宽大特种车辆有限公司,旅居车,,https://www.miit-eidc.org.cn/art/2026/7/17/art_1691_12598.html,2026-07-17,eidc,confirmed,high,旅居车,passenger_vehicle,suv_mpv,in_scope,(六)99,民用改装车生产企业,0,0,1,0,0
408:KPS5041X,408:KPS5041X:confirmed,408,KPS5041X,康派斯房,荣成康派斯新能源车辆股份有限公司,旅居车,,https://www.miit-eidc.org.cn/art/2026/7/17/art_1691_12598.html,2026-07-17,eidc,confirmed,high,旅居车,passenger_vehicle,suv_mpv,in_scope,(十五)245,民用改装车生产企业,0,0,1,0,0
408:LLC5041X,408:LLC5041X:confirmed,408,LLC5041X,伴旅辰,洛阳凌宇朗宸汽车有限公司,纯电动旅居车,,https://www.miit-eidc.org.cn/art/2026/7/17/art_1691_12598.html,2026-07-17,eidc,confirmed,high,纯电动旅居车,passenger_vehicle,suv_mpv,in_scope,(十六)101,民用改装车生产企业,0,0,1,0,0
408:LLC5115X,408:LLC5115X:confirmed,408,LLC5115X,朗宸,洛阳凌宇朗宸汽车有限公司,旅居车,,https://www.miit-eidc.org.cn/art/2026/7/17/art_1691_12598.html,2026-07-17,eidc,confirmed,high,旅居车,passenger_vehicle,suv_mpv,in_scope,(十六)101,民用改装车生产企业,0,0,1,0,0
408:LMS5066X,408:LMS5066X:confirmed,408,LMS5066X,罗曼特斯,江苏罗曼特斯房车有限公司,插电式增程混合动力旅居车,,https://www.miit-eidc.org.cn/art/2026/7/17/art_1691_12598.html,2026-07-17,eidc,confirmed,high,插电式增程混合动力旅居车,passenger_vehicle,suv_mpv,in_scope,(十)170,民用改装车生产企业,0,0,1,0,0
408:LXA6511,408:LXA6511:confirmed,408,LXA6511,理想,北京理想汽车有限公司,纯电动多用途乘用车,,https://www.miit-eidc.org.cn/art/2026/7/17/art_1691_12598.html,2026-07-17,eidc,confirmed,high,纯电动多用途乘用车,passenger_vehicle,suv_mpv,in_scope,210,一、汽车生产企业,0,0,1,0,0
408:LXA6540,408:LXA6540:confirmed,408,LXA6540,理想,北京理想汽车有限公司,纯电动多用途乘用车,理想MEGA,https://www.miit-eidc.org.cn/art/2026/7/17/art_1691_12598.html,2026-07-17,eidc,confirmed,high,纯电动多用途乘用车,passenger_vehicle,suv_mpv,in_scope,210,一、汽车生产企业,0,1,1,0,1
408:LZ6480,408:LZ6480:confirmed,408,LZ6480,东风,东风柳州汽车有限公司,纯电动多用途乘用车,,https://www.miit-eidc.org.cn/art/2026/7/17/art_1691_12598.html,2026-07-17,eidc,confirmed,high,纯电动多用途乘用车,passenger_vehicle,suv_mpv,in_scope,91,一、汽车生产企业,0,0,1,0,0
408:LZ6490,408:LZ6490:confirmed,408,LZ6490,东风,东风柳州汽车有限公司,纯电动多用途乘用车,纯电动多用途乘用车,https://www.miit-eidc.org.cn/art/2026/7/17/art_1691_12598.html,2026-07-17,eidc,confirmed,high,纯电动多用途乘用车,passenger_vehicle,suv_mpv,in_scope,91,一、汽车生产企业,0,1,1,0,1
408:LZ6510,408:LZ6510:confirmed,408,LZ6510,东风,东风柳州汽车有限公司,纯电动多用途乘用车,,https://www.miit-eidc.org.cn/art/2026/7/17/art_1691_12598.html,2026-07-17,eidc,confirmed,high,纯电动多用途乘用车,passenger_vehicle,suv_mpv,in_scope,91,一、汽车生产企业,0,0,1,0,0
408:LZ7000,408:LZ7000:confirmed,408,LZ7000,东风,东风柳州汽车有限公司,纯电动轿车,纯电动轿车,https://www.miit-eidc.org.cn/art/2026/7/17/art_1691_12598.html,2026-07-17,eidc,confirmed,high,纯电动轿车,passenger_vehicle,sedan,in_scope,91,一、汽车生产企业,0,1,1,0,1
408:LZR5031X,408:LZR5031X:confirmed,408,LZR5031X,览众之星,河北览众专用汽车制造有限公司,插电式混合动力旅居车,,https://www.miit-eidc.org.cn/art/2026/7/17/art_1691_12598.html,2026-07-17,eidc,confirmed,high,插电式混合动力旅居车,passenger_vehicle,suv_mpv,in_scope,(三)83,民用改装车生产企业,0,0,1,0,0
408:LZW6482,408:LZW6482:confirmed,408,LZW6482,五菱,上汽通用五菱汽车股份有限公司,插电式增程混合动力多用途乘用车,五菱荣光L,https://www.miit-eidc.org.cn/art/2026/7/17/art_1691_12598.html,2026-07-17,eidc,confirmed,high,插电式增程混合动力多用途乘用车,passenger_vehicle,suv_mpv,in_scope,92,一、汽车生产企业,1,0,1,0,1
408:LZW6551,408:LZW6551:confirmed,408,LZW6551,五菱,上汽通用五菱汽车股份有限公司,纯电动多用途乘用车,五菱扬光L,https://www.miit-eidc.org.cn/art/2026/7/17/art_1691_12598.html,2026-07-17,eidc,confirmed,high,纯电动多用途乘用车,passenger_vehicle,suv_mpv,in_scope,92,一、汽车生产企业,0,1,1,0,1
408:MAX5120X,408:MAX5120X:confirmed,408,MAX5120X,星迹,昆山沃骏专用车辆有限公司,旅居车,,https://www.miit-eidc.org.cn/art/2026/7/17/art_1691_12598.html,2026-07-17,eidc,confirmed,high,旅居车,passenger_vehicle,suv_mpv,in_scope,(十)234,民用改装车生产企业,0,0,1,0,0
408:MAX5140X,408:MAX5140X:confirmed,408,MAX5140X,星迹,昆山沃骏专用车辆有限公司,旅居车,,https://www.miit-eidc.org.cn/art/2026/7/17/art_1691_12598.html,2026-07-17,eidc,confirmed,high,旅居车,passenger_vehicle,suv_mpv,in_scope,(十)234,民用改装车生产企业,0,0,1,0,0
408:MAX5210X,408:MAX5210X:confirmed,408,MAX5210X,星迹,昆山沃骏专用车辆有限公司,旅居车,,https://www.miit-eidc.org.cn/art/2026/7/17/art_1691_12598.html,2026-07-17,eidc,confirmed,high,旅居车,passenger_vehicle,suv_mpv,in_scope,(十)234,民用改装车生产企业,0,0,1,0,0
408:MAX5240X,408:MAX5240X:confirmed,408,MAX5240X,星迹,昆山沃骏专用车辆有限公司,旅居车,,https://www.miit-eidc.org.cn/art/2026/7/17/art_1691_12598.html,2026-07-17,eidc,confirmed,high,旅居车,passenger_vehicle,suv_mpv,in_scope,(十)234,民用改装车生产企业,0,0,1,0,0
408:MBK5030X,408:MBK5030X:confirmed,408,MBK5030X,麦卡佰客,青岛麦卡佰客专用车有限公司,插电式混合动力旅居车,,https://www.miit-eidc.org.cn/art/2026/7/17/art_1691_12598.html,2026-07-17,eidc,confirmed,high,插电式混合动力旅居车,passenger_vehicle,suv_mpv,in_scope,(十五)556,民用改装车生产企业,0,0,1,0,0
408:MR6462,408:MR6462:confirmed,408,MR6462,吉利,浙江吉利汽车有限公司,纯电动多用途乘用车,银河E5,https://www.miit-eidc.org.cn/art/2026/7/17/art_1691_12598.html,2026-07-17,eidc,confirmed,high,纯电动多用途乘用车,passenger_vehicle,suv_mpv,in_scope,52,一、汽车生产企业,0,1,1,0,1
408:MR7001,408:MR7001:confirmed,408,MR7001,吉利,浙江吉利汽车有限公司,纯电动轿车,,https://www.miit-eidc.org.cn/art/2026/7/17/art_1691_12598.html,2026-07-17,eidc,confirmed,high,纯电动轿车,passenger_vehicle,sedan,in_scope,52,一、汽车生产企业,0,0,1,0,0
408:MR7151,408:MR7151:confirmed,408,MR7151,吉利,浙江吉利汽车有限公司,混合动力轿车 / 轿车,吉利星瑞L90,https://www.miit-eidc.org.cn/art/2026/7/17/art_1691_12598.html,2026-07-17,eidc,confirmed,high,混合动力轿车,passenger_vehicle,sedan,in_scope,52,一、汽车生产企业,1,0,1,0,1
408:MR7153,408:MR7153:confirmed,408,MR7153,领克,浙江吉利汽车有限公司,插电式混合动力轿车,领克07,https://www.miit-eidc.org.cn/art/2026/7/17/art_1691_12598.html,2026-07-17,eidc,confirmed,high,插电式混合动力轿车,passenger_vehicle,sedan,in_scope,52,一、汽车生产企业,1,0,1,0,1
408:MR7201,408:MR7201:confirmed,408,MR7201,吉利,浙江吉利汽车有限公司,轿车,,https://www.miit-eidc.org.cn/art/2026/7/17/art_1691_12598.html,2026-07-17,eidc,confirmed,high,轿车,passenger_vehicle,sedan,in_scope,52,一、汽车生产企业,0,0,1,0,0
408:MRN5060X,408:MRN5060X:confirmed,408,MRN5060X,阿娜蕥,东莞市阿娜亚专用汽车制造有限公司,旅居车,,https://www.miit-eidc.org.cn/art/2026/7/17/art_1691_12598.html,2026-07-17,eidc,confirmed,high,旅居车,passenger_vehicle,suv_mpv,in_scope,(十九)94,民用改装车生产企业,0,0,1,0,0
408:NJ6550,408:NJ6550:confirmed,408,NJ6550,超越,南京汽车集团有限公司,插电式增程混合动力多用途乘用车,领胜,https://www.miit-eidc.org.cn/art/2026/7/17/art_1691_12598.html,2026-07-17,eidc,confirmed,high,插电式增程混合动力多用途乘用车,passenger_vehicle,suv_mpv,in_scope,44,一、汽车生产企业,0,1,1,0,1
408:NJX5031X,408:NJX5031X:confirmed,408,NJX5031X,艾杰斯坦,四川南极星房车设备有限公司,旅居车,,https://www.miit-eidc.org.cn/art/2026/7/17/art_1691_12598.html,2026-07-17,eidc,confirmed,high,旅居车,passenger_vehicle,suv_mpv,in_scope,(二十二)75,民用改装车生产企业,0,0,1,0,0
408:NJX5032X,408:NJX5032X:confirmed,408,NJX5032X,艾杰斯坦,四川南极星房车设备有限公司,旅居车,,https://www.miit-eidc.org.cn/art/2026/7/17/art_1691_12598.html,2026-07-17,eidc,confirmed,high,旅居车,passenger_vehicle,suv_mpv,in_scope,(二十二)75,民用改装车生产企业,0,0,1,0,0
408:QCJ2030,408:QCJ2030:confirmed,408,QCJ2030,方程豹,比亚迪汽车工业有限公司,插电式混合动力越野乘用车,方程豹豹5,https://www.miit-eidc.org.cn/art/2026/7/17/art_1691_12598.html,2026-07-17,eidc,confirmed,high,插电式混合动力越野乘用车,passenger_vehicle,suv_mpv,in_scope,79,一、汽车生产企业,1,1,1,0,1
408:QCJ6520,408:QCJ6520:confirmed,408,QCJ6520,腾势,比亚迪汽车工业有限公司,插电式混合动力多用途乘用车 / 纯电动多用途乘用车,领汇M9,https://www.miit-eidc.org.cn/art/2026/7/17/art_1691_12598.html,2026-07-17,eidc,confirmed,high,纯电动多用途乘用车,passenger_vehicle,suv_mpv,in_scope,79,一、汽车生产企业,1,0,1,1,1
408:QCJ7000,408:QCJ7000:confirmed,408,QCJ7000,腾势,比亚迪汽车工业有限公司,纯电动轿车,方程豹方程S,https://www.miit-eidc.org.cn/art/2026/7/17/art_1691_12598.html,2026-07-17,eidc,confirmed,high,纯电动轿车,passenger_vehicle,sedan,in_scope,79,一、汽车生产企业,0,1,2,1,1
408:QCJ7008,408:QCJ7008:confirmed,408,QCJ7008,领汇,比亚迪汽车工业有限公司,纯电动轿车,领汇e5,https://www.miit-eidc.org.cn/art/2026/7/17/art_1691_12598.html,2026-07-17,eidc,confirmed,high,纯电动轿车,passenger_vehicle,sedan,in_scope,79,一、汽车生产企业,0,1,1,0,1
408:SAL7001,408:SAL7001:confirmed,408,SAL7001,欧拉,光束汽车有限公司,纯电动轿车,ORA 7;长城闪电猫;O 7;R 7;T 7,https://www.miit-eidc.org.cn/art/2026/7/17/art_1691_12598.html,2026-07-17,eidc,confirmed,high,纯电动轿车,passenger_vehicle,sedan,in_scope,213,一、汽车生产企业,0,1,1,0,1
408:SC6480,408:SC6480:confirmed,408,SC6480,长安,重庆长安汽车股份有限公司,纯电动多用途乘用车,,https://www.miit-eidc.org.cn/art/2026/7/17/art_1691_12598.html,2026-07-17,eidc,confirmed,high,纯电动多用途乘用车,passenger_vehicle,suv_mpv,in_scope,96,一、汽车生产企业,0,0,1,0,0
408:SC6510,408:SC6510:confirmed,408,SC6510,长安,重庆长安汽车股份有限公司,插电式增程混合动力运动型乘用车,,https://www.miit-eidc.org.cn/art/2026/7/17/art_1691_12598.html,2026-07-17,eidc,confirmed,high,插电式增程混合动力运动型乘用车,passenger_vehicle,suv_mpv,in_scope,96,一、汽车生产企业,0,0,1,0,0
408:SC6558,408:SC6558:confirmed,408,SC6558,长安,河北长安汽车有限公司,纯电动多用途乘用车,V919,https://www.miit-eidc.org.cn/art/2026/7/17/art_1691_12598.html,2026-07-17,eidc,confirmed,high,纯电动多用途乘用车,passenger_vehicle,suv_mpv,in_scope,22,一、汽车生产企业,0,1,1,0,1
408:SC7000,408:SC7000:confirmed,408,SC7000,长安,重庆长安汽车股份有限公司,纯电动轿车,L07,https://www.miit-eidc.org.cn/art/2026/7/17/art_1691_12598.html,2026-07-17,eidc,confirmed,high,纯电动轿车,passenger_vehicle,sedan,in_scope,96,一、汽车生产企业,0,1,1,0,1
408:SKE6501,408:SKE6501:confirmed,408,SKE6501,问界,赛力斯汽车有限公司,纯电动多用途乘用车,问界M6EV,https://www.miit-eidc.org.cn/art/2026/7/17/art_1691_12598.html,2026-07-17,eidc,confirmed,high,纯电动多用途乘用车,passenger_vehicle,suv_mpv,in_scope,175,一、汽车生产企业,0,1,1,0,1
408:SKE6540,408:SKE6540:confirmed,408,SKE6540,问界,赛力斯汽车有限公司,插电式增程混合动力多用途乘用车 / 纯电动多用途乘用车,问界M9,https://www.miit-eidc.org.cn/art/2026/7/17/art_1691_12598.html,2026-07-17,eidc,confirmed,high,插电式增程混合动力多用途乘用车,passenger_vehicle,suv_mpv,in_scope,175,一、汽车生产企业,1,1,1,0,1
408:SQH5031X,408:SQH5031X:confirmed,408,SQH5031X,勤宏,四川川宏机械有限公司,插电式混合动力旅居车,,https://www.miit-eidc.org.cn/art/2026/7/17/art_1691_12598.html,2026-07-17,eidc,confirmed,high,插电式混合动力旅居车,passenger_vehicle,suv_mpv,in_scope,(二十二)29,民用改装车生产企业,0,0,1,0,0
408:SQR2040,408:SQR2040:confirmed,408,SQR2040,奇瑞纵横,奇瑞汽车股份有限公司,插电式混合动力越野乘用车,纵横G700,https://www.miit-eidc.org.cn/art/2026/7/17/art_1691_12598.html,2026-07-17,eidc,confirmed,high,插电式混合动力越野乘用车,passenger_vehicle,suv_mpv,in_scope,119,一、汽车生产企业,1,1,1,0,1
408:SQR6440,408:SQR6440:confirmed,408,SQR6440,捷途,奇瑞汽车股份有限公司,多用途乘用车,,https://www.miit-eidc.org.cn/art/2026/7/17/art_1691_12598.html,2026-07-17,eidc,confirmed,high,多用途乘用车,passenger_vehicle,suv_mpv,in_scope,119,一、汽车生产企业,0,0,1,0,0
408:SQR6470,408:SQR6470:confirmed,408,SQR6470,捷途,奇瑞汽车股份有限公司,多用途乘用车,,https://www.miit-eidc.org.cn/art/2026/7/17/art_1691_12598.html,2026-07-17,eidc,confirmed,high,多用途乘用车,passenger_vehicle,suv_mpv,in_scope,119,一、汽车生产企业,0,0,1,0,0
408:SQR6480,408:SQR6480:confirmed,408,SQR6480,捷途,奇瑞汽车股份有限公司,多用途乘用车,,https://www.miit-eidc.org.cn/art/2026/7/17/art_1691_12598.html,2026-07-17,eidc,confirmed,high,多用途乘用车,passenger_vehicle,suv_mpv,in_scope,119,一、汽车生产企业,0,0,1,0,0
408:SQR6481,408:SQR6481:confirmed,408,SQR6481,捷途,奇瑞汽车股份有限公司,多用途乘用车,,https://www.miit-eidc.org.cn/art/2026/7/17/art_1691_12598.html,2026-07-17,eidc,confirmed,high,多用途乘用车,passenger_vehicle,suv_mpv,in_scope,119,一、汽车生产企业,0,0,1,0,0
408:SQR6482,408:SQR6482:confirmed,408,SQR6482,捷途,奇瑞汽车股份有限公司,插电式混合动力多用途乘用车,山海L7 PLUS C-DM,https://www.miit-eidc.org.cn/art/2026/7/17/art_1691_12598.html,2026-07-17,eidc,confirmed,high,插电式混合动力多用途乘用车,passenger_vehicle,suv_mpv,in_scope,119,一、汽车生产企业,1,1,1,0,1
408:SQR6483,408:SQR6483:confirmed,408,SQR6483,捷途,奇瑞汽车股份有限公司,插电式混合动力多用途乘用车,山海L7 PLUS C-DM,https://www.miit-eidc.org.cn/art/2026/7/17/art_1691_12598.html,2026-07-17,eidc,confirmed,high,插电式混合动力多用途乘用车,passenger_vehicle,suv_mpv,in_scope,119,一、汽车生产企业,1,1,1,1,1
408:SQR6486,408:SQR6486:confirmed,408,SQR6486,捷途,奇瑞汽车股份有限公司,插电式混合动力多用途乘用车,旅行者,https://www.miit-eidc.org.cn/art/2026/7/17/art_1691_12598.html,2026-07-17,eidc,confirmed,high,插电式混合动力多用途乘用车,passenger_vehicle,suv_mpv,in_scope,119,一、汽车生产企业,1,0,1,0,1
408:SQR6500,408:SQR6500:confirmed,408,SQR6500,智界,奇瑞汽车股份有限公司,纯电动多用途乘用车,智界RX,https://www.miit-eidc.org.cn/art/2026/7/17/art_1691_12598.html,2026-07-17,eidc,confirmed,high,纯电动多用途乘用车,passenger_vehicle,suv_mpv,in_scope,119,一、汽车生产企业,0,1,1,0,1
408:SQR6503,408:SQR6503:confirmed,408,SQR6503,星途,奇瑞汽车股份有限公司,纯电动多用途乘用车,ET7,https://www.miit-eidc.org.cn/art/2026/7/17/art_1691_12598.html,2026-07-17,eidc,confirmed,high,纯电动多用途乘用车,passenger_vehicle,suv_mpv,in_scope,119,一、汽车生产企业,0,1,1,0,1
408:SQR6521,408:SQR6521:confirmed,408,SQR6521,奇瑞,奇瑞汽车股份有限公司,插电式增程混合动力多用途乘用车,风云T11,https://www.miit-eidc.org.cn/art/2026/7/17/art_1691_12598.html,2026-07-17,eidc,confirmed,high,插电式增程混合动力多用途乘用车,passenger_vehicle,suv_mpv,in_scope,119,一、汽车生产企业,1,0,1,0,1
408:STM5032X,408:STM5032X:confirmed,408,STM5032X,金克,山东铁马特种车辆制造有限公司,旅居车,,https://www.miit-eidc.org.cn/art/2026/7/17/art_1691_12598.html,2026-07-17,eidc,confirmed,high,旅居车,passenger_vehicle,suv_mpv,in_scope,(十五)107,民用改装车生产企业,0,0,1,0,0
408:STM5036X,408:STM5036X:confirmed,408,STM5036X,金克,山东铁马特种车辆制造有限公司,旅居车,,https://www.miit-eidc.org.cn/art/2026/7/17/art_1691_12598.html,2026-07-17,eidc,confirmed,high,旅居车,passenger_vehicle,suv_mpv,in_scope,(十五)107,民用改装车生产企业,0,0,1,0,0
408:STM5037X,408:STM5037X:confirmed,408,STM5037X,金克,山东铁马特种车辆制造有限公司,旅居车,,https://www.miit-eidc.org.cn/art/2026/7/17/art_1691_12598.html,2026-07-17,eidc,confirmed,high,旅居车,passenger_vehicle,suv_mpv,in_scope,(十五)107,民用改装车生产企业,0,0,1,0,0
408:SVW6501,408:SVW6501:confirmed,408,SVW6501,大众汽车(VOLKSWAGEN),上汽大众汽车有限公司,插电式增程混合动力多用途乘用车,ID.ERA 8X,https://www.miit-eidc.org.cn/art/2026/7/17/art_1691_12598.html,2026-07-17,eidc,confirmed,high,插电式增程混合动力多用途乘用车,passenger_vehicle,suv_mpv,in_scope,5,一、汽车生产企业,1,1,1,0,1
408:SVW7152,408:SVW7152:confirmed,408,SVW7152,大众汽车(VOLKSWAGEN),上汽大众汽车有限公司,轿车,,https://www.miit-eidc.org.cn/art/2026/7/17/art_1691_12598.html,2026-07-17,eidc,confirmed,high,轿车,passenger_vehicle,sedan,in_scope,5,一、汽车生产企业,0,0,1,0,0
408:SY6543,408:SY6543:confirmed,408,SY6543,金杯,金杯（沈阳）汽车有限公司,纯电动多用途乘用车,吉运E8,https://www.miit-eidc.org.cn/art/2026/7/17/art_1691_12598.html,2026-07-17,eidc,confirmed,high,纯电动多用途乘用车,passenger_vehicle,suv_mpv,in_scope,33,一、汽车生产企业,0,1,1,0,1
408:TQP5110X,408:TQP5110X:confirmed,408,TQP5110X,图强,天津市图强专用汽车制造有限公司,旅居车,,https://www.miit-eidc.org.cn/art/2026/7/17/art_1691_12598.html,2026-07-17,eidc,confirmed,high,旅居车,passenger_vehicle,suv_mpv,in_scope,(二)25,民用改装车生产企业,0,0,1,0,0
408:WHJ6540,408:WHJ6540:confirmed,408,WHJ6540,凯翼,宜宾凯翼汽车有限公司,纯电动多用途乘用车,,https://www.miit-eidc.org.cn/art/2026/7/17/art_1691_12598.html,2026-07-17,eidc,confirmed,high,纯电动多用途乘用车,passenger_vehicle,suv_mpv,in_scope,137,一、汽车生产企业,0,0,1,0,0
408:WLP5035X,408:WLP5035X:confirmed,408,WLP5035X,沃勒创精,沃勒（天津）汽车制造有限公司,旅居车,,https://www.miit-eidc.org.cn/art/2026/7/17/art_1691_12598.html,2026-07-17,eidc,confirmed,high,旅居车,passenger_vehicle,suv_mpv,in_scope,(二)41,民用改装车生产企业,0,0,1,0,0
408:WLP5036X,408:WLP5036X:confirmed,408,WLP5036X,沃勒创精,沃勒（天津）汽车制造有限公司,旅居车,,https://www.miit-eidc.org.cn/art/2026/7/17/art_1691_12598.html,2026-07-17,eidc,confirmed,high,旅居车,passenger_vehicle,suv_mpv,in_scope,(二)41,民用改装车生产企业,0,0,1,0,0
408:WSJ5020X,408:WSJ5020X:confirmed,408,WSJ5020X,威士捷,山东威士捷房车制造有限公司,纯电动旅居车,,https://www.miit-eidc.org.cn/art/2026/7/17/art_1691_12598.html,2026-07-17,eidc,confirmed,high,纯电动旅居车,passenger_vehicle,suv_mpv,in_scope,(十五)526,民用改装车生产企业,0,0,1,0,0
408:WSJ5072X,408:WSJ5072X:confirmed,408,WSJ5072X,威士捷,山东威士捷房车制造有限公司,插电式增程混合动力旅居车,,https://www.miit-eidc.org.cn/art/2026/7/17/art_1691_12598.html,2026-07-17,eidc,confirmed,high,插电式增程混合动力旅居车,passenger_vehicle,suv_mpv,in_scope,(十五)526,民用改装车生产企业,1,0,1,0,1
408:WTF5042X,408:WTF5042X:confirmed,408,WTF5042X,威尔特芬,湖北威尔特芬房车科技有限公司,旅居车,,https://www.miit-eidc.org.cn/art/2026/7/17/art_1691_12598.html,2026-07-17,eidc,confirmed,high,旅居车,passenger_vehicle,suv_mpv,in_scope,(十七)241,民用改装车生产企业,0,0,1,0,0
408:WWW5040X,408:WWW5040X:confirmed,408,WWW5040X,亿多星,中工车辆湖北省有限公司,纯电动旅居车,,https://www.miit-eidc.org.cn/art/2026/7/17/art_1691_12598.html,2026-07-17,eidc,confirmed,high,纯电动旅居车,passenger_vehicle,suv_mpv,in_scope,(十七)209,民用改装车生产企业,0,0,1,0,0
408:YGM7000,408:YGM7000:confirmed,408,YGM7000,领途,领途汽车有限公司,纯电动轿车,,https://www.miit-eidc.org.cn/art/2026/7/17/art_1691_12598.html,2026-07-17,eidc,confirmed,high,纯电动轿车,passenger_vehicle,sedan,in_scope,134,一、汽车生产企业,0,0,1,0,0
408:ZFL5070X,408:ZFL5070X:confirmed,408,ZFL5070X,中房行,山东中房汽车科技有限公司,旅居车,,https://www.miit-eidc.org.cn/art/2026/7/17/art_1691_12598.html,2026-07-17,eidc,confirmed,high,旅居车,passenger_vehicle,suv_mpv,in_scope,(十五)514,民用改装车生产企业,0,0,1,0,0
408:ZHZ5091X,408:ZHZ5091X:confirmed,408,ZHZ5091X,中海州,济南海州专用车有限公司,旅居车,,https://www.miit-eidc.org.cn/art/2026/7/17/art_1691_12598.html,2026-07-17,eidc,confirmed,high,旅居车,passenger_vehicle,suv_mpv,in_scope,(十五)470,民用改装车生产企业,0,0,1,0,0
408:ZHZ5143X,408:ZHZ5143X:confirmed,408,ZHZ5143X,中海州,济南海州专用车有限公司,旅居车,,https://www.miit-eidc.org.cn/art/2026/7/17/art_1691_12598.html,2026-07-17,eidc,confirmed,high,旅居车,passenger_vehicle,suv_mpv,in_scope,(十五)470,民用改装车生产企业,0,0,1,0,0
408:ZMS5033X,408:ZMS5033X:confirmed,408,ZMS5033X,沃尔兰迪,浙江淼盛汽车有限公司,旅居车,,https://www.miit-eidc.org.cn/art/2026/7/17/art_1691_12598.html,2026-07-17,eidc,confirmed,high,旅居车,passenger_vehicle,suv_mpv,in_scope,(十一)69,民用改装车生产企业,0,0,1,0,0
409:AHC6510SHEVX0A,409:AHC6510SHEVX0A:proposed,409,AHC6510SHEVX0A,启境,广汽埃安新能源汽车股份有限公司,插电式增程混合动力多用途乘用车,启境GX7,https://www.miit.gov.cn/datainfo/dljdclscqyjcpgg/xcpgs409dwdwe233/art/2026/art_f0e9974713194e98965532f9503c5183.html,2026-07-07,miit_gov,proposed,high,插电式增程混合动力多用途乘用车,passenger_vehicle,suv_mpv,in_scope,,,1,0,1,0,1
409:AHC6510SHEVX0B,409:AHC6510SHEVX0B:proposed,409,AHC6510SHEVX0B,启境,广汽埃安新能源汽车股份有限公司,插电式增程混合动力多用途乘用车,启境GX7,https://www.miit.gov.cn/datainfo/dljdclscqyjcpgg/xcpgs409dwdwe233/art/2026/art_f5a66025c62848949d2193f655c3a908.html,2026-07-07,miit_gov,proposed,high,插电式增程混合动力多用途乘用车,passenger_vehicle,suv_mpv,in_scope,,,1,0,1,0,1
409:AHC6510SHEVX0C,409:AHC6510SHEVX0C:proposed,409,AHC6510SHEVX0C,启境,广汽埃安新能源汽车股份有限公司,插电式增程混合动力多用途乘用车,启境GX7,https://www.miit.gov.cn/datainfo/dljdclscqyjcpgg/xcpgs409dwdwe233/art/2026/art_c80c0f8852b444389fec58e55e2b3ea4.html,2026-07-07,miit_gov,proposed,high,插电式增程混合动力多用途乘用车,passenger_vehicle,suv_mpv,in_scope,,,1,0,1,0,1
409:AHC7000BEVW0C,409:AHC7000BEVW0C:proposed,409,AHC7000BEVW0C,启境,广汽埃安新能源汽车股份有限公司,纯电动轿车,,https://www.miit.gov.cn/datainfo/dljdclscqyjcpgg/xcpgs409dwdwe233/art/2026/art_3c8a1b80bbd8457eb27fb912ce61c000.html,2026-07-07,miit_gov,proposed,high,纯电动轿车,passenger_vehicle,sedan,in_scope,,,0,0,1,0,0
409:AHC7150SHEVW0A,409:AHC7150SHEVW0A:proposed,409,AHC7150SHEVW0A,启境,广汽埃安新能源汽车股份有限公司,插电式增程混合动力轿车,启境GT7,https://www.miit.gov.cn/datainfo/dljdclscqyjcpgg/xcpgs409dwdwe233/art/2026/art_48dfa5c2226242579edfb3b7a70630eb.html,2026-07-07,miit_gov,proposed,high,插电式增程混合动力轿车,passenger_vehicle,sedan,in_scope,,,1,0,1,0,1
409:BJ6530K811BEV,409:BJ6530K811BEV:proposed,409,BJ6530K811BEV,享界,北京新能源汽车股份有限公司,纯电动多用途乘用车,,https://www.miit.gov.cn/datainfo/dljdclscqyjcpgg/xcpgs409dwdwe233/art/2026/art_4ff9bf324bd3457c95ba292c7cd5694b.html,2026-07-07,miit_gov,proposed,high,纯电动多用途乘用车,passenger_vehicle,suv_mpv,in_scope,,,0,0,1,0,0
409:BJ6530K811RSHEV,409:BJ6530K811RSHEV:proposed,409,BJ6530K811RSHEV,享界,北京新能源汽车股份有限公司,插电式增程混合动力多用途乘用车,享界V8,https://www.miit.gov.cn/datainfo/dljdclscqyjcpgg/xcpgs409dwdwe233/art/2026/art_94ba375081c94aaaa7c4cf13ac0831f6.html,2026-07-07,miit_gov,proposed,high,插电式增程混合动力多用途乘用车,passenger_vehicle,suv_mpv,in_scope,,,1,0,1,0,1
409:BJ6530K812RSHEV,409:BJ6530K812RSHEV:proposed,409,BJ6530K812RSHEV,享界,北京新能源汽车股份有限公司,插电式增程混合动力多用途乘用车,享界V8,https://www.miit.gov.cn/datainfo/dljdclscqyjcpgg/xcpgs409dwdwe233/art/2026/art_5d4eacc32e5c4394a419238e40aaa711.html,2026-07-07,miit_gov,proposed,high,插电式增程混合动力多用途乘用车,passenger_vehicle,suv_mpv,in_scope,,,1,0,1,0,1
409:BJ6530K815RSHEV,409:BJ6530K815RSHEV:proposed,409,BJ6530K815RSHEV,享界,北京新能源汽车股份有限公司,插电式增程混合动力多用途乘用车,享界V8,https://www.miit.gov.cn/datainfo/dljdclscqyjcpgg/xcpgs409dwdwe233/art/2026/art_a04f5e1c84ac4a328291b391d576c01a.html,2026-07-07,miit_gov,proposed,high,插电式增程混合动力多用途乘用车,passenger_vehicle,suv_mpv,in_scope,,,1,0,1,0,1
409:BJ6530K81BEV,409:BJ6530K81BEV:proposed,409,BJ6530K81BEV,享界,北京新能源汽车股份有限公司,纯电动多用途乘用车,,https://www.miit.gov.cn/datainfo/dljdclscqyjcpgg/xcpgs409dwdwe233/art/2026/art_e7c81809a87c4261b4ecc0b1a067a6a1.html,2026-07-07,miit_gov,proposed,high,纯电动多用途乘用车,passenger_vehicle,suv_mpv,in_scope,,,0,0,1,0,0
409:CC6500DL21HABEV,409:CC6500DL21HABEV:proposed,409,CC6500DL21HABEV,魏牌,长城汽车股份有限公司,纯电动多用途乘用车,,https://www.miit.gov.cn/datainfo/dljdclscqyjcpgg/xcpgs409dwdwe233/art/2026/art_012245c81ab842a0800803abb97da3c7.html,2026-07-07,miit_gov,proposed,high,纯电动多用途乘用车,passenger_vehicle,suv_mpv,in_scope,,,0,0,1,0,0
409:EQ6500MS5F1PHEV,409:EQ6500MS5F1PHEV:proposed,409,EQ6500MS5F1PHEV,猛士,东风汽车集团有限公司,插电式混合动力运动型乘用车,猛士X700,https://www.miit.gov.cn/datainfo/dljdclscqyjcpgg/xcpgs409dwdwe233/art/2026/art_593e58efbb2f4348a0ba8453c2883381.html,2026-07-07,miit_gov,proposed,high,插电式混合动力运动型乘用车,passenger_vehicle,suv_mpv,in_scope,,,1,0,1,0,1
409:EQ6500MS5F2PHEV,409:EQ6500MS5F2PHEV:proposed,409,EQ6500MS5F2PHEV,猛士,东风汽车集团有限公司,插电式混合动力运动型乘用车,猛士X700,https://www.miit.gov.cn/datainfo/dljdclscqyjcpgg/xcpgs409dwdwe233/art/2026/art_d8e63b0329c14ad1a7de4ddfca83019d.html,2026-07-07,miit_gov,proposed,high,插电式混合动力运动型乘用车,passenger_vehicle,suv_mpv,in_scope,,,1,0,1,0,1
409:EQ6530AB5F2BEV,409:EQ6530AB5F2BEV:proposed,409,EQ6530AB5F2BEV,岚图,东风汽车集团有限公司,纯电动多用途乘用车,,https://www.miit.gov.cn/datainfo/dljdclscqyjcpgg/xcpgs409dwdwe233/art/2026/art_7d7a9243558848b9bad5db2654932290.html,2026-07-07,miit_gov,proposed,high,纯电动多用途乘用车,passenger_vehicle,suv_mpv,in_scope,,,0,0,1,0,0
409:EQ6530AB5F2PHEV,409:EQ6530AB5F2PHEV:proposed,409,EQ6530AB5F2PHEV,岚图,东风汽车集团有限公司,插电式混合动力多用途乘用车,岚图梦想家9,https://www.miit.gov.cn/datainfo/dljdclscqyjcpgg/xcpgs409dwdwe233/art/2026/art_25953695530241129e22bbee9e320e9a.html,2026-07-07,miit_gov,proposed,high,插电式混合动力多用途乘用车,passenger_vehicle,suv_mpv,in_scope,,,1,0,1,0,1
409:LXA6524BEVW01,409:LXA6524BEVW01:proposed,409,LXA6524BEVW01,理想,北京理想汽车有限公司,纯电动多用途乘用车,,https://www.miit.gov.cn/datainfo/dljdclscqyjcpgg/xcpgs409dwdwe233/art/2026/art_9b8b6dfbbe64433f83d47df3cf25a1b5.html,2026-07-07,miit_gov,proposed,high,纯电动多用途乘用车,passenger_vehicle,suv_mpv,in_scope,,,0,0,1,0,0
409:LXA6524BEVW02,409:LXA6524BEVW02:proposed,409,LXA6524BEVW02,理想,北京理想汽车有限公司,纯电动多用途乘用车,,https://www.miit.gov.cn/datainfo/dljdclscqyjcpgg/xcpgs409dwdwe233/art/2026/art_bb66c4260b774054bafc48d3450ffad7.html,2026-07-07,miit_gov,proposed,high,纯电动多用途乘用车,passenger_vehicle,suv_mpv,in_scope,,,0,0,1,0,0
409:NEQ6460REEVS59DA,409:NEQ6460REEVS59DA:proposed,409,NEQ6460REEVS59DA,爱咖,奇瑞新能源汽车股份有限公司,插电式增程混合动力多用途乘用车,V25,https://www.miit.gov.cn/datainfo/dljdclscqyjcpgg/xcpgs409dwdwe233/art/2026/art_56a0536dc68f4072ad4778e6509b4f5d.html,2026-07-07,miit_gov,proposed,high,插电式增程混合动力多用途乘用车,passenger_vehicle,suv_mpv,in_scope,,,1,0,1,0,1
409:NEQ6460REEVS59DB,409:NEQ6460REEVS59DB:proposed,409,NEQ6460REEVS59DB,爱咖,奇瑞新能源汽车股份有限公司,插电式增程混合动力多用途乘用车,V25,https://www.miit.gov.cn/datainfo/dljdclscqyjcpgg/xcpgs409dwdwe233/art/2026/art_dcb3afb7d09a4f81a48852df625a47b6.html,2026-07-07,miit_gov,proposed,high,插电式增程混合动力多用途乘用车,passenger_vehicle,suv_mpv,in_scope,,,1,0,1,0,1
409:NHQ6510BEVRD,409:NHQ6510BEVRD:proposed,409,NHQ6510BEVRD,小鹏,肇庆小鹏新能源投资有限公司,纯电动多用途乘用车,,https://www.miit.gov.cn/datainfo/dljdclscqyjcpgg/xcpgs409dwdwe233/art/2026/art_ea0e33fa5d124e2dbf62a4b7a69fe74d.html,2026-07-07,miit_gov,proposed,high,纯电动多用途乘用车,passenger_vehicle,suv_mpv,in_scope,,,0,0,1,0,0
409:QCJ103044HEV61,409:QCJ103044HEV61:proposed,409,QCJ103044HEV61,方程豹,比亚迪汽车工业有限公司,插电式混合动力多用途货车,,https://www.miit.gov.cn/datainfo/dljdclscqyjcpgg/xcpgs409dwdwe233/art/2026/art_2099e398ce2845608897bb49db60f332.html,2026-07-07,miit_gov,proposed,high,插电式混合动力多用途货车,passenger_vehicle,suv_mpv,in_scope,,,1,0,1,0,1
409:QCJ6460AHBEV11,409:QCJ6460AHBEV11:proposed,409,QCJ6460AHBEV11,方程豹,比亚迪汽车有限公司,纯电动多用途乘用车,,https://www.miit.gov.cn/datainfo/dljdclscqyjcpgg/xcpgs409dwdwe233/art/2026/art_5ff601e31829445eb568e360b6fbbdc4.html,2026-07-07,miit_gov,proposed,high,纯电动多用途乘用车,passenger_vehicle,suv_mpv,in_scope,,,0,0,1,0,0
409:QCJ6500BG6HEV13,409:QCJ6500BG6HEV13:proposed,409,QCJ6500BG6HEV13,方程豹,比亚迪汽车工业有限公司,插电式混合动力多用途乘用车,方程豹钛7,https://www.miit.gov.cn/datainfo/dljdclscqyjcpgg/xcpgs409dwdwe233/art/2026/art_076fcb4f7b364f4eb111f205f9e0d7c7.html,2026-07-07,miit_gov,proposed,high,插电式混合动力多用途乘用车,passenger_vehicle,suv_mpv,in_scope,,,1,0,1,0,1
409:QCJ6500BG6HEV14,409:QCJ6500BG6HEV14:proposed,409,QCJ6500BG6HEV14,方程豹,比亚迪汽车工业有限公司,插电式混合动力多用途乘用车,方程豹钛7,https://www.miit.gov.cn/datainfo/dljdclscqyjcpgg/xcpgs409dwdwe233/art/2026/art_536055b5f53e4899805e7b02c3992d1c.html,2026-07-07,miit_gov,proposed,high,插电式混合动力多用途乘用车,passenger_vehicle,suv_mpv,in_scope,,,1,0,1,0,1
409:QCJ6500BG6HEV15,409:QCJ6500BG6HEV15:proposed,409,QCJ6500BG6HEV15,方程豹,比亚迪汽车工业有限公司,插电式混合动力多用途乘用车,方程豹钛7,https://www.miit.gov.cn/datainfo/dljdclscqyjcpgg/xcpgs409dwdwe233/art/2026/art_ed652ab93e074e49839d02979be30653.html,2026-07-07,miit_gov,proposed,high,插电式混合动力多用途乘用车,passenger_vehicle,suv_mpv,in_scope,,,1,0,1,0,1
409:QCJ6500BG6HEV16,409:QCJ6500BG6HEV16:proposed,409,QCJ6500BG6HEV16,方程豹,比亚迪汽车工业有限公司,插电式混合动力多用途乘用车,方程豹钛7,https://www.miit.gov.cn/datainfo/dljdclscqyjcpgg/xcpgs409dwdwe233/art/2026/art_559d6ccec12f4bf390e03027826a7ba0.html,2026-07-07,miit_gov,proposed,high,插电式混合动力多用途乘用车,passenger_vehicle,suv_mpv,in_scope,,,1,0,1,0,1
409:QCJ6520APBEV1,409:QCJ6520APBEV1:proposed,409,QCJ6520APBEV1,腾势,比亚迪汽车工业有限公司,纯电动多用途乘用车,,https://www.miit.gov.cn/datainfo/dljdclscqyjcpgg/xcpgs409dwdwe233/art/2026/art_4938a90b458145b1843aff2bdef940dc.html,2026-07-07,miit_gov,proposed,high,纯电动多用途乘用车,passenger_vehicle,suv_mpv,in_scope,,,0,0,1,0,0
409:QCJ6520BUBEV1,409:QCJ6520BUBEV1:proposed,409,QCJ6520BUBEV1,腾势,比亚迪汽车工业有限公司,纯电动多用途乘用车,,https://www.miit.gov.cn/datainfo/dljdclscqyjcpgg/xcpgs409dwdwe233/art/2026/art_92c0a16484f64364a8fee80cb4549948.html,2026-07-07,miit_gov,proposed,high,纯电动多用途乘用车,passenger_vehicle,suv_mpv,in_scope,,,0,0,1,0,0
409:QCJ6520BUBEV2,409:QCJ6520BUBEV2:proposed,409,QCJ6520BUBEV2,腾势,比亚迪汽车工业有限公司,纯电动多用途乘用车,,https://www.miit.gov.cn/datainfo/dljdclscqyjcpgg/xcpgs409dwdwe233/art/2026/art_6d47786f2bb043cd83d23afd56cb1cf8.html,2026-07-07,miit_gov,proposed,high,纯电动多用途乘用车,passenger_vehicle,suv_mpv,in_scope,,,0,0,1,0,0
409:QCJ6520BUBEV3,409:QCJ6520BUBEV3:proposed,409,QCJ6520BUBEV3,腾势,比亚迪汽车工业有限公司,纯电动多用途乘用车,,https://www.miit.gov.cn/datainfo/dljdclscqyjcpgg/xcpgs409dwdwe233/art/2026/art_3b17926cdac44781bf50cbc1badf009d.html,2026-07-07,miit_gov,proposed,high,纯电动多用途乘用车,passenger_vehicle,suv_mpv,in_scope,,,0,0,1,0,0
409:QCJ6520MT6HEV13,409:QCJ6520MT6HEV13:proposed,409,QCJ6520MT6HEV13,腾势,比亚迪汽车工业有限公司,插电式混合动力多用途乘用车,腾势D9,https://www.miit.gov.cn/datainfo/dljdclscqyjcpgg/xcpgs409dwdwe233/art/2026/art_fa3f58a4ad6c4c54bfb42bcf70804932.html,2026-07-07,miit_gov,proposed,high,插电式混合动力多用途乘用车,passenger_vehicle,suv_mpv,in_scope,,,1,0,1,0,1
409:QCJ6520MT6HEV14,409:QCJ6520MT6HEV14:proposed,409,QCJ6520MT6HEV14,腾势,比亚迪汽车工业有限公司,插电式混合动力多用途乘用车,腾势D9,https://www.miit.gov.cn/datainfo/dljdclscqyjcpgg/xcpgs409dwdwe233/art/2026/art_e043a6e628b74495bf86338d56eb0b38.html,2026-07-07,miit_gov,proposed,high,插电式混合动力多用途乘用车,passenger_vehicle,suv_mpv,in_scope,,,1,0,1,0,1
409:QCJ7000ANBEV3,409:QCJ7000ANBEV3:proposed,409,QCJ7000ANBEV3,腾势,比亚迪汽车工业有限公司,纯电动轿车,,https://www.miit.gov.cn/datainfo/dljdclscqyjcpgg/xcpgs409dwdwe233/art/2026/art_8525252598d04e9a9bc83df852c40107.html,2026-07-07,miit_gov,proposed,high,纯电动轿车,passenger_vehicle,sedan,in_scope,,,0,0,1,0,0
409:QCJ7000ANBEV4,409:QCJ7000ANBEV4:proposed,409,QCJ7000ANBEV4,腾势,比亚迪汽车工业有限公司,纯电动轿车,,https://www.miit.gov.cn/datainfo/dljdclscqyjcpgg/xcpgs409dwdwe233/art/2026/art_8c9798c9bc4344898df249e63a1ee712.html,2026-07-07,miit_gov,proposed,high,纯电动轿车,passenger_vehicle,sedan,in_scope,,,0,0,1,0,0
409:SKE6501DREEVR1,409:SKE6501DREEVR1:proposed,409,SKE6501DREEVR1,问界,赛力斯汽车有限公司,插电式增程混合动力多用途乘用车,问界M6,https://www.miit.gov.cn/datainfo/dljdclscqyjcpgg/xcpgs409dwdwe233/art/2026/art_29087817fb6c442eb796e08445084db6.html,2026-07-07,miit_gov,proposed,high,插电式增程混合动力多用途乘用车,passenger_vehicle,suv_mpv,in_scope,,,1,0,1,0,1
409:SKE6501DREEVR2,409:SKE6501DREEVR2:proposed,409,SKE6501DREEVR2,问界,赛力斯汽车有限公司,插电式增程混合动力多用途乘用车,问界M6,https://www.miit.gov.cn/datainfo/dljdclscqyjcpgg/xcpgs409dwdwe233/art/2026/art_ec8b3f4be4bb4ce1883e140aa9c2bfae.html,2026-07-07,miit_gov,proposed,high,插电式增程混合动力多用途乘用车,passenger_vehicle,suv_mpv,in_scope,,,1,0,1,0,1
409:SKE6522DBEVA1F,409:SKE6522DBEVA1F:proposed,409,SKE6522DBEVA1F,问界,赛力斯汽车有限公司,纯电动多用途乘用车,,https://www.miit.gov.cn/datainfo/dljdclscqyjcpgg/xcpgs409dwdwe233/art/2026/art_b818b3f4fa64459881e32e06f3fa877c.html,2026-07-07,miit_gov,proposed,high,纯电动多用途乘用车,passenger_vehicle,suv_mpv,in_scope,,,0,0,1,0,0
409:SKE6522DBEVA2F,409:SKE6522DBEVA2F:proposed,409,SKE6522DBEVA2F,问界,赛力斯汽车有限公司,纯电动多用途乘用车,,https://www.miit.gov.cn/datainfo/dljdclscqyjcpgg/xcpgs409dwdwe233/art/2026/art_07563ab892224414881637f4b1072b79.html,2026-07-07,miit_gov,proposed,high,纯电动多用途乘用车,passenger_vehicle,suv_mpv,in_scope,,,0,0,1,0,0
409:SKE6522DREEVA1F,409:SKE6522DREEVA1F:proposed,409,SKE6522DREEVA1F,问界,赛力斯汽车有限公司,插电式增程混合动力多用途乘用车,问界M8,https://www.miit.gov.cn/datainfo/dljdclscqyjcpgg/xcpgs409dwdwe233/art/2026/art_4a80082dc7f947caa1cf0caa2246824f.html,2026-07-07,miit_gov,proposed,high,插电式增程混合动力多用途乘用车,passenger_vehicle,suv_mpv,in_scope,,,1,0,1,0,1
409:SKE6522DREEVA2F,409:SKE6522DREEVA2F:proposed,409,SKE6522DREEVA2F,问界,赛力斯汽车有限公司,插电式增程混合动力多用途乘用车,问界M8,https://www.miit.gov.cn/datainfo/dljdclscqyjcpgg/xcpgs409dwdwe233/art/2026/art_86396cf78a32469e9358508b186d382d.html,2026-07-07,miit_gov,proposed,high,插电式增程混合动力多用途乘用车,passenger_vehicle,suv_mpv,in_scope,,,1,0,1,0,1
409:SQR6500BEVEHY6,409:SQR6500BEVEHY6:proposed,409,SQR6500BEVEHY6,智界,奇瑞汽车股份有限公司,纯电动多用途乘用车,,https://www.miit.gov.cn/datainfo/dljdclscqyjcpgg/xcpgs409dwdwe233/art/2026/art_50bf9fa761684476b83f6edf9b4cb740.html,2026-07-07,miit_gov,proposed,high,纯电动多用途乘用车,passenger_vehicle,suv_mpv,in_scope,,,0,0,1,0,0
409:SQR6500BEVEHY7,409:SQR6500BEVEHY7:proposed,409,SQR6500BEVEHY7,智界,奇瑞汽车股份有限公司,纯电动多用途乘用车,,https://www.miit.gov.cn/datainfo/dljdclscqyjcpgg/xcpgs409dwdwe233/art/2026/art_aebebfc0935246cdba5f4a8e7524c35d.html,2026-07-07,miit_gov,proposed,high,纯电动多用途乘用车,passenger_vehicle,suv_mpv,in_scope,,,0,0,1,0,0
409:SQR6500BEVEHY8,409:SQR6500BEVEHY8:proposed,409,SQR6500BEVEHY8,智界,奇瑞汽车股份有限公司,纯电动多用途乘用车,,https://www.miit.gov.cn/datainfo/dljdclscqyjcpgg/xcpgs409dwdwe233/art/2026/art_db4347d40d964b79bc089a7f13e6e5ea.html,2026-07-07,miit_gov,proposed,high,纯电动多用途乘用车,passenger_vehicle,suv_mpv,in_scope,,,0,0,1,0,0
409:SQR6540REEVEHV3,409:SQR6540REEVEHV3:proposed,409,SQR6540REEVEHV3,智界,奇瑞汽车股份有限公司,插电式增程混合动力多用途乘用车,智界V9,https://www.miit.gov.cn/datainfo/dljdclscqyjcpgg/xcpgs409dwdwe233/art/2026/art_d6a9e2d504f54352a61eab652f64cf3d.html,2026-07-07,miit_gov,proposed,high,插电式增程混合动力多用途乘用车,passenger_vehicle,suv_mpv,in_scope,,,1,0,1,0,1
409:SQR6540REEVEHV4,409:SQR6540REEVEHV4:proposed,409,SQR6540REEVEHV4,智界,奇瑞汽车股份有限公司,插电式增程混合动力多用途乘用车,智界V9,https://www.miit.gov.cn/datainfo/dljdclscqyjcpgg/xcpgs409dwdwe233/art/2026/art_944726a7fce14546aa873b320351748b.html,2026-07-07,miit_gov,proposed,high,插电式增程混合动力多用途乘用车,passenger_vehicle,suv_mpv,in_scope,,,1,0,1,0,1
409:TSL6480BEVBA6,409:TSL6480BEVBA6:proposed,409,TSL6480BEVBA6,特斯拉,特斯拉(上海)有限公司,纯电动多用途乘用车,,https://www.miit.gov.cn/datainfo/dljdclscqyjcpgg/xcpgs409dwdwe233/art/2026/art_4e66dc767ce14240b643487557df7e09.html,2026-07-07,miit_gov,proposed,high,纯电动多用途乘用车,passenger_vehicle,suv_mpv,in_scope,,,0,0,1,0,0
409:XMA6500KREEVA1,409:XMA6500KREEVA1:proposed,409,XMA6500KREEVA1,小米,小米汽车科技有限公司,插电式增程混合动力多用途乘用车,小米澎程N70,https://www.miit.gov.cn/datainfo/dljdclscqyjcpgg/xcpgs409dwdwe233/art/2026/art_06448fd67cac42949e5a798e18b215f4.html,2026-07-07,miit_gov,proposed,high,插电式增程混合动力多用途乘用车,passenger_vehicle,suv_mpv,in_scope,,,1,0,1,0,1
409:XMA6500KREEVF3,409:XMA6500KREEVF3:proposed,409,XMA6500KREEVF3,小米,小米汽车科技有限公司,插电式增程混合动力多用途乘用车,小米澎程N70,https://www.miit.gov.cn/datainfo/dljdclscqyjcpgg/xcpgs409dwdwe233/art/2026/art_eaf4b300d9994266b8f78c00fdaad10e.html,2026-07-07,miit_gov,proposed,high,插电式增程混合动力多用途乘用车,passenger_vehicle,suv_mpv,in_scope,,,1,0,1,0,1
409:XMA6530KREEVA1,409:XMA6530KREEVA1:proposed,409,XMA6530KREEVA1,小米,小米汽车科技有限公司,插电式增程混合动力多用途乘用车,小米澎程N90,https://www.miit.gov.cn/datainfo/dljdclscqyjcpgg/xcpgs409dwdwe233/art/2026/art_ea7179cedb09467a9b7d2ce917685c49.html,2026-07-07,miit_gov,proposed,high,插电式增程混合动力多用途乘用车,passenger_vehicle,suv_mpv,in_scope,,,1,0,1,0,1
410:CC6530DC21HABEV,410:CC6530DC21HABEV:proposed,410,CC6530DC21HABEV,魏牌,长城汽车股份有限公司,纯电动多用途乘用车,魏牌V9X,https://www.miit.gov.cn/datainfo/dljdclscqyjcpgg/xcpgs410we24r34/art/2026/art_bec16bf0eca94f5cb439478a8e6e7974.html,2026-08-07,miit_gov,proposed,high,纯电动多用途乘用车,passenger_vehicle,suv_mpv,in_scope,,,0,0,1,0,0
410:CC6531BD24DHEV,410:CC6531BD24DHEV:proposed,410,CC6531BD24DHEV,魏牌,长城汽车股份有限公司,混合动力多用途乘用车,魏牌高山8,https://www.miit.gov.cn/datainfo/dljdclscqyjcpgg/xcpgs410we24r34/art/2026/art_bcc69920d53b416ca6e6b360a261d8e3.html,2026-08-07,miit_gov,proposed,high,混合动力多用途乘用车,passenger_vehicle,suv_mpv,in_scope,,,0,0,1,0,0
410:CC6542BD24CPHEV,410:CC6542BD24CPHEV:proposed,410,CC6542BD24CPHEV,魏牌,长城汽车股份有限公司,插电式混合动力多用途乘用车,魏牌高山9,https://www.miit.gov.cn/datainfo/dljdclscqyjcpgg/xcpgs410we24r34/art/2026/art_2e85c932d245429fb1a7d67e8b740618.html,2026-08-07,miit_gov,proposed,high,插电式混合动力多用途乘用车,passenger_vehicle,suv_mpv,in_scope,,,0,0,1,0,0
410:EQ6500MS5F0REEV,410:EQ6500MS5F0REEV:proposed,410,EQ6500MS5F0REEV,猛士,东风汽车集团有限公司,插电式增程混合动力运动型乘用车,X700,https://www.miit.gov.cn/datainfo/dljdclscqyjcpgg/xcpgs410we24r34/art/2026/art_254c872519a54a3b9c19ead149069de3.html,2026-08-07,miit_gov,proposed,high,插电式增程混合动力运动型乘用车,passenger_vehicle,suv_mpv,in_scope,,,1,0,1,0,1
410:EQ6500MS5F3PHEV,410:EQ6500MS5F3PHEV:proposed,410,EQ6500MS5F3PHEV,猛士,东风汽车集团有限公司,插电式混合动力运动型乘用车,X700,https://www.miit.gov.cn/datainfo/dljdclscqyjcpgg/xcpgs410we24r34/art/2026/art_853403e734f24c2b87d3bae217f49f52.html,2026-08-07,miit_gov,proposed,high,插电式混合动力运动型乘用车,passenger_vehicle,suv_mpv,in_scope,,,1,0,1,0,1
410:FZ7000BEVB05J,410:FZ7000BEVB05J:proposed,410,FZ7000BEVB05J,零跑,零跑汽车有限公司,纯电动轿车,零跑B01,https://www.miit.gov.cn/datainfo/dljdclscqyjcpgg/xcpgs410we24r34/art/2026/art_add19c1214d4481e858b394210b323d9.html,2026-08-07,miit_gov,proposed,high,纯电动轿车,passenger_vehicle,sedan,in_scope,,,0,0,1,0,0
410:FZ7000BEVB05K,410:FZ7000BEVB05K:proposed,410,FZ7000BEVB05K,零跑,零跑汽车有限公司,纯电动轿车,零跑B01,https://www.miit.gov.cn/datainfo/dljdclscqyjcpgg/xcpgs410we24r34/art/2026/art_224125efb5314762aa93b13cced8496d.html,2026-08-07,miit_gov,proposed,high,纯电动轿车,passenger_vehicle,sedan,in_scope,,,0,0,1,0,0
410:FZ7000BEVB05L,410:FZ7000BEVB05L:proposed,410,FZ7000BEVB05L,零跑,零跑汽车有限公司,纯电动轿车,零跑B01,https://www.miit.gov.cn/datainfo/dljdclscqyjcpgg/xcpgs410we24r34/art/2026/art_3a0be75e1f584d1db7febeb2901e9bcd.html,2026-08-07,miit_gov,proposed,high,纯电动轿车,passenger_vehicle,sedan,in_scope,,,0,0,1,0,0
410:MR7156D100,410:MR7156D100:proposed,410,MR7156D100,领克,浙江吉利汽车有限公司,轿车,领克03,https://www.miit.gov.cn/datainfo/dljdclscqyjcpgg/xcpgs410we24r34/art/2026/art_975bdf395d4b4f61ae266141549816b8.html,2026-08-07,miit_gov,proposed,high,轿车,passenger_vehicle,sedan,in_scope,,,0,0,1,0,0
410:NEQ6510REEVS5DL,410:NEQ6510REEVS5DL:proposed,410,NEQ6510REEVS5DL,爱咖,奇瑞新能源汽车股份有限公司,插电式增程混合动力多用途乘用车,iCar V27 Max,https://www.miit.gov.cn/datainfo/dljdclscqyjcpgg/xcpgs410we24r34/art/2026/art_3209702578dc4a91971547df5d6f3811.html,2026-08-07,miit_gov,proposed,high,插电式增程混合动力多用途乘用车,passenger_vehicle,suv_mpv,in_scope,,,0,0,1,0,0
410:SKE6522DBEVR1,410:SKE6522DBEVR1:proposed,410,SKE6522DBEVR1,问界,赛力斯汽车有限公司,纯电动多用途乘用车,,https://www.miit.gov.cn/datainfo/dljdclscqyjcpgg/xcpgs410we24r34/art/2026/art_ebc3be46701e4554b83f95fecb556378.html,2026-08-07,miit_gov,proposed,high,纯电动多用途乘用车,passenger_vehicle,suv_mpv,in_scope,,,0,0,1,0,0
410:SKE6522DBEVR2,410:SKE6522DBEVR2:proposed,410,SKE6522DBEVR2,问界,赛力斯汽车有限公司,纯电动多用途乘用车,,https://www.miit.gov.cn/datainfo/dljdclscqyjcpgg/xcpgs410we24r34/art/2026/art_cd4bf9adab8b4d8cb326c42bc6cae8d1.html,2026-08-07,miit_gov,proposed,high,纯电动多用途乘用车,passenger_vehicle,suv_mpv,in_scope,,,0,0,1,0,0
410:SKE6522DREEVR1,410:SKE6522DREEVR1:proposed,410,SKE6522DREEVR1,问界,赛力斯汽车有限公司,插电式增程混合动力多用途乘用车,问界M8,https://www.miit.gov.cn/datainfo/dljdclscqyjcpgg/xcpgs410we24r34/art/2026/art_a30bfac4679f4aeb8e3de839f47cb60c.html,2026-08-07,miit_gov,proposed,high,插电式增程混合动力多用途乘用车,passenger_vehicle,suv_mpv,in_scope,,,1,0,1,0,1
410:SKE6522DREEVR2,410:SKE6522DREEVR2:proposed,410,SKE6522DREEVR2,问界,赛力斯汽车有限公司,插电式增程混合动力多用途乘用车,问界M8,https://www.miit.gov.cn/datainfo/dljdclscqyjcpgg/xcpgs410we24r34/art/2026/art_26ecf893623f4d17901998c8d4819bb9.html,2026-08-07,miit_gov,proposed,high,插电式增程混合动力多用途乘用车,passenger_vehicle,suv_mpv,in_scope,,,1,0,1,0,1
410:SQR6500BEVEHX6,410:SQR6500BEVEHX6:proposed,410,SQR6500BEVEHX6,智界,奇瑞汽车股份有限公司,纯电动多用途乘用车,智界RX,https://www.miit.gov.cn/datainfo/dljdclscqyjcpgg/xcpgs410we24r34/art/2026/art_f77b3c33bab14590b22402c1432f379c.html,2026-08-07,miit_gov,proposed,high,纯电动多用途乘用车,passenger_vehicle,suv_mpv,in_scope,,,0,0,1,0,0
410:SQR6500BEVEHX7,410:SQR6500BEVEHX7:proposed,410,SQR6500BEVEHX7,智界,奇瑞汽车股份有限公司,纯电动多用途乘用车,智界RX,https://www.miit.gov.cn/datainfo/dljdclscqyjcpgg/xcpgs410we24r34/art/2026/art_dec9a5ac5e214f289a3e882c4bd1decd.html,2026-08-07,miit_gov,proposed,high,纯电动多用途乘用车,passenger_vehicle,suv_mpv,in_scope,,,0,0,1,0,0
410:SQR6500BEVEHY9,410:SQR6500BEVEHY9:proposed,410,SQR6500BEVEHY9,智界,奇瑞汽车股份有限公司,纯电动多用途乘用车,智界R7,https://www.miit.gov.cn/datainfo/dljdclscqyjcpgg/xcpgs410we24r34/art/2026/art_5f6dad29d23a4cd3a73a08f786ccd25b.html,2026-08-07,miit_gov,proposed,high,纯电动多用途乘用车,passenger_vehicle,suv_mpv,in_scope,,,0,0,1,0,0
