vehicle_record_id,observation_id,batch_no,model_code,brand,common_name,energy_type,source,stage,record_quality,source_vehicle_type,vehicle_category,vehicle_subcategory,analysis_scope,catalog_no,source_section,length_mm,width_mm,height_mm,wheelbase_mm,curb_weight_kg,curb_weight_num,battery_capacity_kwh,battery_capacity_num,battery_mass_kg,battery_mass_num,ev_range_km,ev_range_num,battery_type,battery_chemistry,battery_chemistry_cn,motor_power_kw,motor_count,motor_total_peak_kw,single_multi_motor,cell_supplier,pack_supplier,cell_supplier_group,pack_supplier_group,vertical_integration_flag,range_extender,seat_count,approx_energy_consumption_kwh_100km,battery_energy_density_wh_kg,km_per_kwh,battery_mass_ratio_pct,variant_count,vehicle_tax_match_flag,purchase_tax_match_flag,metric_scope,source_detail,source_tax
401:AFN6490,401:AFN6490:confirmed,401,AFN6490,奥迪,Q6L,纯电动,eidc,confirmed,high,纯电动多用途乘用车,passenger_vehicle,suv_mpv,in_scope,218,一、汽车生产企业,,,,,2393,2393.0,95.0,95.0,663,663.0,677,677.0,,,,,,,,,,,,,,,14.0,143.3,7.13,27.7,1,0,1,全数据,,纯电动汽车
401:AFN7000,401:AFN7000:confirmed,401,AFN7000,奥迪,A6L,纯电动,eidc,confirmed,high,纯电动轿车,passenger_vehicle,sedan,in_scope,218,一、汽车生产企业,,,,,2300,2300.0,106.7,106.7,617,617.0,815,815.0,,,,,,,,,,,,,,,13.1,172.9,7.64,26.8,1,0,1,全数据,,纯电动汽车
401:AHC6470,401:AHC6470:confirmed,401,AHC6470,埃安(AION),i60,纯电动,eidc,confirmed,high,纯电动多用途乘用车,passenger_vehicle,suv_mpv,in_scope,216,一、汽车生产企业,,,,,1900,1900.0,75.26,75.26,518,518.0,650,650.0,,,,,,,,,,,,,,,11.6,145.3,8.64,27.3,1,0,1,全数据,,纯电动汽车
401:AKP5220X,401:AKP5220X:confirmed,401,AKP5220X,科摩多龙,,,eidc,confirmed,high,旅居车,passenger_vehicle,suv_mpv,in_scope,(二十二)65,一、汽车生产企业,,,,,,,,,,,,,,,,,,,,,,,,,,,,,,,1,0,0,数据缺失,,
401:ANK5130X,401:ANK5130X:confirmed,401,ANK5130X,阿诺科图,,,eidc,confirmed,high,旅居车,passenger_vehicle,suv_mpv,in_scope,(十九)113,一、汽车生产企业,,,,,,,,,,,,,,,,,,,,,,,,,,,,,,,1,0,0,数据缺失,,
401:AYZ5040X,401:AYZ5040X:confirmed,401,AYZ5040X,皓旅,,插电式混合动力,eidc,confirmed,high,插电式增程混合动力旅居车,passenger_vehicle,suv_mpv,in_scope,(十)214,一、汽车生产企业,,,,,3592,3592.0,43.47,43.47,347,347.0,150,150.0,,,,,,,,,,,,,,,29.0,125.3,3.45,9.7,1,0,1,全数据,,插电式混合动力汽车
401:BAW1031,401:BAW1031:confirmed,401,BAW1031,二一二,,,eidc,confirmed,high,多用途货车,passenger_vehicle,suv_mpv,in_scope,9,一、汽车生产企业,,,,,,,,,,,,,,,,,,,,,,,,,,,,,,,1,0,0,数据缺失,,
401:BAW2033,401:BAW2033:confirmed,401,BAW2033,二一二,,,eidc,confirmed,high,越野乘用车,passenger_vehicle,suv_mpv,in_scope,9,一、汽车生产企业,,,,,,,,,,,,,,,,,,,,,,,,,,,,,,,1,0,0,数据缺失,,
401:BAW6521,401:BAW6521:confirmed,401,BAW6521,锐胜,锐胜王牌E-M7,纯电动,eidc,confirmed,high,多用途乘用车,passenger_vehicle,suv_mpv,in_scope,9,一、汽车生产企业,,,,,2093,2093.0,54.03,54.03,415,415.0,350,350.0,,,,,,,,,,,,,,,15.4,130.2,6.48,19.8,1,0,1,全数据,,纯电动汽车
401:BAW6530,401:BAW6530:confirmed,401,BAW6530,锐胜,锐胜M8,纯电动,eidc,confirmed,high,换电式纯电动多用途乘用车,passenger_vehicle,suv_mpv,in_scope,9,一、汽车生产企业,,,,,2312,2312.0,71.36,71.36,413±12,413.0,420,420.0,,,,,,,,,,,,,,,17.0,172.8,5.89,17.9,1,0,1,全数据,,纯电动汽车
401:BJ7001,401:BJ7001:confirmed,401,BJ7001,极狐(ARCFOX),αS6 HI,纯电动,eidc,confirmed,high,纯电动轿车,passenger_vehicle,sedan,in_scope,45,一、汽车生产企业,,,,,2115,2115.0,74.5,74.5,430,430.0,482,482.0,,,,,,,,,,,,,,,15.5,173.3,6.47,20.3,1,0,1,全数据,,纯电动汽车
401:BYD6476,401:BYD6476:confirmed,401,BYD6476,比亚迪,比亚迪宋pro,插电式混合动力,eidc,confirmed,high,插电式混合动力多用途乘用车,passenger_vehicle,suv_mpv,in_scope,79,一、汽车生产企业,,,,,1750,1750.0,26.628,26.628,215,215.0,150,150.0,,,,,,,,,,,,,,,17.8,123.9,5.63,12.3,1,1,1,全数据,,插电式混合动力乘用车
401:BYD6490,401:BYD6490:confirmed,401,BYD6490,比亚迪,,插电式混合动力,eidc,confirmed,high,插电式混合动力多用途乘用车,passenger_vehicle,suv_mpv,in_scope,79,一、汽车生产企业,,,,,,,,,,,,,,,,,,,,,,,,,,,,,,,1,0,0,非纯电车型（tax hit=0 pur hit=0）,,
401:BYD7150,401:BYD7150:confirmed,401,BYD7150,比亚迪,比亚迪海豹06,插电式混合动力,eidc,confirmed,high,插电式混合动力轿车,passenger_vehicle,sedan,in_scope,79,一、汽车生产企业,,,,,1750,1750.0,25.287,25.287,195,195.0,155,155.0,,,,,,,,,,,,,,,16.3,129.7,6.13,11.1,1,1,1,全数据,,插电式混合动力乘用车
401:BYD7151,401:BYD7151:confirmed,401,BYD7151,比亚迪,比亚迪海豹07,插电式混合动力,eidc,confirmed,high,插电式混合动力轿车,passenger_vehicle,sedan,in_scope,79,一、汽车生产企业,,,,,1850,1850.0,17.615,17.615,175,175.0,110,110.0,,,,,,,,,,,,,,,16.0,100.7,6.24,9.5,1,1,1,全数据,,插电式混合动力乘用车
401:BYD7153,401:BYD7153:confirmed,401,BYD7153,比亚迪,比亚迪秦L,插电式混合动力,eidc,confirmed,high,插电式混合动力轿车,passenger_vehicle,sedan,in_scope,79,一、汽车生产企业,,,,,1720,1720.0,15.874,15.874,160,160.0,100,100.0,,,,,,,,,,,,,,,15.9,99.2,6.3,9.3,1,1,1,全数据,,插电式混合动力乘用车
401:BYD7155,401:BYD7155:confirmed,401,BYD7155,比亚迪,比亚迪秦PLUS,插电式混合动力,eidc,confirmed,high,插电式混合动力轿车,passenger_vehicle,sedan,in_scope,79,一、汽车生产企业,,,,,1580,1580.0,25.287,25.287,195,195.0,155,155.0,,,,,,,,,,,,,,,16.3,129.7,6.13,12.3,1,1,1,全数据,,插电式混合动力乘用车
401:BYD7156,401:BYD7156:confirmed,401,BYD7156,比亚迪,比亚迪海豹05,插电式混合动力,eidc,confirmed,high,插电式混合动力轿车,passenger_vehicle,sedan,in_scope,79,一、汽车生产企业,,,,,1580,1580.0,25.287,25.287,195,195.0,155,155.0,,,,,,,,,,,,,,,16.3,129.7,6.13,12.3,1,1,1,全数据,,插电式混合动力乘用车
401:BZL5032X,401:BZL5032X:confirmed,401,BZL5032X,京龙,,,eidc,confirmed,high,旅居车,passenger_vehicle,suv_mpv,in_scope,(三)145,一、汽车生产企业,,,,,,,,,,,,,,,,,,,,,,,,,,,,,,,1,0,0,数据缺失,,
401:BZL5033X,401:BZL5033X:confirmed,401,BZL5033X,京龙,,,eidc,confirmed,high,旅居车,passenger_vehicle,suv_mpv,in_scope,(三)145,一、汽车生产企业,,,,,,,,,,,,,,,,,,,,,,,,,,,,,,,1,0,0,数据缺失,,
401:CA6482,401:CA6482:confirmed,401,CA6482,红旗,天工06,纯电动,eidc,confirmed,high,纯电动多用途乘用车,passenger_vehicle,suv_mpv,in_scope,1,一、汽车生产企业,,,,,2080,2080.0,74.6（1/3C）/72.5（1C）,74.6,546,546.0,610,610.0,,,,,,,,,,,,,,,12.2,136.6,8.18,26.2,1,0,1,全数据,,纯电动汽车
401:CA7009,401:CA7009:confirmed,401,CA7009,一汽,悦意08,纯电动,eidc,confirmed,high,纯电动轿车,passenger_vehicle,sedan,in_scope,1,一、汽车生产企业,,,,,1740,1740.0,59.04,59.04,416,416.0,565,565.0,,,,,,,,,,,,,,,10.4,141.9,9.57,23.9,1,0,1,全数据,,纯电动汽车
401:CAA5071X,401:CAA5071X:confirmed,401,CAA5071X,同锐通,,插电式混合动力,eidc,confirmed,high,插电式混合动力旅居车,passenger_vehicle,suv_mpv,in_scope,(十七)186,一、汽车生产企业,,,,,,,,,,,,,,,,,,,,,,,,,,,,,,,1,0,0,非纯电车型（tax hit=0 pur hit=0）,,
401:CC6430,401:CC6430:confirmed,401,CC6430,欧拉,欧拉好猫,纯电动,eidc,confirmed,high,纯电动多用途乘用车,passenger_vehicle,suv_mpv,in_scope,15,一、汽车生产企业,,,,,1570/1600,1570.0,45.9,45.9,378,378.0,430,430.0,,,,,,,,,,,,,,,10.7,121.4,9.37,24.1,1,0,1,全数据,,纯电动汽车
401:CC6470,401:CC6470:confirmed,401,CC6470,哈弗,哈弗大狗PLUS,插电式混合动力,eidc,confirmed,high,插电式混合动力多用途乘用车,passenger_vehicle,suv_mpv,in_scope,15,一、汽车生产企业,,,,,2130,2130.0,35.43,35.43,228,228.0,151,151.0,,,,,,,,,,,,,,,23.5,155.4,4.26,10.7,1,1,1,全数据,,插电式混合动力乘用车
401:CC6480,401:CC6480:confirmed,401,CC6480,哈弗,哈弗枭龙MAX,插电式混合动力,eidc,confirmed,high,插电式混合动力多用途乘用车,passenger_vehicle,suv_mpv,in_scope,15,一、汽车生产企业,,,,,2050,2050.0,35.43,35.43,228,228.0,160,160.0,,,,,,,,,,,,,,,22.1,155.4,4.52,11.1,1,1,1,全数据,,插电式混合动力乘用车
401:CFC5030X,401:CFC5030X:confirmed,401,CFC5030X,长沣,,插电式混合动力,eidc,confirmed,high,插电式混合动力旅居车,passenger_vehicle,suv_mpv,in_scope,(十七)256,一、汽车生产企业,,,,,3150/2980,3150.0,32.855,32.855,207±6,207.0,109,109.0,,,,,,,,,,,,,,,30.1,158.7,3.32,6.6,1,0,1,全数据,,插电式混合动力汽车
401:CSZ5032X,401:CSZ5032X:confirmed,401,CSZ5032X,华东,,,eidc,confirmed,high,旅居车,passenger_vehicle,suv_mpv,in_scope,(十)36,一、汽车生产企业,,,,,,,,,,,,,,,,,,,,,,,,,,,,,,,1,0,0,数据缺失,,
401:DD1033,401:DD1033:confirmed,401,DD1033,黄海,,,eidc,confirmed,high,多用途货车,passenger_vehicle,suv_mpv,in_scope,29,一、汽车生产企业,,,,,,,,,,,,,,,,,,,,,,,,,,,,,,,1,0,0,数据缺失,,
401:DFL7162,401:DFL7162:confirmed,401,DFL7162,东风日产,,,eidc,confirmed,high,轿车,passenger_vehicle,sedan,in_scope,3,一、汽车生产企业,,,,,,,,,,,,,,,,,,,,,,,,,,,,,,,1,0,0,数据缺失,,
401:DFM6473,401:DFM6473:confirmed,401,DFM6473,东风,风神L7,纯电动,eidc,confirmed,high,纯电动多用途乘用车,passenger_vehicle,suv_mpv,in_scope,3,一、汽车生产企业,,,,,1770,1770.0,30.32,30.32,243,243.0,167,167.0,,,,,,,,,,,,,,,18.2,124.8,5.51,13.7,1,1,1,全数据,,插电式混合动力乘用车
401:DFM6480,401:DFM6480:confirmed,401,DFM6480,东风,风神L8,插电式混合动力,eidc,confirmed,high,插电式混合动力多用途乘用车,passenger_vehicle,suv_mpv,in_scope,3,一、汽车生产企业,,,,,1925,1925.0,27.01,27.01,225,225.0,125,125.0,,,,,,,,,,,,,,,21.6,120.0,4.63,11.7,1,1,1,全数据,,插电式混合动力乘用车
401:DFM7000,401:DFM7000:confirmed,401,DFM7000,东风,,纯电动,eidc,confirmed,high,纯电动轿车,passenger_vehicle,sedan,in_scope,3,一、汽车生产企业,,,,,,,,,,,,,,,,,,,,,,,,,,,,,,,1,0,0,数据缺失,,
401:DJV5030X,401:DJV5030X:confirmed,401,DJV5030X,东嘉加乐,,,eidc,confirmed,high,旅居车,passenger_vehicle,suv_mpv,in_scope,(二十二)68,一、汽车生产企业,,,,,,,,,,,,,,,,,,,,,,,,,,,,,,,1,0,0,数据缺失,,
401:DXK6481,401:DXK6481:confirmed,401,DXK6481,赛力斯蓝电,蓝电E5 PLUS,插电式混合动力,eidc,confirmed,high,插电式混合动力多用途乘用车,passenger_vehicle,suv_mpv,in_scope,3,一、汽车生产企业,,,,,2000,2000.0,25.039,25.039,211±6.3,211.0,110,110.0,,,,,,,,,,,,,,,22.8,118.7,4.39,10.5,1,1,1,全数据,,插电式混合动力乘用车
401:DXK6510,401:DXK6510:confirmed,401,DXK6510,瑞驰,瑞驰 EC75,纯电动,eidc,confirmed,high,纯电动多用途乘用车,passenger_vehicle,suv_mpv,in_scope,3,一、汽车生产企业,,,,,1895,1895.0,50.18,50.18,352,352.0,353,353.0,,,,,,,,,,,,,,,14.2,142.6,7.03,18.6,1,0,1,全数据,,纯电动汽车
401:DXK6520,401:DXK6520:confirmed,401,DXK6520,瑞驰,瑞驰 R5,纯电动,eidc,confirmed,high,纯电动多用途乘用车,passenger_vehicle,suv_mpv,in_scope,3,一、汽车生产企业,,,,,1895,1895.0,50.18,50.18,352,352.0,353,353.0,,,,,,,,,,,,,,,14.2,142.6,7.03,18.6,1,0,1,全数据,,纯电动汽车
401:DXM5100X,401:DXM5100X:confirmed,401,DXM5100X,曼恩拓,,,eidc,confirmed,high,旅居车,passenger_vehicle,suv_mpv,in_scope,(六)101,一、汽车生产企业,,,,,,,,,,,,,,,,,,,,,,,,,,,,,,,1,0,0,数据缺失,,
401:EZW5081X,401:EZW5081X:confirmed,401,EZW5081X,楚韵,,,eidc,confirmed,high,旅居车,passenger_vehicle,suv_mpv,in_scope,(十七)123,一、汽车生产企业,,,,,,,,,,,,,,,,,,,,,,,,,,,,,,,1,0,0,数据缺失,,
401:FHA5062X,401:FHA5062X:confirmed,401,FHA5062X,景飞,,,eidc,confirmed,high,旅居车,passenger_vehicle,suv_mpv,in_scope,(九)50,一、汽车生产企业,,,,,,,,,,,,,,,,,,,,,,,,,,,,,,,1,0,0,数据缺失,,
401:GAT5041X,401:GAT5041X:confirmed,401,GAT5041X,柯铃通,,,eidc,confirmed,high,旅居车,passenger_vehicle,suv_mpv,in_scope,(十六)170,一、汽车生产企业,,,,,,,,,,,,,,,,,,,,,,,,,,,,,,,1,0,0,数据缺失,,
401:GAT5042X,401:GAT5042X:confirmed,401,GAT5042X,柯铃通,,,eidc,confirmed,high,旅居车,passenger_vehicle,suv_mpv,in_scope,(十六)170,一、汽车生产企业,,,,,,,,,,,,,,,,,,,,,,,,,,,,,,,1,0,0,数据缺失,,
401:GXC5060X,401:GXC5060X:confirmed,401,GXC5060X,歌睿途,,插电式增程混合动力,eidc,confirmed,high,插电式增程混合动力旅居车,passenger_vehicle,suv_mpv,in_scope,(十六)143,一、汽车生产企业,,,,,,,,,,,,,,,,,,,,,,,,,,,,,,,1,0,0,非纯电车型（tax hit=0 pur hit=0）,,
401:HQ6431,401:HQ6431:confirmed,401,HQ6431,精灵(smart),精灵#1,纯电动,eidc,confirmed,high,纯电动多用途乘用车,passenger_vehicle,suv_mpv,in_scope,52,一、汽车生产企业,,,,,1790,1790.0,49,49.0,409.5,409.5,410,410.0,,,,,,,,,,,,,,,12.0,119.7,8.37,22.9,1,0,1,全数据,,纯电动汽车
401:HQ6472,401:HQ6472:confirmed,401,HQ6472,吉利,银河星舰7,插电式混合动力,eidc,confirmed,high,插电式混合动力运动型乘用车,passenger_vehicle,suv_mpv,in_scope,52,一、汽车生产企业,,,,,1738,1738.0,19.09,19.09,178,178.0,101/105,101.0,,,,,,,,,,,,,,,18.9,107.2,5.29,10.2,1,1,1,全数据,,插电式混合动力乘用车
401:HRD5060X,401:HRD5060X:confirmed,401,HRD5060X,恒诚睿德,,,eidc,confirmed,high,旅居车,passenger_vehicle,suv_mpv,in_scope,(十七)258,一、汽车生产企业,,,,,,,,,,,,,,,,,,,,,,,,,,,,,,,1,0,0,数据缺失,,
401:HTL5041X,401:HTL5041X:confirmed,401,HTL5041X,聊工,,,eidc,confirmed,high,旅居车,passenger_vehicle,suv_mpv,in_scope,(十五)225,一、汽车生产企业,,,,,,,,,,,,,,,,,,,,,,,,,,,,,,,1,0,0,数据缺失,,
401:JBG5061X,401:JBG5061X:confirmed,401,JBG5061X,新星房车,,,eidc,confirmed,high,旅居车,passenger_vehicle,suv_mpv,in_scope,(十)146,一、汽车生产企业,,,,,,,,,,,,,,,,,,,,,,,,,,,,,,,1,0,0,数据缺失,,
401:JHC6547,401:JHC6547:confirmed,401,JHC6547,远程,远程V8E,纯电动,eidc,confirmed,high,纯电动多用途乘用车,passenger_vehicle,suv_mpv,in_scope,25,一、汽车生产企业,,,,,1990/2000/2035,1990.0,66.67332,66.67332,479,479.0,455,455.0,,,,,,,,,,,,,,,14.7,139.2,6.82,24.1,1,0,1,全数据,,纯电动汽车
401:JKC6450,401:JKC6450:confirmed,401,JKC6450,鑫源,好运,纯电动,eidc,confirmed,high,纯电动多用途乘用车,passenger_vehicle,suv_mpv,in_scope,146,一、汽车生产企业,,,,,1425,1425.0,42.336,42.336,318±10,318.0,340（CLTC）,340.0,,,,,,,,,,,,,,,12.5,133.1,8.03,22.3,1,0,1,全数据,,纯电动汽车
401:JKC6460,401:JKC6460:confirmed,401,JKC6460,鑫源,E3,纯电动,eidc,confirmed,high,纯电动多用途乘用车,passenger_vehicle,suv_mpv,in_scope,146,一、汽车生产企业,,,,,1625,1625.0,42.336,42.336,318±10,318.0,328（CLTC）,328.0,,,,,,,,,,,,,,,12.9,133.1,7.75,19.6,1,0,1,全数据,,纯电动汽车
401:JKC6472,401:JKC6472:confirmed,401,JKC6472,鑫源,116,纯电动,eidc,confirmed,high,纯电动多用途乘用车,passenger_vehicle,suv_mpv,in_scope,146,一、汽车生产企业,,,,,1670/1740,1670.0,53.58,53.58,385,385.0,435（CLTC）,435.0,,,,,,,,,,,,,,,12.3,139.2,8.12,23.1,1,0,1,全数据,,纯电动汽车
401:JKC6490,401:JKC6490:confirmed,401,JKC6490,鑫源,E3L,纯电动,eidc,confirmed,high,纯电动多用途乘用车,passenger_vehicle,suv_mpv,in_scope,146,一、汽车生产企业,,,,,1725,1725.0,53.58,53.58,385,385.0,415（CLTC）,415.0,,,,,,,,,,,,,,,12.9,139.2,7.75,22.3,1,0,1,全数据,,纯电动汽车
401:JMT5034X,401:JMT5034X:confirmed,401,JMT5034X,江铃江特,,,eidc,confirmed,high,旅居车,passenger_vehicle,suv_mpv,in_scope,(十四)20,一、汽车生产企业,,,,,,,,,,,,,,,,,,,,,,,,,,,,,,,1,0,0,数据缺失,,
401:JX1037,401:JX1037:confirmed,401,JX1037,江铃,,,eidc,confirmed,high,多用途货车,passenger_vehicle,suv_mpv,in_scope,61,一、汽车生产企业,,,,,,,,,,,,,,,,,,,,,,,,,,,,,,,1,0,0,数据缺失,,
401:JX6491,401:JX6491:confirmed,401,JX6491,江铃,江铃 E福顺,纯电动,eidc,confirmed,high,纯电动多用途乘用车,passenger_vehicle,suv_mpv,in_scope,61,一、汽车生产企业,,,,,1780/1810/1920/1950/1720/1745/1775,1780.0,41.86/53.58,41.86,299±9/385,299.0,300/350,300.0,,,,,,,,,,,,,,,14.0,140.0,7.17,16.8,1,0,1,全数据,,纯电动汽车
401:JX6497,401:JX6497:confirmed,401,JX6497,福特,EQUATOR,插电式混合动力,eidc,confirmed,high,插电式混合动力多用途乘用车,passenger_vehicle,suv_mpv,in_scope,61,一、汽车生产企业,,,,,2060,2060.0,18.404,18.404,170,170.0,100,100.0,,,,,,,,,,,,,,,18.4,108.3,5.43,8.3,1,0,1,全数据,,插电式混合动力汽车
401:JX6508,401:JX6508:confirmed,401,JX6508,福特,,插电式增程混合动力,eidc,confirmed,high,插电式增程混合动力多用途乘用车,passenger_vehicle,suv_mpv,in_scope,61,一、汽车生产企业,,,,,,,,,,,,,,,,,,,,,,,,,,,,,,,1,0,0,非纯电车型（tax hit=0 pur hit=0）,,
401:JX6521,401:JX6521:confirmed,401,JX6521,江铃,江铃 E福顺,纯电动,eidc,confirmed,high,纯电动多用途乘用车,passenger_vehicle,suv_mpv,in_scope,61,一、汽车生产企业,,,,,1950/1990/2005/2045/1865/1885/1920/1910/1930/1960,1950.0,53.58,53.58,370±11,370.0,320,320.0,,,,,,,,,,,,,,,16.7,144.8,5.97,19.0,1,0,1,全数据,,纯电动汽车
401:JXW1031,401:JXW1031:confirmed,401,JXW1031,江西五十铃,,,eidc,confirmed,high,多用途货车,passenger_vehicle,suv_mpv,in_scope,61,一、汽车生产企业,,,,,,,,,,,,,,,,,,,,,,,,,,,,,,,1,0,0,数据缺失,,
401:LMC5150X,401:LMC5150X:confirmed,401,LMC5150X,享呗,,,eidc,confirmed,high,旅居车,passenger_vehicle,suv_mpv,in_scope,(十九)104,一、汽车生产企业,,,,,,,,,,,,,,,,,,,,,,,,,,,,,,,1,0,0,数据缺失,,
401:LZ6460,401:LZ6460:confirmed,401,LZ6460,东风,雷霆、星海X5、星海T5 PLUS、星海T5,纯电动,eidc,confirmed,high,纯电动多用途乘用车,passenger_vehicle,suv_mpv,in_scope,91,一、汽车生产企业,,,,,1800,1800.0,64.445,64.445,495,495.0,530（CLTC）,530.0,,,,,,,,,,,,,,,12.2,130.2,8.22,27.5,1,0,1,全数据,,纯电动汽车
401:LZ6520,401:LZ6520:confirmed,401,LZ6520,东风,V9,插电式混合动力,eidc,confirmed,high,多用途乘用车,passenger_vehicle,suv_mpv,in_scope,91,一、汽车生产企业,,,,,2325/2390/2415,2325.0,34.944,34.944,270,270.0,160,160.0,,,,,,,,,,,,,,,21.8,129.4,4.58,11.6,1,0,1,全数据,,插电式混合动力汽车
401:LZR5030X,401:LZR5030X:confirmed,401,LZR5030X,览众之星,,插电式混合动力,eidc,confirmed,high,旅居车,passenger_vehicle,suv_mpv,in_scope,(三)83,一、汽车生产企业,,,,,3068,3068.0,37.11,37.11,247,247.0,115,115.0,,,,,,,,,,,,,,,32.3,150.2,3.1,8.1,1,1,0,全数据,,插电式混合动力商用车
401:LZW6402,401:LZW6402:confirmed,401,LZW6402,宝骏,悦也plus,纯电动,eidc,confirmed,high,纯电动运动型乘用车,passenger_vehicle,suv_mpv,in_scope,92,一、汽车生产企业,,,,,1255,1255.0,31.9,31.9,242,242.0,310（CLTC）,310.0,,,,,,,,,,,,,,,10.3,131.8,9.72,19.3,1,0,1,全数据,,纯电动汽车
401:LZW6453,401:LZW6453:confirmed,401,LZW6453,五菱,五菱荣光,纯电动,eidc,confirmed,high,多用途乘用车,passenger_vehicle,suv_mpv,in_scope,92,一、汽车生产企业,,,,,1335/1365,1335.0,32.6,32.6,259,259.0,310（CLTC）,310.0,,,,,,,,,,,,,,,10.5,125.9,9.51,19.4,1,0,1,全数据,,纯电动汽车
401:LZW6500,401:LZW6500:confirmed,401,LZW6500,五菱,五菱扬光,纯电动,eidc,confirmed,high,纯电动多用途乘用车,passenger_vehicle,suv_mpv,in_scope,92,一、汽车生产企业,,,,,1595,1595.0,43.53,43.53,310,310.0,340（CLTC）,340.0,,,,,,,,,,,,,,,12.8,140.4,7.81,19.4,1,0,1,全数据,,纯电动汽车
401:LZW6550,401:LZW6550:confirmed,401,LZW6550,五菱,,纯电动,eidc,confirmed,high,纯电动多用途乘用车,passenger_vehicle,suv_mpv,in_scope,92,一、汽车生产企业,,,,,,,,,,,,,,,,,,,,,,,,,,,,,,,1,0,0,数据缺失,,
401:LZX5100X,401:LZX5100X:confirmed,401,LZX5100X,华悦达,,,eidc,confirmed,high,旅居车,passenger_vehicle,suv_mpv,in_scope,(十七)114,一、汽车生产企业,,,,,,,,,,,,,,,,,,,,,,,,,,,,,,,1,0,0,数据缺失,,
401:LZX5240X,401:LZX5240X:confirmed,401,LZX5240X,华悦达,,,eidc,confirmed,high,旅居车,passenger_vehicle,suv_mpv,in_scope,(十七)114,一、汽车生产企业,,,,,,,,,,,,,,,,,,,,,,,,,,,,,,,1,0,0,数据缺失,,
401:MBK5038X,401:MBK5038X:confirmed,401,MBK5038X,麦卡佰客,,,eidc,confirmed,high,旅居车,passenger_vehicle,suv_mpv,in_scope,(十五)556,一、汽车生产企业,,,,,,,,,,,,,,,,,,,,,,,,,,,,,,,1,0,0,数据缺失,,
401:MR7151,401:MR7151:confirmed,401,MR7151,吉利,,,eidc,confirmed,high,轿车,passenger_vehicle,sedan,in_scope,52,一、汽车生产企业,,,,,,,,,,,,,,,,,,,,,,,,,,,,,,,1,0,0,数据缺失,,
401:MRN5100X,401:MRN5100X:confirmed,401,MRN5100X,阿娜蕥,,,eidc,confirmed,high,旅居车,passenger_vehicle,suv_mpv,in_scope,(十九)94,一、汽车生产企业,,,,,,,,,,,,,,,,,,,,,,,,,,,,,,,1,0,0,数据缺失,,
401:NAL7000,401:NAL7000:confirmed,401,NAL7000,萤火虫,萤火虫,纯电动,eidc,confirmed,high,换电式纯电动轿车,passenger_vehicle,sedan,in_scope,214,一、汽车生产企业,,,,,1492,1492.0,42.1,42.1,314,314.0,420（CLTC）,420.0,,,,,,,,,,,,,,,10.0,134.1,9.98,21.0,1,0,1,全数据,,纯电动汽车
401:NEQ6430,401:NEQ6430:confirmed,401,NEQ6430,奇瑞,X3,纯电动,eidc,confirmed,high,纯电动多用途乘用车,passenger_vehicle,suv_mpv,in_scope,174,一、汽车生产企业,,,,,1722,1722.0,50.79,50.79,400,400.0,401,401.0,,,,,,,,,,,,,,,12.7,127.0,7.9,23.2,1,0,1,全数据,,纯电动汽车
401:NEQ6440,401:NEQ6440:confirmed,401,NEQ6440,奇瑞,X3,纯电动,eidc,confirmed,high,纯电动多用途乘用车,passenger_vehicle,suv_mpv,in_scope,174,一、汽车生产企业,,,,,1722,1722.0,50.79,50.79,400,400.0,401,401.0,,,,,,,,,,,,,,,12.7,127.0,7.9,23.2,1,0,1,全数据,,纯电动汽车
401:NEQ6450,401:NEQ6450:confirmed,401,NEQ6450,奇瑞,X3L,插电式混合动力,eidc,confirmed,high,插电式增程混合动力多用途乘用车,passenger_vehicle,suv_mpv,in_scope,174,一、汽车生产企业,,,,,1905/1933,1905.0,33.679,33.679,284,284.0,150,150.0,,,,,,,,,,,,,,,22.5,118.6,4.45,14.9,1,1,1,全数据,,插电式混合动力乘用车
401:NEQ6490,401:NEQ6490:confirmed,401,NEQ6490,爱咖,V27,插电式混合动力,eidc,confirmed,high,插电式增程混合动力多用途乘用车,passenger_vehicle,suv_mpv,in_scope,174,一、汽车生产企业,,,,,2266/2285,2266.0,34.317,34.317,285,285.0,145,145.0,,,,,,,,,,,,,,,23.7,120.4,4.23,12.6,1,1,1,全数据,,插电式混合动力乘用车
401:NEQ6510,401:NEQ6510:confirmed,401,NEQ6510,爱咖,V27,插电式混合动力,eidc,confirmed,high,插电式增程混合动力多用途乘用车,passenger_vehicle,suv_mpv,in_scope,174,一、汽车生产企业,,,,,2316/2335,2316.0,34.317,34.317,285,285.0,145,145.0,,,,,,,,,,,,,,,23.7,120.4,4.23,12.3,1,1,1,全数据,,插电式混合动力乘用车
401:NEQ7001,401:NEQ7001:confirmed,401,NEQ7001,奇瑞,eQ1,纯电动,eidc,confirmed,high,纯电动轿车,passenger_vehicle,sedan,in_scope,174,一、汽车生产企业,,,,,920,920.0,25.056,25.056,200,200.0,271,271.0,,,,,,,,,,,,,,,9.2,125.3,10.82,21.7,1,0,1,全数据,,纯电动汽车
401:NHQ6530,401:NHQ6530:confirmed,401,NHQ6530,小鹏,小鹏X9,纯电动,eidc,confirmed,high,纯电动多用途乘用车,passenger_vehicle,suv_mpv,in_scope,140,一、汽车生产企业,,,,,2740,2740.0,110,110.0,622,622.0,710,710.0,,,,,,,,,,,,,,,15.5,176.8,6.45,22.7,1,0,1,全数据,,纯电动汽车
401:NHQ7001,401:NHQ7001:confirmed,401,NHQ7001,小鹏,小鹏M03,纯电动,eidc,confirmed,high,纯电动轿车,passenger_vehicle,sedan,in_scope,140,一、汽车生产企业,,,,,1675,1675.0,51.8,51.8,375,375.0,540/510/500/520/490/485,540.0,,,,,,,,,,,,,,,9.6,138.1,10.42,22.4,1,0,1,全数据,,纯电动汽车
401:NJ6500,401:NJ6500:confirmed,401,NJ6500,依维柯,聚星,纯电动,eidc,confirmed,high,纯电动多用途乘用车,passenger_vehicle,suv_mpv,in_scope,44,一、汽车生产企业,,,,,2450/2480,2450.0,77,77.0,528±15.8,528.0,427,427.0,,,,,,,,,,,,,,,18.0,145.8,5.55,21.6,1,0,1,全数据,,纯电动汽车
401:NJ6540,401:NJ6540:confirmed,401,NJ6540,依维柯,聚星,纯电动,eidc,confirmed,high,纯电动多用途乘用车,passenger_vehicle,suv_mpv,in_scope,44,一、汽车生产企业,,,,,2640/2710/2775,2640.0,88.8,88.8,588±17.6,588.0,436,436.0,,,,,,,,,,,,,,,20.4,151.0,4.91,22.3,1,0,1,全数据,,纯电动汽车
401:NJL6553,401:NJL6553:confirmed,401,NJL6553,创维,,插电式混合动力,eidc,confirmed,high,插电式增程混合动力多用途乘用车,passenger_vehicle,suv_mpv,in_scope,142,一、汽车生产企业,,,,,2800,2800.0,55.64,55.64,420,420.0,165,165.0,,,,,,,,,,,,,,,33.7,132.5,2.97,15.0,1,0,1,全数据,,插电式混合动力汽车
401:QCJ6500,401:QCJ6500:confirmed,401,QCJ6500,方程豹,方程豹钛7,插电式混合动力,eidc,confirmed,high,插电式混合动力多用途乘用车,passenger_vehicle,suv_mpv,in_scope,79,一、汽车生产企业,,,,,2480,2480.0,35.624,35.624,302,302.0,130,130.0,,,,,,,,,,,,,,,27.4,118.0,3.65,12.2,1,1,1,全数据,,插电式混合动力乘用车
401:SC1038,401:SC1038:confirmed,401,SC1038,长安,,插电式增程混合动力,eidc,confirmed,high,插电式增程混合动力多用途货车,passenger_vehicle,suv_mpv,in_scope,22,一、汽车生产企业,,,,,,,,,,,,,,,,,,,,,,,,,,,,,,,1,0,0,非纯电车型（tax hit=0 pur hit=0）,,
401:SC6468,401:SC6468:confirmed,401,SC6468,长安,睿行EM60Ⅱ,纯电动,eidc,confirmed,high,纯电动多用途乘用车,passenger_vehicle,suv_mpv,in_scope,22,一、汽车生产企业,,,,,1540,1540.0,41.86,41.86,299±9,299.0,320,320.0,,,,,,,,,,,,,,,13.1,140.0,7.64,19.4,1,0,1,全数据,,纯电动汽车
401:SC6510,401:SC6510:confirmed,401,SC6510,长安,G318,插电式混合动力,eidc,confirmed,high,插电式增程混合动力运动型乘用车,passenger_vehicle,suv_mpv,in_scope,96,一、汽车生产企业,,,,,2452,2452.0,35.07,35.07,287,287.0,138,138.0,,,,,,,,,,,,,,,25.4,122.2,3.93,11.7,1,1,1,全数据,,插电式混合动力乘用车
401:SC7000,401:SC7000:confirmed,401,SC7000,长安,,纯电动,eidc,confirmed,high,纯电动轿车,passenger_vehicle,sedan,in_scope,96,一、汽车生产企业,,,,,,,,,,,,,,,,,,,,,,,,,,,,,,,1,0,0,数据缺失,,
401:SDS5042X,401:SDS5042X:confirmed,401,SDS5042X,舜德,,纯电动,eidc,confirmed,high,纯电动旅居车,passenger_vehicle,suv_mpv,in_scope,(十七)116,一、汽车生产企业,,,,,,,,,,,,,,,,,,,,,,,,,,,,,,,1,0,0,数据缺失,,
401:SDS5044X,401:SDS5044X:confirmed,401,SDS5044X,舜德,,,eidc,confirmed,high,旅居车,passenger_vehicle,suv_mpv,in_scope,(十七)116,一、汽车生产企业,,,,,,,,,,,,,,,,,,,,,,,,,,,,,,,1,0,0,数据缺失,,
401:SH6541,401:SH6541:confirmed,401,SH6541,大通,MILA 1,插电式混合动力,eidc,confirmed,high,插电式增程混合动力多用途乘用车,passenger_vehicle,suv_mpv,in_scope,41,一、汽车生产企业,,,,,2100,2100.0,50.23,50.23,352,352.0,240,240.0,,,,,,,,,,,,,,,20.9,142.7,4.78,16.8,1,0,1,全数据,,插电式混合动力汽车
401:SQR2040,401:SQR2040:confirmed,401,SQR2040,捷途,,插电式混合动力,eidc,confirmed,high,插电式混合动力越野乘用车,passenger_vehicle,suv_mpv,in_scope,119,一、汽车生产企业,,,,,,,,,,,,,,,,,,,,,,,,,,,,,,,1,0,0,非纯电车型（tax hit=0 pur hit=0）,,
401:SQR6480,401:SQR6480:confirmed,401,SQR6480,捷途,山海T2,插电式混合动力,eidc,confirmed,high,插电式混合动力多用途乘用车,passenger_vehicle,suv_mpv,in_scope,119,一、汽车生产企业,,,,,2194/2237,2194.0,43.244,43.244,315,315.0,162,162.0,,,,,,,,,,,,,,,26.7,137.3,3.75,14.4,1,1,1,全数据,,插电式混合动力乘用车
401:SQR6500,401:SQR6500:confirmed,401,SQR6500,星途,山海T2,插电式混合动力,eidc,confirmed,high,插电式增程混合动力多用途乘用车,passenger_vehicle,suv_mpv,in_scope,119,一、汽车生产企业,,,,,2183/2208/2226,2183.0,26.7,26.7,242±7.2,242.0,100,100.0,,,,,,,,,,,,,,,26.7,110.3,3.75,11.1,1,1,1,全数据,,插电式混合动力乘用车
401:SQR6501,401:SQR6501:confirmed,401,SQR6501,星途,ET7,纯电动,eidc,confirmed,high,纯电动多用途乘用车,passenger_vehicle,suv_mpv,in_scope,119,一、汽车生产企业,,,,,2200,2200.0,97.682,97.682,524,524.0,726,726.0,,,,,,,,,,,,,,,13.5,186.4,7.43,23.8,1,0,1,全数据,,纯电动汽车
401:SQR6520,401:SQR6520:confirmed,401,SQR6520,奇瑞,风云T11,插电式混合动力,eidc,confirmed,high,插电式增程混合动力多用途乘用车,passenger_vehicle,suv_mpv,in_scope,119,一、汽车生产企业,,,,,2635,2635.0,39.816,39.816,320,320.0,175,175.0,,,,,,,,,,,,,,,22.8,124.4,4.4,12.1,1,1,1,全数据,,插电式混合动力乘用车
401:SQR7000,401:SQR7000:confirmed,401,SQR7000,星途,,纯电动,eidc,confirmed,high,纯电动轿车,passenger_vehicle,sedan,in_scope,119,一、汽车生产企业,,,,,,,,,,,,,,,,,,,,,,,,,,,,,,,1,0,0,数据缺失,,
401:SY6535,401:SY6535:confirmed,401,SY6535,金杯,,,eidc,confirmed,high,多用途乘用车,passenger_vehicle,suv_mpv,in_scope,33,一、汽车生产企业,,,,,,,,,,,,,,,,,,,,,,,,,,,,,,,1,0,0,数据缺失,,
401:VWA6501,401:VWA6501:confirmed,401,VWA6501,大众汽车,ID.UNYX 与众08,纯电动,eidc,confirmed,high,纯电动多用途乘用车,passenger_vehicle,suv_mpv,in_scope,212,一、汽车生产企业,,,,,2360,2360.0,95.04,95.04,670.7,670.7,700,700.0,,,,,,,,,,,,,,,13.6,141.7,7.37,28.4,1,0,1,全数据,,纯电动汽车
401:WHJ6451,401:WHJ6451:confirmed,401,WHJ6451,凯翼,江豚E5,纯电动,eidc,confirmed,high,纯电动多用途乘用车,passenger_vehicle,suv_mpv,in_scope,137,一、汽车生产企业,,,,,1530/1550,1530.0,36.8,36.8,299±9,299.0,296,296.0,,,,,,,,,,,,,,,12.4,123.1,8.04,19.5,1,0,1,全数据,,纯电动汽车
401:WHJ6520,401:WHJ6520:confirmed,401,WHJ6520,凯翼,江豚E7,纯电动,eidc,confirmed,high,纯电动多用途乘用车,passenger_vehicle,suv_mpv,in_scope,137,一、汽车生产企业,,,,,1730/1755,1730.0,50.386,50.386,382±11.4,382.0,368,368.0,,,,,,,,,,,,,,,13.7,131.9,7.3,22.1,1,0,1,全数据,,纯电动汽车
401:WHP5044X,401:WHP5044X:confirmed,401,WHP5044X,卫航,,插电式混合动力,eidc,confirmed,high,插电式混合动力旅居车,passenger_vehicle,suv_mpv,in_scope,(十)121,一、汽车生产企业,,,,,,,,,,,,,,,,,,,,,,,,,,,,,,,1,0,0,非纯电车型（tax hit=0 pur hit=0）,,
401:WLP5030X,401:WLP5030X:confirmed,401,WLP5030X,沃勒创精,,插电式混合动力,eidc,confirmed,high,插电式混合动力旅居车,passenger_vehicle,suv_mpv,in_scope,(二)41,一、汽车生产企业,,,,,,,,,,,,,,,,,,,,,,,,,,,,,,,1,0,0,非纯电车型（tax hit=0 pur hit=0）,,
401:WTF5130X,401:WTF5130X:confirmed,401,WTF5130X,威尔特芬,,,eidc,confirmed,high,旅居车,passenger_vehicle,suv_mpv,in_scope,(十七)241,一、汽车生产企业,,,,,,,,,,,,,,,,,,,,,,,,,,,,,,,1,0,0,数据缺失,,
401:XYT5031X,401:XYT5031X:confirmed,401,XYT5031X,新逾捷,,插电式混合动力,eidc,confirmed,high,插电式混合动力旅居车,passenger_vehicle,suv_mpv,in_scope,(二十一)44,一、汽车生产企业,,,,,2895,2895.0,32.855,32.855,207±6,207.0,135,135.0,,,,,,,,,,,,,,,24.3,158.7,4.11,7.2,1,0,1,全数据,,插电式混合动力汽车
401:XYT5036X,401:XYT5036X:confirmed,401,XYT5036X,新逾捷,,,eidc,confirmed,high,旅居车,passenger_vehicle,suv_mpv,in_scope,(二十一)44,一、汽车生产企业,,,,,,,,,,,,,,,,,,,,,,,,,,,,,,,1,0,0,数据缺失,,
401:YDL5061X,401:YDL5061X:confirmed,401,YDL5061X,拓锐斯特,,,eidc,confirmed,high,旅居车,passenger_vehicle,suv_mpv,in_scope,(十)150,一、汽车生产企业,,,,,,,,,,,,,,,,,,,,,,,,,,,,,,,1,0,0,数据缺失,,
401:YSD5040X,401:YSD5040X:confirmed,401,YSD5040X,驿路亦家,,,eidc,confirmed,high,旅居车,passenger_vehicle,suv_mpv,in_scope,(十)163,一、汽车生产企业,,,,,,,,,,,,,,,,,,,,,,,,,,,,,,,1,0,0,数据缺失,,
401:YSZ5040X,401:YSZ5040X:confirmed,401,YSZ5040X,双专,,,eidc,confirmed,high,旅居车,passenger_vehicle,suv_mpv,in_scope,(二十一)23,一、汽车生产企业,,,,,,,,,,,,,,,,,,,,,,,,,,,,,,,1,0,0,数据缺失,,
401:ZN1030,401:ZN1030:confirmed,401,ZN1030,日产(NISSAN),,插电式混合动力,eidc,confirmed,high,插电式混合动力多用途货车底盘,passenger_vehicle,suv_mpv,in_scope,72,一、汽车生产企业,,,,,,,,,,,,,,,,,,,,,,,,,,,,,,,1,0,0,非纯电车型（tax hit=0 pur hit=0）,,
401:ZN1032,401:ZN1032:confirmed,401,ZN1032,日产(NISSAN),,,eidc,confirmed,high,多用途货车,passenger_vehicle,suv_mpv,in_scope,72,一、汽车生产企业,,,,,,,,,,,,,,,,,,,,,,,,,,,,,,,1,0,0,数据缺失,,
401:ZN1036,401:ZN1036:confirmed,401,ZN1036,东风,,,eidc,confirmed,high,两用燃料多用途货车,passenger_vehicle,suv_mpv,in_scope,72,一、汽车生产企业,,,,,,,,,,,,,,,,,,,,,,,,,,,,,,,1,0,0,数据缺失,,
401:ZN1037,401:ZN1037:confirmed,401,ZN1037,东风,,,eidc,confirmed,high,多用途货车底盘,passenger_vehicle,suv_mpv,in_scope,72,一、汽车生产企业,,,,,,,,,,,,,,,,,,,,,,,,,,,,,,,1,0,0,数据缺失,,
401:ZN1039,401:ZN1039:confirmed,401,ZN1039,日产(NISSAN),,,eidc,confirmed,high,多用途货车底盘,passenger_vehicle,suv_mpv,in_scope,72,一、汽车生产企业,,,,,,,,,,,,,,,,,,,,,,,,,,,,,,,1,0,0,数据缺失,,
401:ZQZ5188X,401:ZQZ5188X:confirmed,401,ZQZ5188X,中汽,,,eidc,confirmed,high,旅居车,passenger_vehicle,suv_mpv,in_scope,(十一)37,一、汽车生产企业,,,,,,,,,,,,,,,,,,,,,,,,,,,,,,,1,0,0,数据缺失,,
402:AAK5031X,402:AAK5031X:confirmed,402,AAK5031X,中星凯悦,,纯电动,eidc,confirmed,high,纯电动旅居车,passenger_vehicle,suv_mpv,in_scope,(十七)232,民用改装车生产企业,,,,,2070,2070.0,53.58,53.58,370,370.0,280,280.0,,,,,,,,,,,,,,,19.1,144.8,5.23,17.9,1,0,1,全数据,,纯电动汽车
402:AHC6460,402:AHC6460:confirmed,402,AHC6460,埃安(AION),埃安N60,纯电动,eidc,confirmed,high,纯电动多用途乘用车,passenger_vehicle,suv_mpv,in_scope,216,一、汽车生产企业,,,,,1850,1850.0,69.753,69.753,473,473.0,630,630.0,,,,,,,,,,,,,,,11.1,147.5,9.03,25.6,1,0,1,全数据,,纯电动汽车
402:AHC6500,402:AHC6500:confirmed,402,AHC6500,昊铂,昊铂S600,插电式混合动力,eidc,confirmed,high,插电式增程混合动力多用途乘用车,passenger_vehicle,suv_mpv,in_scope,216,一、汽车生产企业,,,,,2350,2350.0,36.028,36.028,284,284.0,170,170.0,,,,,,,,,,,,,,,21.2,126.9,4.72,12.1,1,1,1,全数据,,插电式混合动力乘用车
402:AHC7000,402:AHC7000:confirmed,402,AHC7000,埃安(AION),RT,纯电动,eidc,confirmed,high,换电式纯电动轿车,passenger_vehicle,sedan,in_scope,216,一、汽车生产企业,,,,,1685,1685.0,55.979,55.979,415,415.0,505,505.0,,,,,,,,,,,,,,,11.1,134.9,9.02,24.6,1,0,1,全数据,,纯电动汽车
402:APW5040X,402:APW5040X:confirmed,402,APW5040X,奥拓福,,,eidc,confirmed,high,旅居车,passenger_vehicle,suv_mpv,in_scope,(六)74,民用改装车生产企业,,,,,,,,,,,,,,,,,,,,,,,,,,,,,,,1,0,0,数据缺失,,
402:APW5041X,402:APW5041X:confirmed,402,APW5041X,奥拓福,,,eidc,confirmed,high,旅居车,passenger_vehicle,suv_mpv,in_scope,(六)74,民用改装车生产企业,,,,,,,,,,,,,,,,,,,,,,,,,,,,,,,1,0,0,数据缺失,,
402:BAW2033,402:BAW2033:confirmed,402,BAW2033,二一二,,,eidc,confirmed,high,越野乘用车,passenger_vehicle,suv_mpv,in_scope,9,一、汽车生产企业,,,,,,,,,,,,,,,,,,,,,,,,,,,,,,,1,0,0,数据缺失,,
402:BAW6521,402:BAW6521:confirmed,402,BAW6521,锐胜,锐胜王牌E-M7,纯电动,eidc,confirmed,high,纯电动多用途乘用车,passenger_vehicle,suv_mpv,in_scope,9,一、汽车生产企业,,,,,2210,2210.0,80.96,80.96,595±10,595.0,505,505.0,,,,,,,,,,,,,,,16.0,136.1,6.24,26.9,1,0,1,全数据,,纯电动汽车
402:BJ1037,402:BJ1037:confirmed,402,BJ1037,福田,,插电式混合动力,eidc,confirmed,high,多用途货车,passenger_vehicle,suv_mpv,in_scope,9,一、汽车生产企业,,,,,2650,2650.0,32.855,32.855,207±6,207.0,125(NEDC),125.0,,,,,,,,,,,,,,,26.3,158.7,3.8,7.8,1,0,1,全数据,,插电式混合动力汽车
402:BJ2030,402:BJ2030:confirmed,402,BJ2030,北京,BJ40e,插电式混合动力,eidc,confirmed,high,插电式增程混合动力越野乘用车,passenger_vehicle,suv_mpv,in_scope,11,一、汽车生产企业,,,,,2690,2690.0,49.4,49.4,310,310.0,170,170.0,,,,,,,,,,,,,,,29.1,159.4,3.44,11.5,1,1,1,全数据,,插电式混合动力乘用车
402:BJ6460,402:BJ6460:confirmed,402,BJ6460,北京,魔方;魔方e,插电式混合动力,eidc,confirmed,high,混合动力多用途乘用车,passenger_vehicle,suv_mpv,in_scope,11,一、汽车生产企业,,,,,1600,1600.0,,,,,,,,,,,,,,,,,,,,,,,,,1,1,0,全数据,,节能乘用车
402:BJ6470,402:BJ6470:confirmed,402,BJ6470,北京,BJ30e;BJ30e旅行家,纯电动,eidc,confirmed,high,混合动力多用途乘用车,passenger_vehicle,suv_mpv,in_scope,11,一、汽车生产企业,,,,,1695,1695.0,74.4,74.4,552,552.0,630,630.0,,,,,,,,,,,,,,,11.8,134.8,8.47,32.6,1,1,1,全数据,,节能乘用车
402:BJ6530,402:BJ6530:confirmed,402,BJ6530,极狐,ARCFOX,插电式混合动力,eidc,confirmed,high,插电式增程混合动力多用途乘用车,passenger_vehicle,suv_mpv,in_scope,11,一、汽车生产企业,,,,,2525,2525.0,36.0,36.0,286,286.0,166,166.0,,,,,,,,,,,,,,,21.7,125.9,4.61,11.3,1,1,1,全数据,,插电式混合动力乘用车
402:BMW6462,402:BMW6462:confirmed,402,BMW6462,宝马(BMW),创新纯电动BMW iX1,纯电动,eidc,confirmed,high,纯电动多用途乘用车,passenger_vehicle,suv_mpv,in_scope,33,一、汽车生产企业,,,,,1948,1948.0,66.45,66.45,447,447.0,510,510.0,,,,,,,,,,,,,,,13.0,148.7,7.67,22.9,1,0,1,全数据,,纯电动汽车
402:BQ1035,402:BQ1035:confirmed,402,BQ1035,田野,,,eidc,confirmed,high,多用途货车,passenger_vehicle,suv_mpv,in_scope,19,一、汽车生产企业,,,,,,,,,,,,,,,,,,,,,,,,,,,,,,,1,0,0,数据缺失,,
402:BQ1036,402:BQ1036:confirmed,402,BQ1036,田野,,,eidc,confirmed,high,多用途货车,passenger_vehicle,suv_mpv,in_scope,19,一、汽车生产企业,,,,,,,,,,,,,,,,,,,,,,,,,,,,,,,1,0,0,数据缺失,,
402:BYD6480,402:BYD6480:confirmed,402,BYD6480,比亚迪,比亚迪海狮06,插电式混合动力,eidc,confirmed,high,插电式混合动力多用途乘用车,passenger_vehicle,suv_mpv,in_scope,108,一、汽车生产企业,,,,,1930,1930.0,26.628,26.628,220,220.0,143,143.0,,,,,,,,,,,,,,,18.6,121.0,5.37,11.4,1,1,1,全数据,,插电式混合动力乘用车
402:BYD6490,402:BYD6490:confirmed,402,BYD6490,比亚迪,比亚迪唐,插电式混合动力,eidc,confirmed,high,插电式混合动力多用途乘用车,passenger_vehicle,suv_mpv,in_scope,79,一、汽车生产企业,,,,,2180,2180.0,26.628,26.628,220,220.0,120,120.0,,,,,,,,,,,,,,,22.2,121.0,4.51,10.1,1,1,1,全数据,,插电式混合动力乘用车
402:BYD7000,402:BYD7000:confirmed,402,BYD7000,比亚迪,比亚迪海豹06、比亚迪海豹06MAX,纯电动,eidc,confirmed,high,纯电动轿车,passenger_vehicle,sedan,in_scope,79,一、汽车生产企业,,,,,1670,1670.0,52.868,52.868,383.6,383.6,530(CLTC),530.0,,,,,,,,,,,,,,,10.0,137.8,10.02,23.0,1,0,1,全数据,,纯电动汽车
402:BYD7009,402:BYD7009:confirmed,402,BYD7009,比亚迪,比亚迪汉,纯电动,eidc,confirmed,high,纯电动轿车,passenger_vehicle,sedan,in_scope,79,一、汽车生产企业,,,,,1920,1920.0,60.48,60.48,402,402.0,506,506.0,,,,,,,,,,,,,,,12.0,150.4,8.37,20.9,1,0,1,全数据,,纯电动汽车
402:CA6475,402:CA6475:confirmed,402,CA6475,红旗,红旗HS3 PHEV,插电式混合动力,eidc,confirmed,high,插电式混合动力多用途乘用车,passenger_vehicle,suv_mpv,in_scope,1,一、汽车生产企业,,,,,1920,1920.0,18.404,18.404,172,172.0,102,102.0,,,,,,,,,,,,,,,18.0,107.0,5.54,9.0,1,1,1,全数据,,插电式混合动力乘用车
402:CA6520,402:CA6520:confirmed,402,CA6520,红旗,红旗HQ9 PHEV,插电式混合动力,eidc,confirmed,high,插电式混合动力多用途乘用车,passenger_vehicle,suv_mpv,in_scope,1,一、汽车生产企业,,,,,2685,2685.0,39.5,39.5,292,292.0,173,173.0,,,,,,,,,,,,,,,22.8,135.3,4.38,10.9,1,1,1,全数据,,插电式混合动力乘用车
402:CAF6511,402:CAF6511:confirmed,402,CAF6511,福特,,,eidc,confirmed,high,多用途乘用车,passenger_vehicle,suv_mpv,in_scope,96,一、汽车生产企业,,,,,,,,,,,,,,,,,,,,,,,,,,,,,,,1,0,0,数据缺失,,
402:CC2030,402:CC2030:confirmed,402,CC2030,哈弗,坦克400,插电式混合动力,eidc,confirmed,high,越野乘用车,passenger_vehicle,suv_mpv,in_scope,15,一、汽车生产企业,,,,,2950,2950.0,59.05,59.05,346,346.0,200,200.0,,,,,,,,,,,,,,,29.5,170.7,3.39,11.7,1,0,1,全数据,,插电式混合动力汽车
402:CC6430,402:CC6430:confirmed,402,CC6430,欧拉,欧拉好猫,纯电动,eidc,confirmed,high,纯电动多用途乘用车,passenger_vehicle,suv_mpv,in_scope,15,一、汽车生产企业,,,,,1530/1560,1530.0,45.3,45.3,334,334.0,430,430.0,,,,,,,,,,,,,,,10.5,135.6,9.49,21.8,1,0,1,全数据,,纯电动汽车
402:CSA6512,402:CSA6512:confirmed,402,CSA6512,智己,LS8,插电式混合动力,eidc,confirmed,high,插电式增程混合动力运动型乘用车,passenger_vehicle,suv_mpv,in_scope,122,一、汽车生产企业,,,,,2620,2620.0,52.1,52.1,379,379.0,268,268.0,,,,,,,,,,,,,,,19.4,137.5,5.14,14.5,1,1,1,全数据,,插电式混合动力乘用车
402:CSA6531,402:CSA6531:confirmed,402,CSA6531,智己,LS9,插电式混合动力,eidc,confirmed,high,插电式增程混合动力运动型乘用车,passenger_vehicle,suv_mpv,in_scope,122,一、汽车生产企业,,,,,2695,2695.0,65.9,65.9,375,375.0,308,308.0,,,,,,,,,,,,,,,21.4,175.7,4.67,13.9,1,1,1,全数据,,插电式混合动力乘用车
402:CSA7004,402:CSA7004:confirmed,402,CSA7004,荣威,D6,纯电动,eidc,confirmed,high,纯电动轿车,passenger_vehicle,sedan,in_scope,122,一、汽车生产企业,,,,,1485,1485.0,53.9,53.9,403,403.0,520,520.0,,,,,,,,,,,,,,,10.4,133.7,9.65,27.1,1,0,1,全数据,,纯电动汽车
402:CSA7005,402:CSA7005:confirmed,402,CSA7005,荣威,D6,纯电动,eidc,confirmed,high,纯电动轿车,passenger_vehicle,sedan,in_scope,122,一、汽车生产企业,,,,,1420,1420.0,50.8,50.8,372,372.0,520,520.0,,,,,,,,,,,,,,,9.8,136.6,10.24,26.2,1,0,1,全数据,,纯电动汽车
402:DCQ5054X,402:DCQ5054X:confirmed,402,DCQ5054X,大驰,,,eidc,confirmed,high,旅居车,passenger_vehicle,suv_mpv,in_scope,(十五)466,民用改装车生产企业,,,,,,,,,,,,,,,,,,,,,,,,,,,,,,,1,0,0,数据缺失,,
402:DCQ5065X,402:DCQ5065X:confirmed,402,DCQ5065X,大驰,,,eidc,confirmed,high,旅居车,passenger_vehicle,suv_mpv,in_scope,(十五)466,民用改装车生产企业,,,,,,,,,,,,,,,,,,,,,,,,,,,,,,,1,0,0,数据缺失,,
402:DFL6490,402:DFL6490:confirmed,402,DFL6490,东风日产,东风日产NX8,纯电动,eidc,confirmed,high,插电式增程混合动力运动型乘用车,passenger_vehicle,suv_mpv,in_scope,3,一、汽车生产企业,,,,,2142/2180,2142.0,37.4,37.4,300±9,300.0,185,185.0,,,,,,,,,,,,,,,20.2,124.7,4.95,14.0,1,1,1,全数据,,插电式混合动力乘用车
402:DFM6500,402:DFM6500:confirmed,402,DFM6500,东风,东风eπS08,插电式混合动力,eidc,confirmed,high,插电式增程混合动力多用途乘用车,passenger_vehicle,suv_mpv,in_scope,3,一、汽车生产企业,,,,,2132/2189,2132.0,34.32,34.32,280,280.0,154,154.0,,,,,,,,,,,,,,,22.3,122.6,4.49,13.1,1,0,1,全数据,,插电式混合动力汽车
402:DJV5032X,402:DJV5032X:confirmed,402,DJV5032X,东嘉加乐,,插电式混合动力,eidc,confirmed,high,插电式混合动力旅居车,passenger_vehicle,suv_mpv,in_scope,(二十二)68,民用改装车生产企业,,,,,3150/3000,3150.0,32.855,32.855,207±6,207.0,135,135.0,,,,,,,,,,,,,,,24.3,158.7,4.11,6.6,1,0,1,全数据,,插电式混合动力汽车
402:DJV5071X,402:DJV5071X:confirmed,402,DJV5071X,东嘉加乐,,插电式混合动力,eidc,confirmed,high,插电式混合动力旅居车,passenger_vehicle,suv_mpv,in_scope,(二十二)68,民用改装车生产企业,,,,,,,,,,,,,,,,,,,,,,,,,,,,,,,1,0,0,非纯电车型（tax hit=0 pur hit=0）,,
402:EQ2030,402:EQ2030:confirmed,402,EQ2030,东风,,,eidc,confirmed,high,多用途越野货车,passenger_vehicle,suv_mpv,in_scope,3,一、汽车生产企业,,,,,,,,,,,,,,,,,,,,,,,,,,,,,,,1,0,0,数据缺失,,
402:EQ6520,402:EQ6520:confirmed,402,EQ6520,岚图,岚图泰山8,插电式混合动力,eidc,confirmed,high,插电式混合动力多用途乘用车,passenger_vehicle,suv_mpv,in_scope,3,一、汽车生产企业,,,,,2815/2790,2815.0,65.1/64.8,65.1,360/365,360.0,300/310,300.0,,,,,,,,,,,,,,,21.7,180.8,4.61,12.8,1,1,1,全数据,,插电式混合动力乘用车
402:EQ6521,402:EQ6521:confirmed,402,EQ6521,岚图,岚图泰山8,插电式混合动力,eidc,confirmed,high,插电式混合动力多用途乘用车,passenger_vehicle,suv_mpv,in_scope,3,一、汽车生产企业,,,,,2765,2765.0,44.5,44.5,336,336.0,190,190.0,,,,,,,,,,,,,,,23.4,132.4,4.27,12.2,1,1,1,全数据,,插电式混合动力乘用车
402:FHA5039X,402:FHA5039X:confirmed,402,FHA5039X,景飞,,,eidc,confirmed,high,旅居车,passenger_vehicle,suv_mpv,in_scope,(九)50,民用改装车生产企业,,,,,,,,,,,,,,,,,,,,,,,,,,,,,,,1,0,0,数据缺失,,
402:FKT5044X,402:FKT5044X:confirmed,402,FKT5044X,福客特,,,eidc,confirmed,high,旅居车,passenger_vehicle,suv_mpv,in_scope,(十五)557,民用改装车生产企业,,,,,,,,,,,,,,,,,,,,,,,,,,,,,,,1,0,0,数据缺失,,
402:FV7201,402:FV7201:confirmed,402,FV7201,奥迪(AUDI),,,eidc,confirmed,high,轿车,passenger_vehicle,sedan,in_scope,2,一、汽车生产企业,,,,,,,,,,,,,,,,,,,,,,,,,,,,,,,1,0,0,数据缺失,,
402:FV7301,402:FV7301:confirmed,402,FV7301,奥迪(AUDI),,,eidc,confirmed,high,轿车,passenger_vehicle,sedan,in_scope,2,一、汽车生产企业,,,,,,,,,,,,,,,,,,,,,,,,,,,,,,,1,0,0,数据缺失,,
402:GAC6531,402:GAC6531:confirmed,402,GAC6531,传祺(Trumpchi),传祺E9;传祺M8,插电式混合动力,eidc,confirmed,high,插电式混合动力多用途乘用车,passenger_vehicle,suv_mpv,in_scope,89,一、汽车生产企业,,,,,2475/2420/2340/2460,2475.0,25.57,25.57,175,175.0,106,106.0,,,,,,,,,,,,,,,24.1,146.1,4.15,7.1,1,1,1,全数据,,插电式混合动力乘用车
402:HHY5044X,402:HHY5044X:confirmed,402,HHY5044X,途骏,,,eidc,confirmed,high,旅居车,passenger_vehicle,suv_mpv,in_scope,(十二)63,民用改装车生产企业,,,,,,,,,,,,,,,,,,,,,,,,,,,,,,,1,0,0,数据缺失,,
402:HQ6483,402:HQ6483:confirmed,402,HQ6483,吉利,银河M7,插电式混合动力,eidc,confirmed,high,插电式混合动力多用途乘用车,passenger_vehicle,suv_mpv,in_scope,52,一、汽车生产企业,,,,,1870,1870.0,29.8,29.8,225,225.0,155,155.0,,,,,,,,,,,,,,,19.2,132.4,5.2,12.0,1,1,1,全数据,,插电式混合动力乘用车
402:HQ7151,402:HQ7151:confirmed,402,HQ7151,吉利,银河星耀7,插电式混合动力,eidc,confirmed,high,插电式混合动力轿车,passenger_vehicle,sedan,in_scope,52,一、汽车生产企业,,,,,1815,1815.0,18.4,18.4,183,183.0,110,110.0,,,,,,,,,,,,,,,16.7,100.5,5.98,10.1,1,1,1,全数据,,插电式混合动力乘用车
402:HSE6547,402:HSE6547:confirmed,402,HSE6547,予风,黄金仓,纯电动,eidc,confirmed,high,纯电动多用途乘用车,passenger_vehicle,suv_mpv,in_scope,209,一、汽车生产企业,,,,,1745,1745.0,55.641,55.641,406,406.0,405（CLTC）,405.0,,,,,,,,,,,,,,,13.7,137.0,7.28,23.3,1,0,1,全数据,,纯电动汽车
402:HSE6548,402:HSE6548:confirmed,402,HSE6548,予风,黄金仓,纯电动,eidc,confirmed,high,纯电动多用途乘用车,passenger_vehicle,suv_mpv,in_scope,209,一、汽车生产企业,,,,,1680,1680.0,42.336,42.336,337,337.0,310（CLTC）,310.0,,,,,,,,,,,,,,,13.7,125.6,7.32,20.1,1,0,1,全数据,,纯电动汽车
402:JHC6481,402:JHC6481:confirmed,402,JHC6481,远程,星享V6E,纯电动,eidc,confirmed,high,纯电动多用途乘用车,passenger_vehicle,suv_mpv,in_scope,25,一、汽车生产企业,,,,,1540/1580,1540.0,35.239,35.239,300,300.0,260,260.0,,,,,,,,,,,,,,,13.6,117.5,7.38,19.5,1,0,1,全数据,,纯电动汽车
402:JHC6488,402:JHC6488:confirmed,402,JHC6488,远程,星享V6E,纯电动,eidc,confirmed,high,纯电动多用途乘用车,passenger_vehicle,suv_mpv,in_scope,25,一、汽车生产企业,,,,,1540/1580,1540.0,41.860,41.86,299±9,299.0,300,300.0,,,,,,,,,,,,,,,14.0,140.0,7.17,19.4,1,0,1,全数据,,纯电动汽车
402:JHV5141X,402:JHV5141X:confirmed,402,JHV5141X,金环科技,,,eidc,confirmed,high,旅居车,passenger_vehicle,suv_mpv,in_scope,(十)213,民用改装车生产企业,,,,,,,,,,,,,,,,,,,,,,,,,,,,,,,1,0,0,数据缺失,,
402:JKC6460,402:JKC6460:confirmed,402,JKC6460,鑫源,E3,纯电动,eidc,confirmed,high,纯电动多用途乘用车,passenger_vehicle,suv_mpv,in_scope,146,一、汽车生产企业,,,,,1625,1625.0,41.86,41.86,326,326.0,335（CLTC）,335.0,,,,,,,,,,,,,,,12.5,128.4,8.0,20.1,1,0,1,全数据,,纯电动汽车
402:JKC6470,402:JKC6470:confirmed,402,JKC6470,鑫源,向上v6,纯电动,eidc,confirmed,high,多用途乘用车,passenger_vehicle,suv_mpv,in_scope,146,一、汽车生产企业,,,,,1680/1750,1680.0,53.58,53.58,385,385.0,445（CLTC）,445.0,,,,,,,,,,,,,,,12.0,139.2,8.31,22.9,1,0,1,全数据,,纯电动汽车
402:JKC6490,402:JKC6490:confirmed,402,JKC6490,鑫源,E3L,纯电动,eidc,confirmed,high,纯电动多用途乘用车,passenger_vehicle,suv_mpv,in_scope,146,一、汽车生产企业,,,,,1650,1650.0,41.86,41.86,299±9,299.0,325（CLTC）,325.0,,,,,,,,,,,,,,,12.9,140.0,7.76,18.1,1,0,1,全数据,,纯电动汽车
402:JL6551,402:JL6551:confirmed,402,JL6551,远程,SV,纯电动,eidc,confirmed,high,纯电动多用途乘用车,passenger_vehicle,suv_mpv,in_scope,52,一、汽车生产企业,,,,,2585/2660,2585.0,83.66848,83.66848,560,560.0,430,430.0,,,,,,,,,,,,,,,19.5,149.4,5.14,21.7,1,0,1,全数据,,纯电动汽车
402:JX1032,402:JX1032:confirmed,402,JX1032,江铃,,,eidc,confirmed,high,多用途货车,passenger_vehicle,suv_mpv,in_scope,61,一、汽车生产企业,,,,,,,,,,,,,,,,,,,,,,,,,,,,,,,1,0,0,数据缺失,,
402:JX6491,402:JX6491:confirmed,402,JX6491,江铃,金琥EV80,纯电动,eidc,confirmed,high,纯电动多用途乘用车,passenger_vehicle,suv_mpv,in_scope,61,一、汽车生产企业,,,,,1720/1745/1775,1720.0,41.86,41.86,299±9,299.0,300,300.0,,,,,,,,,,,,,,,14.0,140.0,7.17,17.4,1,0,1,全数据,,纯电动汽车
402:JX6521,402:JX6521:confirmed,402,JX6521,江铃,金琥EV80L,纯电动,eidc,confirmed,high,纯电动多用途乘用车,passenger_vehicle,suv_mpv,in_scope,61,一、汽车生产企业,,,,,1865/1885/1920,1865.0,53.58,53.58,370±11,370.0,320,320.0,,,,,,,,,,,,,,,16.7,144.8,5.97,19.8,1,0,1,全数据,,纯电动汽车
402:JX7001,402:JX7001:confirmed,402,JX7001,羿驰,羿驰05,纯电动,eidc,confirmed,high,换电式纯电动轿车,passenger_vehicle,sedan,in_scope,165,一、汽车生产企业,,,,,1570,1570.0,56,56.0,415,415.0,530（CLTC）,530.0,,,,,,,,,,,,,,,10.6,134.9,9.46,26.4,1,0,1,全数据,,纯电动汽车
402:KDK5050X,402:KDK5050X:confirmed,402,KDK5050X,朗奇,,,eidc,confirmed,high,旅居车,passenger_vehicle,suv_mpv,in_scope,(六)99,民用改装车生产企业,,,,,,,,,,,,,,,,,,,,,,,,,,,,,,,1,0,0,数据缺失,,
402:LDY5100X,402:LDY5100X:confirmed,402,LDY5100X,诺马迪森,,,eidc,confirmed,high,旅居车,passenger_vehicle,suv_mpv,in_scope,(十六)98,民用改装车生产企业,,,,,,,,,,,,,,,,,,,,,,,,,,,,,,,1,0,0,数据缺失,,
402:LDY5230X,402:LDY5230X:confirmed,402,LDY5230X,诺马迪森,,,eidc,confirmed,high,旅居车,passenger_vehicle,suv_mpv,in_scope,(十六)98,民用改装车生产企业,,,,,,,,,,,,,,,,,,,,,,,,,,,,,,,1,0,0,数据缺失,,
402:LFH5042X,402:LFH5042X:confirmed,402,LFH5042X,罗霍尔德,,,eidc,confirmed,high,旅居车,passenger_vehicle,suv_mpv,in_scope,(十一)80,民用改装车生产企业,,,,,,,,,,,,,,,,,,,,,,,,,,,,,,,1,0,0,数据缺失,,
402:LFH5060X,402:LFH5060X:confirmed,402,LFH5060X,罗霍尔德,,,eidc,confirmed,high,旅居车,passenger_vehicle,suv_mpv,in_scope,(十一)80,民用改装车生产企业,,,,,,,,,,,,,,,,,,,,,,,,,,,,,,,1,0,0,数据缺失,,
402:LLC5050X,402:LLC5050X:confirmed,402,LLC5050X,朗宸,,,eidc,confirmed,high,旅居车,passenger_vehicle,suv_mpv,in_scope,(十六)101,民用改装车生产企业,,,,,,,,,,,,,,,,,,,,,,,,,,,,,,,1,0,0,数据缺失,,
402:LTS6510,402:LTS6510:confirmed,402,LTS6510,莲花,FOR ME,插电式混合动力,eidc,confirmed,high,插电式混合动力多用途乘用车,passenger_vehicle,suv_mpv,in_scope,52,一、汽车生产企业,,,,,2575/2625,2575.0,70,70.0,408±12,408.0,355/345,355.0,,,,,,,,,,,,,,,19.7,171.6,5.07,15.8,1,1,1,全数据,,插电式混合动力乘用车
402:LZ6520,402:LZ6520:confirmed,402,LZ6520,东风,V9,插电式混合动力,eidc,confirmed,high,插电式混合动力多用途乘用车,passenger_vehicle,suv_mpv,in_scope,91,一、汽车生产企业,,,,,2325/2390/2415,2325.0,34.944,34.944,270,270.0,160,160.0,,,,,,,,,,,,,,,21.8,129.4,4.58,11.6,1,1,1,全数据,,插电式混合动力乘用车
402:LZW6500,402:LZW6500:confirmed,402,LZW6500,五菱,五菱扬光,纯电动,eidc,confirmed,high,换电式纯电动多用途乘用车,passenger_vehicle,suv_mpv,in_scope,92,一、汽车生产企业,,,,,1625,1625.0,41.9,41.9,326,326.0,330（CLTC）,330.0,,,,,,,,,,,,,,,12.7,128.5,7.88,20.1,1,0,1,全数据,,纯电动汽车
402:LZW6502,402:LZW6502:confirmed,402,LZW6502,五菱,星光L,插电式混合动力,eidc,confirmed,high,插电式混合动力多用途乘用车,passenger_vehicle,suv_mpv,in_scope,92,一、汽车生产企业,,,,,2085/2150,2085.0,37.9,37.9,298,298.0,185,185.0,,,,,,,,,,,,,,,20.5,127.2,4.88,14.3,1,1,1,全数据,,插电式混合动力乘用车
402:LZW6550,402:LZW6550:confirmed,402,LZW6550,五菱,,纯电动,eidc,confirmed,high,纯电动多用途乘用车,passenger_vehicle,suv_mpv,in_scope,92,一、汽车生产企业,,,,,,,,,,,,,,,,,,,,,,,,,,,,,,,1,0,0,数据缺失,,
402:LZW7001,402:LZW7001:confirmed,402,LZW7001,五菱,宏光MINIEV,纯电动,eidc,confirmed,high,纯电动轿车,passenger_vehicle,sedan,in_scope,92,一、汽车生产企业,,,,,860,860.0,25.1,25.1,197,197.0,301（CLTC）,301.0,,,,,,,,,,,,,,,8.3,127.4,11.99,22.9,1,0,1,全数据,,纯电动汽车
402:LZW7007,402:LZW7007:confirmed,402,LZW7007,五菱,五菱缤果Pro,纯电动,eidc,confirmed,high,纯电动轿车,passenger_vehicle,sedan,in_scope,92,一、汽车生产企业,,,,,1270,1270.0,37.9,37.9,296,296.0,403（CLTC）,403.0,,,,,,,,,,,,,,,9.4,128.0,10.63,23.3,1,0,1,全数据,,纯电动汽车
402:LZX5120X,402:LZX5120X:confirmed,402,LZX5120X,华悦达,,,eidc,confirmed,high,旅居车,passenger_vehicle,suv_mpv,in_scope,(十七)114,民用改装车生产企业,,,,,,,,,,,,,,,,,,,,,,,,,,,,,,,1,0,0,数据缺失,,
402:MR7152,402:MR7152:confirmed,402,MR7152,吉利,银河星耀8,插电式混合动力,eidc,confirmed,high,插电式混合动力轿车,passenger_vehicle,sedan,in_scope,52,一、汽车生产企业,,,,,1895,1895.0,28.3,28.3,220,220.0,166,166.0,,,,,,,,,,,,,,,17.0,128.6,5.87,11.6,1,1,1,全数据,,插电式混合动力乘用车
402:MR7154,402:MR7154:confirmed,402,MR7154,吉利,preface,插电式混合动力,eidc,confirmed,high,混合动力轿车,passenger_vehicle,sedan,in_scope,52,一、汽车生产企业,,,,,"1490,1530",,,,,,,,,,,,,,,,,,,,,,,,,,1,1,0,全数据,,节能乘用车
402:NEQ6420,402:NEQ6420:confirmed,402,NEQ6420,爱咖,,纯电动,eidc,confirmed,high,换电式纯电动多用途乘用车,passenger_vehicle,suv_mpv,in_scope,174,一、汽车生产企业,,,,,,,,,,,,,,,,,,,,,,,,,,,,,,,1,0,0,数据缺失,,
402:NEQ6490,402:NEQ6490:confirmed,402,NEQ6490,爱咖,V27,插电式混合动力,eidc,confirmed,high,插电式增程混合动力多用途乘用车,passenger_vehicle,suv_mpv,in_scope,174,一、汽车生产企业,,,,,2272/2291,2272.0,33.679,33.679,292,292.0,145,145.0,,,,,,,,,,,,,,,23.2,115.3,4.31,12.9,1,1,1,全数据,,插电式混合动力乘用车
402:NEQ6510,402:NEQ6510:confirmed,402,NEQ6510,爱咖,V27,插电式混合动力,eidc,confirmed,high,插电式增程混合动力多用途乘用车,passenger_vehicle,suv_mpv,in_scope,174,一、汽车生产企业,,,,,2228,2228.0,33.679,33.679,292,292.0,150,150.0,,,,,,,,,,,,,,,22.5,115.3,4.45,13.1,1,1,1,全数据,,插电式混合动力乘用车
402:NJ5046X,402:NJ5046X:confirmed,402,NJ5046X,依维柯,,,eidc,confirmed,high,旅居车,passenger_vehicle,suv_mpv,in_scope,44,一、汽车生产企业,,,,,,,,,,,,,,,,,,,,,,,,,,,,,,,1,0,0,数据缺失,,
402:NJ6540,402:NJ6540:confirmed,402,NJ6540,超越,聚星,纯电动,eidc,confirmed,high,纯电动多用途乘用车,passenger_vehicle,suv_mpv,in_scope,44,一、汽车生产企业,,,,,2855,2855.0,100.96,100.96,649.1,649.1,519,519.0,,,,,,,,,,,,,,,19.5,155.5,5.14,22.7,1,0,1,全数据,,纯电动汽车
402:NJ6550,402:NJ6550:confirmed,402,NJ6550,超越,领胜,纯电动,eidc,confirmed,high,纯电动多用途乘用车,passenger_vehicle,suv_mpv,in_scope,44,一、汽车生产企业,,,,,2185,2185.0,69.166,69.166,463,463.0,376,376.0,,,,,,,,,,,,,,,18.4,149.4,5.44,21.2,1,0,1,全数据,,纯电动汽车
402:NJL6553,402:NJL6553:confirmed,402,NJL6553,创维,插电式增程混合动力多用途乘用车,纯电动,eidc,confirmed,high,纯电动多用途乘用车,passenger_vehicle,suv_mpv,in_scope,142,一、汽车生产企业,,,,,2800,2800.0,55.64,55.64,420,420.0,165,165.0,,,,,,,,,,,,,,,33.7,132.5,2.97,15.0,1,1,1,全数据,,插电式混合动力乘用车
402:QCJ2040,402:QCJ2040:confirmed,402,QCJ2040,仰望,,插电式混合动力,eidc,confirmed,high,插电式混合动力越野乘用车,passenger_vehicle,suv_mpv,in_scope,108,一、汽车生产企业,,,,,,,,,,,,,,,,,,,,,,,,,,,,,,,1,0,0,非纯电车型（tax hit=0 pur hit=0）,,
402:QCJ6460,402:QCJ6460:confirmed,402,QCJ6460,方程豹,方程豹钛3,纯电动,eidc,confirmed,high,纯电动多用途乘用车,passenger_vehicle,suv_mpv,in_scope,108,一、汽车生产企业,,,,,2170,2170.0,75.616,75.616,538.6,538.6,565,565.0,,,,,,,,,,,,,,,13.4,140.4,7.47,24.8,1,0,1,全数据,,纯电动汽车
402:QCJ6500,402:QCJ6500:confirmed,402,QCJ6500,方程豹,方程豹钛7,插电式混合动力,eidc,confirmed,high,插电式混合动力多用途乘用车,passenger_vehicle,suv_mpv,in_scope,79,一、汽车生产企业,,,,,2300,2300.0,35.624,35.624,292,292.0,140,140.0,,,,,,,,,,,,,,,25.4,122.0,3.93,12.7,1,1,1,全数据,,插电式混合动力乘用车
402:QCJ7000,402:QCJ7000:confirmed,402,QCJ7000,仰望,仰望U7,纯电动,eidc,confirmed,high,纯电动轿车,passenger_vehicle,sedan,in_scope,79,一、汽车生产企业,,,,,3120/3195,3120.0,150.01,150.01,926,926.0,1006(CLTC),1006.0,,,,,,,,,,,,,,,14.9,162.0,6.71,29.7,1,0,1,全数据,,纯电动汽车
402:QCJ7200,402:QCJ7200:confirmed,402,QCJ7200,仰望,仰望U7,插电式混合动力,eidc,confirmed,high,插电式混合动力轿车,passenger_vehicle,sedan,in_scope,79,一、汽车生产企业,,,,,3079/3154,3079.0,52.3987,52.3987,446,446.0,220,220.0,,,,,,,,,,,,,,,23.8,117.5,4.2,14.5,1,1,1,全数据,,插电式混合动力乘用车
402:QFA5030X,402:QFA5030X:confirmed,402,QFA5030X,趣蜂,,,eidc,confirmed,high,旅居车,passenger_vehicle,suv_mpv,in_scope,(十四)48,民用改装车生产企业,,,,,,,,,,,,,,,,,,,,,,,,,,,,,,,1,0,0,数据缺失,,
402:QYZ5033X,402:QYZ5033X:confirmed,402,QYZ5033X,重特,,,eidc,confirmed,high,旅居车,passenger_vehicle,suv_mpv,in_scope,(二十一)10,民用改装车生产企业,,,,,,,,,,,,,,,,,,,,,,,,,,,,,,,1,0,0,数据缺失,,
402:SAL7000,402:SAL7000:confirmed,402,SAL7000,光束(MINI),MINI Aceman E,纯电动,eidc,confirmed,high,纯电动轿车,passenger_vehicle,sedan,in_scope,213,一、汽车生产企业,,,,,1700/1720,1700.0,51.497,51.497,344,344.0,450（CLTC）,450.0,,,,,,,,,,,,,,,11.4,149.7,8.74,20.2,1,0,1,全数据,,纯电动汽车
402:SC1038,402:SC1038:confirmed,402,SC1038,长安,,插电式增程混合动力,eidc,confirmed,high,插电式增程混合动力多用途货车,passenger_vehicle,suv_mpv,in_scope,22,一、汽车生产企业,,,,,,,,,,,,,,,,,,,,,,,,,,,,,,,1,1,0,非纯电车型（tax hit=1 pur hit=0）,,天然气轻型商用车
402:SC6460,402:SC6460:confirmed,402,SC6460,长安,CS55 HEV,插电式混合动力,eidc,confirmed,high,插电式混合动力运动型乘用车,passenger_vehicle,suv_mpv,in_scope,96,一、汽车生产企业,,,,,1560,1560.0,18.4,18.4,172,172.0,100,100.0,,,,,,,,,,,,,,,18.4,107.0,5.43,11.0,1,1,1,全数据,,节能乘用车
402:SC6480,402:SC6480:confirmed,402,SC6480,长安,CS75 HEV,插电式混合动力,eidc,confirmed,high,多用途乘用车,passenger_vehicle,suv_mpv,in_scope,96,一、汽车生产企业,,,,,1650,1650.0,31.73,31.73,256/264/266,256.0,170,170.0,,,,,,,,,,,,,,,18.7,123.9,5.36,15.5,1,1,1,全数据,,节能乘用车
402:SC7000,402:SC7000:confirmed,402,SC7000,长安,长安欧尚520,纯电动,eidc,confirmed,high,纯电动轿车,passenger_vehicle,sedan,in_scope,96,一、汽车生产企业,,,,,1500,1500.0,53.61,53.61,381,381.0,510,510.0,,,,,,,,,,,,,,,10.5,140.7,9.51,25.4,1,0,1,全数据,,纯电动汽车
402:SC7150,402:SC7150:confirmed,402,SC7150,长安,UNI-V,插电式混合动力,eidc,confirmed,high,插电式混合动力轿车,passenger_vehicle,sedan,in_scope,96,一、汽车生产企业,,,,,1500,1500.0,18.42,18.42,166,166.0,120,120.0,,,,,,,,,,,,,,,15.4,111.0,6.51,11.1,1,1,1,全数据,,节能乘用车
402:SGM6525,402:SGM6525:confirmed,402,SGM6525,凯迪拉克(CADILLAC),VISTIQ,纯电动,eidc,confirmed,high,纯电动运动型乘用车,passenger_vehicle,suv_mpv,in_scope,6,一、汽车生产企业,,,,,2740,2740.0,95.7,95.7,620,620.0,642,642.0,,,,,,,,,,,,,,,14.9,154.4,6.71,22.6,1,0,1,全数据,,纯电动汽车
402:SH1030,402:SH1030:confirmed,402,SH1030,大通,,,eidc,confirmed,high,多用途货车底盘,passenger_vehicle,suv_mpv,in_scope,41,一、汽车生产企业,,,,,,,,,,,,,,,,,,,,,,,,,,,,,,,1,0,0,数据缺失,,
402:SH6541,402:SH6541:confirmed,402,SH6541,大通,MILA 1,纯电动,eidc,confirmed,high,纯电动多用途乘用车,passenger_vehicle,suv_mpv,in_scope,41,一、汽车生产企业,,,,,1960/2060/2130/2200,1960.0,62.1,62.1,456±13,456.0,430,430.0,,,,,,,,,,,,,,,14.4,136.2,6.92,23.3,1,0,1,全数据,,纯电动汽车
402:SH6554,402:SH6554:confirmed,402,SH6554,大通,EV90,纯电动,eidc,confirmed,high,纯电动多用途乘用车,passenger_vehicle,suv_mpv,in_scope,41,一、汽车生产企业,,,,,2930/2730,2930.0,100.96,100.96,649.1,649.1,485,485.0,,,,,,,,,,,,,,,20.8,155.5,4.8,22.2,1,0,1,全数据,,纯电动汽车
402:SJQ5032X,402:SJQ5032X:confirmed,402,SJQ5032X,大衡辉,,,eidc,confirmed,high,旅居车,passenger_vehicle,suv_mpv,in_scope,(三)91,民用改装车生产企业,,,,,,,,,,,,,,,,,,,,,,,,,,,,,,,1,0,0,数据缺失,,
402:SJQ5070X,402:SJQ5070X:confirmed,402,SJQ5070X,大衡辉,,,eidc,confirmed,high,旅居车,passenger_vehicle,suv_mpv,in_scope,(三)91,民用改装车生产企业,,,,,,,,,,,,,,,,,,,,,,,,,,,,,,,1,0,0,数据缺失,,
402:SJQ5071X,402:SJQ5071X:confirmed,402,SJQ5071X,大衡辉,,,eidc,confirmed,high,旅居车,passenger_vehicle,suv_mpv,in_scope,(三)91,民用改装车生产企业,,,,,,,,,,,,,,,,,,,,,,,,,,,,,,,1,0,0,数据缺失,,
402:SLT5042X,402:SLT5042X:confirmed,402,SLT5042X,金冠圣路,,纯电动,eidc,confirmed,high,旅居车,passenger_vehicle,suv_mpv,in_scope,(二十一)12,民用改装车生产企业,,,,,3055,3055.0,106.349,106.349,576±15,576.0,680,680.0,,,,,,,,,,,,,,,15.6,184.6,6.39,18.9,1,0,1,全数据,,纯电动汽车
402:SLT5044X,402:SLT5044X:confirmed,402,SLT5044X,金冠圣路,,,eidc,confirmed,high,旅居车,passenger_vehicle,suv_mpv,in_scope,(二十一)12,民用改装车生产企业,,,,,,,,,,,,,,,,,,,,,,,,,,,,,,,1,0,0,数据缺失,,
402:SQH5040X,402:SQH5040X:confirmed,402,SQH5040X,勤宏,,,eidc,confirmed,high,旅居车,passenger_vehicle,suv_mpv,in_scope,(二十二)29,民用改装车生产企业,,,,,,,,,,,,,,,,,,,,,,,,,,,,,,,1,0,0,数据缺失,,
402:SQR2030,402:SQR2030:confirmed,402,SQR2030,捷途,捷途纵横G700,插电式混合动力,eidc,confirmed,high,插电式混合动力越野乘用车,passenger_vehicle,suv_mpv,in_scope,119,一、汽车生产企业,,,,,3063/3094,3063.0,34.13,34.13,303,303.0,116,116.0,,,,,,,,,,,,,,,29.4,112.6,3.4,9.9,1,1,1,全数据,,插电式混合动力乘用车
402:SQR6450,402:SQR6450:confirmed,402,SQR6450,奇瑞,,,eidc,confirmed,high,多用途乘用车,passenger_vehicle,suv_mpv,in_scope,119,一、汽车生产企业,,,,,,,,,,,,,,,,,,,,,,,,,,,,,,,1,0,0,数据缺失,,
402:SQR6470,402:SQR6470:confirmed,402,SQR6470,奇瑞,山海T1,插电式混合动力,eidc,confirmed,high,多用途乘用车,passenger_vehicle,suv_mpv,in_scope,119,一、汽车生产企业,,,,,2005,2005.0,26.62,26.62,258.8,258.8,120,120.0,,,,,,,,,,,,,,,22.2,102.9,4.51,12.9,1,1,1,全数据,,插电式混合动力乘用车
402:SQR6471,402:SQR6471:confirmed,402,SQR6471,捷途,山海L7 C-DM,插电式混合动力,eidc,confirmed,high,多用途乘用车,passenger_vehicle,suv_mpv,in_scope,119,一、汽车生产企业,,,,,1835/1848/1858/1872,1835.0,18.3708,18.3708,165,165.0,100,100.0,,,,,,,,,,,,,,,18.4,111.3,5.44,9.0,1,1,1,全数据,,插电式混合动力乘用车
402:SQR6472,402:SQR6472:confirmed,402,SQR6472,奇瑞,风云T8L C-DM,插电式混合动力,eidc,confirmed,high,插电式混合动力多用途乘用车,passenger_vehicle,suv_mpv,in_scope,119,一、汽车生产企业,,,,,1800,1800.0,19.527,19.527,193.5,193.5,101,101.0,,,,,,,,,,,,,,,19.3,100.9,5.17,10.8,1,1,1,全数据,,插电式混合动力乘用车
402:SQR6480,402:SQR6480:confirmed,402,SQR6480,捷途,山海L7 PLUS C-DM,插电式混合动力,eidc,confirmed,high,多用途乘用车,passenger_vehicle,suv_mpv,in_scope,119,一、汽车生产企业,,,,,2002/2015/2058/2070/2095,2002.0,32.659,32.659,263,263.0,167,167.0,,,,,,,,,,,,,,,19.6,124.2,5.11,13.1,1,1,1,全数据,,插电式混合动力乘用车
402:SQR6481,402:SQR6481:confirmed,402,SQR6481,奇瑞,风云T9 C-DM,插电式混合动力,eidc,confirmed,high,插电式混合动力多用途乘用车,passenger_vehicle,suv_mpv,in_scope,119,一、汽车生产企业,,,,,2046/2102,2046.0,32.659,32.659,266,266.0,160,160.0,,,,,,,,,,,,,,,20.4,122.8,4.9,13.0,1,1,1,全数据,,插电式混合动力乘用车
402:SQR6490,402:SQR6490:confirmed,402,SQR6490,奇瑞,风云T9L,插电式混合动力,eidc,confirmed,high,多用途乘用车,passenger_vehicle,suv_mpv,in_scope,119,一、汽车生产企业,,,,,1940,1940.0,19.527,19.527,193.5,193.5,101,101.0,,,,,,,,,,,,,,,19.3,100.9,5.17,10.0,1,1,1,全数据,,插电式混合动力乘用车
402:SQR6491,402:SQR6491:confirmed,402,SQR6491,奇瑞,,,eidc,confirmed,high,多用途乘用车,passenger_vehicle,suv_mpv,in_scope,119,一、汽车生产企业,,,,,,,,,,,,,,,,,,,,,,,,,,,,,,,1,0,0,数据缺失,,
402:SQR6521,402:SQR6521:confirmed,402,SQR6521,奇瑞,风云T11,插电式混合动力,eidc,confirmed,high,插电式增程混合动力多用途乘用车,passenger_vehicle,suv_mpv,in_scope,119,一、汽车生产企业,,,,,2452,2452.0,33.6798,33.6798,276,276.0,165,165.0,,,,,,,,,,,,,,,20.4,122.0,4.9,11.3,1,1,1,全数据,,插电式混合动力乘用车
402:SQR7151,402:SQR7151:confirmed,402,SQR7151,星途,STERRA ES,插电式混合动力,eidc,confirmed,high,插电式增程混合动力轿车,passenger_vehicle,sedan,in_scope,119,一、汽车生产企业,,,,,2135,2135.0,39.816,39.816,320,320.0,240,240.0,,,,,,,,,,,,,,,16.6,124.4,6.03,15.0,1,1,1,全数据,,插电式混合动力乘用车
402:SQR7163,402:SQR7163:confirmed,402,SQR7163,奇瑞,,,eidc,confirmed,high,轿车,passenger_vehicle,sedan,in_scope,119,一、汽车生产企业,,,,,,,,,,,,,,,,,,,,,,,,,,,,,,,1,0,0,数据缺失,,
402:SQR7203,402:SQR7203:confirmed,402,SQR7203,奇瑞,,,eidc,confirmed,high,轿车,passenger_vehicle,sedan,in_scope,119,一、汽车生产企业,,,,,,,,,,,,,,,,,,,,,,,,,,,,,,,1,0,0,数据缺失,,
402:SQR7204,402:SQR7204:confirmed,402,SQR7204,奇瑞,,,eidc,confirmed,high,轿车,passenger_vehicle,sedan,in_scope,119,一、汽车生产企业,,,,,,,,,,,,,,,,,,,,,,,,,,,,,,,1,0,0,数据缺失,,
402:SVW6501,402:SVW6501:confirmed,402,SVW6501,奥迪(AUDI),E7X,纯电动,eidc,confirmed,high,纯电动多用途乘用车,passenger_vehicle,suv_mpv,in_scope,5,一、汽车生产企业,,,,,2526,2526.0,109.3,109.3,578,578.0,751/730,751.0,,,,,,,,,,,,,,,14.6,189.1,6.87,22.9,1,0,1,全数据,,纯电动汽车
402:SVW7152,402:SVW7152:confirmed,402,SVW7152,大众汽车(VOLKSWAGEN),PASSAT ePRO,插电式混合动力,eidc,confirmed,high,插电式混合动力轿车,passenger_vehicle,sedan,in_scope,5,一、汽车生产企业,,,,,1825,1825.0,22,22.0,163.5,163.5,125,125.0,,,,,,,,,,,,,,,17.6,134.6,5.68,9.0,1,0,1,全数据,,插电式混合动力汽车
402:SY6535,402:SY6535:confirmed,402,SY6535,金杯,,,eidc,confirmed,high,多用途乘用车,passenger_vehicle,suv_mpv,in_scope,33,一、汽车生产企业,,,,,,,,,,,,,,,,,,,,,,,,,,,,,,,1,0,0,数据缺失,,
402:WHJ6520,402:WHJ6520:confirmed,402,WHJ6520,凯翼,江豚E7,纯电动,eidc,confirmed,high,纯电动多用途乘用车,passenger_vehicle,suv_mpv,in_scope,137,一、汽车生产企业,,,,,1730/1755,1730.0,50.386,50.386,382±11.4,382.0,368,368.0,,,,,,,,,,,,,,,13.7,131.9,7.3,22.1,1,0,1,全数据,,纯电动汽车
402:WHP5040X,402:WHP5040X:confirmed,402,WHP5040X,卫航,,,eidc,confirmed,high,旅居车,passenger_vehicle,suv_mpv,in_scope,(十)121,民用改装车生产企业,,,,,,,,,,,,,,,,,,,,,,,,,,,,,,,1,0,0,数据缺失,,
402:WHR5050X,402:WHR5050X:confirmed,402,WHR5050X,赛家,,,eidc,confirmed,high,旅居车,passenger_vehicle,suv_mpv,in_scope,(十七)142,民用改装车生产企业,,,,,,,,,,,,,,,,,,,,,,,,,,,,,,,1,0,0,数据缺失,,
402:WSP5081X,402:WSP5081X:confirmed,402,WSP5081X,衞士,,,eidc,confirmed,high,旅居车,passenger_vehicle,suv_mpv,in_scope,(一)50,民用改装车生产企业,,,,,,,,,,,,,,,,,,,,,,,,,,,,,,,1,0,0,数据缺失,,
402:WWW5040X,402:WWW5040X:confirmed,402,WWW5040X,亿多星,,,eidc,confirmed,high,旅居车,passenger_vehicle,suv_mpv,in_scope,(十七)209,民用改装车生产企业,,,,,,,,,,,,,,,,,,,,,,,,,,,,,,,1,0,0,数据缺失,,
402:WZH5040X,402:WZH5040X:confirmed,402,WZH5040X,旅美,,,eidc,confirmed,high,旅居车,passenger_vehicle,suv_mpv,in_scope,(十二)56,民用改装车生产企业,,,,,,,,,,,,,,,,,,,,,,,,,,,,,,,1,0,0,数据缺失,,
402:XYT5031X,402:XYT5031X:confirmed,402,XYT5031X,新逾捷,,插电式混合动力,eidc,confirmed,high,旅居车,passenger_vehicle,suv_mpv,in_scope,(二十一)44,民用改装车生产企业,,,,,2895,2895.0,32.855,32.855,207±6,207.0,135,135.0,,,,,,,,,,,,,,,24.3,158.7,4.11,7.2,1,1,0,全数据,,插电式混合动力商用车
402:YZ6512,402:YZ6512:confirmed,402,YZ6512,渝州,,,eidc,confirmed,high,多用途乘用车,passenger_vehicle,suv_mpv,in_scope,102,一、汽车生产企业,,,,,,,,,,,,,,,,,,,,,,,,,,,,,,,1,0,0,数据缺失,,
402:YZ6552,402:YZ6552:confirmed,402,YZ6552,渝州,,,eidc,confirmed,high,多用途乘用车,passenger_vehicle,suv_mpv,in_scope,102,一、汽车生产企业,,,,,,,,,,,,,,,,,,,,,,,,,,,,,,,1,0,0,数据缺失,,
402:ZDD5100X,402:ZDD5100X:confirmed,402,ZDD5100X,隆翠,,,eidc,confirmed,high,旅居车,passenger_vehicle,suv_mpv,in_scope,(十一)45,民用改装车生产企业,,,,,,,,,,,,,,,,,,,,,,,,,,,,,,,1,0,0,数据缺失,,
402:ZDD5120X,402:ZDD5120X:confirmed,402,ZDD5120X,隆翠,,,eidc,confirmed,high,旅居车,passenger_vehicle,suv_mpv,in_scope,(十一)45,民用改装车生产企业,,,,,,,,,,,,,,,,,,,,,,,,,,,,,,,1,0,0,数据缺失,,
402:ZN1032,402:ZN1032:confirmed,402,ZN1032,日产(NISSAN),,,eidc,confirmed,high,多用途货车底盘,passenger_vehicle,suv_mpv,in_scope,72,一、汽车生产企业,,,,,,,,,,,,,,,,,,,,,,,,,,,,,,,1,0,0,数据缺失,,
402:ZN1037,402:ZN1037:confirmed,402,ZN1037,东风,,,eidc,confirmed,high,多用途货车底盘,passenger_vehicle,suv_mpv,in_scope,72,一、汽车生产企业,,,,,,,,,,,,,,,,,,,,,,,,,,,,,,,1,0,0,数据缺失,,
403:AHC7150,403:AHC7150:confirmed,403,AHC7150,昊铂,昊铂A800,插电式混合动力,eidc,confirmed,high,插电式增程混合动力轿车,passenger_vehicle,sedan,in_scope,216,一、汽车生产企业,,,,,2400,2400.0,35.027,35.027,269,269.0,163,163.0,,,,,,,,,,,,,,,21.5,130.2,4.65,11.2,1,0,1,全数据,,插电式混合动力汽车
403:BJ6496,403:BJ6496:confirmed,403,BJ6496,梅赛德斯-奔驰(Mercedes-Benz),GLC 350 L 4MATIC,纯电动,eidc,confirmed,high,纯电动运动型乘用车,passenger_vehicle,suv_mpv,in_scope,10,一、汽车生产企业,,,,,2515,2515.0,89,89.0,496,496.0,680/703,680.0,,,,,,,,,,,,,,,13.1,179.4,7.64,19.7,1,0,1,全数据,,纯电动汽车
403:BJ7001,403:BJ7001:confirmed,403,BJ7001,极狐(ARCFOX),αS5,纯电动,eidc,confirmed,high,纯电动轿车,passenger_vehicle,sedan,in_scope,45,一、汽车生产企业,,,,,1920,1920.0,79.2,79.2,470,470.0,770,770.0,,,,,,,,,,,,,,,10.3,168.5,9.72,24.5,1,0,1,全数据,,纯电动汽车
403:BJ7150,403:BJ7150:confirmed,403,BJ7150,极狐(ARCFOX),αS5,插电式混合动力,eidc,confirmed,high,插电式增程混合动力轿车,passenger_vehicle,sedan,in_scope,45,一、汽车生产企业,,,,,1880,1880.0,27.4,27.4,230,230.0,175,175.0,,,,,,,,,,,,,,,15.7,119.1,6.39,12.2,1,0,1,全数据,,插电式混合动力汽车
403:BYD6460,403:BYD6460:confirmed,403,BYD6460,比亚迪,比亚迪海狮05,插电式混合动力,eidc,confirmed,high,插电式混合动力多用途乘用车,passenger_vehicle,suv_mpv,in_scope,79,一、汽车生产企业,,,,,1650,1650.0,18.317,18.317,162.5,162.5,102,102.0,,,,,,,,,,,,,,,18.0,112.7,5.57,9.8,1,0,1,全数据,,插电式混合动力汽车
403:BYD6480,403:BYD6480:confirmed,403,BYD6480,比亚迪,比亚迪海狮06,插电式混合动力,eidc,confirmed,high,纯电动多用途乘用车,passenger_vehicle,suv_mpv,in_scope,79,一、汽车生产企业,,,,,1930,1930.0,26.628,26.628,220,220.0,143,143.0,,,,,,,,,,,,,,,18.6,121.0,5.37,11.4,1,0,1,全数据,,插电式混合动力汽车
403:BYD7000,403:BYD7000:confirmed,403,BYD7000,比亚迪,比亚迪海豹06、比亚迪海豹06MAX,纯电动,eidc,confirmed,high,纯电动轿车,passenger_vehicle,sedan,in_scope,79,一、汽车生产企业,,,,,1795,1795.0,64.315,64.315,444.1,444.1,630(CLTC),630.0,,,,,,,,,,,,,,,10.2,144.8,9.8,24.7,1,0,1,全数据,,纯电动汽车
403:BYD7001,403:BYD7001:confirmed,403,BYD7001,比亚迪,比亚迪海鸥,纯电动,eidc,confirmed,high,纯电动轿车,passenger_vehicle,sedan,in_scope,79,一、汽车生产企业,,,,,1240,1240.0,40.077,40.077,290.4,290.4,410,410.0,,,,,,,,,,,,,,,9.8,138.0,10.23,23.4,1,0,1,全数据,,纯电动汽车
403:BYD7004,403:BYD7004:confirmed,403,BYD7004,比亚迪,比亚迪海豚,纯电动,eidc,confirmed,high,纯电动轿车,passenger_vehicle,sedan,in_scope,79,一、汽车生产企业,,,,,1445,1445.0,42.313,42.313,307.3,307.3,420,420.0,,,,,,,,,,,,,,,10.1,137.7,9.93,21.3,1,0,1,全数据,,纯电动汽车
403:CA1030,403:CA1030:confirmed,403,CA1030,解放,,纯电动,eidc,confirmed,high,纯电动多用途货车,passenger_vehicle,suv_mpv,in_scope,1,一、汽车生产企业,,,,,,,,,,,,,,,,,,,,,,,,,,,,,,,1,0,0,数据缺失,,
403:CA7159,403:CA7159:confirmed,403,CA7159,一汽,悦意08,插电式混合动力,eidc,confirmed,high,插电式增程混合动力轿车,passenger_vehicle,sedan,in_scope,1,一、汽车生产企业,,,,,1765,1765.0,27.8,27.8,214±6,214.0,178,178.0,,,,,,,,,,,,,,,15.6,129.9,6.4,12.1,1,0,1,全数据,,插电式混合动力汽车
403:CC6500,403:CC6500:confirmed,403,CC6500,魏,魏牌高山,插电式混合动力,eidc,confirmed,high,插电式混合动力多用途乘用车,passenger_vehicle,suv_mpv,in_scope,15,一、汽车生产企业,,,,,2720,2720.0,37.96,37.96,248,248.0,150,150.0,,,,,,,,,,,,,,,25.3,153.1,3.95,9.1,1,0,1,全数据,,插电式混合动力汽车
403:CC6510,403:CC6510:confirmed,403,CC6510,魏,魏牌高山,插电式混合动力,eidc,confirmed,high,插电式混合动力多用途乘用车,passenger_vehicle,suv_mpv,in_scope,15,一、汽车生产企业,,,,,2720,2720.0,37.96,37.96,248,248.0,150,150.0,,,,,,,,,,,,,,,25.3,153.1,3.95,9.1,1,0,1,全数据,,插电式混合动力汽车
403:CSA6531,403:CSA6531:confirmed,403,CSA6531,智己,LS9,插电式混合动力,eidc,confirmed,high,插电式增程混合动力运动型乘用车,passenger_vehicle,suv_mpv,in_scope,122,一、汽车生产企业,,,,,2695,2695.0,65.9,65.9,375,375.0,308,308.0,,,,,,,,,,,,,,,21.4,175.7,4.67,13.9,1,0,1,全数据,,插电式混合动力汽车
403:CSA7151,403:CSA7151:confirmed,403,CSA7151,荣威,,,eidc,confirmed,high,轿车,passenger_vehicle,sedan,in_scope,122,一、汽车生产企业,,,,,,,,,,,,,,,,,,,,,,,,,,,,,,,1,0,0,数据缺失,,
403:FV6472,403:FV6472:confirmed,403,FV6472,大众,TAYRON L,插电式混合动力,eidc,confirmed,high,插电式混合动力多用途乘用车,passenger_vehicle,suv_mpv,in_scope,2,一、汽车生产企业,,,,,1882,1882.0,22.0,22.0,163.1,163.1,113,113.0,,,,,,,,,,,,,,,19.5,134.9,5.14,8.7,1,0,1,全数据,,插电式混合动力汽车
403:FV7152,403:FV7152:confirmed,403,FV7152,大众,BORA,,eidc,confirmed,high,轿车,passenger_vehicle,sedan,in_scope,2,一、汽车生产企业,,,,,1344,1344.0,,,,,,,,,,,,,,,,,,,,,,,,,1,1,0,全数据,,节能乘用车
403:FV7157,403:FV7157:confirmed,403,FV7157,大众,MAGOTAN,插电式混合动力,eidc,confirmed,high,插电式混合动力轿车,passenger_vehicle,sedan,in_scope,2,一、汽车生产企业,,,,,1544/1583,1544.0,22.0,22.0,163.5,163.5,127,127.0,,,,,,,,,,,,,,,17.3,134.6,5.77,10.6,1,1,1,全数据,,节能乘用车
403:FZ6430,403:FZ6430:confirmed,403,FZ6430,零跑,A10,纯电动,eidc,confirmed,high,纯电动多用途乘用车,passenger_vehicle,suv_mpv,in_scope,58,一、汽车生产企业,,,,,1460,1460.0,53,53.0,385±11.5,385.0,505（CLTC）,505.0,,,,,,,,,,,,,,,10.5,137.7,9.53,26.4,1,0,1,全数据,,纯电动汽车
403:FZ6530,403:FZ6530:confirmed,403,FZ6530,零跑,D19,插电式混合动力,eidc,confirmed,high,插电式增程混合动力多用途乘用车,passenger_vehicle,suv_mpv,in_scope,58,一、汽车生产企业,,,,,2740/2770,2740.0,80.3,80.3,545±16.3,545.0,370,370.0,,,,,,,,,,,,,,,21.7,147.3,4.61,19.9,1,0,1,全数据,,插电式混合动力汽车
403:HQ7151,403:HQ7151:confirmed,403,HQ7151,吉利,银河星耀7,插电式混合动力,eidc,confirmed,high,插电式混合动力轿车,passenger_vehicle,sedan,in_scope,52,一、汽车生产企业,,,,,1860,1860.0,28.5,28.5,214,214.0,165,165.0,,,,,,,,,,,,,,,17.3,133.2,5.79,11.5,1,0,1,全数据,,插电式混合动力汽车
403:JL6501,403:JL6501:confirmed,403,JL6501,远程,,纯电动,eidc,confirmed,high,纯电动多用途乘用车,passenger_vehicle,suv_mpv,in_scope,52,一、汽车生产企业,,,,,,,,,,,,,,,,,,,,,,,,,,,,,,,1,0,0,数据缺失,,
403:LZ1030,403:LZ1030:confirmed,403,LZ1030,东风,,,eidc,confirmed,high,多用途货车,passenger_vehicle,suv_mpv,in_scope,91,一、汽车生产企业,,,,,,,,,,,,,,,,,,,,,,,,,,,,,,,1,0,0,数据缺失,,
403:MR6511,403:MR6511:confirmed,403,MR6511,极氪,8X,插电式混合动力,eidc,confirmed,high,插电式混合动力多用途乘用车,passenger_vehicle,suv_mpv,in_scope,52,一、汽车生产企业,,,,,2690/2660,2690.0,55.1,55.1,340±10,340.0,257,257.0,,,,,,,,,,,,,,,21.4,162.1,4.66,12.6,1,0,1,全数据,,插电式混合动力汽车
403:MR7151,403:MR7151:confirmed,403,MR7151,吉利,银河A7,插电式混合动力,eidc,confirmed,high,插电式混合动力轿车,passenger_vehicle,sedan,in_scope,52,一、汽车生产企业,,,,,1775,1775.0,28.3,28.3,220,220.0,175,175.0,,,,,,,,,,,,,,,16.2,128.6,6.18,12.4,1,0,1,全数据,,插电式混合动力汽车
403:NAL6543,403:NAL6543:confirmed,403,NAL6543,蔚来,ES9,纯电动,eidc,confirmed,high,换电式纯电动多用途乘用车,passenger_vehicle,suv_mpv,in_scope,214,一、汽车生产企业,,,,,2845/2870/2915,2845.0,102,102.0,545,545.0,620/600/580（CLTC）,620.0,,,,,,,,,,,,,,,16.5,187.2,6.08,19.2,1,0,1,全数据,,纯电动汽车
403:NEQ7000,403:NEQ7000:confirmed,403,NEQ7000,奇瑞,QQ3,纯电动,eidc,confirmed,high,纯电动轿车,passenger_vehicle,sedan,in_scope,174,一、汽车生产企业,,,,,1275,1275.0,29.484,29.484,242,242.0,310,310.0,,,,,,,,,,,,,,,9.5,121.8,10.51,19.0,1,0,1,全数据,,纯电动汽车
403:NJL6470,403:NJL6470:confirmed,403,NJL6470,创维,创维HTi,纯电动,eidc,confirmed,high,纯电动多用途乘用车,passenger_vehicle,suv_mpv,in_scope,142,一、汽车生产企业,,,,,1920,1920.0,32.76,32.76,237,237.0,148,148.0,,,,,,,,,,,,,,,22.1,138.2,4.52,12.3,1,1,1,全数据,,插电式混合动力乘用车
403:QCJ6460,403:QCJ6460:confirmed,403,QCJ6460,方程豹,方程豹钛3,纯电动,eidc,confirmed,high,纯电动多用途乘用车,passenger_vehicle,suv_mpv,in_scope,108,一、汽车生产企业,,,,,2150,2150.0,75.616,75.616,538.6,538.6,565,565.0,,,,,,,,,,,,,,,13.4,140.4,7.47,25.1,1,0,1,全数据,,纯电动汽车
403:QCJ6520,403:QCJ6520:confirmed,403,QCJ6520,领汇,领汇M9,插电式混合动力,eidc,confirmed,high,插电式混合动力多用途乘用车,passenger_vehicle,suv_mpv,in_scope,79,一、汽车生产企业,,,,,2470,2470.0,26.178,26.178,229,229.0,118,118.0,,,,,,,,,,,,,,,22.2,114.3,4.51,9.3,1,0,1,全数据,,插电式混合动力汽车
403:QCJ7000,403:QCJ7000:confirmed,403,QCJ7000,腾势,腾势Z9,纯电动,eidc,confirmed,high,纯电动轿车,passenger_vehicle,sedan,in_scope,79,一、汽车生产企业,,,,,2540,2540.0,102.326,102.326,725.9,725.9,905(CLTC),905.0,,,,,,,,,,,,,,,11.3,141.0,8.84,28.6,1,0,1,全数据,,纯电动汽车
403:QCJ7008,403:QCJ7008:confirmed,403,QCJ7008,领汇,领汇e5,纯电动,eidc,confirmed,high,纯电动轿车,passenger_vehicle,sedan,in_scope,79,一、汽车生产企业,,,,,1595,1595.0,57.6,57.6,392.5,392.5,530(CLTC),530.0,,,,,,,,,,,,,,,10.9,146.8,9.2,24.6,1,0,1,全数据,,纯电动汽车
403:QCJ7009,403:QCJ7009:confirmed,403,QCJ7009,领汇,领汇e9,纯电动,eidc,confirmed,high,纯电动轿车,passenger_vehicle,sedan,in_scope,79,一、汽车生产企业,,,,,1890,1890.0,64.315,64.315,444.1,444.1,605,605.0,,,,,,,,,,,,,,,10.6,144.8,9.41,23.5,1,0,1,全数据,,纯电动汽车
403:QCJ7200,403:QCJ7200:confirmed,403,QCJ7200,腾势,腾势Z9 GT,插电式混合动力,eidc,confirmed,high,插电式混合动力轿车,passenger_vehicle,sedan,in_scope,79,一、汽车生产企业,,,,,2810,2810.0,63.820,63.82,475,475.0,301,301.0,,,,,,,,,,,,,,,21.2,134.4,4.72,16.9,1,0,1,全数据,,插电式混合动力汽车
403:SC7000,403:SC7000:confirmed,403,SC7000,阿维塔（AVATR）,12,纯电动,eidc,confirmed,high,纯电动轿车,passenger_vehicle,sedan,in_scope,96,一、汽车生产企业,,,,,2290/2310,2290.0,98.07,98.07,593,593.0,735,735.0,,,,,,,,,,,,,,,13.3,165.4,7.49,25.9,1,0,1,全数据,,纯电动汽车
403:SC7150,403:SC7150:confirmed,403,SC7150,阿维塔（AVATR）,UNI-V,插电式混合动力,eidc,confirmed,high,插电式增程混合动力轿车,passenger_vehicle,sedan,in_scope,96,一、汽车生产企业,,,,,1500,1500.0,52.01,52.01,370,370.0,261,261.0,,,,,,,,,,,,,,,19.9,140.6,5.02,24.7,1,1,1,全数据,,节能乘用车
403:SGM6481,403:SGM6481:confirmed,403,SGM6481,别克(BUICK),ELECTRA E7;ELECTRA X7,插电式混合动力,eidc,confirmed,high,插电式混合动力运动型乘用车,passenger_vehicle,suv_mpv,in_scope,6,一、汽车生产企业,,,,,1850,1850.0,19.7(1C）/20.4(1/3C),19.7,186,186.0,106,106.0,,,,,,,,,,,,,,,18.6,105.9,5.38,10.1,1,0,1,全数据,,插电式混合动力汽车
403:SQJ6460,403:SQJ6460:confirmed,403,SQJ6460,野马,S5,纯电动,eidc,confirmed,high,纯电动多用途乘用车,passenger_vehicle,suv_mpv,in_scope,101,一、汽车生产企业,,,,,1800,1800.0,64.445,64.445,495,495.0,530（CLTC）,530.0,,,,,,,,,,,,,,,12.2,130.2,8.22,27.5,1,0,1,全数据,,纯电动汽车
403:SQR1030,403:SQR1030:confirmed,403,SQR1030,威麟,,,eidc,confirmed,high,多用途货车,passenger_vehicle,suv_mpv,in_scope,119,一、汽车生产企业,,,,,,,,,,,,,,,,,,,,,,,,,,,,,,,1,0,0,数据缺失,,
403:SQR6540,403:SQR6540:confirmed,403,SQR6540,智界,智界V9,插电式混合动力,eidc,confirmed,high,插电式增程混合动力多用途乘用车,passenger_vehicle,suv_mpv,in_scope,119,一、汽车生产企业,,,,,2870/2940,2870.0,53.352(1/3C)/51.975(1C),53.352,302,302.0,210,210.0,,,,,,,,,,,,,,,25.4,176.7,3.94,10.5,1,0,1,全数据,,插电式混合动力汽车
403:SVW6521,403:SVW6521:confirmed,403,SVW6521,大众汽车(VOLKSWAGEN),ID.ERA 9X,插电式混合动力,eidc,confirmed,high,插电式增程混合动力多用途乘用车,passenger_vehicle,suv_mpv,in_scope,5,一、汽车生产企业,,,,,2600,2600.0,51.1,51.1,390,390.0,267,267.0,,,,,,,,,,,,,,,19.1,131.0,5.23,15.0,1,0,1,全数据,,插电式混合动力汽车
403:VWA6470,403:VWA6470:confirmed,403,VWA6470,大众汽车,,纯电动,eidc,confirmed,high,纯电动多用途乘用车,passenger_vehicle,suv_mpv,in_scope,212,一、汽车生产企业,,,,,,,,,,,,,,,,,,,,,,,,,,,,,,,1,0,0,数据缺失,,
403:XMA7001,403:XMA7001:confirmed,403,XMA7001,小米,小米SU7,纯电动,eidc,confirmed,high,纯电动轿车,passenger_vehicle,sedan,in_scope,217,一、汽车生产企业,,,,,2280,2280.0,101.7,101.7,666,666.0,835/805/730,835.0,,,,,,,,,,,,,,,12.2,152.7,8.21,29.2,1,0,1,全数据,,纯电动汽车
404:AFN7000,404:AFN7000:confirmed,404,AFN7000,奥迪,A6L,纯电动,eidc,confirmed,high,纯电动轿车,passenger_vehicle,sedan,in_scope,218,一、汽车生产企业,,,,,2327,2327.0,95.0,95.0,663,663.0,720,720.0,,,,,,,,,,,,,,,13.2,143.3,7.58,28.5,1,0,1,全数据,,纯电动汽车
404:AHC6460,404:AHC6460:confirmed,404,AHC6460,埃安(AION),埃安N60,纯电动,eidc,confirmed,high,换电式纯电动多用途乘用车,passenger_vehicle,suv_mpv,in_scope,216,一、汽车生产企业,,,,,1760,1760.0,55.979,55.979,415,415.0,500,500.0,,,,,,,,,,,,,,,11.2,134.9,8.93,23.6,1,0,1,全数据,,纯电动汽车
404:BJ7000,404:BJ7000:confirmed,404,BJ7000,极狐,T1,纯电动,eidc,confirmed,high,纯电动轿车,passenger_vehicle,sedan,in_scope,11,一、汽车生产企业,,,,,1540,1540.0,55.6,55.6,417,417.0,550,550.0,,,,,,,,,,,,,,,10.1,133.3,9.89,27.1,1,0,1,全数据,,纯电动汽车
404:BJ7158,404:BJ7158:confirmed,404,BJ7158,梅赛德斯-奔驰(Mercedes-Benz),CLA 220 L,插电式混合动力,eidc,confirmed,high,混合动力轿车,passenger_vehicle,sedan,in_scope,10,一、汽车生产企业,,,,,1680,1680.0,,,,,,,,,,,,,,,,,,,,,,,,,1,1,0,全数据,,节能乘用车
404:BRT5060X,404:BRT5060X:confirmed,404,BRT5060X,卓昂,,插电式增程混合动力,eidc,confirmed,high,插电式增程混合动力旅居车,passenger_vehicle,suv_mpv,in_scope,(二十一)39,民用改装车生产企业,,,,,,,,,,,,,,,,,,,,,,,,,,,,,,,1,0,0,非纯电车型（tax hit=0 pur hit=0）,,
404:BTQ5073X,404:BTQ5073X:confirmed,404,BTQ5073X,舜泰,,插电式混合动力,eidc,confirmed,high,插电式混合动力旅居车,passenger_vehicle,suv_mpv,in_scope,(十五)394,民用改装车生产企业,,,,,,,,,,,,,,,,,,,,,,,,,,,,,,,1,0,0,非纯电车型（tax hit=0 pur hit=0）,,
404:BYD6460,404:BYD6460:confirmed,404,BYD6460,比亚迪,比亚迪海狮05,纯电动,eidc,confirmed,high,纯电动多用途乘用车,passenger_vehicle,suv_mpv,in_scope,79,一、汽车生产企业,,,,,1710,1710.0,57.545,57.545,399.1,399.1,540(CLTC),540.0,,,,,,,,,,,,,,,10.7,144.2,9.38,23.3,1,0,1,全数据,,纯电动汽车
404:BYD6480,404:BYD6480:confirmed,404,BYD6480,比亚迪,比亚迪海狮06,纯电动,eidc,confirmed,high,纯电动多用途乘用车,passenger_vehicle,suv_mpv,in_scope,108,一、汽车生产企业,,,,,2080,2080.0,82.732,82.732,571.3,571.3,710(CLTC),710.0,,,,,,,,,,,,,,,11.7,144.8,8.58,27.5,1,0,1,全数据,,纯电动汽车
404:BYD6530,404:BYD6530:confirmed,404,BYD6530,比亚迪,比亚迪大唐,纯电动,eidc,confirmed,high,纯电动多用途乘用车,passenger_vehicle,suv_mpv,in_scope,79,一、汽车生产企业,,,,,2970,2970.0,130.15,130.15,885,885.0,850(CLTC),850.0,,,,,,,,,,,,,,,15.3,147.1,6.53,29.8,1,0,1,全数据,,纯电动汽车
404:CC1030,404:CC1030:confirmed,404,CC1030,长城,,插电式混合动力,eidc,confirmed,high,插电式混合动力多用途货车,passenger_vehicle,suv_mpv,in_scope,15,一、汽车生产企业,,,,,2375,2375.0,33.1,33.1,246.5,246.5,100,100.0,,,,,,,,,,,,,,,33.1,134.3,3.02,10.4,1,1,1,全数据,,插电式混合动力商用车
404:CC1033,404:CC1033:confirmed,404,CC1033,长城,,插电式混合动力,eidc,confirmed,high,插电式混合动力多用途货车,passenger_vehicle,suv_mpv,in_scope,15,一、汽车生产企业,,,,,2500/2550,2500.0,33.1,33.1,246.5,246.5,95,95.0,,,,,,,,,,,,,,,34.8,134.3,2.87,9.9,1,1,1,全数据,,插电式混合动力商用车
404:CC6450,404:CC6450:confirmed,404,CC6450,欧拉,ORA 5,,eidc,confirmed,high,多用途乘用车,passenger_vehicle,suv_mpv,in_scope,15,一、汽车生产企业,,,,,"1540,1565",,,,,,,,,,,,,,,,,,,,,,,,,,1,1,0,全数据,,节能乘用车
404:CC6480,404:CC6480:confirmed,404,CC6480,哈弗,哈弗猛龙,插电式混合动力,eidc,confirmed,high,插电式混合动力多用途乘用车,passenger_vehicle,suv_mpv,in_scope,15,一、汽车生产企业,,,,,2075,2075.0,23.7,23.7,186,186.0,106,106.0,,,,,,,,,,,,,,,22.4,127.4,4.47,9.0,1,1,1,全数据,,插电式混合动力乘用车
404:CC6490,404:CC6490:confirmed,404,CC6490,哈弗,哈弗猛龙V7 PLUS;哈弗猛龙 PLUS,插电式混合动力,eidc,confirmed,high,插电式混合动力多用途乘用车,passenger_vehicle,suv_mpv,in_scope,15,一、汽车生产企业,,,,,2200,2200.0,23.7,23.7,186,186.0,103,103.0,,,,,,,,,,,,,,,23.0,127.4,4.35,8.5,1,1,1,全数据,,插电式混合动力乘用车
404:CC6491,404:CC6491:confirmed,404,CC6491,哈弗,哈弗猛龙V7 PLUS;哈弗猛龙 PLUS,插电式混合动力,eidc,confirmed,high,插电式混合动力多用途乘用车,passenger_vehicle,suv_mpv,in_scope,15,一、汽车生产企业,,,,,2195/2280,2195.0,44.7,44.7,250,250.0,191/188,191.0,,,,,,,,,,,,,,,23.4,178.8,4.27,11.4,1,1,1,全数据,,插电式混合动力乘用车
404:CC6530,404:CC6530:confirmed,404,CC6530,魏,V9X,插电式混合动力,eidc,confirmed,high,插电式混合动力多用途乘用车,passenger_vehicle,suv_mpv,in_scope,15,一、汽车生产企业,,,,,2740/2780,2740.0,53.6,53.6,288,288.0,240,240.0,,,,,,,,,,,,,,,22.3,186.1,4.48,10.5,1,1,1,全数据,,插电式混合动力乘用车
404:CFC5037X,404:CFC5037X:confirmed,404,CFC5037X,长沣,,,eidc,confirmed,high,旅居车,passenger_vehicle,suv_mpv,in_scope,(十七)256,民用改装车生产企业,,,,,,,,,,,,,,,,,,,,,,,,,,,,,,,1,0,0,数据缺失,,
404:CRV5030X,404:CRV5030X:confirmed,404,CRV5030X,启界,,,eidc,confirmed,high,旅居车,passenger_vehicle,suv_mpv,in_scope,(十二)75,民用改装车生产企业,,,,,,,,,,,,,,,,,,,,,,,,,,,,,,,1,0,0,数据缺失,,
404:CXF5095X,404:CXF5095X:confirmed,404,CXF5095X,程力新富,,,eidc,confirmed,high,旅居车,passenger_vehicle,suv_mpv,in_scope,(十七)188,民用改装车生产企业,,,,,,,,,,,,,,,,,,,,,,,,,,,,,,,1,0,0,数据缺失,,
404:DCQ5042X,404:DCQ5042X:confirmed,404,DCQ5042X,大驰,,,eidc,confirmed,high,旅居车,passenger_vehicle,suv_mpv,in_scope,(十五)466,民用改装车生产企业,,,,,,,,,,,,,,,,,,,,,,,,,,,,,,,1,0,0,数据缺失,,
404:DFL6490,404:DFL6490:confirmed,404,DFL6490,东风日产,东风日产NX8,插电式混合动力,eidc,confirmed,high,插电式增程混合动力运动型乘用车,passenger_vehicle,suv_mpv,in_scope,3,一、汽车生产企业,,,,,2162/2190,2162.0,43.2,43.2,314±9,314.0,214,214.0,,,,,,,,,,,,,,,20.2,137.6,4.95,14.5,1,1,1,全数据,,插电式混合动力乘用车
404:DJV5032X,404:DJV5032X:confirmed,404,DJV5032X,东嘉加乐,,插电式混合动力,eidc,confirmed,high,插电式混合动力旅居车,passenger_vehicle,suv_mpv,in_scope,(二十二)68,民用改装车生产企业,,,,,3150/3000,3150.0,32.855,32.855,207±6,207.0,135,135.0,,,,,,,,,,,,,,,24.3,158.7,4.11,6.6,1,1,0,全数据,,插电式混合动力商用车
404:DKF5071X,404:DKF5071X:confirmed,404,DKF5071X,科发房车,,,eidc,confirmed,high,旅居车,passenger_vehicle,suv_mpv,in_scope,(十五)458,民用改装车生产企业,,,,,,,,,,,,,,,,,,,,,,,,,,,,,,,1,0,0,数据缺失,,
404:DKF5140X,404:DKF5140X:confirmed,404,DKF5140X,科发房车,,,eidc,confirmed,high,旅居车,passenger_vehicle,suv_mpv,in_scope,(十五)458,民用改装车生产企业,,,,,,,,,,,,,,,,,,,,,,,,,,,,,,,1,0,0,数据缺失,,
404:EZY5046X,404:EZY5046X:confirmed,404,EZY5046X,正远,,,eidc,confirmed,high,旅居车,passenger_vehicle,suv_mpv,in_scope,(十七)147,民用改装车生产企业,,,,,,,,,,,,,,,,,,,,,,,,,,,,,,,1,0,0,数据缺失,,
404:FHA5032X,404:FHA5032X:confirmed,404,FHA5032X,景飞,,插电式混合动力,eidc,confirmed,high,插电式混合动力旅居车,passenger_vehicle,suv_mpv,in_scope,(九)50,民用改装车生产企业,,,,,,,,,,,,,,,,,,,,,,,,,,,,,,,1,0,0,非纯电车型（tax hit=0 pur hit=0）,,
404:FZ6530,404:FZ6530:confirmed,404,FZ6530,零跑,D19,纯电动,eidc,confirmed,high,纯电动多用途乘用车,passenger_vehicle,suv_mpv,in_scope,58,一、汽车生产企业,,,,,2730,2730.0,99.6,99.6,677±20.3,677.0,620（CLTC）,620.0,,,,,,,,,,,,,,,16.1,147.1,6.22,24.8,1,0,1,全数据,,纯电动汽车
404:FZ7000,404:FZ7000:confirmed,404,FZ7000,零跑,Lafa 5,纯电动,eidc,confirmed,high,纯电动轿车,passenger_vehicle,sedan,in_scope,58,一、汽车生产企业,,,,,1750,1750.0,67.1,67.1,461±13.8/471±14.13,461.0,600（CLTC）,600.0,,,,,,,,,,,,,,,11.2,145.6,8.94,26.3,1,0,1,全数据,,纯电动汽车
404:HFC7150,404:HFC7150:confirmed,404,HFC7150,江淮,尊界S800,插电式混合动力,eidc,confirmed,high,插电式增程混合动力轿车,passenger_vehicle,sedan,in_scope,56,一、汽车生产企业,,,,,2804/2822/2865/2851/2870,2804.0,63.262,63.262,385,385.0,271/258,271.0,,,,,,,,,,,,,,,23.3,164.3,4.28,13.7,1,1,1,全数据,,插电式混合动力乘用车
404:HQ7151,404:HQ7151:confirmed,404,HQ7151,吉利,银河星耀6 EM-i,插电式混合动力,eidc,confirmed,high,插电式混合动力轿车,passenger_vehicle,sedan,in_scope,52,一、汽车生产企业,,,,,1625,1625.0,28.3,28.3,220,220.0,170,170.0,,,,,,,,,,,,,,,16.6,128.6,6.01,13.5,1,1,1,全数据,,插电式混合动力乘用车
404:HQ7155,404:HQ7155:confirmed,404,HQ7155,帝豪,,插电式混合动力,eidc,confirmed,high,混合动力轿车,passenger_vehicle,sedan,in_scope,52,一、汽车生产企业,,,,,,,,,,,,,,,,,,,,,,,,,,,,,,,1,0,0,非纯电车型（tax hit=0 pur hit=0）,,
404:HXP5046X,404:HXP5046X:confirmed,404,HXP5046X,华西,,,eidc,confirmed,high,旅居车,passenger_vehicle,suv_mpv,in_scope,(二十二)41,民用改装车生产企业,,,,,,,,,,,,,,,,,,,,,,,,,,,,,,,1,0,0,数据缺失,,
404:JL6484,404:JL6484:confirmed,404,JL6484,吉利,星越L,插电式混合动力,eidc,confirmed,high,混合动力多用途乘用车,passenger_vehicle,suv_mpv,in_scope,52,一、汽车生产企业,,,,,1700,1700.0,,,,,,,,,,,,,,,,,,,,,,,,,1,1,0,全数据,,节能乘用车
404:JL7001,404:JL7001:confirmed,404,JL7001,吉利,,纯电动,eidc,confirmed,high,纯电动轿车,passenger_vehicle,sedan,in_scope,52,一、汽车生产企业,,,,,,,,,,,,,,,,,,,,,,,,,,,,,,,1,0,0,数据缺失,,
404:JMV5044X,404:JMV5044X:confirmed,404,JMV5044X,晶马,,,eidc,confirmed,high,旅居车,passenger_vehicle,suv_mpv,in_scope,62,一、汽车生产企业,,,,,,,,,,,,,,,,,,,,,,,,,,,,,,,1,0,0,数据缺失,,
404:JTW5036X,404:JTW5036X:confirmed,404,JTW5036X,克蒂汽车,,,eidc,confirmed,high,旅居车,passenger_vehicle,suv_mpv,in_scope,(二)31,民用改装车生产企业,,,,,,,,,,,,,,,,,,,,,,,,,,,,,,,1,0,0,数据缺失,,
404:JX1037,404:JX1037:confirmed,404,JX1037,江铃,,插电式混合动力,eidc,confirmed,high,插电式混合动力多用途货车,passenger_vehicle,suv_mpv,in_scope,61,一、汽车生产企业,,,,,2645,2645.0,43.47,43.47,325,325.0,130,130.0,,,,,,,,,,,,,,,33.4,133.8,2.99,12.3,1,0,1,全数据,,插电式混合动力汽车
404:JX6547,404:JX6547:confirmed,404,JX6547,江铃,大道,插电式混合动力,eidc,confirmed,high,插电式混合动力运动型乘用车,passenger_vehicle,suv_mpv,in_scope,61,一、汽车生产企业,,,,,2785,2785.0,43.47,43.47,325,325.0,136,136.0,,,,,,,,,,,,,,,32.0,133.8,3.13,11.7,1,0,1,全数据,,插电式混合动力汽车
404:JYF5083X,404:JYF5083X:confirmed,404,JYF5083X,隆吉瑞,,,eidc,confirmed,high,旅居车,passenger_vehicle,suv_mpv,in_scope,(十七)281,民用改装车生产企业,,,,,,,,,,,,,,,,,,,,,,,,,,,,,,,1,0,0,数据缺失,,
404:JYY5070X,404:JYY5070X:confirmed,404,JYY5070X,弋杰,,,eidc,confirmed,high,旅居车,passenger_vehicle,suv_mpv,in_scope,(十)212,民用改装车生产企业,,,,,,,,,,,,,,,,,,,,,,,,,,,,,,,1,0,0,数据缺失,,
404:KLV5080X,404:KLV5080X:confirmed,404,KLV5080X,凯勒威,,纯电动,eidc,confirmed,high,纯电动旅居车,passenger_vehicle,suv_mpv,in_scope,(十一)76,民用改装车生产企业,,,,,,,,,,,,,,,,,,,,,,,,,,,,,,,1,0,0,数据缺失,,
404:LRP5045X,404:LRP5045X:confirmed,404,LRP5045X,四季风,,,eidc,confirmed,high,旅居车,passenger_vehicle,suv_mpv,in_scope,(十)207,民用改装车生产企业,,,,,,,,,,,,,,,,,,,,,,,,,,,,,,,1,0,0,数据缺失,,
404:LXA6530,404:LXA6530:confirmed,404,LXA6530,理想,理想L9,插电式混合动力,eidc,confirmed,high,插电式增程混合动力多用途乘用车,passenger_vehicle,suv_mpv,in_scope,210,一、汽车生产企业,,,,,2755/2785/2810/2835,2755.0,72.7,72.7,411±6,411.0,340/332,340.0,,,,,,,,,,,,,,,21.4,176.9,4.68,14.9,1,1,0,全数据,,插电式混合动力乘用车
404:LXP5073X,404:LXP5073X:confirmed,404,LXP5073X,鲁玺,,插电式增程混合动力,eidc,confirmed,high,插电式增程混合动力旅居车,passenger_vehicle,suv_mpv,in_scope,(十五)262,民用改装车生产企业,,,,,,,,,,,,,,,,,,,,,,,,,,,,,,,1,0,0,非纯电车型（tax hit=0 pur hit=0）,,
404:MAX5100X,404:MAX5100X:confirmed,404,MAX5100X,星迹,,,eidc,confirmed,high,旅居车,passenger_vehicle,suv_mpv,in_scope,(十)234,民用改装车生产企业,,,,,,,,,,,,,,,,,,,,,,,,,,,,,,,1,0,0,数据缺失,,
404:MBK5037X,404:MBK5037X:confirmed,404,MBK5037X,麦卡佰客,,,eidc,confirmed,high,旅居车,passenger_vehicle,suv_mpv,in_scope,(十五)556,民用改装车生产企业,,,,,,,,,,,,,,,,,,,,,,,,,,,,,,,1,0,0,数据缺失,,
404:MR6511,404:MR6511:confirmed,404,MR6511,极氪,8X,插电式混合动力,eidc,confirmed,high,插电式混合动力多用途乘用车,passenger_vehicle,suv_mpv,in_scope,52,一、汽车生产企业,,,,,2800,2800.0,55.1,55.1,340±10,340.0,215,215.0,,,,,,,,,,,,,,,25.6,162.1,3.9,12.1,1,0,1,全数据,,插电式混合动力汽车
404:MR7001,404:MR7001:confirmed,404,MR7001,极氪,007GT,纯电动,eidc,confirmed,high,纯电动轿车,passenger_vehicle,sedan,in_scope,52,一、汽车生产企业,,,,,2320,2320.0,103(1/3C),103.0,580±17,580.0,760/685,760.0,,,,,,,,,,,,,,,13.6,177.6,7.38,25.0,1,0,1,全数据,,纯电动汽车
404:MR7002,404:MR7002:confirmed,404,MR7002,吉利,银河A7EV,纯电动,eidc,confirmed,high,纯电动轿车,passenger_vehicle,sedan,in_scope,52,一、汽车生产企业,,,,,1575,1575.0,49.52,49.52,386,386.0,470,470.0,,,,,,,,,,,,,,,10.5,128.3,9.49,24.5,1,0,1,全数据,,纯电动汽车
404:MR7152,404:MR7152:confirmed,404,MR7152,吉利,银河星耀8,插电式混合动力,eidc,confirmed,high,插电式混合动力轿车,passenger_vehicle,sedan,in_scope,52,一、汽车生产企业,,,,,1895,1895.0,28.5,28.5,214,214.0,166,166.0,,,,,,,,,,,,,,,17.2,133.2,5.82,11.3,1,1,0,全数据,,插电式混合动力乘用车
404:MYY5049X,404:MYY5049X:confirmed,404,MYY5049X,迷野,,插电式增程混合动力,eidc,confirmed,high,插电式增程混合动力旅居车,passenger_vehicle,suv_mpv,in_scope,(三)119,民用改装车生产企业,,,,,,,,,,,,,,,,,,,,,,,,,,,,,,,1,0,0,非纯电车型（tax hit=0 pur hit=0）,,
404:NHQ6530,404:NHQ6530:confirmed,404,NHQ6530,小鹏,小鹏GX,插电式混合动力,eidc,confirmed,high,插电式增程混合动力多用途乘用车,passenger_vehicle,suv_mpv,in_scope,140,一、汽车生产企业,,,,,2890,2890.0,63.3,63.3,451,451.0,320,320.0,,,,,,,,,,,,,,,19.8,140.4,5.06,15.6,1,1,1,全数据,,插电式混合动力乘用车
404:NJX5040X,404:NJX5040X:confirmed,404,NJX5040X,艾杰斯坦,,,eidc,confirmed,high,旅居车,passenger_vehicle,suv_mpv,in_scope,(二十二)75,民用改装车生产企业,,,,,,,,,,,,,,,,,,,,,,,,,,,,,,,1,0,0,数据缺失,,
404:QCJ6500,404:QCJ6500:confirmed,404,QCJ6500,方程豹,方程豹钛7,纯电动,eidc,confirmed,high,纯电动多用途乘用车,passenger_vehicle,suv_mpv,in_scope,79,一、汽车生产企业,,,,,2610,2610.0,105.792,105.792,755.5,755.5,675(CLTC),675.0,,,,,,,,,,,,,,,15.7,140.0,6.38,28.9,1,0,1,全数据,,纯电动汽车
404:QCJ6520,404:QCJ6520:confirmed,404,QCJ6520,腾势,腾势D9,纯电动,eidc,confirmed,high,纯电动多用途乘用车,passenger_vehicle,suv_mpv,in_scope,79,一、汽车生产企业,,,,,3015,3015.0,115.072,115.072,810.5,810.5,750,750.0,,,,,,,,,,,,,,,15.3,142.0,6.52,26.9,1,0,1,全数据,,纯电动汽车
404:QYZ5030X,404:QYZ5030X:confirmed,404,QYZ5030X,重特,,,eidc,confirmed,high,旅居车,passenger_vehicle,suv_mpv,in_scope,(二十一)10,民用改装车生产企业,,,,,,,,,,,,,,,,,,,,,,,,,,,,,,,1,0,0,数据缺失,,
404:QYZ5036X,404:QYZ5036X:confirmed,404,QYZ5036X,重特,,,eidc,confirmed,high,旅居车,passenger_vehicle,suv_mpv,in_scope,(二十一)10,民用改装车生产企业,,,,,,,,,,,,,,,,,,,,,,,,,,,,,,,1,0,0,数据缺失,,
404:SC7000,404:SC7000:confirmed,404,SC7000,阿维塔（AVATR）,06T,纯电动,eidc,confirmed,high,纯电动轿车,passenger_vehicle,sedan,in_scope,96,一、汽车生产企业,,,,,2280,2280.0,87.301,87.301,640,640.0,741/630,741.0,,,,,,,,,,,,,,,11.8,136.4,8.49,28.1,1,0,1,全数据,,纯电动汽车
404:SC7140,404:SC7140:confirmed,404,SC7140,长安,,,eidc,confirmed,high,轿车,passenger_vehicle,sedan,in_scope,96,一、汽车生产企业,,,,,,,,,,,,,,,,,,,,,,,,,,,,,,,1,0,0,数据缺失,,
404:SC7150,404:SC7150:confirmed,404,SC7150,阿维塔（AVATR）,06T,插电式混合动力,eidc,confirmed,high,插电式增程混合动力轿车,passenger_vehicle,sedan,in_scope,96,一、汽车生产企业,,,,,2255,2255.0,45.061,45.061,353,353.0,245,245.0,,,,,,,,,,,,,,,18.4,127.7,5.44,15.7,1,1,0,全数据,,插电式混合动力乘用车
404:SGM6481,404:SGM6481:confirmed,404,SGM6481,别克(BUICK),ELECTRA E7,插电式混合动力,eidc,confirmed,high,插电式混合动力运动型乘用车,passenger_vehicle,suv_mpv,in_scope,6,一、汽车生产企业,,,,,1995,1995.0,31.7(1C)；32.6(1/3C),31.7,252,252.0,163,163.0,,,,,,,,,,,,,,,19.4,125.8,5.14,12.6,1,1,0,全数据,,插电式混合动力乘用车
404:SKE6501,404:SKE6501:confirmed,404,SKE6501,问界,问界M6,插电式混合动力,eidc,confirmed,high,插电式增程混合动力多用途乘用车,passenger_vehicle,suv_mpv,in_scope,175,一、汽车生产企业,,,,,2545,2545.0,36.019,36.019,290,290.0,180,180.0,,,,,,,,,,,,,,,20.0,124.2,5.0,11.4,1,1,1,全数据,,插电式混合动力乘用车
404:SKE6521,404:SKE6521:confirmed,404,SKE6521,问界,问界M8,插电式混合动力,eidc,confirmed,high,插电式增程混合动力多用途乘用车,passenger_vehicle,suv_mpv,in_scope,175,一、汽车生产企业,,,,,2575/2630,2575.0,51.975,51.975,302,302.0,249/245,249.0,,,,,,,,,,,,,,,20.9,172.1,4.79,11.7,1,1,0,全数据,,插电式混合动力乘用车
404:SQH5180X,404:SQH5180X:confirmed,404,SQH5180X,勤宏,,,eidc,confirmed,high,旅居车,passenger_vehicle,suv_mpv,in_scope,(二十二)29,民用改装车生产企业,,,,,,,,,,,,,,,,,,,,,,,,,,,,,,,1,0,0,数据缺失,,
404:SQR2040,404:SQR2040:confirmed,404,SQR2040,捷途,捷途纵横G700,插电式混合动力,eidc,confirmed,high,插电式混合动力越野乘用车,passenger_vehicle,suv_mpv,in_scope,119,一、汽车生产企业,,,,,3303/3334,3303.0,34.13,34.13,303,303.0,100,100.0,,,,,,,,,,,,,,,34.1,112.6,2.93,9.2,1,1,0,全数据,,插电式混合动力乘用车
404:SQR6490,404:SQR6490:confirmed,404,SQR6490,奇瑞,风云T9L,插电式混合动力,eidc,confirmed,high,插电式混合动力多用途乘用车,passenger_vehicle,suv_mpv,in_scope,119,一、汽车生产企业,,,,,2215,2215.0,32.659,32.659,266,266.0,140,140.0,,,,,,,,,,,,,,,23.3,122.8,4.29,12.0,1,1,1,全数据,,插电式混合动力乘用车
404:SVW6471,404:SVW6471:confirmed,404,SVW6471,大众汽车(VOLKSWAGEN),TIGUAN L ePRO,插电式混合动力,eidc,confirmed,high,插电式混合动力多用途乘用车,passenger_vehicle,suv_mpv,in_scope,5,一、汽车生产企业,,,,,1870,1870.0,22,22.0,163.1,163.1,117,117.0,,,,,,,,,,,,,,,18.8,134.9,5.32,8.7,1,1,1,全数据,,插电式混合动力乘用车
404:SVW6521,404:SVW6521:confirmed,404,SVW6521,大众汽车(VOLKSWAGEN),ID.ERA 9X,插电式混合动力,eidc,confirmed,high,插电式增程混合动力多用途乘用车,passenger_vehicle,suv_mpv,in_scope,5,一、汽车生产企业,,,,,2680,2680.0,51.1,51.1,390,390.0,255,255.0,,,,,,,,,,,,,,,20.0,131.0,4.99,14.6,1,1,0,全数据,,插电式混合动力乘用车
404:TSP5070X,404:TSP5070X:confirmed,404,TSP5070X,贝天使,,,eidc,confirmed,high,旅居车,passenger_vehicle,suv_mpv,in_scope,(三十)02,民用改装车生产企业,,,,,,,,,,,,,,,,,,,,,,,,,,,,,,,1,0,0,数据缺失,,
404:VCD6474,404:VCD6474:confirmed,404,VCD6474,沃尔沃,,,eidc,confirmed,high,多用途乘用车,passenger_vehicle,suv_mpv,in_scope,52,一、汽车生产企业,,,,,,,,,,,,,,,,,,,,,,,,,,,,,,,1,0,0,数据缺失,,
404:VCD6505,404:VCD6505:confirmed,404,VCD6505,沃尔沃,EX90,纯电动,eidc,confirmed,high,纯电动运动型乘用车,passenger_vehicle,suv_mpv,in_scope,52,一、汽车生产企业,,,,,2710,2710.0,106,106.0,645,645.0,737,737.0,,,,,,,,,,,,,,,14.4,164.3,6.95,23.8,1,0,1,全数据,,纯电动汽车
404:VCD7005,404:VCD7005:confirmed,404,VCD7005,沃尔沃,ES90,纯电动,eidc,confirmed,high,纯电动轿车,passenger_vehicle,sedan,in_scope,52,一、汽车生产企业,,,,,2558,2558.0,106,106.0,662,662.0,848,848.0,,,,,,,,,,,,,,,12.5,160.1,8.0,25.9,1,0,1,全数据,,纯电动汽车
404:WGG5031X,404:WGG5031X:confirmed,404,WGG5031X,武工,,,eidc,confirmed,high,旅居车,passenger_vehicle,suv_mpv,in_scope,(十七)54,民用改装车生产企业,,,,,,,,,,,,,,,,,,,,,,,,,,,,,,,1,0,0,数据缺失,,
404:WHP5041X,404:WHP5041X:confirmed,404,WHP5041X,卫航,,,eidc,confirmed,high,旅居车,passenger_vehicle,suv_mpv,in_scope,(十)121,民用改装车生产企业,,,,,,,,,,,,,,,,,,,,,,,,,,,,,,,1,0,0,数据缺失,,
404:WLP5030X,404:WLP5030X:confirmed,404,WLP5030X,沃勒创精,,,eidc,confirmed,high,旅居车,passenger_vehicle,suv_mpv,in_scope,(二)41,民用改装车生产企业,,,,,,,,,,,,,,,,,,,,,,,,,,,,,,,1,0,0,数据缺失,,
404:WLP5039X,404:WLP5039X:confirmed,404,WLP5039X,沃勒创精,,,eidc,confirmed,high,旅居车,passenger_vehicle,suv_mpv,in_scope,(二)41,民用改装车生产企业,,,,,,,,,,,,,,,,,,,,,,,,,,,,,,,1,0,0,数据缺失,,
404:WTF5063X,404:WTF5063X:confirmed,404,WTF5063X,威尔特芬,,插电式增程混合动力,eidc,confirmed,high,插电式增程混合动力旅居车,passenger_vehicle,suv_mpv,in_scope,(十七)241,民用改装车生产企业,,,,,,,,,,,,,,,,,,,,,,,,,,,,,,,1,0,0,非纯电车型（tax hit=0 pur hit=0）,,
404:WXY5041X,404:WXY5041X:confirmed,404,WXY5041X,星羽兴旺,,,eidc,confirmed,high,旅居车,passenger_vehicle,suv_mpv,in_scope,(十五)529,民用改装车生产企业,,,,,,,,,,,,,,,,,,,,,,,,,,,,,,,1,0,0,数据缺失,,
404:XKL5035X,404:XKL5035X:confirmed,404,XKL5035X,霞客乐,,,eidc,confirmed,high,旅居车,passenger_vehicle,suv_mpv,in_scope,(十八)78,民用改装车生产企业,,,,,,,,,,,,,,,,,,,,,,,,,,,,,,,1,0,0,数据缺失,,
404:XMA6500,404:XMA6500:confirmed,404,XMA6500,小米,小米YU7,纯电动,eidc,confirmed,high,纯电动运动型乘用车,passenger_vehicle,suv_mpv,in_scope,217,一、汽车生产企业,,,,,2460,2460.0,101.7,101.7,666,666.0,705/650,705.0,,,,,,,,,,,,,,,14.4,152.7,6.93,27.1,1,0,1,全数据,,纯电动汽车
404:YSD5040X,404:YSD5040X:confirmed,404,YSD5040X,驿路亦家,,,eidc,confirmed,high,旅居车,passenger_vehicle,suv_mpv,in_scope,(十)163,民用改装车生产企业,,,,,,,,,,,,,,,,,,,,,,,,,,,,,,,1,0,0,数据缺失,,
404:YZP5046X,404:YZP5046X:confirmed,404,YZP5046X,驿舟房车,,插电式增程混合动力,eidc,confirmed,high,插电式增程混合动力旅居车,passenger_vehicle,suv_mpv,in_scope,(二十一)54,民用改装车生产企业,,,,,,,,,,,,,,,,,,,,,,,,,,,,,,,1,0,0,非纯电车型（tax hit=0 pur hit=0）,,
404:ZYP5053X,404:ZYP5053X:confirmed,404,ZYP5053X,中悦,,,eidc,confirmed,high,旅居车,passenger_vehicle,suv_mpv,in_scope,195,一、汽车生产企业,,,,,,,,,,,,,,,,,,,,,,,,,,,,,,,1,0,0,数据缺失,,
404:ZYP5054X,404:ZYP5054X:confirmed,404,ZYP5054X,中悦,,,eidc,confirmed,high,旅居车,passenger_vehicle,suv_mpv,in_scope,195,一、汽车生产企业,,,,,,,,,,,,,,,,,,,,,,,,,,,,,,,1,0,0,数据缺失,,
405:APW5037X,405:APW5037X:confirmed,405,APW5037X,奥拓福,,,eidc,confirmed,high,旅居车,passenger_vehicle,suv_mpv,in_scope,(六)74,民用改装车生产企业,,,,,,,,,,,,,,,,,,,,,,,,,,,,,,,1,0,0,数据缺失,,
405:APW5042X,405:APW5042X:confirmed,405,APW5042X,奥拓福,,,eidc,confirmed,high,旅居车,passenger_vehicle,suv_mpv,in_scope,(六)74,民用改装车生产企业,,,,,,,,,,,,,,,,,,,,,,,,,,,,,,,1,0,0,数据缺失,,
405:BJ2030,405:BJ2030:confirmed,405,BJ2030,北京,享野700,插电式混合动力,eidc,confirmed,high,插电式增程混合动力越野乘用车,passenger_vehicle,suv_mpv,in_scope,11,一、汽车生产企业,,,,,2860,2860.0,49.4,49.4,310,310.0,165,165.0,,,,,,,,,,,,,,,29.9,159.4,3.34,10.8,1,0,1,全数据,,插电式混合动力汽车
405:BJ7000,405:BJ7000:confirmed,405,BJ7000,极狐,EU8,纯电动,eidc,confirmed,high,换电式纯电动轿车,passenger_vehicle,sedan,in_scope,11,一、汽车生产企业,,,,,1520,1520.0,44.2,44.2,345,345.0,501,501.0,,,,,,,,,,,,,,,8.8,128.1,11.33,22.7,1,0,1,全数据,,纯电动汽车
405:BYD6430,405:BYD6430:confirmed,405,BYD6430,比亚迪,比亚迪元UP,纯电动,eidc,confirmed,high,纯电动多用途乘用车,passenger_vehicle,suv_mpv,in_scope,79,一、汽车生产企业,,,,,1615,1615.0,52.468,52.468,383.6,383.6,505,505.0,,,,,,,,,,,,,,,10.4,136.8,9.62,23.8,1,0,1,全数据,,纯电动汽车
405:BYD6460,405:BYD6460:confirmed,405,BYD6460,比亚迪,比亚迪海狮05,插电式混合动力,eidc,confirmed,high,插电式混合动力多用途乘用车,passenger_vehicle,suv_mpv,in_scope,79,一、汽车生产企业,,,,,1780,1780.0,34.275,34.275,258,258.0,205,205.0,,,,,,,,,,,,,,,16.7,132.8,5.98,14.5,1,1,0,全数据,,插电式混合动力乘用车
405:BYD6470,405:BYD6470:confirmed,405,BYD6470,比亚迪,比亚迪元PLUS,纯电动,eidc,confirmed,high,纯电动多用途乘用车,passenger_vehicle,suv_mpv,in_scope,79,一、汽车生产企业,,,,,1690,1690.0,57.545,57.545,399.1,399.1,540,540.0,,,,,,,,,,,,,,,10.7,144.2,9.38,23.6,1,0,1,全数据,,纯电动汽车
405:BYD6476,405:BYD6476:confirmed,405,BYD6476,比亚迪,比亚迪宋pro,插电式混合动力,eidc,confirmed,high,插电式混合动力多用途乘用车,passenger_vehicle,suv_mpv,in_scope,79,一、汽车生产企业,,,,,1780,1780.0,34.275,34.275,258,258.0,200,200.0,,,,,,,,,,,,,,,17.1,132.8,5.84,14.5,1,1,1,全数据,,插电式混合动力乘用车
405:BYD6480,405:BYD6480:confirmed,405,BYD6480,比亚迪,比亚迪海狮06,纯电动,eidc,confirmed,high,插电式混合动力多用途乘用车,passenger_vehicle,suv_mpv,in_scope,79,一、汽车生产企业,,,,,1990,1990.0,38.029,38.029,280,280.0,205,205.0,,,,,,,,,,,,,,,18.6,135.8,5.39,14.1,1,1,1,全数据,,插电式混合动力乘用车
405:BYD6483,405:BYD6483:confirmed,405,BYD6483,比亚迪,,插电式混合动力,eidc,confirmed,high,插电式混合动力多用途乘用车,passenger_vehicle,suv_mpv,in_scope,108,一、汽车生产企业,,,,,,,,,,,,,,,,,,,,,,,,,,,,,,,1,0,0,非纯电车型（tax hit=0 pur hit=0）,,
405:BYD6530,405:BYD6530:confirmed,405,BYD6530,比亚迪,比亚迪大唐,插电式混合动力,eidc,confirmed,high,插电式混合动力多用途乘用车,passenger_vehicle,suv_mpv,in_scope,79,一、汽车生产企业,,,,,2630,2630.0,66.48,66.48,487,487.0,342,342.0,,,,,,,,,,,,,,,19.4,136.5,5.14,18.5,1,1,0,全数据,,插电式混合动力乘用车
405:BYD7150,405:BYD7150:confirmed,405,BYD7150,比亚迪,比亚迪海豹06、比亚迪海豹06MAX,插电式混合动力,eidc,confirmed,high,插电式混合动力轿车,passenger_vehicle,sedan,in_scope,79,一、汽车生产企业,,,,,1685,1685.0,25.287,25.287,195,195.0,170,170.0,,,,,,,,,,,,,,,14.9,129.7,6.72,11.6,1,1,1,全数据,,插电式混合动力乘用车
405:BYD7153,405:BYD7153:confirmed,405,BYD7153,比亚迪,,插电式混合动力,eidc,confirmed,high,插电式混合动力轿车,passenger_vehicle,sedan,in_scope,79,一、汽车生产企业,,,,,,,,,,,,,,,,,,,,,,,,,,,,,,,1,0,0,非纯电车型（tax hit=0 pur hit=0）,,
405:BYD7155,405:BYD7155:confirmed,405,BYD7155,比亚迪,,插电式混合动力,eidc,confirmed,high,插电式混合动力轿车,passenger_vehicle,sedan,in_scope,79,一、汽车生产企业,,,,,,,,,,,,,,,,,,,,,,,,,,,,,,,1,0,0,非纯电车型（tax hit=0 pur hit=0）,,
405:BYD7156,405:BYD7156:confirmed,405,BYD7156,比亚迪,,插电式混合动力,eidc,confirmed,high,插电式混合动力轿车,passenger_vehicle,sedan,in_scope,79,一、汽车生产企业,,,,,,,,,,,,,,,,,,,,,,,,,,,,,,,1,0,0,非纯电车型（tax hit=0 pur hit=0）,,
405:CAA5080X,405:CAA5080X:confirmed,405,CAA5080X,同锐通,,,eidc,confirmed,high,旅居车,passenger_vehicle,suv_mpv,in_scope,(十七)186,民用改装车生产企业,,,,,,,,,,,,,,,,,,,,,,,,,,,,,,,1,0,0,数据缺失,,
405:CC2030,405:CC2030:confirmed,405,CC2030,长城,坦克300,插电式混合动力,eidc,confirmed,high,插电式混合动力越野乘用车,passenger_vehicle,suv_mpv,in_scope,15,一、汽车生产企业,,,,,2890,2890.0,59.6,59.6,336,336.0,200,200.0,,,,,,,,,,,,,,,29.8,177.4,3.36,11.6,1,1,0,全数据,,插电式混合动力乘用车
405:CSA6453,405:CSA6453:confirmed,405,CSA6453,名爵,MG 4X,纯电动,eidc,confirmed,high,纯电动运动型乘用车,passenger_vehicle,suv_mpv,in_scope,122,一、汽车生产企业,,,,,1640/1680,1640.0,53.9,53.9,407,407.0,510,510.0,,,,,,,,,,,,,,,10.6,132.4,9.46,24.8,1,0,1,全数据,,纯电动汽车
405:CSA7008,405:CSA7008:confirmed,405,CSA7008,尚界,尚界 Z7 ULTRA,纯电动,eidc,confirmed,high,纯电动轿车,passenger_vehicle,sedan,in_scope,122,一、汽车生产企业,,,,,2300/2315,2300.0,100.2,100.2,518,518.0,791/727,791.0,,,,,,,,,,,,,,,12.7,193.4,7.89,22.5,1,0,1,全数据,,纯电动汽车
405:DJV5035X,405:DJV5035X:confirmed,405,DJV5035X,东嘉加乐,,,eidc,confirmed,high,旅居车,passenger_vehicle,suv_mpv,in_scope,(二十二)68,民用改装车生产企业,,,,,,,,,,,,,,,,,,,,,,,,,,,,,,,1,0,0,数据缺失,,
405:DKF5045X,405:DKF5045X:confirmed,405,DKF5045X,科发房车,,,eidc,confirmed,high,旅居车,passenger_vehicle,suv_mpv,in_scope,(十五)458,民用改装车生产企业,,,,,,,,,,,,,,,,,,,,,,,,,,,,,,,1,0,0,数据缺失,,
405:DKF5070X,405:DKF5070X:confirmed,405,DKF5070X,科发房车,,插电式混合动力,eidc,confirmed,high,插电式混合动力旅居车,passenger_vehicle,suv_mpv,in_scope,(十五)458,民用改装车生产企业,,,,,,,,,,,,,,,,,,,,,,,,,,,,,,,1,0,0,非纯电车型（tax hit=0 pur hit=0）,,
405:DXM5070X,405:DXM5070X:confirmed,405,DXM5070X,曼恩拓,,,eidc,confirmed,high,旅居车,passenger_vehicle,suv_mpv,in_scope,(六)101,民用改装车生产企业,,,,,,,,,,,,,,,,,,,,,,,,,,,,,,,1,0,0,数据缺失,,
405:EQ6531,405:EQ6531:confirmed,405,EQ6531,东风,睿立达V8E,纯电动,eidc,confirmed,high,纯电动多用途乘用车,passenger_vehicle,suv_mpv,in_scope,3,一、汽车生产企业,,,,,1730/1750/1800,1730.0,50.489/53.58,50.489,360±11/385,360.0,390/400,390.0,,,,,,,,,,,,,,,12.9,140.2,7.72,20.8,1,0,1,全数据,,纯电动汽车
405:FZ6530,405:FZ6530:confirmed,405,FZ6530,零跑,D99,纯电动,eidc,confirmed,high,插电式增程混合动力多用途乘用车,passenger_vehicle,suv_mpv,in_scope,58,一、汽车生产企业,,,,,2865/2965,2865.0,80.3,80.3,545±16.3,545.0,352,352.0,,,,,,,,,,,,,,,22.8,147.3,4.38,19.0,1,1,1,全数据,,插电式混合动力乘用车
405:FZ7000,405:FZ7000:confirmed,405,FZ7000,零跑,A05,纯电动,eidc,confirmed,high,纯电动轿车,passenger_vehicle,sedan,in_scope,58,一、汽车生产企业,,,,,1420,1420.0,53,53.0,385±11.5,385.0,510,510.0,,,,,,,,,,,,,,,10.4,137.7,9.62,27.1,1,0,1,全数据,,纯电动汽车
405:GAC6531,405:GAC6531:confirmed,405,GAC6531,传祺(Trumpchi),传祺向往M8,插电式混合动力,eidc,confirmed,high,插电式混合动力多用途乘用车,passenger_vehicle,suv_mpv,in_scope,89,一、汽车生产企业,,,,,2610/2670,2610.0,44.568,44.568,259±7.7,259.0,192,192.0,,,,,,,,,,,,,,,23.2,172.1,4.31,9.9,1,1,1,全数据,,插电式混合动力乘用车
405:HQ7151,405:HQ7151:confirmed,405,HQ7151,吉利,银河星耀6EF,插电式混合动力,eidc,confirmed,high,插电式混合动力轿车,passenger_vehicle,sedan,in_scope,52,一、汽车生产企业,,,,,1600,1600.0,17.0,17.0,165,165.0,100,100.0,,,,,,,,,,,,,,,17.0,103.0,5.88,10.3,1,1,0,全数据,,插电式混合动力乘用车
405:HRD5043X,405:HRD5043X:confirmed,405,HRD5043X,恒诚睿德,,,eidc,confirmed,high,旅居车,passenger_vehicle,suv_mpv,in_scope,(十七)258,民用改装车生产企业,,,,,,,,,,,,,,,,,,,,,,,,,,,,,,,1,0,0,数据缺失,,
405:JHC6481,405:JHC6481:confirmed,405,JHC6481,远程,星享V6E,纯电动,eidc,confirmed,high,纯电动多用途乘用车,passenger_vehicle,suv_mpv,in_scope,25,一、汽车生产企业,,,,,1540/1580,1540.0,35.239,35.239,300,300.0,290,290.0,,,,,,,,,,,,,,,12.2,117.5,8.23,19.5,1,0,1,全数据,,纯电动汽车
405:JL6481,405:JL6481:confirmed,405,JL6481,远程,,纯电动,eidc,confirmed,high,纯电动多用途乘用车,passenger_vehicle,suv_mpv,in_scope,52,一、汽车生产企业,,,,,,,,,,,,,,,,,,,,,,,,,,,,,,,1,0,0,数据缺失,,
405:JL6501,405:JL6501:confirmed,405,JL6501,远程,SV,纯电动,eidc,confirmed,high,纯电动多用途乘用车,passenger_vehicle,suv_mpv,in_scope,52,一、汽车生产企业,,,,,2390/2470,2390.0,83.66848,83.66848,560,560.0,480,480.0,,,,,,,,,,,,,,,17.4,149.4,5.74,23.4,1,0,1,全数据,,纯电动汽车
405:JL6551,405:JL6551:confirmed,405,JL6551,远程,SV,纯电动,eidc,confirmed,high,纯电动多用途乘用车,passenger_vehicle,suv_mpv,in_scope,52,一、汽车生产企业,,,,,2310/2345/2385,2310.0,67.98,67.98,480,480.0,340,340.0,,,,,,,,,,,,,,,20.0,141.6,5.0,20.8,1,0,1,全数据,,纯电动汽车
405:JMV5034X,405:JMV5034X:confirmed,405,JMV5034X,晶马,,,eidc,confirmed,high,旅居车,passenger_vehicle,suv_mpv,in_scope,62,一、汽车生产企业,,,,,,,,,,,,,,,,,,,,,,,,,,,,,,,1,0,0,数据缺失,,
405:JRV5052X,405:JRV5052X:confirmed,405,JRV5052X,江旅,,,eidc,confirmed,high,旅居车,passenger_vehicle,suv_mpv,in_scope,(十四)26,民用改装车生产企业,,,,,,,,,,,,,,,,,,,,,,,,,,,,,,,1,0,0,数据缺失,,
405:LMS5055X,405:LMS5055X:confirmed,405,LMS5055X,罗曼特斯,,,eidc,confirmed,high,旅居车,passenger_vehicle,suv_mpv,in_scope,(十)170,民用改装车生产企业,,,,,,,,,,,,,,,,,,,,,,,,,,,,,,,1,0,0,数据缺失,,
405:LZR5030X,405:LZR5030X:confirmed,405,LZR5030X,览众之星,,插电式混合动力,eidc,confirmed,high,插电式混合动力旅居车,passenger_vehicle,suv_mpv,in_scope,(三)83,民用改装车生产企业,,,,,3065,3065.0,37.11,37.11,247,247.0,115,115.0,,,,,,,,,,,,,,,32.3,150.2,3.1,8.1,1,0,1,全数据,,插电式混合动力汽车
405:MR6521,405:MR6521:confirmed,405,MR6521,极氪,009,纯电动,eidc,confirmed,high,纯电动多用途乘用车,passenger_vehicle,suv_mpv,in_scope,52,一、汽车生产企业,,,,,2910,2910.0,115.0,115.0,643±19,643.0,720,720.0,,,,,,,,,,,,,,,16.0,178.8,6.26,22.1,1,0,1,全数据,,纯电动汽车
405:MR7002,405:MR7002:confirmed,405,MR7002,领克,领克10,纯电动,eidc,confirmed,high,纯电动轿车,passenger_vehicle,sedan,in_scope,52,一、汽车生产企业,,,,,2287,2287.0,77.17,77.17,576±17,576.0,601/536,601.0,,,,,,,,,,,,,,,12.8,134.0,7.79,25.2,1,0,1,全数据,,纯电动汽车
405:MYY5033X,405:MYY5033X:confirmed,405,MYY5033X,迷野,,插电式增程混合动力,eidc,confirmed,high,插电式增程混合动力旅居车,passenger_vehicle,suv_mpv,in_scope,(三)119,民用改装车生产企业,,,,,,,,,,,,,,,,,,,,,,,,,,,,,,,1,0,0,非纯电车型（tax hit=0 pur hit=0）,,
405:QCJ2042,405:QCJ2042:confirmed,405,QCJ2042,方程豹,方程豹豹8,插电式混合动力,eidc,confirmed,high,插电式混合动力越野乘用车,passenger_vehicle,suv_mpv,in_scope,79,一、汽车生产企业,,,,,3360,3360.0,46.704,46.704,362.0,362.0,150,150.0,,,,,,,,,,,,,,,31.1,129.0,3.21,10.8,1,1,1,全数据,,插电式混合动力乘用车
405:QCJ6500,405:QCJ6500:confirmed,405,QCJ6500,方程豹,方程豹钛7,纯电动,eidc,confirmed,high,纯电动多用途乘用车,passenger_vehicle,suv_mpv,in_scope,79,一、汽车生产企业,,,,,2366,2366.0,92.093,92.093,633,633.0,675(CLTC),675.0,,,,,,,,,,,,,,,13.6,145.5,7.33,26.8,1,0,1,全数据,,纯电动汽车
405:QCJ6520,405:QCJ6520:confirmed,405,QCJ6520,腾势,腾势N8L,插电式混合动力,eidc,confirmed,high,插电式混合动力多用途乘用车,passenger_vehicle,suv_mpv,in_scope,79,一、汽车生产企业,,,,,3120,3120.0,75.264,75.264,550,550.0,320,320.0,,,,,,,,,,,,,,,23.5,136.8,4.25,17.6,1,1,0,全数据,,插电式混合动力乘用车
405:QCJ6530,405:QCJ6530:confirmed,405,QCJ6530,腾势,腾势N9,插电式混合动力,eidc,confirmed,high,插电式混合动力多用途乘用车,passenger_vehicle,suv_mpv,in_scope,79,一、汽车生产企业,,,,,3260/3280,3260.0,75.264,75.264,550,550.0,315/301,315.0,,,,,,,,,,,,,,,23.9,136.8,4.19,16.9,1,1,0,全数据,,插电式混合动力乘用车
405:QHV5030X,405:QHV5030X:confirmed,405,QHV5030X,启敬,,,eidc,confirmed,high,旅居车,passenger_vehicle,suv_mpv,in_scope,(十一)64,民用改装车生产企业,,,,,,,,,,,,,,,,,,,,,,,,,,,,,,,1,0,0,数据缺失,,
405:SC6460,405:SC6460:confirmed,405,SC6460,长安,CS55 HEV,插电式混合动力,eidc,confirmed,high,混合动力运动型乘用车,passenger_vehicle,suv_mpv,in_scope,96,一、汽车生产企业,,,,,"1530,1547",,,,,,,,,,,,,,,,,,,,,,,,,,1,1,0,全数据,,节能乘用车
405:SC6480,405:SC6480:confirmed,405,SC6480,长安,CS75 HEV,插电式混合动力,eidc,confirmed,high,混合动力多用途乘用车,passenger_vehicle,suv_mpv,in_scope,96,一、汽车生产企业,,,,,"1650,1580",,,,,,,,,,,,,,,,,,,,,,,,,,1,1,0,全数据,,节能乘用车
405:SC7150,405:SC7150:confirmed,405,SC7150,长安,UNI-V,插电式混合动力,eidc,confirmed,high,混合动力轿车,passenger_vehicle,sedan,in_scope,96,一、汽车生产企业,,,,,1500,1500.0,,,,,,,,,,,,,,,,,,,,,,,,,1,1,0,全数据,,节能乘用车
405:SDS5043X,405:SDS5043X:confirmed,405,SDS5043X,舜德,,,eidc,confirmed,high,旅居车,passenger_vehicle,suv_mpv,in_scope,(十七)116,民用改装车生产企业,,,,,,,,,,,,,,,,,,,,,,,,,,,,,,,1,0,0,数据缺失,,
405:SJQ5033X,405:SJQ5033X:confirmed,405,SJQ5033X,大衡辉,,,eidc,confirmed,high,旅居车,passenger_vehicle,suv_mpv,in_scope,(三)91,民用改装车生产企业,,,,,,,,,,,,,,,,,,,,,,,,,,,,,,,1,0,0,数据缺失,,
405:SKE6530,405:SKE6530:confirmed,405,SKE6530,问界,问界M9,插电式混合动力,eidc,confirmed,high,插电式增程混合动力多用途乘用车,passenger_vehicle,suv_mpv,in_scope,175,一、汽车生产企业,,,,,2920/2995/3075,2920.0,60.014,60.014,344,344.0,265/255/250,265.0,,,,,,,,,,,,,,,22.6,174.5,4.42,11.8,1,1,1,全数据,,插电式混合动力乘用车
405:SQH5035X,405:SQH5035X:confirmed,405,SQH5035X,勤宏,,,eidc,confirmed,high,旅居车,passenger_vehicle,suv_mpv,in_scope,(二十二)29,民用改装车生产企业,,,,,,,,,,,,,,,,,,,,,,,,,,,,,,,1,0,0,数据缺失,,
405:SQR6490,405:SQR6490:confirmed,405,SQR6490,奇瑞,风云T9L,插电式混合动力,eidc,confirmed,high,插电式混合动力多用途乘用车,passenger_vehicle,suv_mpv,in_scope,119,一、汽车生产企业,,,,,2050,2050.0,32.659,32.659,266,266.0,170,170.0,,,,,,,,,,,,,,,19.2,122.8,5.21,13.0,1,1,0,全数据,,插电式混合动力乘用车
405:SQR6502,405:SQR6502:confirmed,405,SQR6502,星途,ET7,纯电动,eidc,confirmed,high,纯电动多用途乘用车,passenger_vehicle,suv_mpv,in_scope,119,一、汽车生产企业,,,,,2230,2230.0,74.821,74.821,557,557.0,600,600.0,,,,,,,,,,,,,,,12.5,134.3,8.02,25.0,1,0,1,全数据,,纯电动汽车
405:SQR7000,405:SQR7000:confirmed,405,SQR7000,奇瑞,风云A9,纯电动,eidc,confirmed,high,纯电动轿车,passenger_vehicle,sedan,in_scope,119,一、汽车生产企业,,,,,1850,1850.0,70.11,70.11,501,501.0,655,655.0,,,,,,,,,,,,,,,10.7,139.9,9.34,27.1,1,0,1,全数据,,纯电动汽车
405:STZ5043X,405:STZ5043X:confirmed,405,STZ5043X,唐骏,,,eidc,confirmed,high,旅居车,passenger_vehicle,suv_mpv,in_scope,(十五)270,民用改装车生产企业,,,,,,,,,,,,,,,,,,,,,,,,,,,,,,,1,0,0,数据缺失,,
405:SZY5066X,405:SZY5066X:confirmed,405,SZY5066X,中意,,,eidc,confirmed,high,旅居车,passenger_vehicle,suv_mpv,in_scope,(十)61,民用改装车生产企业,,,,,,,,,,,,,,,,,,,,,,,,,,,,,,,1,0,0,数据缺失,,
405:WHJ6451,405:WHJ6451:confirmed,405,WHJ6451,凯翼,江豚E5,纯电动,eidc,confirmed,high,纯电动多用途乘用车,passenger_vehicle,suv_mpv,in_scope,137,一、汽车生产企业,,,,,1590/1615,1590.0,44.5,44.5,329.5±10,329.5,352,352.0,,,,,,,,,,,,,,,12.6,135.1,7.91,20.7,1,0,1,全数据,,纯电动汽车
405:WHJ6520,405:WHJ6520:confirmed,405,WHJ6520,凯翼,江豚E6 PLUS,纯电动,eidc,confirmed,high,纯电动多用途乘用车,passenger_vehicle,suv_mpv,in_scope,137,一、汽车生产企业,,,,,1640/1675,1640.0,44.5,44.5,329.5±10,329.5,342,342.0,,,,,,,,,,,,,,,13.0,135.1,7.69,20.1,1,0,1,全数据,,纯电动汽车
405:WLP5039X,405:WLP5039X:confirmed,405,WLP5039X,沃勒创精,,,eidc,confirmed,high,旅居车,passenger_vehicle,suv_mpv,in_scope,(二)41,民用改装车生产企业,,,,,,,,,,,,,,,,,,,,,,,,,,,,,,,1,0,0,数据缺失,,
405:WTF5071X,405:WTF5071X:confirmed,405,WTF5071X,威尔特芬,,,eidc,confirmed,high,旅居车,passenger_vehicle,suv_mpv,in_scope,(十七)241,民用改装车生产企业,,,,,,,,,,,,,,,,,,,,,,,,,,,,,,,1,0,0,数据缺失,,
405:YQZ6452,405:YQZ6452:confirmed,405,YQZ6452,起亚,,,eidc,confirmed,high,多用途乘用车,passenger_vehicle,suv_mpv,in_scope,47,一、汽车生产企业,,,,,,,,,,,,,,,,,,,,,,,,,,,,,,,1,0,0,数据缺失,,
405:ZJF5047X,405:ZJF5047X:confirmed,405,ZJF5047X,尚游惠,,,eidc,confirmed,high,旅居车,passenger_vehicle,suv_mpv,in_scope,(二)40,民用改装车生产企业,,,,,,,,,,,,,,,,,,,,,,,,,,,,,,,1,0,0,数据缺失,,
406:ABL5041X,406:ABL5041X:confirmed,406,ABL5041X,金宝路,,,eidc,confirmed,high,旅居车,passenger_vehicle,suv_mpv,in_scope,(十七)225,民用改装车生产企业,,,,,,,,,,,,,,,,,,,,,,,,,,,,,,,1,0,0,数据缺失,,
406:ABL5061X,406:ABL5061X:confirmed,406,ABL5061X,金宝路,,,eidc,confirmed,high,旅居车,passenger_vehicle,suv_mpv,in_scope,(十七)225,民用改装车生产企业,,,,,,,,,,,,,,,,,,,,,,,,,,,,,,,1,0,0,数据缺失,,
406:AHC6450,406:AHC6450:confirmed,406,AHC6450,埃安(AION),埃安Y Plus,纯电动,eidc,confirmed,high,纯电动多用途乘用车,passenger_vehicle,suv_mpv,in_scope,216,一、汽车生产企业,,,,,1655/1720,1655.0,58.984,58.984,425,425.0,510,510.0,,,,,,,,,,,,,,,11.6,138.8,8.65,25.7,1,0,1,全数据,,纯电动汽车
406:AHC6460,406:AHC6460:confirmed,406,AHC6460,埃安(AION),埃安N60,纯电动,eidc,confirmed,high,纯电动多用途乘用车,passenger_vehicle,suv_mpv,in_scope,216,一、汽车生产企业,,,,,1630/1660,1630.0,45.582,45.582,327,327.0,410,410.0,,,,,,,,,,,,,,,11.1,139.4,8.99,20.1,1,0,1,全数据,,纯电动汽车
406:AHC7000,406:AHC7000:confirmed,406,AHC7000,启境,启境GT7,纯电动,eidc,confirmed,high,纯电动轿车,passenger_vehicle,sedan,in_scope,216,一、汽车生产企业,,,,,2295,2295.0,102.768,102.768,587,587.0,800/860/900,800.0,,,,,,,,,,,,,,,12.8,175.1,7.78,25.6,1,0,1,全数据,,纯电动汽车
406:BJ6480,406:BJ6480:confirmed,406,BJ6480,极狐(ARCFOX),αT5,插电式混合动力,eidc,confirmed,high,插电式增程混合动力多用途乘用车,passenger_vehicle,suv_mpv,in_scope,45,一、汽车生产企业,,,,,1950,1950.0,27.4,27.4,230,230.0,170,170.0,,,,,,,,,,,,,,,16.1,119.1,6.2,11.8,1,0,1,全数据,,插电式混合动力汽车
406:BJ7000,406:BJ7000:confirmed,406,BJ7000,极狐,EU8,纯电动,eidc,confirmed,high,纯电动轿车,passenger_vehicle,sedan,in_scope,11,一、汽车生产企业,,,,,1520,1520.0,44.2,44.2,345,345.0,501,501.0,,,,,,,,,,,,,,,8.8,128.1,11.33,22.7,1,0,1,全数据,,纯电动汽车
406:BMW6495,406:BMW6495:confirmed,406,BMW6495,宝马(BMW),,纯电动,eidc,confirmed,high,纯电动多用途乘用车,passenger_vehicle,suv_mpv,in_scope,33,一、汽车生产企业,,,,,,,,,,,,,,,,,,,,,,,,,,,,,,,1,0,0,数据缺失,,
406:BTQ5077X,406:BTQ5077X:confirmed,406,BTQ5077X,舜泰,,,eidc,confirmed,high,旅居车,passenger_vehicle,suv_mpv,in_scope,(十五)394,民用改装车生产企业,,,,,,,,,,,,,,,,,,,,,,,,,,,,,,,1,0,0,数据缺失,,
406:BYD6480,406:BYD6480:confirmed,406,BYD6480,比亚迪,比亚迪海狮06,纯电动,eidc,confirmed,high,纯电动多用途乘用车,passenger_vehicle,suv_mpv,in_scope,108,一、汽车生产企业,,,,,1970,1970.0,69.07,69.07,490.6,490.6,605(CLTC),605.0,,,,,,,,,,,,,,,11.4,140.8,8.76,24.9,1,0,1,全数据,,纯电动汽车
406:BYD7000,406:BYD7000:confirmed,406,BYD7000,比亚迪,比亚迪海豹08,纯电动,eidc,confirmed,high,纯电动轿车,passenger_vehicle,sedan,in_scope,108,一、汽车生产企业,,,,,2040,2040.0,76.744,76.744,539,539.0,775(CLTC),775.0,,,,,,,,,,,,,,,9.9,142.4,10.1,26.4,1,0,1,全数据,,纯电动汽车
406:CA7009,406:CA7009:confirmed,406,CA7009,一汽,悦意08,纯电动,eidc,confirmed,high,纯电动轿车,passenger_vehicle,sedan,in_scope,1,一、汽车生产企业,,,,,1770,1770.0,70.5,70.5,410,410.0,650,650.0,,,,,,,,,,,,,,,10.8,172.0,9.22,23.2,1,0,1,全数据,,纯电动汽车
406:CA7153,406:CA7153:confirmed,406,CA7153,红旗,红旗H7,插电式混合动力,eidc,confirmed,high,插电式混合动力轿车,passenger_vehicle,sedan,in_scope,1,一、汽车生产企业,,,,,1970,1970.0,23.9,23.9,203.5,203.5,151,151.0,,,,,,,,,,,,,,,15.8,117.4,6.32,10.3,1,0,1,全数据,,插电式混合动力汽车
406:CC6491,406:CC6491:confirmed,406,CC6491,哈弗,哈弗猛龙 PLUS,插电式混合动力,eidc,confirmed,high,插电式混合动力多用途乘用车,passenger_vehicle,suv_mpv,in_scope,15,一、汽车生产企业,,,,,2195,2195.0,34.1,34.1,273,273.0,147,147.0,,,,,,,,,,,,,,,23.2,124.9,4.31,12.4,1,1,0,全数据,,插电式混合动力乘用车
406:CC6510,406:CC6510:confirmed,406,CC6510,哈弗,HX;H10,插电式混合动力,eidc,confirmed,high,插电式混合动力多用途乘用车,passenger_vehicle,suv_mpv,in_scope,15,一、汽车生产企业,,,,,2510,2510.0,42.8,42.8,297,297.0,180,180.0,,,,,,,,,,,,,,,23.8,144.1,4.21,11.8,1,1,1,全数据,,插电式混合动力乘用车
406:CC6520,406:CC6520:confirmed,406,CC6520,魏,V9,插电式混合动力,eidc,confirmed,high,插电式混合动力多用途乘用车,passenger_vehicle,suv_mpv,in_scope,15,一、汽车生产企业,,,,,2830,2830.0,64.7,64.7,365,365.0,312,312.0,,,,,,,,,,,,,,,20.7,177.3,4.82,12.9,1,1,1,全数据,,插电式混合动力乘用车
406:CC6530,406:CC6530:confirmed,406,CC6530,哈弗,HX;H10,插电式混合动力,eidc,confirmed,high,插电式混合动力多用途乘用车,passenger_vehicle,suv_mpv,in_scope,15,一、汽车生产企业,,,,,2570,2570.0,42.8,42.8,297,297.0,176,176.0,,,,,,,,,,,,,,,24.3,144.1,4.11,11.6,1,1,1,全数据,,插电式混合动力乘用车
406:CC7000,406:CC7000:confirmed,406,CC7000,欧拉,ORA 5,纯电动,eidc,confirmed,high,纯电动轿车,passenger_vehicle,sedan,in_scope,15,一、汽车生产企业,,,,,1645,1645.0,58.3,58.3,422,422.0,580,580.0,,,,,,,,,,,,,,,10.1,138.2,9.95,25.7,1,0,1,全数据,,纯电动汽车
406:CC7150,406:CC7150:confirmed,406,CC7150,欧拉,ORA 5,插电式混合动力,eidc,confirmed,high,混合动力轿车,passenger_vehicle,sedan,in_scope,15,一、汽车生产企业,,,,,1555,1555.0,,,,,,,,,,,,,,,,,,,,,,,,,1,1,0,全数据,,节能乘用车
406:CSA6453,406:CSA6453:confirmed,406,CSA6453,名爵,MG 4X,纯电动,eidc,confirmed,high,纯电动运动型乘用车,passenger_vehicle,suv_mpv,in_scope,122,一、汽车生产企业,,,,,1755,1755.0,64.2,64.2,457,457.0,610,610.0,,,,,,,,,,,,,,,10.5,140.5,9.5,26.0,1,0,1,全数据,,纯电动汽车
406:CSA7002,406:CSA7002:confirmed,406,CSA7002,智己,L6,纯电动,eidc,confirmed,high,纯电动轿车,passenger_vehicle,sedan,in_scope,122,一、汽车生产企业,,,,,2240,2240.0,93.1,93.1,612,612.0,822/850,822.0,,,,,,,,,,,,,,,11.3,152.1,8.83,27.3,1,0,1,全数据,,纯电动汽车
406:CSA7009,406:CSA7009:confirmed,406,CSA7009,荣威,D7,纯电动,eidc,confirmed,high,换电式纯电动轿车,passenger_vehicle,sedan,in_scope,122,一、汽车生产企业,,,,,1670,1670.0,56.0,56.0,415,415.0,501,501.0,,,,,,,,,,,,,,,11.2,134.9,8.95,24.9,1,0,1,全数据,,纯电动汽车
406:CXF5150X,406:CXF5150X:confirmed,406,CXF5150X,程力新富,,,eidc,confirmed,high,旅居车,passenger_vehicle,suv_mpv,in_scope,(十七)188,民用改装车生产企业,,,,,,,,,,,,,,,,,,,,,,,,,,,,,,,1,0,0,数据缺失,,
406:DCQ5045X,406:DCQ5045X:confirmed,406,DCQ5045X,大驰,,,eidc,confirmed,high,旅居车,passenger_vehicle,suv_mpv,in_scope,(十五)466,民用改装车生产企业,,,,,,,,,,,,,,,,,,,,,,,,,,,,,,,1,0,0,数据缺失,,
406:DCQ5062X,406:DCQ5062X:confirmed,406,DCQ5062X,大驰,,,eidc,confirmed,high,旅居车,passenger_vehicle,suv_mpv,in_scope,(十五)466,民用改装车生产企业,,,,,,,,,,,,,,,,,,,,,,,,,,,,,,,1,0,0,数据缺失,,
406:DJV5070X,406:DJV5070X:confirmed,406,DJV5070X,东嘉加乐,,,eidc,confirmed,high,旅居车,passenger_vehicle,suv_mpv,in_scope,(二十二)68,民用改装车生产企业,,,,,,,,,,,,,,,,,,,,,,,,,,,,,,,1,0,0,数据缺失,,
406:ELT5040X,406:ELT5040X:confirmed,406,ELT5040X,闽特,,,eidc,confirmed,high,旅居车,passenger_vehicle,suv_mpv,in_scope,(十三)69,民用改装车生产企业,,,,,,,,,,,,,,,,,,,,,,,,,,,,,,,1,0,0,数据缺失,,
406:EQ2035,406:EQ2035:confirmed,406,EQ2035,猛士,,插电式混合动力,eidc,confirmed,high,插电式混合动力越野乘用车,passenger_vehicle,suv_mpv,in_scope,3,一、汽车生产企业,,,,,,,,,,,,,,,,,,,,,,,,,,,,,,,1,0,0,非纯电车型（tax hit=0 pur hit=0）,,
406:EQ2036,406:EQ2036:confirmed,406,EQ2036,猛士,,插电式混合动力,eidc,confirmed,high,插电式混合动力越野乘用车,passenger_vehicle,suv_mpv,in_scope,3,一、汽车生产企业,,,,,,,,,,,,,,,,,,,,,,,,,,,,,,,1,0,0,非纯电车型（tax hit=0 pur hit=0）,,
406:FHA5030X,406:FHA5030X:confirmed,406,FHA5030X,景飞,,,eidc,confirmed,high,旅居车,passenger_vehicle,suv_mpv,in_scope,(九)50,民用改装车生产企业,,,,,,,,,,,,,,,,,,,,,,,,,,,,,,,1,0,0,数据缺失,,
406:FZ6430,406:FZ6430:confirmed,406,FZ6430,零跑,A10,纯电动,eidc,confirmed,high,纯电动多用途乘用车,passenger_vehicle,suv_mpv,in_scope,58,一、汽车生产企业,,,,,1460,1460.0,53,53.0,380±11,380.0,505（CLTC）,505.0,,,,,,,,,,,,,,,10.5,139.5,9.53,26.0,1,0,1,全数据,,纯电动汽车
406:FZ6470,406:FZ6470:confirmed,406,FZ6470,零跑,C10,纯电动,eidc,confirmed,high,插电式增程混合动力多用途乘用车,passenger_vehicle,suv_mpv,in_scope,58,一、汽车生产企业,,,,,1995,1995.0,38.7,38.7,302±9,302.0,190,190.0,,,,,,,,,,,,,,,20.4,128.1,4.91,15.1,1,1,1,全数据,,插电式混合动力乘用车
406:FZ6490,406:FZ6490:confirmed,406,FZ6490,零跑,C16,插电式混合动力,eidc,confirmed,high,插电式增程混合动力多用途乘用车,passenger_vehicle,suv_mpv,in_scope,58,一、汽车生产企业,,,,,2120/2145,2120.0,38.7,38.7,302±9,302.0,185,185.0,,,,,,,,,,,,,,,20.9,128.1,4.78,14.2,1,1,1,全数据,,插电式混合动力乘用车
406:FZ7000,406:FZ7000:confirmed,406,FZ7000,零跑,A05,纯电动,eidc,confirmed,high,纯电动轿车,passenger_vehicle,sedan,in_scope,58,一、汽车生产企业,,,,,1420,1420.0,53,53.0,380±11,380.0,510（CLTC）,510.0,,,,,,,,,,,,,,,10.4,139.5,9.62,26.8,1,0,1,全数据,,纯电动汽车
406:GAC6490,406:GAC6490:confirmed,406,GAC6490,传祺(Trumpchi),传祺向往S7;传祺S7,插电式混合动力,eidc,confirmed,high,插电式混合动力多用途乘用车,passenger_vehicle,suv_mpv,in_scope,89,一、汽车生产企业,,,,,2130,2130.0,38.883,38.883,271±8,271.0,185,185.0,,,,,,,,,,,,,,,21.0,143.5,4.76,12.7,1,1,0,全数据,,插电式混合动力乘用车
406:GAC6501,406:GAC6501:confirmed,406,GAC6501,传祺(Trumpchi),传祺向往E8,插电式混合动力,eidc,confirmed,high,插电式混合动力多用途乘用车,passenger_vehicle,suv_mpv,in_scope,89,一、汽车生产企业,,,,,2270/2345/2375,2270.0,38.883,38.883,271±8,271.0,205,205.0,,,,,,,,,,,,,,,19.0,143.5,5.27,11.9,1,1,1,全数据,,插电式混合动力乘用车
406:HBG5030X,406:HBG5030X:confirmed,406,HBG5030X,瑞旅,,插电式混合动力,eidc,confirmed,high,插电式混合动力旅居车,passenger_vehicle,suv_mpv,in_scope,(十七)42,民用改装车生产企业,,,,,,,,,,,,,,,,,,,,,,,,,,,,,,,1,0,0,非纯电车型（tax hit=0 pur hit=0）,,
406:HQ6472,406:HQ6472:confirmed,406,HQ6472,吉利,,,eidc,confirmed,high,多用途乘用车,passenger_vehicle,suv_mpv,in_scope,52,一、汽车生产企业,,,,,,,,,,,,,,,,,,,,,,,,,,,,,,,1,0,0,数据缺失,,
406:HTL5033X,406:HTL5033X:confirmed,406,HTL5033X,聊工,,,eidc,confirmed,high,旅居车,passenger_vehicle,suv_mpv,in_scope,(十五)225,民用改装车生产企业,,,,,,,,,,,,,,,,,,,,,,,,,,,,,,,1,0,0,数据缺失,,
406:JL6441,406:JL6441:confirmed,406,JL6441,帝豪,,,eidc,confirmed,high,多用途乘用车,passenger_vehicle,suv_mpv,in_scope,52,一、汽车生产企业,,,,,,,,,,,,,,,,,,,,,,,,,,,,,,,1,0,0,数据缺失,,
406:JL6481,406:JL6481:confirmed,406,JL6481,远程,星享V6E,纯电动,eidc,confirmed,high,换电式纯电动多用途乘用车,passenger_vehicle,suv_mpv,in_scope,52,一、汽车生产企业,,,,,1580,1580.0,41.932,41.932,305±9,305.0,300,300.0,,,,,,,,,,,,,,,14.0,137.5,7.15,19.3,1,0,1,全数据,,纯电动汽车
406:JL6484,406:JL6484:confirmed,406,JL6484,吉利,,,eidc,confirmed,high,多用途乘用车,passenger_vehicle,suv_mpv,in_scope,52,一、汽车生产企业,,,,,,,,,,,,,,,,,,,,,,,,,,,,,,,1,0,0,数据缺失,,
406:JL6501,406:JL6501:confirmed,406,JL6501,远程,远程V7E,纯电动,eidc,confirmed,high,纯电动多用途乘用车,passenger_vehicle,suv_mpv,in_scope,52,一、汽车生产企业,,,,,1790/1835/1840/1870,1790.0,51.52,51.52,365±10.9,365.0,370,370.0,,,,,,,,,,,,,,,13.9,141.2,7.18,20.4,1,0,1,全数据,,纯电动汽车
406:JL6541,406:JL6541:confirmed,406,JL6541,远程,远程V8E,纯电动,eidc,confirmed,high,纯电动多用途乘用车,passenger_vehicle,suv_mpv,in_scope,52,一、汽车生产企业,,,,,1875/1880/1910,1875.0,51.3912,51.3912,365±10,365.0,350,350.0,,,,,,,,,,,,,,,14.7,140.8,6.81,19.5,1,0,1,全数据,,纯电动汽车
406:JL7001,406:JL7001:confirmed,406,JL7001,吉利,星愿STAR、星愿,纯电动,eidc,confirmed,high,纯电动轿车,passenger_vehicle,sedan,in_scope,52,一、汽车生产企业,,,,,1330,1330.0,47.14,47.14,302,302.0,460,460.0,,,,,,,,,,,,,,,10.2,156.1,9.76,22.7,1,0,1,全数据,,纯电动汽车
406:JSL5045X,406:JSL5045X:confirmed,406,JSL5045X,骏隆,,插电式增程混合动力,eidc,confirmed,high,插电式增程混合动力旅居车,passenger_vehicle,suv_mpv,in_scope,(十)202,民用改装车生产企业,,,,,,,,,,,,,,,,,,,,,,,,,,,,,,,1,0,0,非纯电车型（tax hit=0 pur hit=0）,,
406:JX1036,406:JX1036:confirmed,406,JX1036,福特,,,eidc,confirmed,high,多用途货车,passenger_vehicle,suv_mpv,in_scope,61,一、汽车生产企业,,,,,,,,,,,,,,,,,,,,,,,,,,,,,,,1,0,0,数据缺失,,
406:JX1037,406:JX1037:confirmed,406,JX1037,福特,,,eidc,confirmed,high,多用途货车,passenger_vehicle,suv_mpv,in_scope,61,一、汽车生产企业,,,,,,,,,,,,,,,,,,,,,,,,,,,,,,,1,0,0,数据缺失,,
406:JYF5040X,406:JYF5040X:confirmed,406,JYF5040X,隆吉瑞,,,eidc,confirmed,high,旅居车,passenger_vehicle,suv_mpv,in_scope,(十七)281,民用改装车生产企业,,,,,,,,,,,,,,,,,,,,,,,,,,,,,,,1,0,0,数据缺失,,
406:LMJ5065X,406:LMJ5065X:confirmed,406,LMJ5065X,美景如家,,插电式增程混合动力,eidc,confirmed,high,插电式增程混合动力旅居车,passenger_vehicle,suv_mpv,in_scope,(十五)440,民用改装车生产企业,,,,,,,,,,,,,,,,,,,,,,,,,,,,,,,1,0,0,非纯电车型（tax hit=0 pur hit=0）,,
406:LUX5180X,406:LUX5180X:confirmed,406,LUX5180X,禹行,,,eidc,confirmed,high,旅居车,passenger_vehicle,suv_mpv,in_scope,(十四)47,民用改装车生产企业,,,,,,,,,,,,,,,,,,,,,,,,,,,,,,,1,0,0,数据缺失,,
406:LXA6512,406:LXA6512:confirmed,406,LXA6512,理想,理想L8,插电式混合动力,eidc,confirmed,high,插电式增程混合动力多用途乘用车,passenger_vehicle,suv_mpv,in_scope,210,一、汽车生产企业,,,,,2740/2770/2805/2830,2740.0,72.7,72.7,411±6,411.0,343/335,343.0,,,,,,,,,,,,,,,21.2,176.9,4.72,15.0,1,1,1,全数据,,插电式混合动力乘用车
406:LZW6490,406:LZW6490:confirmed,406,LZW6490,五菱,星光730,纯电动,eidc,confirmed,high,纯电动多用途乘用车,passenger_vehicle,suv_mpv,in_scope,92,一、汽车生产企业,,,,,1810,1810.0,60.0,60.0,424,424.0,500（CLTC）,500.0,,,,,,,,,,,,,,,12.0,141.5,8.33,23.4,1,0,1,全数据,,纯电动汽车
406:MAX5120X,406:MAX5120X:confirmed,406,MAX5120X,星迹,,,eidc,confirmed,high,旅居车,passenger_vehicle,suv_mpv,in_scope,(十)234,民用改装车生产企业,,,,,,,,,,,,,,,,,,,,,,,,,,,,,,,1,0,0,数据缺失,,
406:MR7001,406:MR7001:confirmed,406,MR7001,吉利,星愿UP、星愿,纯电动,eidc,confirmed,high,纯电动轿车,passenger_vehicle,sedan,in_scope,52,一、汽车生产企业,,,,,1330,1330.0,47.14,47.14,302,302.0,480,480.0,,,,,,,,,,,,,,,9.8,156.1,10.18,22.7,1,0,1,全数据,,纯电动汽车
406:MR7205,406:MR7205:confirmed,406,MR7205,吉利,,,eidc,confirmed,high,轿车,passenger_vehicle,sedan,in_scope,52,一、汽车生产企业,,,,,,,,,,,,,,,,,,,,,,,,,,,,,,,1,0,0,数据缺失,,
406:NEQ6490,406:NEQ6490:confirmed,406,NEQ6490,爱咖,V27,插电式混合动力,eidc,confirmed,high,插电式增程混合动力多用途乘用车,passenger_vehicle,suv_mpv,in_scope,174,一、汽车生产企业,,,,,2194,2194.0,34.317,34.317,283,283.0,150,150.0,,,,,,,,,,,,,,,22.9,121.3,4.37,12.9,1,1,1,全数据,,插电式混合动力乘用车
406:NEQ6510,406:NEQ6510:confirmed,406,NEQ6510,爱咖,V27,插电式混合动力,eidc,confirmed,high,插电式增程混合动力多用途乘用车,passenger_vehicle,suv_mpv,in_scope,174,一、汽车生产企业,,,,,2242,2242.0,34.317,34.317,283,283.0,150,150.0,,,,,,,,,,,,,,,22.9,121.3,4.37,12.6,1,1,0,全数据,,插电式混合动力乘用车
406:NHQ6470,406:NHQ6470:confirmed,406,NHQ6470,小鹏,小鹏L03,纯电动,eidc,confirmed,high,纯电动多用途乘用车,passenger_vehicle,suv_mpv,in_scope,140,一、汽车生产企业,,,,,1855/1875,1855.0,56.0,56.0,418,418.0,550/525/530/505,550.0,,,,,,,,,,,,,,,10.2,134.0,9.82,22.5,1,0,1,全数据,,纯电动汽车
406:NJ6500,406:NJ6500:confirmed,406,NJ6500,依维柯,聚星,纯电动,eidc,confirmed,high,纯电动多用途乘用车,passenger_vehicle,suv_mpv,in_scope,44,一、汽车生产企业,,,,,2650,2650.0,88.8,88.8,588±17.6,588.0,460,460.0,,,,,,,,,,,,,,,19.3,151.0,5.18,22.2,1,0,1,全数据,,纯电动汽车
406:QCJ2030,406:QCJ2030:confirmed,406,QCJ2030,方程豹,方程豹豹5,插电式混合动力,eidc,confirmed,high,插电式混合动力越野乘用车,passenger_vehicle,suv_mpv,in_scope,79,一、汽车生产企业,,,,,2960/3050,2960.0,46.704,46.704,362,362.0,160,160.0,,,,,,,,,,,,,,,29.2,129.0,3.43,12.2,1,1,1,全数据,,插电式混合动力乘用车
406:QCJ7000,406:QCJ7000:confirmed,406,QCJ7000,腾势,腾势Z9,纯电动,eidc,confirmed,high,纯电动轿车,passenger_vehicle,sedan,in_scope,79,一、汽车生产企业,,,,,2397/2438,2397.0,102.326,102.326,725.9,725.9,920(CLTC),920.0,,,,,,,,,,,,,,,11.1,141.0,8.99,30.3,1,0,1,全数据,,纯电动汽车
406:QCJ7002,406:QCJ7002:confirmed,406,QCJ7002,领汇,领汇e3,纯电动,eidc,confirmed,high,纯电动轿车,passenger_vehicle,sedan,in_scope,79,一、汽车生产企业,,,,,1350,1350.0,38.016,38.016,271.5,271.5,350(CLTC),350.0,,,,,,,,,,,,,,,10.9,140.0,9.21,20.1,1,0,1,全数据,,纯电动汽车
406:QXC5044X,406:QXC5044X:confirmed,406,QXC5044X,齐星,,插电式混合动力,eidc,confirmed,high,插电式混合动力旅居车,passenger_vehicle,suv_mpv,in_scope,(十七)70,民用改装车生产企业,,,,,,,,,,,,,,,,,,,,,,,,,,,,,,,1,0,0,非纯电车型（tax hit=0 pur hit=0）,,
406:QYZ5030X,406:QYZ5030X:confirmed,406,QYZ5030X,重特,,,eidc,confirmed,high,旅居车,passenger_vehicle,suv_mpv,in_scope,(二十一)10,民用改装车生产企业,,,,,,,,,,,,,,,,,,,,,,,,,,,,,,,1,0,0,数据缺失,,
406:SC5033X,406:SC5033X:confirmed,406,SC5033X,长安,,插电式混合动力,eidc,confirmed,high,插电式增程混合动力旅居车,passenger_vehicle,suv_mpv,in_scope,(二十一)45,民用改装车生产企业,,,,,2735,2735.0,43.47,43.47,325±9.75,325.0,121,121.0,,,,,,,,,,,,,,,35.9,133.8,2.78,11.9,1,0,1,全数据,,插电式混合动力汽车
406:SC6470,406:SC6470:confirmed,406,SC6470,长安,UNI-Z,插电式混合动力,eidc,confirmed,high,多用途乘用车,passenger_vehicle,suv_mpv,in_scope,96,一、汽车生产企业,,,,,1710,1710.0,18.42,18.42,166,166.0,101,101.0,,,,,,,,,,,,,,,18.2,111.0,5.48,9.7,1,1,0,全数据,,插电式混合动力乘用车
406:SC6480,406:SC6480:confirmed,406,SC6480,长安,Q06R,纯电动,eidc,confirmed,high,插电式增程混合动力多用途乘用车,passenger_vehicle,suv_mpv,in_scope,96,一、汽车生产企业,,,,,1930,1930.0,28.39,28.39,232,232.0,153,153.0,,,,,,,,,,,,,,,18.6,122.4,5.39,12.0,1,1,1,全数据,,插电式混合动力乘用车
406:SFK5040X,406:SFK5040X:confirmed,406,SFK5040X,富旗,,,eidc,confirmed,high,旅居车,passenger_vehicle,suv_mpv,in_scope,(十五)565,民用改装车生产企业,,,,,,,,,,,,,,,,,,,,,,,,,,,,,,,1,0,0,数据缺失,,
406:SJW5260X,406:SJW5260X:confirmed,406,SJW5260X,巨威,,,eidc,confirmed,high,旅居车,passenger_vehicle,suv_mpv,in_scope,(十五)210,民用改装车生产企业,,,,,,,,,,,,,,,,,,,,,,,,,,,,,,,1,0,0,数据缺失,,
406:SQR6440,406:SQR6440:confirmed,406,SQR6440,奇瑞,,,eidc,confirmed,high,多用途乘用车,passenger_vehicle,suv_mpv,in_scope,119,一、汽车生产企业,,,,,,,,,,,,,,,,,,,,,,,,,,,,,,,1,0,0,数据缺失,,
406:SQR6470,406:SQR6470:confirmed,406,SQR6470,捷途,山海T1,插电式混合动力,eidc,confirmed,high,插电式混合动力多用途乘用车,passenger_vehicle,suv_mpv,in_scope,119,一、汽车生产企业,,,,,1984,1984.0,26.62,26.62,258.8,258.8,117,117.0,,,,,,,,,,,,,,,22.8,102.9,4.4,13.0,1,1,0,全数据,,插电式混合动力乘用车
406:SQR7150,406:SQR7150:confirmed,406,SQR7150,奇瑞,风云A9,插电式混合动力,eidc,confirmed,high,插电式增程混合动力轿车,passenger_vehicle,sedan,in_scope,119,一、汽车生产企业,,,,,1800,1800.0,28.3,28.3,225,225.0,175,175.0,,,,,,,,,,,,,,,16.2,125.8,6.18,12.5,1,1,1,全数据,,插电式混合动力乘用车
406:WGG5032X,406:WGG5032X:confirmed,406,WGG5032X,武工,,,eidc,confirmed,high,旅居车,passenger_vehicle,suv_mpv,in_scope,(十七)54,民用改装车生产企业,,,,,,,,,,,,,,,,,,,,,,,,,,,,,,,1,0,0,数据缺失,,
406:WHJ6520,406:WHJ6520:confirmed,406,WHJ6520,凯翼,江豚E7,纯电动,eidc,confirmed,high,纯电动多用途乘用车,passenger_vehicle,suv_mpv,in_scope,137,一、汽车生产企业,,,,,1820/1855,1820.0,68.708,68.708,447±13.41,447.0,490,490.0,,,,,,,,,,,,,,,14.0,153.7,7.13,24.6,1,0,1,全数据,,纯电动汽车
406:WHJ7000,406:WHJ7000:confirmed,406,WHJ7000,凯翼,拾月max,纯电动,eidc,confirmed,high,纯电动轿车,passenger_vehicle,sedan,in_scope,137,一、汽车生产企业,,,,,1015,1015.0,17.69,17.69,144,144.0,201,201.0,,,,,,,,,,,,,,,8.8,122.8,11.36,14.2,1,0,1,全数据,,纯电动汽车
406:WLP5030X,406:WLP5030X:confirmed,406,WLP5030X,沃勒创精,,插电式混合动力,eidc,confirmed,high,插电式混合动力旅居车,passenger_vehicle,suv_mpv,in_scope,(二)41,民用改装车生产企业,,,,,2975,2975.0,32.855,32.855,207±6,207.0,70,70.0,,,,,,,,,,,,,,,46.9,158.7,2.13,7.0,1,1,0,全数据,,插电式混合动力商用车
406:WLP5031X,406:WLP5031X:confirmed,406,WLP5031X,沃勒创精,,,eidc,confirmed,high,旅居车,passenger_vehicle,suv_mpv,in_scope,(二)41,民用改装车生产企业,,,,,,,,,,,,,,,,,,,,,,,,,,,,,,,1,0,0,数据缺失,,
406:WLP5040X,406:WLP5040X:confirmed,406,WLP5040X,沃勒创精,,,eidc,confirmed,high,旅居车,passenger_vehicle,suv_mpv,in_scope,(二)41,民用改装车生产企业,,,,,,,,,,,,,,,,,,,,,,,,,,,,,,,1,0,0,数据缺失,,
406:WLQ5040X,406:WLQ5040X:confirmed,406,WLQ5040X,和菱,,插电式混合动力,eidc,confirmed,high,插电式增程混合动力旅居车,passenger_vehicle,suv_mpv,in_scope,(十五)128,民用改装车生产企业,,,,,3380,3380.0,43.47,43.47,347,347.0,110,110.0,,,,,,,,,,,,,,,39.5,125.3,2.53,10.3,1,0,1,全数据,,插电式混合动力汽车
406:WSJ5030X,406:WSJ5030X:confirmed,406,WSJ5030X,威士捷,,插电式混合动力,eidc,confirmed,high,旅居车,passenger_vehicle,suv_mpv,in_scope,(十五)526,民用改装车生产企业,,,,,2965,2965.0,31.73,31.73,258,258.0,100,100.0,,,,,,,,,,,,,,,31.7,123.0,3.15,8.7,1,0,1,全数据,,插电式混合动力汽车
406:WSJ5031X,406:WSJ5031X:confirmed,406,WSJ5031X,威士捷,,纯电动,eidc,confirmed,high,纯电动旅居车,passenger_vehicle,suv_mpv,in_scope,(十五)526,民用改装车生产企业,,,,,,,,,,,,,,,,,,,,,,,,,,,,,,,1,0,0,数据缺失,,
406:WSJ5040X,406:WSJ5040X:confirmed,406,WSJ5040X,威士捷,,插电式增程混合动力,eidc,confirmed,high,插电式增程混合动力旅居车,passenger_vehicle,suv_mpv,in_scope,(十五)526,民用改装车生产企业,,,,,,,,,,,,,,,,,,,,,,,,,,,,,,,1,0,0,非纯电车型（tax hit=0 pur hit=0）,,
406:WWW5030X,406:WWW5030X:confirmed,406,WWW5030X,亿多星,,纯电动,eidc,confirmed,high,纯电动旅居车,passenger_vehicle,suv_mpv,in_scope,(十七)209,民用改装车生产企业,,,,,,,,,,,,,,,,,,,,,,,,,,,,,,,1,0,0,数据缺失,,
406:WXY5037X,406:WXY5037X:confirmed,406,WXY5037X,星羽兴旺,,,eidc,confirmed,high,旅居车,passenger_vehicle,suv_mpv,in_scope,(十五)529,民用改装车生产企业,,,,,,,,,,,,,,,,,,,,,,,,,,,,,,,1,0,0,数据缺失,,
406:XMA6500,406:XMA6500:confirmed,406,XMA6500,小米,小米YU7,纯电动,eidc,confirmed,high,纯电动多用途乘用车,passenger_vehicle,suv_mpv,in_scope,217,一、汽车生产企业,,,,,2200,2200.0,73.0,73.0,604,604.0,643/633,643.0,,,,,,,,,,,,,,,11.4,120.9,8.81,27.5,1,0,1,全数据,,纯电动汽车
406:YQZ6452,406:YQZ6452:confirmed,406,YQZ6452,起亚,,,eidc,confirmed,high,多用途乘用车,passenger_vehicle,suv_mpv,in_scope,47,一、汽车生产企业,,,,,,,,,,,,,,,,,,,,,,,,,,,,,,,1,0,0,数据缺失,,
406:YZ6510,406:YZ6510:confirmed,406,YZ6510,渝州,,纯电动,eidc,confirmed,high,纯电动多用途乘用车,passenger_vehicle,suv_mpv,in_scope,102,一、汽车生产企业,,,,,,,,,,,,,,,,,,,,,,,,,,,,,,,1,0,0,数据缺失,,
406:YZZ5060X,406:YZZ5060X:confirmed,406,YZZ5060X,专致,,,eidc,confirmed,high,旅居车,passenger_vehicle,suv_mpv,in_scope,(十七)118,民用改装车生产企业,,,,,,,,,,,,,,,,,,,,,,,,,,,,,,,1,0,0,数据缺失,,
406:ZB1038,406:ZB1038:confirmed,406,ZB1038,雷达,,纯电动,eidc,confirmed,high,纯电动多用途货车,passenger_vehicle,suv_mpv,in_scope,68,一、汽车生产企业,,,,,2030,2030.0,65.35,65.35,480,480.0,430,430.0,,,,,,,,,,,,,,,15.2,136.1,6.58,23.6,1,1,0,全数据,,纯电动商用车
406:ZDD5046X,406:ZDD5046X:confirmed,406,ZDD5046X,隆翠,,,eidc,confirmed,high,旅居车,passenger_vehicle,suv_mpv,in_scope,(十一)45,民用改装车生产企业,,,,,,,,,,,,,,,,,,,,,,,,,,,,,,,1,0,0,数据缺失,,
406:ZDD5080X,406:ZDD5080X:confirmed,406,ZDD5080X,隆翠,,,eidc,confirmed,high,旅居车,passenger_vehicle,suv_mpv,in_scope,(十一)45,民用改装车生产企业,,,,,,,,,,,,,,,,,,,,,,,,,,,,,,,1,0,0,数据缺失,,
406:ZHZ5142X,406:ZHZ5142X:confirmed,406,ZHZ5142X,中海州,,,eidc,confirmed,high,旅居车,passenger_vehicle,suv_mpv,in_scope,(十五)470,民用改装车生产企业,,,,,,,,,,,,,,,,,,,,,,,,,,,,,,,1,0,0,数据缺失,,
406:ZN1030,406:ZN1030:confirmed,406,ZN1030,东风,,插电式混合动力,eidc,confirmed,high,插电式混合动力多用途货车,passenger_vehicle,suv_mpv,in_scope,72,一、汽车生产企业,,,,,2320,2320.0,27.6,27.6,235±7,235.0,80,80.0,,,,,,,,,,,,,,,34.5,117.4,2.9,10.1,1,0,1,全数据,,插电式混合动力汽车
407:ADC5080X,407:ADC5080X:confirmed,407,ADC5080X,行e居,,,eidc,confirmed,high,旅居车,passenger_vehicle,suv_mpv,in_scope,(十二)128,民用改装车生产企业,,,,,,,,,,,,,,,,,,,,,,,,,,,,,,,1,0,0,数据缺失,,
407:AHC6470,407:AHC6470:confirmed,407,AHC6470,埃安(AION),埃安i60,插电式混合动力,eidc,confirmed,high,插电式增程混合动力多用途乘用车,passenger_vehicle,suv_mpv,in_scope,216,一、汽车生产企业,,,,,1940,1940.0,45.368,45.368,323±9.7,323.0,280,280.0,,,,,,,,,,,,,,,16.2,140.5,6.17,16.6,1,1,1,全数据,,插电式混合动力乘用车
407:AKP5120X,407:AKP5120X:confirmed,407,AKP5120X,科摩多龙,,,eidc,confirmed,high,旅居车,passenger_vehicle,suv_mpv,in_scope,(二十二)65,民用改装车生产企业,,,,,,,,,,,,,,,,,,,,,,,,,,,,,,,1,0,0,数据缺失,,
407:BAW6530,407:BAW6530:confirmed,407,BAW6530,锐胜,,纯电动,eidc,confirmed,high,纯电动多用途乘用车,passenger_vehicle,suv_mpv,in_scope,9,一、汽车生产企业,,,,,,,,,,,,,,,,,,,,,,,,,,,,,,,1,0,0,数据缺失,,
407:BH7000,407:BH7000:confirmed,407,BH7000,北京现代,,纯电动,eidc,confirmed,high,纯电动轿车,passenger_vehicle,sedan,in_scope,11,一、汽车生产企业,,,,,,,,,,,,,,,,,,,,,,,,,,,,,,,1,0,0,数据缺失,,
407:BH7001,407:BH7001:confirmed,407,BH7001,北京现代,IONIQ,纯电动,eidc,confirmed,high,纯电动轿车,passenger_vehicle,sedan,in_scope,11,一、汽车生产企业,,,,,1737,1737.0,53.5,53.5,395,395.0,520（CLTC）,520.0,,,,,,,,,,,,,,,10.3,135.4,9.72,22.7,1,0,1,全数据,,纯电动汽车
407:BH7002,407:BH7002:confirmed,407,BH7002,北京现代,,纯电动,eidc,confirmed,high,纯电动轿车,passenger_vehicle,sedan,in_scope,11,一、汽车生产企业,,,,,,,,,,,,,,,,,,,,,,,,,,,,,,,1,0,0,数据缺失,,
407:BH7003,407:BH7003:confirmed,407,BH7003,北京现代,,纯电动,eidc,confirmed,high,纯电动轿车,passenger_vehicle,sedan,in_scope,11,一、汽车生产企业,,,,,,,,,,,,,,,,,,,,,,,,,,,,,,,1,0,0,数据缺失,,
407:BJ1037,407:BJ1037:confirmed,407,BJ1037,福田,,插电式混合动力,eidc,confirmed,high,多用途货车,passenger_vehicle,suv_mpv,in_scope,9,一、汽车生产企业,,,,,2650,2650.0,32.855,32.855,207±6,207.0,125(NEDC),125.0,,,,,,,,,,,,,,,26.3,158.7,3.8,7.8,1,1,0,全数据,,插电式混合动力商用车
407:BJ1038,407:BJ1038:confirmed,407,BJ1038,福田,,,eidc,confirmed,high,多用途货车,passenger_vehicle,suv_mpv,in_scope,9,一、汽车生产企业,,,,,,,,,,,,,,,,,,,,,,,,,,,,,,,1,0,0,数据缺失,,
407:BJ2030,407:BJ2030:confirmed,407,BJ2030,梅赛德斯-奔驰(Mercedes-Benz),,,eidc,confirmed,high,越野乘用车,passenger_vehicle,suv_mpv,in_scope,10,一、汽车生产企业,,,,,,,,,,,,,,,,,,,,,,,,,,,,,,,1,0,0,数据缺失,,
407:BJ6510,407:BJ6510:confirmed,407,BJ6510,梅赛德斯-奔驰(Mercedes-Benz),,,eidc,confirmed,high,运动型乘用车,passenger_vehicle,suv_mpv,in_scope,10,一、汽车生产企业,,,,,,,,,,,,,,,,,,,,,,,,,,,,,,,1,0,0,数据缺失,,
407:BYD6510,407:BYD6510:confirmed,407,BYD6510,比亚迪,比亚迪海狮08,插电式混合动力,eidc,confirmed,high,插电式混合动力多用途乘用车,passenger_vehicle,suv_mpv,in_scope,79,一、汽车生产企业,,,,,2665/2605,2665.0,55.843,55.843,410.5,410.5,275,275.0,,,,,,,,,,,,,,,20.3,136.0,4.92,15.4,1,1,1,全数据,,插电式混合动力乘用车
407:BYD6520,407:BYD6520:confirmed,407,BYD6520,比亚迪,比亚迪M9,插电式混合动力,eidc,confirmed,high,插电式混合动力多用途乘用车,passenger_vehicle,suv_mpv,in_scope,79,一、汽车生产企业,,,,,2470,2470.0,26.178,26.178,229,229.0,118,118.0,,,,,,,,,,,,,,,22.2,114.3,4.51,9.3,1,1,1,全数据,,插电式混合动力乘用车
407:BYD7001,407:BYD7001:confirmed,407,BYD7001,比亚迪,比亚迪海鸥,纯电动,eidc,confirmed,high,纯电动轿车,passenger_vehicle,sedan,in_scope,79,一、汽车生产企业,,,,,1150,1150.0,30.177,30.177,220,220.0,305,305.0,,,,,,,,,,,,,,,9.9,137.2,10.11,19.1,1,0,1,全数据,,纯电动汽车
407:CA6490,407:CA6490:confirmed,407,CA6490,红旗,,纯电动,eidc,confirmed,high,纯电动多用途乘用车,passenger_vehicle,suv_mpv,in_scope,1,一、汽车生产企业,,,,,,,,,,,,,,,,,,,,,,,,,,,,,,,1,0,0,数据缺失,,
407:CA7000,407:CA7000:confirmed,407,CA7000,一汽,奔腾小马,纯电动,eidc,confirmed,high,纯电动轿车,passenger_vehicle,sedan,in_scope,1,一、汽车生产企业,,,,,750,750.0,16.96,16.96,135,135.0,222,222.0,,,,,,,,,,,,,,,7.6,125.6,13.09,18.0,1,0,1,全数据,,纯电动汽车
407:CAF6500,407:CAF6500:confirmed,407,CAF6500,福特,,,eidc,confirmed,high,多用途乘用车,passenger_vehicle,suv_mpv,in_scope,96,一、汽车生产企业,,,,,,,,,,,,,,,,,,,,,,,,,,,,,,,1,0,0,数据缺失,,
407:CC2030,407:CC2030:confirmed,407,CC2030,长城,,,eidc,confirmed,high,越野乘用车,passenger_vehicle,suv_mpv,in_scope,15,一、汽车生产企业,,,,,,,,,,,,,,,,,,,,,,,,,,,,,,,1,0,0,数据缺失,,
407:CC6430,407:CC6430:confirmed,407,CC6430,欧拉,,纯电动,eidc,confirmed,high,纯电动多用途乘用车,passenger_vehicle,suv_mpv,in_scope,15,一、汽车生产企业,,,,,,,,,,,,,,,,,,,,,,,,,,,,,,,1,0,0,数据缺失,,
407:CC6500,407:CC6500:confirmed,407,CC6500,魏,V8X;V8X蓝山,插电式混合动力,eidc,confirmed,high,插电式混合动力多用途乘用车,passenger_vehicle,suv_mpv,in_scope,15,一、汽车生产企业,,,,,2510,2510.0,42.8,42.8,297,297.0,202,202.0,,,,,,,,,,,,,,,21.2,144.1,4.72,11.8,1,1,1,全数据,,插电式混合动力乘用车
407:CC6510,407:CC6510:confirmed,407,CC6510,魏,V8X;V8X蓝山,插电式混合动力,eidc,confirmed,high,插电式混合动力多用途乘用车,passenger_vehicle,suv_mpv,in_scope,15,一、汽车生产企业,,,,,2715,2715.0,64.7,64.7,365,365.0,312,312.0,,,,,,,,,,,,,,,20.7,177.3,4.82,13.4,1,1,1,全数据,,插电式混合动力乘用车
407:CFC5033X,407:CFC5033X:confirmed,407,CFC5033X,长沣,,插电式混合动力,eidc,confirmed,high,插电式混合动力旅居车,passenger_vehicle,suv_mpv,in_scope,(十七)256,民用改装车生产企业,,,,,2975,2975.0,32.855,32.855,207±6,207.0,131,131.0,,,,,,,,,,,,,,,25.1,158.7,3.99,7.0,1,0,1,全数据,,插电式混合动力汽车
407:CJL6510,407:CJL6510:confirmed,407,CJL6510,神行者(FREELANDER),FREELANDER 神行者8,插电式混合动力,eidc,confirmed,high,插电式增程混合动力多用途乘用车,passenger_vehicle,suv_mpv,in_scope,119,一、汽车生产企业,,,,,2980,2980.0,60.331,60.331,372,372.0,221,221.0,,,,,,,,,,,,,,,27.3,162.2,3.66,12.5,1,1,1,全数据,,插电式混合动力乘用车
407:CSA6492,407:CSA6492:confirmed,407,CSA6492,智己,LS6,插电式混合动力,eidc,confirmed,high,插电式增程混合动力运动型乘用车,passenger_vehicle,suv_mpv,in_scope,122,一、汽车生产企业,,,,,2345,2345.0,65.9,65.9,375,375.0,360,360.0,,,,,,,,,,,,,,,18.3,175.7,5.46,16.0,1,1,1,全数据,,插电式混合动力乘用车
407:CSA7005,407:CSA7005:confirmed,407,CSA7005,名爵,,纯电动,eidc,confirmed,high,纯电动轿车,passenger_vehicle,sedan,in_scope,122,一、汽车生产企业,,,,,,,,,,,,,,,,,,,,,,,,,,,,,,,1,0,0,数据缺失,,
407:CSA7155,407:CSA7155:confirmed,407,CSA7155,名爵,MG 07,插电式混合动力,eidc,confirmed,high,插电式混合动力轿车,passenger_vehicle,sedan,in_scope,122,一、汽车生产企业,,,,,1730/1775,1730.0,30.0,30.0,237,237.0,185,185.0,,,,,,,,,,,,,,,16.2,126.6,6.17,13.7,1,1,1,全数据,,插电式混合动力乘用车
407:DFM6500,407:DFM6500:confirmed,407,DFM6500,东风,奕派M8,插电式混合动力,eidc,confirmed,high,插电式增程混合动力多用途乘用车,passenger_vehicle,suv_mpv,in_scope,3,一、汽车生产企业,,,,,2278/2299,2278.0,45.66,45.66,339,339.0,220,220.0,,,,,,,,,,,,,,,20.8,134.7,4.82,14.9,1,1,1,全数据,,插电式混合动力乘用车
407:DFM6531,407:DFM6531:confirmed,407,DFM6531,奕境,奕境X9,插电式混合动力,eidc,confirmed,high,插电式增程混合动力多用途乘用车,passenger_vehicle,suv_mpv,in_scope,3,一、汽车生产企业,,,,,2770,2770.0,51.46（1/3C）,51.46,360,360.0,217,217.0,,,,,,,,,,,,,,,23.7,142.9,4.22,13.0,1,1,1,全数据,,插电式混合动力乘用车
407:DJV5032X,407:DJV5032X:confirmed,407,DJV5032X,东嘉加乐,,插电式混合动力,eidc,confirmed,high,插电式混合动力旅居车,passenger_vehicle,suv_mpv,in_scope,(二十二)68,民用改装车生产企业,,,,,,,,,,,,,,,,,,,,,,,,,,,,,,,1,0,0,非纯电车型（tax hit=0 pur hit=0）,,
407:DKF5033X,407:DKF5033X:confirmed,407,DKF5033X,科发房车,,,eidc,confirmed,high,旅居车,passenger_vehicle,suv_mpv,in_scope,(十五)458,民用改装车生产企业,,,,,,,,,,,,,,,,,,,,,,,,,,,,,,,1,0,0,数据缺失,,
407:DXK6520,407:DXK6520:confirmed,407,DXK6520,瑞驰,,纯电动,eidc,confirmed,high,纯电动多用途乘用车,passenger_vehicle,suv_mpv,in_scope,3,一、汽车生产企业,,,,,,,,,,,,,,,,,,,,,,,,,,,,,,,1,0,0,数据缺失,,
407:EQ2037,407:EQ2037:confirmed,407,EQ2037,猛士,,插电式混合动力,eidc,confirmed,high,插电式混合动力越野乘用车,passenger_vehicle,suv_mpv,in_scope,3,一、汽车生产企业,,,,,,,,,,,,,,,,,,,,,,,,,,,,,,,1,0,0,非纯电车型（tax hit=0 pur hit=0）,,
407:EQ2038,407:EQ2038:confirmed,407,EQ2038,猛士,M817,插电式混合动力,eidc,confirmed,high,插电式混合动力越野乘用车,passenger_vehicle,suv_mpv,in_scope,3,一、汽车生产企业,,,,,3008,3008.0,62.52,62.52,365,365.0,207,207.0,,,,,,,,,,,,,,,30.2,171.3,3.31,12.1,1,1,1,全数据,,插电式混合动力乘用车
407:EQ6500,407:EQ6500:confirmed,407,EQ6500,岚图,,纯电动,eidc,confirmed,high,纯电动多用途乘用车,passenger_vehicle,suv_mpv,in_scope,3,一、汽车生产企业,,,,,,,,,,,,,,,,,,,,,,,,,,,,,,,1,0,0,数据缺失,,
407:EQ6501,407:EQ6501:confirmed,407,EQ6501,岚图,,纯电动,eidc,confirmed,high,纯电动多用途乘用车,passenger_vehicle,suv_mpv,in_scope,3,一、汽车生产企业,,,,,,,,,,,,,,,,,,,,,,,,,,,,,,,1,0,0,数据缺失,,
407:EQ6520,407:EQ6520:confirmed,407,EQ6520,岚图,,纯电动,eidc,confirmed,high,纯电动多用途乘用车,passenger_vehicle,suv_mpv,in_scope,3,一、汽车生产企业,,,,,,,,,,,,,,,,,,,,,,,,,,,,,,,1,0,0,数据缺失,,
407:EQ6521,407:EQ6521:confirmed,407,EQ6521,岚图,岚图泰山X8,纯电动,eidc,confirmed,high,纯电动多用途乘用车,passenger_vehicle,suv_mpv,in_scope,3,一、汽车生产企业,,,,,2868,2868.0,98.1,98.1,697,697.0,603,603.0,,,,,,,,,,,,,,,16.3,140.7,6.15,24.3,1,0,1,全数据,,纯电动汽车
407:EQ6522,407:EQ6522:confirmed,407,EQ6522,岚图,岚图泰山X8,纯电动,eidc,confirmed,high,纯电动多用途乘用车,passenger_vehicle,suv_mpv,in_scope,3,一、汽车生产企业,,,,,2765/2795/2842,2765.0,119.6,119.6,647,647.0,750/727/709,750.0,,,,,,,,,,,,,,,15.9,184.9,6.27,23.4,1,0,1,全数据,,纯电动汽车
407:EQ6523,407:EQ6523:confirmed,407,EQ6523,岚图,,纯电动,eidc,confirmed,high,纯电动多用途乘用车,passenger_vehicle,suv_mpv,in_scope,3,一、汽车生产企业,,,,,,,,,,,,,,,,,,,,,,,,,,,,,,,1,0,0,数据缺失,,
407:FV7203,407:FV7203:confirmed,407,FV7203,奥迪(AUDI),,,eidc,confirmed,high,轿车,passenger_vehicle,sedan,in_scope,2,一、汽车生产企业,,,,,,,,,,,,,,,,,,,,,,,,,,,,,,,1,0,0,数据缺失,,
407:FZ6430,407:FZ6430:confirmed,407,FZ6430,零跑,A10,纯电动,eidc,confirmed,high,纯电动多用途乘用车,passenger_vehicle,suv_mpv,in_scope,58,一、汽车生产企业,,,,,1360,1360.0,39.8,39.8,296.5±8.8,296.5,403（CLTC）,403.0,,,,,,,,,,,,,,,9.9,134.2,10.13,21.8,1,0,1,全数据,,纯电动汽车
407:FZ6450,407:FZ6450:confirmed,407,FZ6450,零跑,B10,纯电动,eidc,confirmed,high,纯电动多用途乘用车,passenger_vehicle,suv_mpv,in_scope,58,一、汽车生产企业,,,,,1745,1745.0,60.8,60.8,435±13.05,435.0,540（CLTC）,540.0,,,,,,,,,,,,,,,11.3,139.8,8.88,24.9,1,0,1,全数据,,纯电动汽车
407:FZ6490,407:FZ6490:confirmed,407,FZ6490,零跑,,纯电动,eidc,confirmed,high,纯电动多用途乘用车,passenger_vehicle,suv_mpv,in_scope,58,一、汽车生产企业,,,,,,,,,,,,,,,,,,,,,,,,,,,,,,,1,0,0,数据缺失,,
407:FZ6530,407:FZ6530:confirmed,407,FZ6530,零跑,D19,插电式混合动力,eidc,confirmed,high,插电式增程混合动力多用途乘用车,passenger_vehicle,suv_mpv,in_scope,58,一、汽车生产企业,,,,,2635,2635.0,63.7,63.7,462±13.8,462.0,285,285.0,,,,,,,,,,,,,,,22.4,137.9,4.47,17.5,1,1,1,全数据,,插电式混合动力乘用车
407:FZ7000,407:FZ7000:confirmed,407,FZ7000,零跑,,纯电动,eidc,confirmed,high,纯电动轿车,passenger_vehicle,sedan,in_scope,58,一、汽车生产企业,,,,,,,,,,,,,,,,,,,,,,,,,,,,,,,1,0,0,数据缺失,,
407:GAC6470,407:GAC6470:confirmed,407,GAC6470,传祺(Trumpchi),,,eidc,confirmed,high,多用途乘用车,passenger_vehicle,suv_mpv,in_scope,89,一、汽车生产企业,,,,,,,,,,,,,,,,,,,,,,,,,,,,,,,1,0,0,数据缺失,,
407:GAC6490,407:GAC6490:confirmed,407,GAC6490,传祺(Trumpchi),传祺向往S7;传祺S7,插电式混合动力,eidc,confirmed,high,插电式混合动力多用途乘用车,passenger_vehicle,suv_mpv,in_scope,89,一、汽车生产企业,,,,,2260,2260.0,38.883,38.883,271±8,271.0,180,180.0,,,,,,,,,,,,,,,21.6,143.5,4.63,12.0,1,0,1,全数据,,插电式混合动力汽车
407:GAC6500,407:GAC6500:confirmed,407,GAC6500,传祺(Trumpchi),传祺越7,插电式混合动力,eidc,confirmed,high,插电式混合动力运动型乘用车,passenger_vehicle,suv_mpv,in_scope,89,一、汽车生产企业,,,,,2330,2330.0,28.3,28.3,255±5,255.0,116,116.0,,,,,,,,,,,,,,,24.4,111.0,4.1,10.9,1,1,1,全数据,,插电式混合动力乘用车
407:HFC6550,407:HFC6550:confirmed,407,HFC6550,江淮,尊界V800,插电式混合动力,eidc,confirmed,high,插电式增程混合动力多用途乘用车,passenger_vehicle,suv_mpv,in_scope,56,一、汽车生产企业,,,,,3120/3160/3190,3120.0,63.262,63.262,385,385.0,275/265,275.0,,,,,,,,,,,,,,,23.0,164.3,4.35,12.3,1,1,1,全数据,,插电式混合动力乘用车
407:HFC7000,407:HFC7000:confirmed,407,HFC7000,江淮,,纯电动,eidc,confirmed,high,纯电动轿车,passenger_vehicle,sedan,in_scope,56,一、汽车生产企业,,,,,,,,,,,,,,,,,,,,,,,,,,,,,,,1,0,0,数据缺失,,
407:HFC7150,407:HFC7150:confirmed,407,HFC7150,江淮,尊界S800,插电式混合动力,eidc,confirmed,high,插电式增程混合动力轿车,passenger_vehicle,sedan,in_scope,56,一、汽车生产企业,,,,,2920,2920.0,63.262,63.262,385,385.0,276,276.0,,,,,,,,,,,,,,,22.9,164.3,4.36,13.2,1,1,1,全数据,,插电式混合动力乘用车
407:HQ6431,407:HQ6431:confirmed,407,HQ6431,精灵(smart),,纯电动,eidc,confirmed,high,纯电动多用途乘用车,passenger_vehicle,suv_mpv,in_scope,52,一、汽车生产企业,,,,,,,,,,,,,,,,,,,,,,,,,,,,,,,1,0,0,数据缺失,,
407:HRD5040X,407:HRD5040X:confirmed,407,HRD5040X,恒诚睿德,,插电式混合动力,eidc,confirmed,high,插电式增程混合动力旅居车,passenger_vehicle,suv_mpv,in_scope,(十七)258,民用改装车生产企业,,,,,4080,4080.0,55.39,55.39,390,390.0,230,230.0,,,,,,,,,,,,,,,24.1,142.0,4.15,9.6,1,0,1,全数据,,插电式混合动力汽车
407:HRD5070X,407:HRD5070X:confirmed,407,HRD5070X,恒诚睿德,,纯电动,eidc,confirmed,high,纯电动旅居车,passenger_vehicle,suv_mpv,in_scope,(十七)258,民用改装车生产企业,,,,,6100/5550,6100.0,141.3,141.3,920,920.0,280,280.0,,,,,,,,,,,,,,,50.5,153.6,1.98,15.1,1,0,1,全数据,,纯电动汽车
407:JBG5071X,407:JBG5071X:confirmed,407,JBG5071X,新星房车,,,eidc,confirmed,high,旅居车,passenger_vehicle,suv_mpv,in_scope,(十)146,民用改装车生产企业,,,,,,,,,,,,,,,,,,,,,,,,,,,,,,,1,0,0,数据缺失,,
407:JKF5030X,407:JKF5030X:confirmed,407,JKF5030X,钧天,,插电式混合动力,eidc,confirmed,high,插电式混合动力旅居车,passenger_vehicle,suv_mpv,in_scope,(十四)17,民用改装车生产企业,,,,,,,,,,,,,,,,,,,,,,,,,,,,,,,1,0,0,非纯电车型（tax hit=0 pur hit=0）,,
407:JL6481,407:JL6481:confirmed,407,JL6481,远程,,纯电动,eidc,confirmed,high,纯电动多用途乘用车,passenger_vehicle,suv_mpv,in_scope,52,一、汽车生产企业,,,,,,,,,,,,,,,,,,,,,,,,,,,,,,,1,0,0,数据缺失,,
407:JYA5041X,407:JYA5041X:confirmed,407,JYA5041X,凯乐泰,,,eidc,confirmed,high,旅居车,passenger_vehicle,suv_mpv,in_scope,(十一)62,民用改装车生产企业,,,,,,,,,,,,,,,,,,,,,,,,,,,,,,,1,0,0,数据缺失,,
407:KLF5040X,407:KLF5040X:confirmed,407,KLF5040X,凯力风,,纯电动,eidc,confirmed,high,纯电动旅居车,passenger_vehicle,suv_mpv,in_scope,(十七)180,民用改装车生产企业,,,,,3060/2910,3060.0,83.66848,83.66848,560,560.0,560,560.0,,,,,,,,,,,,,,,14.9,149.4,6.69,18.3,1,1,1,全数据,,纯电动商用车
407:LH5062X,407:LH5062X:confirmed,407,LH5062X,凌河,,,eidc,confirmed,high,旅居车,passenger_vehicle,suv_mpv,in_scope,32,一、汽车生产企业,,,,,,,,,,,,,,,,,,,,,,,,,,,,,,,1,0,0,数据缺失,,
407:LXA6493,407:LXA6493:confirmed,407,LXA6493,理想,理想L6,插电式混合动力,eidc,confirmed,high,插电式增程混合动力多用途乘用车,passenger_vehicle,suv_mpv,in_scope,210,一、汽车生产企业,,,,,2520,2520.0,51,51.0,354.0,354.0,234,234.0,,,,,,,,,,,,,,,21.8,144.1,4.59,14.0,1,1,1,全数据,,插电式混合动力乘用车
407:LZ6480,407:LZ6480:confirmed,407,LZ6480,东风,星海V6,纯电动,eidc,confirmed,high,纯电动多用途乘用车,passenger_vehicle,suv_mpv,in_scope,91,一、汽车生产企业,,,,,1800,1800.0,60.5,60.5,456,456.0,510（CLTC）,510.0,,,,,,,,,,,,,,,11.9,132.7,8.43,25.3,1,0,1,全数据,,纯电动汽车
407:LZW6482,407:LZW6482:confirmed,407,LZW6482,五菱,,,eidc,confirmed,high,多用途乘用车,passenger_vehicle,suv_mpv,in_scope,92,一、汽车生产企业,,,,,,,,,,,,,,,,,,,,,,,,,,,,,,,1,0,0,数据缺失,,
407:LZW6510,407:LZW6510:confirmed,407,LZW6510,五菱,,纯电动,eidc,confirmed,high,纯电动多用途乘用车,passenger_vehicle,suv_mpv,in_scope,92,一、汽车生产企业,,,,,,,,,,,,,,,,,,,,,,,,,,,,,,,1,0,0,数据缺失,,
407:LZW6550,407:LZW6550:confirmed,407,LZW6550,五菱,五菱扬光Pro,插电式混合动力,eidc,confirmed,high,插电式增程混合动力多用途乘用车,passenger_vehicle,suv_mpv,in_scope,92,一、汽车生产企业,,,,,2170,2170.0,31.9,31.9,250,250.0,101,101.0,,,,,,,,,,,,,,,31.6,127.6,3.17,11.5,1,1,1,全数据,,插电式混合动力乘用车
407:MR7001,407:MR7001:confirmed,407,MR7001,吉利,TT、TT7、银河TT、银河TT7、Viva7、Viva、Luna7、Luna,纯电动,eidc,confirmed,high,纯电动轿车,passenger_vehicle,sedan,in_scope,52,一、汽车生产企业,,,,,1980,1980.0,75.2,75.2,537,537.0,725,725.0,,,,,,,,,,,,,,,10.4,140.0,9.64,27.1,1,0,1,全数据,,纯电动汽车
407:MR7151,407:MR7151:confirmed,407,MR7151,吉利,银河星耀6EF,插电式混合动力,eidc,confirmed,high,插电式混合动力轿车,passenger_vehicle,sedan,in_scope,52,一、汽车生产企业,,,,,1600,1600.0,17.0,17.0,165,165.0,100,100.0,,,,,,,,,,,,,,,17.0,103.0,5.88,10.3,1,1,1,全数据,,插电式混合动力乘用车
407:MYY5046X,407:MYY5046X:confirmed,407,MYY5046X,迷野,,插电式混合动力,eidc,confirmed,high,插电式混合动力旅居车,passenger_vehicle,suv_mpv,in_scope,(三)119,民用改装车生产企业,,,,,,,,,,,,,,,,,,,,,,,,,,,,,,,1,0,0,非纯电车型（tax hit=0 pur hit=0）,,
407:NEQ7000,407:NEQ7000:confirmed,407,NEQ7000,奇瑞,QQ3,纯电动,eidc,confirmed,high,纯电动轿车,passenger_vehicle,sedan,in_scope,174,一、汽车生产企业,,,,,1360,1360.0,41.278,41.278,323,323.0,420,420.0,,,,,,,,,,,,,,,9.8,127.8,10.17,23.8,1,0,1,全数据,,纯电动汽车
407:NHQ6470,407:NHQ6470:confirmed,407,NHQ6470,小鹏,小鹏L03,插电式混合动力,eidc,confirmed,high,插电式增程混合动力多用途乘用车,passenger_vehicle,suv_mpv,in_scope,140,一、汽车生产企业,,,,,1935/1955/1950/1940,1935.0,37.2,37.2,289,289.0,257/241/249,257.0,,,,,,,,,,,,,,,14.5,128.7,6.91,14.9,1,1,1,全数据,,插电式混合动力乘用车
407:NHQ6490,407:NHQ6490:confirmed,407,NHQ6490,小鹏,小鹏L05,插电式混合动力,eidc,confirmed,high,插电式增程混合动力多用途乘用车,passenger_vehicle,suv_mpv,in_scope,140,一、汽车生产企业,,,,,1988/1990,1988.0,37.2,37.2,289,289.0,253/237/245,253.0,,,,,,,,,,,,,,,14.7,128.7,6.8,14.5,1,1,1,全数据,,插电式混合动力乘用车
407:NHQ6510,407:NHQ6510:confirmed,407,NHQ6510,小鹏,小鹏G9L,插电式混合动力,eidc,confirmed,high,插电式增程混合动力多用途乘用车,passenger_vehicle,suv_mpv,in_scope,140,一、汽车生产企业,,,,,2775/2795/2835,2775.0,63.3,63.3,451,451.0,325,325.0,,,,,,,,,,,,,,,19.5,140.4,5.13,16.3,1,1,1,全数据,,插电式混合动力乘用车
407:NJ5046X,407:NJ5046X:confirmed,407,NJ5046X,依维柯,,,eidc,confirmed,high,旅居车,passenger_vehicle,suv_mpv,in_scope,44,一、汽车生产企业,,,,,,,,,,,,,,,,,,,,,,,,,,,,,,,1,0,0,数据缺失,,
407:QCJ6500,407:QCJ6500:confirmed,407,QCJ6500,方程豹,,插电式混合动力,eidc,confirmed,high,插电式混合动力多用途乘用车,passenger_vehicle,suv_mpv,in_scope,79,一、汽车生产企业,,,,,,,,,,,,,,,,,,,,,,,,,,,,,,,1,0,0,非纯电车型（tax hit=0 pur hit=0）,,
407:QCJ6520,407:QCJ6520:confirmed,407,QCJ6520,腾势,腾势D9,插电式混合动力,eidc,confirmed,high,插电式混合动力多用途乘用车,passenger_vehicle,suv_mpv,in_scope,79,一、汽车生产企业,,,,,2895,2895.0,58.502,58.502,437,437.0,255,255.0,,,,,,,,,,,,,,,22.9,133.9,4.36,15.1,1,1,1,全数据,,插电式混合动力乘用车
407:SC6490,407:SC6490:confirmed,407,SC6490,阿维塔（AVATR）,07L,插电式混合动力,eidc,confirmed,high,插电式增程混合动力多用途乘用车,passenger_vehicle,suv_mpv,in_scope,96,一、汽车生产企业,,,,,2290,2290.0,52.01,52.01,370,370.0,270,270.0,,,,,,,,,,,,,,,19.3,140.6,5.19,16.2,1,1,1,全数据,,插电式混合动力乘用车
407:SC6510,407:SC6510:confirmed,407,SC6510,长安,G318,插电式混合动力,eidc,confirmed,high,插电式增程混合动力运动型乘用车,passenger_vehicle,suv_mpv,in_scope,96,一、汽车生产企业,,,,,2330/2390/2435,2330.0,35.07,35.07,285,285.0,144/140,144.0,,,,,,,,,,,,,,,24.4,123.1,4.11,12.2,1,1,1,全数据,,插电式混合动力乘用车
407:SC6519,407:SC6519:confirmed,407,SC6519,长安,,纯电动,eidc,confirmed,high,纯电动多用途乘用车,passenger_vehicle,suv_mpv,in_scope,96,一、汽车生产企业,,,,,,,,,,,,,,,,,,,,,,,,,,,,,,,1,0,0,数据缺失,,
407:SC6520,407:SC6520:confirmed,407,SC6520,长安,S09,插电式混合动力,eidc,confirmed,high,插电式增程混合动力多用途乘用车,passenger_vehicle,suv_mpv,in_scope,96,一、汽车生产企业,,,,,2605,2605.0,53.491,53.491,378,378.0,230,230.0,,,,,,,,,,,,,,,23.3,141.5,4.3,14.5,1,1,1,全数据,,插电式混合动力乘用车
407:SCT6514,407:SCT6514:confirmed,407,SCT6514,丰田(TOYOTA),,插电式混合动力,eidc,confirmed,high,混合动力多用途乘用车,passenger_vehicle,suv_mpv,in_scope,100,一、汽车生产企业,,,,,,,,,,,,,,,,,,,,,,,,,,,,,,,1,0,0,非纯电车型（tax hit=0 pur hit=0）,,
407:SGM6490,407:SGM6490:confirmed,407,SGM6490,凯迪拉克(CADILLAC),XT5,插电式混合动力,eidc,confirmed,high,插电式混合动力运动型乘用车,passenger_vehicle,suv_mpv,in_scope,6,一、汽车生产企业,,,,,2170/2200,2170.0,35.5,35.5,194,194.0,155,155.0,,,,,,,,,,,,,,,22.9,183.0,4.37,8.9,1,0,1,全数据,,插电式混合动力汽车
407:SGM7000,407:SGM7000:confirmed,407,SGM7000,别克(BUICK),ELECTRA L7,纯电动,eidc,confirmed,high,纯电动轿车,passenger_vehicle,sedan,in_scope,6,一、汽车生产企业,,,,,2170,2170.0,80.6,80.6,562,562.0,702,702.0,,,,,,,,,,,,,,,11.5,143.4,8.71,25.9,1,0,1,全数据,,纯电动汽车
407:SKE6540,407:SKE6540:confirmed,407,SKE6540,问界,问界M9,插电式混合动力,eidc,confirmed,high,插电式增程混合动力多用途乘用车,passenger_vehicle,suv_mpv,in_scope,175,一、汽车生产企业,,,,,3285,3285.0,75.408,75.408,416,416.0,292,292.0,,,,,,,,,,,,,,,25.8,181.3,3.87,12.7,1,1,1,全数据,,插电式混合动力乘用车
407:SLR5030X,407:SLR5030X:confirmed,407,SLR5030X,自在尚旅,,,eidc,confirmed,high,旅居车,passenger_vehicle,suv_mpv,in_scope,(十四)44,民用改装车生产企业,,,,,,,,,,,,,,,,,,,,,,,,,,,,,,,1,0,0,数据缺失,,
407:SQR1030,407:SQR1030:confirmed,407,SQR1030,纵横戟,,插电式混合动力,eidc,confirmed,high,插电式混合动力多用途货车,passenger_vehicle,suv_mpv,in_scope,119,一、汽车生产企业,,,,,2946/2986/3009,2946.0,34.13,34.13,303,303.0,116,116.0,,,,,,,,,,,,,,,29.4,112.6,3.4,10.3,1,1,1,全数据,,插电式混合动力商用车
407:SQR6460,407:SQR6460:confirmed,407,SQR6460,奇瑞,,纯电动,eidc,confirmed,high,纯电动多用途乘用车,passenger_vehicle,suv_mpv,in_scope,119,一、汽车生产企业,,,,,,,,,,,,,,,,,,,,,,,,,,,,,,,1,0,0,数据缺失,,
407:SVW7153,407:SVW7153:confirmed,407,SVW7153,大众汽车(VOLKSWAGEN),ID.ERA 5S,插电式混合动力,eidc,confirmed,high,插电式混合动力轿车,passenger_vehicle,sedan,in_scope,5,一、汽车生产企业,,,,,1655,1655.0,19.1,19.1,174,174.0,120,120.0,,,,,,,,,,,,,,,15.9,109.8,6.28,10.5,1,1,1,全数据,,插电式混合动力乘用车
407:WHJ7000,407:WHJ7000:confirmed,407,WHJ7000,凯翼,,纯电动,eidc,confirmed,high,纯电动轿车,passenger_vehicle,sedan,in_scope,137,一、汽车生产企业,,,,,,,,,,,,,,,,,,,,,,,,,,,,,,,1,0,0,数据缺失,,
407:WLP5039X,407:WLP5039X:confirmed,407,WLP5039X,沃勒创精,,,eidc,confirmed,high,旅居车,passenger_vehicle,suv_mpv,in_scope,(二)41,民用改装车生产企业,,,,,,,,,,,,,,,,,,,,,,,,,,,,,,,1,0,0,数据缺失,,
407:WSJ5070X,407:WSJ5070X:confirmed,407,WSJ5070X,威士捷,,,eidc,confirmed,high,旅居车,passenger_vehicle,suv_mpv,in_scope,(十五)526,民用改装车生产企业,,,,,,,,,,,,,,,,,,,,,,,,,,,,,,,1,0,0,数据缺失,,
407:ZB1032,407:ZB1032:confirmed,407,ZB1032,雷达,,纯电动,eidc,confirmed,high,纯电动多用途货车,passenger_vehicle,suv_mpv,in_scope,68,一、汽车生产企业,,,,,1955,1955.0,54.81,54.81,432,432.0,370,370.0,,,,,,,,,,,,,,,14.8,126.9,6.75,22.1,1,0,1,全数据,,纯电动汽车
407:ZHH5160X,407:ZHH5160X:confirmed,407,ZHH5160X,中恒旅,,,eidc,confirmed,high,旅居车,passenger_vehicle,suv_mpv,in_scope,(十七)207,民用改装车生产企业,,,,,,,,,,,,,,,,,,,,,,,,,,,,,,,1,0,0,数据缺失,,
407:ZHZ5070X,407:ZHZ5070X:confirmed,407,ZHZ5070X,中海州,,,eidc,confirmed,high,旅居车,passenger_vehicle,suv_mpv,in_scope,(十五)470,民用改装车生产企业,,,,,,,,,,,,,,,,,,,,,,,,,,,,,,,1,0,0,数据缺失,,
407:ZJL5044X,407:ZJL5044X:confirmed,407,ZJL5044X,飞球,,纯电动,eidc,confirmed,high,纯电动旅居车,passenger_vehicle,suv_mpv,in_scope,(十)03,民用改装车生产企业,,,,,,,,,,,,,,,,,,,,,,,,,,,,,,,1,0,0,数据缺失,,
407:ZMS5040X,407:ZMS5040X:confirmed,407,ZMS5040X,沃尔兰迪,,,eidc,confirmed,high,旅居车,passenger_vehicle,suv_mpv,in_scope,(十一)69,民用改装车生产企业,,,,,,,,,,,,,,,,,,,,,,,,,,,,,,,1,0,0,数据缺失,,
408:AHC6470,408:AHC6470:confirmed,408,AHC6470,埃安(AION),埃安i60,纯电动,eidc,confirmed,high,纯电动多用途乘用车,passenger_vehicle,suv_mpv,in_scope,216,一、汽车生产企业,,,,,1745/1800,1745.0,56.684,56.684,408.1,408.1,520,520.0,,,,,,,,,,,,,,,10.9,138.9,9.17,23.4,1,0,1,全数据,,纯电动汽车
408:AHC7000,408:AHC7000:confirmed,408,AHC7000,埃安(AION),埃安RT,纯电动,eidc,confirmed,high,纯电动轿车,passenger_vehicle,sedan,in_scope,216,一、汽车生产企业,,,,,1730/1760,1730.0,70.189/69.753,70.189,478/473,478.0,710/700,710.0,,,,,,,,,,,,,,,9.9,146.8,10.12,27.6,1,0,1,全数据,,纯电动汽车
408:AHC7001,408:AHC7001:confirmed,408,AHC7001,埃安(AION),,纯电动,eidc,confirmed,high,纯电动轿车,passenger_vehicle,sedan,in_scope,216,一、汽车生产企业,,,,,,,,,,,,,,,,,,,,,,,,,,,,,,,1,0,0,数据缺失,,
408:APW5042X,408:APW5042X:confirmed,408,APW5042X,奥拓福,,,eidc,confirmed,high,旅居车,passenger_vehicle,suv_mpv,in_scope,(六)74,民用改装车生产企业,,,,,,,,,,,,,,,,,,,,,,,,,,,,,,,1,0,0,数据缺失,,
408:ARM5030X,408:ARM5030X:confirmed,408,ARM5030X,阿莫迪罗,,,eidc,confirmed,high,旅居车,passenger_vehicle,suv_mpv,in_scope,(十一)39,民用改装车生产企业,,,,,,,,,,,,,,,,,,,,,,,,,,,,,,,1,0,0,数据缺失,,
408:ATK5060X,408:ATK5060X:confirmed,408,ATK5060X,徽酷,,插电式增程混合动力,eidc,confirmed,high,插电式增程混合动力旅居车,passenger_vehicle,suv_mpv,in_scope,(十二)127,民用改装车生产企业,,,,,,,,,,,,,,,,,,,,,,,,,,,,,,,1,0,0,非纯电车型（tax hit=0 pur hit=0）,,
408:BAW2033,408:BAW2033:confirmed,408,BAW2033,二一二,,,eidc,confirmed,high,越野乘用车,passenger_vehicle,suv_mpv,in_scope,9,一、汽车生产企业,,,,,,,,,,,,,,,,,,,,,,,,,,,,,,,1,0,0,数据缺失,,
408:BJ1037,408:BJ1037:confirmed,408,BJ1037,福田,,插电式混合动力,eidc,confirmed,high,多用途货车,passenger_vehicle,suv_mpv,in_scope,9,一、汽车生产企业,,,,,2650,2650.0,32.855,32.855,207±6,207.0,101(WLTC),101.0,,,,,,,,,,,,,,,32.5,158.7,3.07,7.8,1,1,0,全数据,,插电式混合动力商用车
408:BJ1038,408:BJ1038:confirmed,408,BJ1038,福田,,,eidc,confirmed,high,多用途货车,passenger_vehicle,suv_mpv,in_scope,9,一、汽车生产企业,,,,,,,,,,,,,,,,,,,,,,,,,,,,,,,1,0,0,数据缺失,,
408:BJ2030,408:BJ2030:confirmed,408,BJ2030,北京,泰钽700,插电式混合动力,eidc,confirmed,high,插电式增程混合动力越野乘用车,passenger_vehicle,suv_mpv,in_scope,11,一、汽车生产企业,,,,,2850,2850.0,41.7,41.7,322,322.0,145,145.0,,,,,,,,,,,,,,,28.8,129.5,3.48,11.3,1,1,1,全数据,,插电式混合动力乘用车
408:BJ5030X,408:BJ5030X:confirmed,408,BJ5030X,福田,,插电式混合动力,eidc,confirmed,high,插电式增程混合动力旅居车,passenger_vehicle,suv_mpv,in_scope,9,一、汽车生产企业,,,,,3085,3085.0,43.47,43.47,347,347.0,111,111.0,,,,,,,,,,,,,,,39.2,125.3,2.55,11.2,1,0,1,全数据,,插电式混合动力汽车
408:BJ6496,408:BJ6496:confirmed,408,BJ6496,梅赛德斯-奔驰(Mercedes-Benz),GLC 400 L 4MATIC,纯电动,eidc,confirmed,high,纯电动运动型乘用车,passenger_vehicle,suv_mpv,in_scope,10,一、汽车生产企业,,,,,2565,2565.0,89,89.0,496,496.0,675,675.0,,,,,,,,,,,,,,,13.2,179.4,7.58,19.3,1,0,1,全数据,,纯电动汽车
408:BJ6500,408:BJ6500:confirmed,408,BJ6500,极狐(ARCFOX),αT7,纯电动,eidc,confirmed,high,插电式增程混合动力多用途乘用车,passenger_vehicle,suv_mpv,in_scope,45,一、汽车生产企业,,,,,2000,2000.0,42.5,42.5,320,320.0,232,232.0,,,,,,,,,,,,,,,18.3,132.8,5.46,16.0,1,1,1,全数据,,插电式混合动力乘用车
408:BJ6530,408:BJ6530:confirmed,408,BJ6530,极狐,问道V9,插电式混合动力,eidc,confirmed,high,插电式增程混合动力多用途乘用车,passenger_vehicle,suv_mpv,in_scope,11,一、汽车生产企业,,,,,2580,2580.0,51.9,51.9,302,302.0,236,236.0,,,,,,,,,,,,,,,22.0,171.9,4.55,11.7,1,1,0,全数据,,插电式混合动力乘用车
408:BJ6540,408:BJ6540:confirmed,408,BJ6540,享界,享界G9,插电式混合动力,eidc,confirmed,high,插电式增程混合动力运动型乘用车,passenger_vehicle,suv_mpv,in_scope,11,一、汽车生产企业,,,,,2984/2949/2919,2984.0,56,56.0,406,406.0,238/220,238.0,,,,,,,,,,,,,,,23.5,137.9,4.25,13.6,1,1,1,全数据,,插电式混合动力乘用车
408:BJ7000,408:BJ7000:confirmed,408,BJ7000,享界,享界S9,纯电动,eidc,confirmed,high,纯电动轿车,passenger_vehicle,sedan,in_scope,11,一、汽车生产企业,,,,,2298,2298.0,97.6,97.6,524,524.0,816/800,816.0,,,,,,,,,,,,,,,12.0,186.3,8.36,22.8,1,0,1,全数据,,纯电动汽车
408:BJ7004,408:BJ7004:confirmed,408,BJ7004,梅赛德斯-奔驰(Mercedes-Benz),,纯电动,eidc,confirmed,high,纯电动轿车,passenger_vehicle,sedan,in_scope,10,一、汽车生产企业,,,,,,,,,,,,,,,,,,,,,,,,,,,,,,,1,0,0,数据缺失,,
408:BJ7150,408:BJ7150:confirmed,408,BJ7150,享界,享界S9T,插电式混合动力,eidc,confirmed,high,插电式增程混合动力轿车,passenger_vehicle,sedan,in_scope,11,一、汽车生产企业,,,,,2354,2354.0,36.0,36.0,290,290.0,201/195,201.0,,,,,,,,,,,,,,,17.9,124.1,5.58,12.3,1,1,0,全数据,,插电式混合动力乘用车
408:BQ1030,408:BQ1030:confirmed,408,BQ1030,田野,,纯电动,eidc,confirmed,high,纯电动多用途货车,passenger_vehicle,suv_mpv,in_scope,19,一、汽车生产企业,,,,,,,,,,,,,,,,,,,,,,,,,,,,,,,1,0,0,数据缺失,,
408:BYD6476,408:BYD6476:confirmed,408,BYD6476,比亚迪,比亚迪宋Pro,插电式混合动力,eidc,confirmed,high,插电式混合动力多用途乘用车,passenger_vehicle,suv_mpv,in_scope,108,一、汽车生产企业,,,,,1750,1750.0,26.628,26.628,215,215.0,150,150.0,,,,,,,,,,,,,,,17.8,123.9,5.63,12.3,1,1,1,全数据,,插电式混合动力乘用车
408:BYD7000,408:BYD7000:confirmed,408,BYD7000,比亚迪,比亚迪大汉,纯电动,eidc,confirmed,high,纯电动轿车,passenger_vehicle,sedan,in_scope,79,一、汽车生产企业,,,,,2505,2505.0,102.326,102.326,725.9,725.9,880(CLTC)/850(CLTC)/820(CLTC),880.0,,,,,,,,,,,,,,,11.6,141.0,8.6,29.0,1,0,1,全数据,,纯电动汽车
408:BYD7150,408:BYD7150:confirmed,408,BYD7150,比亚迪,比亚迪大汉,插电式混合动力,eidc,confirmed,high,插电式混合动力轿车,passenger_vehicle,sedan,in_scope,79,一、汽车生产企业,,,,,2210/2260,2210.0,54.489,54.489,389.0,389.0,370,370.0,,,,,,,,,,,,,,,14.7,140.1,6.79,17.6,1,1,0,全数据,,插电式混合动力乘用车
408:CA2040,408:CA2040:confirmed,408,CA2040,红旗,红旗G919,插电式混合动力,eidc,confirmed,high,插电式增程混合动力越野乘用车,passenger_vehicle,suv_mpv,in_scope,1,一、汽车生产企业,,,,,3150/3175,3150.0,62.9(1C)/64.1(1/3C),62.9,353,353.0,220,220.0,,,,,,,,,,,,,,,28.6,178.2,3.5,11.2,1,1,0,全数据,,插电式混合动力乘用车
408:CA6471,408:CA6471:confirmed,408,CA6471,一汽,悦意07,插电式混合动力,eidc,confirmed,high,插电式混合动力多用途乘用车,passenger_vehicle,suv_mpv,in_scope,1,一、汽车生产企业,,,,,1750,1750.0,18.4,18.4,187,187.0,106,106.0,,,,,,,,,,,,,,,17.4,98.4,5.76,10.7,1,1,1,全数据,,插电式混合动力乘用车
408:CA7204,408:CA7204:confirmed,408,CA7204,红旗,红旗H9,插电式混合动力,eidc,confirmed,high,插电式混合动力轿车,passenger_vehicle,sedan,in_scope,1,一、汽车生产企业,,,,,2445,2445.0,40.4,40.4,266.92,266.92,205,205.0,,,,,,,,,,,,,,,19.7,151.4,5.07,10.9,1,1,0,全数据,,插电式混合动力乘用车
408:CC6480,408:CC6480:confirmed,408,CC6480,哈弗,哈弗枭龙MAX;哈弗H6L;枭龙MAX;H6L,插电式混合动力,eidc,confirmed,high,插电式混合动力多用途乘用车,passenger_vehicle,suv_mpv,in_scope,15,一、汽车生产企业,,,,,1960,1960.0,23.7/23.8,23.7,186/195,186.0,115,115.0,,,,,,,,,,,,,,,20.6,127.4,4.85,9.5,1,1,1,全数据,,插电式混合动力乘用车
408:CC6510,408:CC6510:confirmed,408,CC6510,哈弗,H10,插电式混合动力,eidc,confirmed,high,插电式混合动力多用途乘用车,passenger_vehicle,suv_mpv,in_scope,15,一、汽车生产企业,,,,,2570,2570.0,42.8,42.8,297,297.0,176,176.0,,,,,,,,,,,,,,,24.3,144.1,4.11,11.6,1,1,0,全数据,,插电式混合动力乘用车
408:CC7000,408:CC7000:confirmed,408,CC7000,欧拉,,纯电动,eidc,confirmed,high,纯电动轿车,passenger_vehicle,sedan,in_scope,15,一、汽车生产企业,,,,,,,,,,,,,,,,,,,,,,,,,,,,,,,1,0,0,数据缺失,,
408:CLW5070X,408:CLW5070X:confirmed,408,CLW5070X,程力威,,插电式增程混合动力,eidc,confirmed,high,插电式增程混合动力旅居车,passenger_vehicle,suv_mpv,in_scope,(十七)74,民用改装车生产企业,,,,,,,,,,,,,,,,,,,,,,,,,,,,,,,1,0,0,非纯电车型（tax hit=0 pur hit=0）,,
408:CSA6494,408:CSA6494:confirmed,408,CSA6494,荣威,家越07,插电式混合动力,eidc,confirmed,high,插电式增程混合动力运动型乘用车,passenger_vehicle,suv_mpv,in_scope,122,一、汽车生产企业,,,,,1935/1965/2000,1935.0,32.6,32.6,250,250.0,183/180,183.0,,,,,,,,,,,,,,,17.8,130.4,5.61,12.9,1,1,0,全数据,,插电式混合动力乘用车
408:CSA6512,408:CSA6512:confirmed,408,CSA6512,智己,LS8,纯电动,eidc,confirmed,high,纯电动运动型乘用车,passenger_vehicle,suv_mpv,in_scope,122,一、汽车生产企业,,,,,2460,2460.0,103.3,103.3,552,552.0,752,752.0,,,,,,,,,,,,,,,13.7,187.1,7.28,22.4,1,0,1,全数据,,纯电动汽车
408:CTY5040X,408:CTY5040X:confirmed,408,CTY5040X,通亚达,,,eidc,confirmed,high,旅居车,passenger_vehicle,suv_mpv,in_scope,(十五)14,民用改装车生产企业,,,,,,,,,,,,,,,,,,,,,,,,,,,,,,,1,0,0,数据缺失,,
408:CYT5042X,408:CYT5042X:confirmed,408,CYT5042X,亿拖,,,eidc,confirmed,high,旅居车,passenger_vehicle,suv_mpv,in_scope,(十六)82,民用改装车生产企业,,,,,,,,,,,,,,,,,,,,,,,,,,,,,,,1,0,0,数据缺失,,
408:DCQ5032X,408:DCQ5032X:confirmed,408,DCQ5032X,大驰,,,eidc,confirmed,high,旅居车,passenger_vehicle,suv_mpv,in_scope,(十五)466,民用改装车生产企业,,,,,,,,,,,,,,,,,,,,,,,,,,,,,,,1,0,0,数据缺失,,
408:DFM6531,408:DFM6531:confirmed,408,DFM6531,奕境,,插电式增程混合动力,eidc,confirmed,high,插电式增程混合动力多用途乘用车,passenger_vehicle,suv_mpv,in_scope,3,一、汽车生产企业,,,,,,,,,,,,,,,,,,,,,,,,,,,,,,,1,0,0,非纯电车型（tax hit=0 pur hit=0）,,
408:DFM7002,408:DFM7002:confirmed,408,DFM7002,东风,奕派EP7,纯电动,eidc,confirmed,high,纯电动轿车,passenger_vehicle,sedan,in_scope,3,一、汽车生产企业,,,,,2058,2058.0,71.19,71.19,508,508.0,650,650.0,,,,,,,,,,,,,,,11.0,140.1,9.13,24.7,1,0,1,全数据,,纯电动汽车
408:DKF5031X,408:DKF5031X:confirmed,408,DKF5031X,科发房车,,,eidc,confirmed,high,旅居车,passenger_vehicle,suv_mpv,in_scope,(十五)458,民用改装车生产企业,,,,,,,,,,,,,,,,,,,,,,,,,,,,,,,1,0,0,数据缺失,,
408:DXM5080X,408:DXM5080X:confirmed,408,DXM5080X,曼恩拓,,,eidc,confirmed,high,旅居车,passenger_vehicle,suv_mpv,in_scope,(六)101,民用改装车生产企业,,,,,,,,,,,,,,,,,,,,,,,,,,,,,,,1,0,0,数据缺失,,
408:EQ2042,408:EQ2042:confirmed,408,EQ2042,猛士,,插电式混合动力,eidc,confirmed,high,插电式混合动力越野乘用车,passenger_vehicle,suv_mpv,in_scope,3,一、汽车生产企业,,,,,,,,,,,,,,,,,,,,,,,,,,,,,,,1,0,0,非纯电车型（tax hit=0 pur hit=0）,,
408:EQ6502,408:EQ6502:confirmed,408,EQ6502,岚图,,纯电动,eidc,confirmed,high,纯电动多用途乘用车,passenger_vehicle,suv_mpv,in_scope,3,一、汽车生产企业,,,,,,,,,,,,,,,,,,,,,,,,,,,,,,,1,0,0,数据缺失,,
408:EQ6520,408:EQ6520:confirmed,408,EQ6520,岚图,岚图泰山,纯电动,eidc,confirmed,high,纯电动多用途乘用车,passenger_vehicle,suv_mpv,in_scope,3,一、汽车生产企业,,,,,2920,2920.0,119.6,119.6,647,647.0,705,705.0,,,,,,,,,,,,,,,17.0,184.9,5.89,22.2,1,0,1,全数据,,纯电动汽车
408:EQ6530,408:EQ6530:confirmed,408,EQ6530,东风,,,eidc,confirmed,high,多用途乘用车,passenger_vehicle,suv_mpv,in_scope,3,一、汽车生产企业,,,,,,,,,,,,,,,,,,,,,,,,,,,,,,,1,0,0,数据缺失,,
408:EZY5030X,408:EZY5030X:confirmed,408,EZY5030X,正远,,插电式混合动力,eidc,confirmed,high,插电式混合动力旅居车,passenger_vehicle,suv_mpv,in_scope,(十七)147,民用改装车生产企业,,,,,2205,2205.0,34.32,34.32,280/293,280.0,154,154.0,,,,,,,,,,,,,,,22.3,122.6,4.49,12.7,1,1,0,全数据,,插电式混合动力商用车
408:GAC6470,408:GAC6470:confirmed,408,GAC6470,传祺(Trumpchi),,,eidc,confirmed,high,多用途乘用车,passenger_vehicle,suv_mpv,in_scope,89,一、汽车生产企业,,,,,,,,,,,,,,,,,,,,,,,,,,,,,,,1,0,0,数据缺失,,
408:GAC6500,408:GAC6500:confirmed,408,GAC6500,传祺(Trumpchi),传祺越7,插电式混合动力,eidc,confirmed,high,插电式混合动力运动型乘用车,passenger_vehicle,suv_mpv,in_scope,89,一、汽车生产企业,,,,,2330,2330.0,45.975,45.975,278±8.3,278.0,189,189.0,,,,,,,,,,,,,,,24.3,165.4,4.11,11.9,1,1,0,全数据,,插电式混合动力乘用车
408:GRX5040X,408:GRX5040X:confirmed,408,GRX5040X,润驰,,,eidc,confirmed,high,旅居车,passenger_vehicle,suv_mpv,in_scope,(十二)82,民用改装车生产企业,,,,,,,,,,,,,,,,,,,,,,,,,,,,,,,1,0,0,数据缺失,,
408:GWZ5049X,408:GWZ5049X:confirmed,408,GWZ5049X,七狼装备,,,eidc,confirmed,high,旅居车,passenger_vehicle,suv_mpv,in_scope,(十六)144,民用改装车生产企业,,,,,,,,,,,,,,,,,,,,,,,,,,,,,,,1,0,0,数据缺失,,
408:HFC6530,408:HFC6530:confirmed,408,HFC6530,江淮,尊界V680,插电式混合动力,eidc,confirmed,high,插电式增程混合动力多用途乘用车,passenger_vehicle,suv_mpv,in_scope,56,一、汽车生产企业,,,,,3070/3110/3135,3070.0,63.262,63.262,385,385.0,275/265,275.0,,,,,,,,,,,,,,,23.0,164.3,4.35,12.5,1,1,0,全数据,,插电式混合动力乘用车
408:HLH5046X,408:HLH5046X:confirmed,408,HLH5046X,力海通,,,eidc,confirmed,high,旅居车,passenger_vehicle,suv_mpv,in_scope,(十七)199,民用改装车生产企业,,,,,,,,,,,,,,,,,,,,,,,,,,,,,,,1,0,0,数据缺失,,
408:HQ6471,408:HQ6471:confirmed,408,HQ6471,吉利,博越L,插电式混合动力,eidc,confirmed,high,混合动力多用途乘用车,passenger_vehicle,suv_mpv,in_scope,52,一、汽车生产企业,,,,,1695,1695.0,,,,,,,,,,,,,,,,,,,,,,,,,1,1,0,全数据,,节能乘用车
408:HQ6472,408:HQ6472:confirmed,408,HQ6472,吉利,,,eidc,confirmed,high,多用途乘用车,passenger_vehicle,suv_mpv,in_scope,52,一、汽车生产企业,,,,,,,,,,,,,,,,,,,,,,,,,,,,,,,1,0,0,数据缺失,,
408:HQG5180X,408:HQG5180X:confirmed,408,HQG5180X,楚风,,,eidc,confirmed,high,旅居车,passenger_vehicle,suv_mpv,in_scope,73,一、汽车生产企业,,,,,,,,,,,,,,,,,,,,,,,,,,,,,,,1,0,0,数据缺失,,
408:JCV5032X,408:JCV5032X:confirmed,408,JCV5032X,依维德,,插电式混合动力,eidc,confirmed,high,插电式混合动力旅居车,passenger_vehicle,suv_mpv,in_scope,(十)97,民用改装车生产企业,,,,,,,,,,,,,,,,,,,,,,,,,,,,,,,1,0,0,非纯电车型（tax hit=0 pur hit=0）,,
408:JHV5101X,408:JHV5101X:confirmed,408,JHV5101X,金环科技,,,eidc,confirmed,high,旅居车,passenger_vehicle,suv_mpv,in_scope,(十)213,民用改装车生产企业,,,,,,,,,,,,,,,,,,,,,,,,,,,,,,,1,0,0,数据缺失,,
408:JKC6450,408:JKC6450:confirmed,408,JKC6450,鑫源,好运,纯电动,eidc,confirmed,high,纯电动多用途乘用车,passenger_vehicle,suv_mpv,in_scope,146,一、汽车生产企业,,,,,1395,1395.0,41.7792,41.7792,314,314.0,335（CLTC）,335.0,,,,,,,,,,,,,,,12.5,133.1,8.02,22.5,1,0,1,全数据,,纯电动汽车
408:JKC6470,408:JKC6470:confirmed,408,JKC6470,鑫源,,,eidc,confirmed,high,多用途乘用车,passenger_vehicle,suv_mpv,in_scope,146,一、汽车生产企业,,,,,,,,,,,,,,,,,,,,,,,,,,,,,,,1,0,0,数据缺失,,
408:JKC6480,408:JKC6480:confirmed,408,JKC6480,鑫源,向上V6,插电式混合动力,eidc,confirmed,high,插电式混合动力多用途乘用车,passenger_vehicle,suv_mpv,in_scope,146,一、汽车生产企业,,,,,1775/1820,1775.0,18.404,18.404,178,178.0,105,105.0,,,,,,,,,,,,,,,17.5,103.4,5.71,10.0,1,1,0,全数据,,插电式混合动力乘用车
408:JKC6490,408:JKC6490:confirmed,408,JKC6490,鑫源,E3L,纯电动,eidc,confirmed,high,换电式纯电动多用途乘用车,passenger_vehicle,suv_mpv,in_scope,146,一、汽车生产企业,,,,,1700,1700.0,42.002,42.002,315,315.0,320（CLTC）,320.0,,,,,,,,,,,,,,,13.1,133.3,7.62,18.5,1,0,1,全数据,,纯电动汽车
408:JKF5030X,408:JKF5030X:confirmed,408,JKF5030X,钧天,,,eidc,confirmed,high,旅居车,passenger_vehicle,suv_mpv,in_scope,(十四)17,民用改装车生产企业,,,,,,,,,,,,,,,,,,,,,,,,,,,,,,,1,0,0,数据缺失,,
408:JL6501,408:JL6501:confirmed,408,JL6501,远程,远程V7E,纯电动,eidc,confirmed,high,纯电动多用途乘用车,passenger_vehicle,suv_mpv,in_scope,52,一、汽车生产企业,,,,,1760/1805/1815/1850,1760.0,51.1,51.1,355,355.0,370,370.0,,,,,,,,,,,,,,,13.8,143.9,7.24,20.2,1,0,1,全数据,,纯电动汽车
408:JL6541,408:JL6541:confirmed,408,JL6541,远程,远程V8E,纯电动,eidc,confirmed,high,纯电动多用途乘用车,passenger_vehicle,suv_mpv,in_scope,52,一、汽车生产企业,,,,,1950/1960/1995,1950.0,65.5,65.5,445,445.0,455,455.0,,,,,,,,,,,,,,,14.4,147.2,6.95,22.8,1,0,1,全数据,,纯电动汽车
408:JL7001,408:JL7001:confirmed,408,JL7001,吉利,,纯电动,eidc,confirmed,high,纯电动轿车,passenger_vehicle,sedan,in_scope,52,一、汽车生产企业,,,,,,,,,,,,,,,,,,,,,,,,,,,,,,,1,0,0,数据缺失,,
408:JX1037,408:JX1037:confirmed,408,JX1037,江铃,,,eidc,confirmed,high,多用途货车,passenger_vehicle,suv_mpv,in_scope,61,一、汽车生产企业,,,,,,,,,,,,,,,,,,,,,,,,,,,,,,,1,0,0,数据缺失,,
408:KDK5041X,408:KDK5041X:confirmed,408,KDK5041X,朗奇,,,eidc,confirmed,high,旅居车,passenger_vehicle,suv_mpv,in_scope,(六)99,民用改装车生产企业,,,,,,,,,,,,,,,,,,,,,,,,,,,,,,,1,0,0,数据缺失,,
408:KPS5041X,408:KPS5041X:confirmed,408,KPS5041X,康派斯房,,,eidc,confirmed,high,旅居车,passenger_vehicle,suv_mpv,in_scope,(十五)245,民用改装车生产企业,,,,,,,,,,,,,,,,,,,,,,,,,,,,,,,1,0,0,数据缺失,,
408:LLC5041X,408:LLC5041X:confirmed,408,LLC5041X,伴旅辰,,纯电动,eidc,confirmed,high,纯电动旅居车,passenger_vehicle,suv_mpv,in_scope,(十六)101,民用改装车生产企业,,,,,,,,,,,,,,,,,,,,,,,,,,,,,,,1,0,0,数据缺失,,
408:LLC5115X,408:LLC5115X:confirmed,408,LLC5115X,朗宸,,,eidc,confirmed,high,旅居车,passenger_vehicle,suv_mpv,in_scope,(十六)101,民用改装车生产企业,,,,,,,,,,,,,,,,,,,,,,,,,,,,,,,1,0,0,数据缺失,,
408:LMS5066X,408:LMS5066X:confirmed,408,LMS5066X,罗曼特斯,,插电式增程混合动力,eidc,confirmed,high,插电式增程混合动力旅居车,passenger_vehicle,suv_mpv,in_scope,(十)170,民用改装车生产企业,,,,,,,,,,,,,,,,,,,,,,,,,,,,,,,1,0,0,非纯电车型（tax hit=0 pur hit=0）,,
408:LXA6511,408:LXA6511:confirmed,408,LXA6511,理想,,纯电动,eidc,confirmed,high,纯电动多用途乘用车,passenger_vehicle,suv_mpv,in_scope,210,一、汽车生产企业,,,,,,,,,,,,,,,,,,,,,,,,,,,,,,,1,0,0,数据缺失,,
408:LXA6540,408:LXA6540:confirmed,408,LXA6540,理想,理想MEGA,纯电动,eidc,confirmed,high,纯电动多用途乘用车,passenger_vehicle,suv_mpv,in_scope,210,一、汽车生产企业,,,,,2925,2925.0,108,108.0,628,628.0,710,710.0,,,,,,,,,,,,,,,15.2,172.0,6.57,21.5,1,0,1,全数据,,纯电动汽车
408:LZ6480,408:LZ6480:confirmed,408,LZ6480,东风,,纯电动,eidc,confirmed,high,纯电动多用途乘用车,passenger_vehicle,suv_mpv,in_scope,91,一、汽车生产企业,,,,,,,,,,,,,,,,,,,,,,,,,,,,,,,1,0,0,数据缺失,,
408:LZ6490,408:LZ6490:confirmed,408,LZ6490,东风,纯电动多用途乘用车,纯电动,eidc,confirmed,high,纯电动多用途乘用车,passenger_vehicle,suv_mpv,in_scope,91,一、汽车生产企业,,,,,1810,1810.0,60.5,60.5,456,456.0,510（CLTC）,510.0,,,,,,,,,,,,,,,11.9,132.7,8.43,25.2,1,0,1,全数据,,纯电动汽车
408:LZ6510,408:LZ6510:confirmed,408,LZ6510,东风,,纯电动,eidc,confirmed,high,纯电动多用途乘用车,passenger_vehicle,suv_mpv,in_scope,91,一、汽车生产企业,,,,,,,,,,,,,,,,,,,,,,,,,,,,,,,1,0,0,数据缺失,,
408:LZ7000,408:LZ7000:confirmed,408,LZ7000,东风,纯电动轿车,纯电动,eidc,confirmed,high,纯电动轿车,passenger_vehicle,sedan,in_scope,91,一、汽车生产企业,,,,,1665,1665.0,60.5,60.5,458,458.0,570（CLTC）,570.0,,,,,,,,,,,,,,,10.6,132.1,9.42,27.5,1,0,1,全数据,,纯电动汽车
408:LZR5031X,408:LZR5031X:confirmed,408,LZR5031X,览众之星,,插电式混合动力,eidc,confirmed,high,插电式混合动力旅居车,passenger_vehicle,suv_mpv,in_scope,(三)83,民用改装车生产企业,,,,,,,,,,,,,,,,,,,,,,,,,,,,,,,1,0,0,非纯电车型（tax hit=0 pur hit=0）,,
408:LZW6482,408:LZW6482:confirmed,408,LZW6482,五菱,五菱荣光L,插电式混合动力,eidc,confirmed,high,插电式增程混合动力多用途乘用车,passenger_vehicle,suv_mpv,in_scope,92,一、汽车生产企业,,,,,1530/1555,1530.0,18.8,18.8,170,170.0,101,101.0,,,,,,,,,,,,,,,18.6,110.6,5.37,11.1,1,1,0,全数据,,插电式混合动力乘用车
408:LZW6551,408:LZW6551:confirmed,408,LZW6551,五菱,五菱扬光L,纯电动,eidc,confirmed,high,纯电动多用途乘用车,passenger_vehicle,suv_mpv,in_scope,92,一、汽车生产企业,,,,,1805,1805.0,56.2,56.2,399,399.0,400（CLTC）,400.0,,,,,,,,,,,,,,,14.1,140.9,7.12,22.1,1,0,1,全数据,,纯电动汽车
408:MAX5120X,408:MAX5120X:confirmed,408,MAX5120X,星迹,,,eidc,confirmed,high,旅居车,passenger_vehicle,suv_mpv,in_scope,(十)234,民用改装车生产企业,,,,,,,,,,,,,,,,,,,,,,,,,,,,,,,1,0,0,数据缺失,,
408:MAX5140X,408:MAX5140X:confirmed,408,MAX5140X,星迹,,,eidc,confirmed,high,旅居车,passenger_vehicle,suv_mpv,in_scope,(十)234,民用改装车生产企业,,,,,,,,,,,,,,,,,,,,,,,,,,,,,,,1,0,0,数据缺失,,
408:MAX5210X,408:MAX5210X:confirmed,408,MAX5210X,星迹,,,eidc,confirmed,high,旅居车,passenger_vehicle,suv_mpv,in_scope,(十)234,民用改装车生产企业,,,,,,,,,,,,,,,,,,,,,,,,,,,,,,,1,0,0,数据缺失,,
408:MAX5240X,408:MAX5240X:confirmed,408,MAX5240X,星迹,,,eidc,confirmed,high,旅居车,passenger_vehicle,suv_mpv,in_scope,(十)234,民用改装车生产企业,,,,,,,,,,,,,,,,,,,,,,,,,,,,,,,1,0,0,数据缺失,,
408:MBK5030X,408:MBK5030X:confirmed,408,MBK5030X,麦卡佰客,,插电式混合动力,eidc,confirmed,high,插电式混合动力旅居车,passenger_vehicle,suv_mpv,in_scope,(十五)556,民用改装车生产企业,,,,,,,,,,,,,,,,,,,,,,,,,,,,,,,1,0,0,非纯电车型（tax hit=0 pur hit=0）,,
408:MR6462,408:MR6462:confirmed,408,MR6462,吉利,银河E5,纯电动,eidc,confirmed,high,纯电动多用途乘用车,passenger_vehicle,suv_mpv,in_scope,52,一、汽车生产企业,,,,,1750/1770,1750.0,61.52,61.52,443,443.0,550,550.0,,,,,,,,,,,,,,,11.2,138.9,8.94,25.3,1,0,1,全数据,,纯电动汽车
408:MR7001,408:MR7001:confirmed,408,MR7001,吉利,,纯电动,eidc,confirmed,high,纯电动轿车,passenger_vehicle,sedan,in_scope,52,一、汽车生产企业,,,,,,,,,,,,,,,,,,,,,,,,,,,,,,,1,0,0,数据缺失,,
408:MR7151,408:MR7151:confirmed,408,MR7151,吉利,吉利星瑞L90,插电式混合动力,eidc,confirmed,high,混合动力轿车,passenger_vehicle,sedan,in_scope,52,一、汽车生产企业,,,,,1600/1630,1600.0,,,,,,,,,,,,,,,,,,,,,,,,,1,1,0,全数据,,节能乘用车
408:MR7153,408:MR7153:confirmed,408,MR7153,领克,领克07,插电式混合动力,eidc,confirmed,high,插电式混合动力轿车,passenger_vehicle,sedan,in_scope,52,一、汽车生产企业,,,,,1895,1895.0,28.3,28.3,217,217.0,150,150.0,,,,,,,,,,,,,,,18.9,130.4,5.3,11.5,1,1,0,全数据,,插电式混合动力乘用车
408:MR7201,408:MR7201:confirmed,408,MR7201,吉利,,,eidc,confirmed,high,轿车,passenger_vehicle,sedan,in_scope,52,一、汽车生产企业,,,,,,,,,,,,,,,,,,,,,,,,,,,,,,,1,0,0,数据缺失,,
408:MRN5060X,408:MRN5060X:confirmed,408,MRN5060X,阿娜蕥,,,eidc,confirmed,high,旅居车,passenger_vehicle,suv_mpv,in_scope,(十九)94,民用改装车生产企业,,,,,,,,,,,,,,,,,,,,,,,,,,,,,,,1,0,0,数据缺失,,
408:NJ6550,408:NJ6550:confirmed,408,NJ6550,超越,领胜,插电式混合动力,eidc,confirmed,high,插电式增程混合动力多用途乘用车,passenger_vehicle,suv_mpv,in_scope,44,一、汽车生产企业,,,,,2170,2170.0,31.9,31.9,250,250.0,101,101.0,,,,,,,,,,,,,,,31.6,127.6,3.17,11.5,1,0,1,全数据,,插电式混合动力汽车
408:NJX5031X,408:NJX5031X:confirmed,408,NJX5031X,艾杰斯坦,,,eidc,confirmed,high,旅居车,passenger_vehicle,suv_mpv,in_scope,(二十二)75,民用改装车生产企业,,,,,,,,,,,,,,,,,,,,,,,,,,,,,,,1,0,0,数据缺失,,
408:NJX5032X,408:NJX5032X:confirmed,408,NJX5032X,艾杰斯坦,,,eidc,confirmed,high,旅居车,passenger_vehicle,suv_mpv,in_scope,(二十二)75,民用改装车生产企业,,,,,,,,,,,,,,,,,,,,,,,,,,,,,,,1,0,0,数据缺失,,
408:QCJ2030,408:QCJ2030:confirmed,408,QCJ2030,方程豹,方程豹豹5,插电式混合动力,eidc,confirmed,high,插电式混合动力越野乘用车,passenger_vehicle,suv_mpv,in_scope,79,一、汽车生产企业,,,,,3120,3120.0,46.704,46.704,362,362.0,160,160.0,,,,,,,,,,,,,,,29.2,129.0,3.43,11.6,1,1,1,全数据,,插电式混合动力乘用车
408:QCJ6520,408:QCJ6520:confirmed,408,QCJ6520,腾势,领汇M9,插电式混合动力,eidc,confirmed,high,纯电动多用途乘用车,passenger_vehicle,suv_mpv,in_scope,79,一、汽车生产企业,,,,,2595,2595.0,36.628,36.628,331,331.0,160,160.0,,,,,,,,,,,,,,,22.9,110.7,4.37,12.8,1,1,0,全数据,,插电式混合动力乘用车
408:QCJ7000,408:QCJ7000:confirmed,408,QCJ7000,腾势,方程豹方程S,纯电动,eidc,confirmed,high,纯电动轿车,passenger_vehicle,sedan,in_scope,79,一、汽车生产企业,,,,,1999,1999.0,76.744,76.744,539,539.0,730(CLTC),730.0,,,,,,,,,,,,,,,10.5,142.4,9.51,27.0,1,0,1,全数据,,纯电动汽车
408:QCJ7008,408:QCJ7008:confirmed,408,QCJ7008,领汇,领汇e5,纯电动,eidc,confirmed,high,纯电动轿车,passenger_vehicle,sedan,in_scope,79,一、汽车生产企业,,,,,1528,1528.0,48,48.0,330.5,330.5,450(CLTC),450.0,,,,,,,,,,,,,,,10.7,145.2,9.38,21.6,1,0,1,全数据,,纯电动汽车
408:SAL7001,408:SAL7001:confirmed,408,SAL7001,欧拉,ORA 7;长城闪电猫;O 7;R 7;T 7,纯电动,eidc,confirmed,high,纯电动轿车,passenger_vehicle,sedan,in_scope,213,一、汽车生产企业,,,,,1830,1830.0,58.3,58.3,422,422.0,560（CLTC）,560.0,,,,,,,,,,,,,,,10.4,138.2,9.61,23.1,1,0,1,全数据,,纯电动汽车
408:SC6480,408:SC6480:confirmed,408,SC6480,长安,,纯电动,eidc,confirmed,high,纯电动多用途乘用车,passenger_vehicle,suv_mpv,in_scope,96,一、汽车生产企业,,,,,,,,,,,,,,,,,,,,,,,,,,,,,,,1,0,0,数据缺失,,
408:SC6510,408:SC6510:confirmed,408,SC6510,长安,,插电式增程混合动力,eidc,confirmed,high,插电式增程混合动力运动型乘用车,passenger_vehicle,suv_mpv,in_scope,96,一、汽车生产企业,,,,,,,,,,,,,,,,,,,,,,,,,,,,,,,1,0,0,非纯电车型（tax hit=0 pur hit=0）,,
408:SC6558,408:SC6558:confirmed,408,SC6558,长安,V919,纯电动,eidc,confirmed,high,纯电动多用途乘用车,passenger_vehicle,suv_mpv,in_scope,22,一、汽车生产企业,,,,,2185,2185.0,66.67,66.67,479±14.37,479.0,450,450.0,,,,,,,,,,,,,,,14.8,139.2,6.75,21.9,1,0,1,全数据,,纯电动汽车
408:SC7000,408:SC7000:confirmed,408,SC7000,长安,L07,纯电动,eidc,confirmed,high,纯电动轿车,passenger_vehicle,sedan,in_scope,96,一、汽车生产企业,,,,,1895,1895.0,66.02,66.02,474,474.0,670,670.0,,,,,,,,,,,,,,,9.9,139.3,10.15,25.0,1,0,1,全数据,,纯电动汽车
408:SKE6501,408:SKE6501:confirmed,408,SKE6501,问界,问界M6EV,纯电动,eidc,confirmed,high,纯电动多用途乘用车,passenger_vehicle,suv_mpv,in_scope,175,一、汽车生产企业,,,,,2445/2510,2445.0,81.1131,81.1131,570,570.0,630/602,630.0,,,,,,,,,,,,,,,12.9,142.3,7.77,23.3,1,0,1,全数据,,纯电动汽车
408:SKE6540,408:SKE6540:confirmed,408,SKE6540,问界,问界M9,纯电动,eidc,confirmed,high,插电式增程混合动力多用途乘用车,passenger_vehicle,suv_mpv,in_scope,175,一、汽车生产企业,,,,,3200/3285,3200.0,75.408,75.408,416,416.0,300,300.0,,,,,,,,,,,,,,,25.1,181.3,3.98,13.0,1,1,1,全数据,,插电式混合动力乘用车
408:SQH5031X,408:SQH5031X:confirmed,408,SQH5031X,勤宏,,插电式混合动力,eidc,confirmed,high,插电式混合动力旅居车,passenger_vehicle,suv_mpv,in_scope,(二十二)29,民用改装车生产企业,,,,,,,,,,,,,,,,,,,,,,,,,,,,,,,1,0,0,非纯电车型（tax hit=0 pur hit=0）,,
408:SQR2040,408:SQR2040:confirmed,408,SQR2040,奇瑞纵横,纵横G700,插电式混合动力,eidc,confirmed,high,插电式混合动力越野乘用车,passenger_vehicle,suv_mpv,in_scope,119,一、汽车生产企业,,,,,3121/3164/3201/3211,3121.0,34.13,34.13,303,303.0,116,116.0,,,,,,,,,,,,,,,29.4,112.6,3.4,9.7,1,1,1,全数据,,插电式混合动力乘用车
408:SQR6440,408:SQR6440:confirmed,408,SQR6440,捷途,,,eidc,confirmed,high,多用途乘用车,passenger_vehicle,suv_mpv,in_scope,119,一、汽车生产企业,,,,,,,,,,,,,,,,,,,,,,,,,,,,,,,1,0,0,数据缺失,,
408:SQR6470,408:SQR6470:confirmed,408,SQR6470,捷途,,,eidc,confirmed,high,多用途乘用车,passenger_vehicle,suv_mpv,in_scope,119,一、汽车生产企业,,,,,,,,,,,,,,,,,,,,,,,,,,,,,,,1,0,0,数据缺失,,
408:SQR6480,408:SQR6480:confirmed,408,SQR6480,捷途,,,eidc,confirmed,high,多用途乘用车,passenger_vehicle,suv_mpv,in_scope,119,一、汽车生产企业,,,,,,,,,,,,,,,,,,,,,,,,,,,,,,,1,0,0,数据缺失,,
408:SQR6481,408:SQR6481:confirmed,408,SQR6481,捷途,,,eidc,confirmed,high,多用途乘用车,passenger_vehicle,suv_mpv,in_scope,119,一、汽车生产企业,,,,,,,,,,,,,,,,,,,,,,,,,,,,,,,1,0,0,数据缺失,,
408:SQR6482,408:SQR6482:confirmed,408,SQR6482,捷途,山海L7 PLUS C-DM,插电式混合动力,eidc,confirmed,high,插电式混合动力多用途乘用车,passenger_vehicle,suv_mpv,in_scope,119,一、汽车生产企业,,,,,1957/1976/2020/2033,1957.0,32.659,32.659,263±7.89,263.0,167,167.0,,,,,,,,,,,,,,,19.6,124.2,5.11,13.4,1,1,1,全数据,,插电式混合动力乘用车
408:SQR6483,408:SQR6483:confirmed,408,SQR6483,捷途,山海L7 PLUS C-DM,插电式混合动力,eidc,confirmed,high,插电式混合动力多用途乘用车,passenger_vehicle,suv_mpv,in_scope,119,一、汽车生产企业,,,,,2027/2082,2027.0,32.659,32.659,263±7.89,263.0,167,167.0,,,,,,,,,,,,,,,19.6,124.2,5.11,13.0,1,1,1,全数据,,插电式混合动力乘用车
408:SQR6486,408:SQR6486:confirmed,408,SQR6486,捷途,旅行者,插电式混合动力,eidc,confirmed,high,插电式混合动力多用途乘用车,passenger_vehicle,suv_mpv,in_scope,119,一、汽车生产企业,,,,,2110,2110.0,26.61,26.61,252±8,252.0,108,108.0,,,,,,,,,,,,,,,24.6,105.6,4.06,11.9,1,1,0,全数据,,插电式混合动力乘用车
408:SQR6500,408:SQR6500:confirmed,408,SQR6500,智界,智界RX,纯电动,eidc,confirmed,high,纯电动多用途乘用车,passenger_vehicle,suv_mpv,in_scope,119,一、汽车生产企业,,,,,2250/2280,2250.0,100.424(1/3C)/97.655(1C),100.424,529,529.0,852/822,852.0,,,,,,,,,,,,,,,11.8,189.8,8.48,23.5,1,0,1,全数据,,纯电动汽车
408:SQR6503,408:SQR6503:confirmed,408,SQR6503,星途,ET7,纯电动,eidc,confirmed,high,纯电动多用途乘用车,passenger_vehicle,suv_mpv,in_scope,119,一、汽车生产企业,,,,,2300,2300.0,74.821,74.821,557,557.0,560,560.0,,,,,,,,,,,,,,,13.4,134.3,7.48,24.2,1,0,1,全数据,,纯电动汽车
408:SQR6521,408:SQR6521:confirmed,408,SQR6521,奇瑞,风云T11,插电式混合动力,eidc,confirmed,high,插电式增程混合动力多用途乘用车,passenger_vehicle,suv_mpv,in_scope,119,一、汽车生产企业,,,,,2635,2635.0,39.816,39.816,320,320.0,175,175.0,,,,,,,,,,,,,,,22.8,124.4,4.4,12.1,1,1,0,全数据,,插电式混合动力乘用车
408:STM5032X,408:STM5032X:confirmed,408,STM5032X,金克,,,eidc,confirmed,high,旅居车,passenger_vehicle,suv_mpv,in_scope,(十五)107,民用改装车生产企业,,,,,,,,,,,,,,,,,,,,,,,,,,,,,,,1,0,0,数据缺失,,
408:STM5036X,408:STM5036X:confirmed,408,STM5036X,金克,,,eidc,confirmed,high,旅居车,passenger_vehicle,suv_mpv,in_scope,(十五)107,民用改装车生产企业,,,,,,,,,,,,,,,,,,,,,,,,,,,,,,,1,0,0,数据缺失,,
408:STM5037X,408:STM5037X:confirmed,408,STM5037X,金克,,,eidc,confirmed,high,旅居车,passenger_vehicle,suv_mpv,in_scope,(十五)107,民用改装车生产企业,,,,,,,,,,,,,,,,,,,,,,,,,,,,,,,1,0,0,数据缺失,,
408:SVW6501,408:SVW6501:confirmed,408,SVW6501,大众汽车(VOLKSWAGEN),ID.ERA 8X,插电式混合动力,eidc,confirmed,high,插电式增程混合动力多用途乘用车,passenger_vehicle,suv_mpv,in_scope,5,一、汽车生产企业,,,,,2590,2590.0,51.1,51.1,390,390.0,260,260.0,,,,,,,,,,,,,,,19.7,131.0,5.09,15.1,1,1,1,全数据,,插电式混合动力乘用车
408:SVW7152,408:SVW7152:confirmed,408,SVW7152,大众汽车(VOLKSWAGEN),,,eidc,confirmed,high,轿车,passenger_vehicle,sedan,in_scope,5,一、汽车生产企业,,,,,,,,,,,,,,,,,,,,,,,,,,,,,,,1,0,0,数据缺失,,
408:SY6543,408:SY6543:confirmed,408,SY6543,金杯,吉运E8,纯电动,eidc,confirmed,high,纯电动多用途乘用车,passenger_vehicle,suv_mpv,in_scope,33,一、汽车生产企业,,,,,1990/2000/2035,1990.0,66.67332,66.67332,479,479.0,455,455.0,,,,,,,,,,,,,,,14.7,139.2,6.82,24.1,1,0,1,全数据,,纯电动汽车
408:TQP5110X,408:TQP5110X:confirmed,408,TQP5110X,图强,,,eidc,confirmed,high,旅居车,passenger_vehicle,suv_mpv,in_scope,(二)25,民用改装车生产企业,,,,,,,,,,,,,,,,,,,,,,,,,,,,,,,1,0,0,数据缺失,,
408:WHJ6540,408:WHJ6540:confirmed,408,WHJ6540,凯翼,,纯电动,eidc,confirmed,high,纯电动多用途乘用车,passenger_vehicle,suv_mpv,in_scope,137,一、汽车生产企业,,,,,,,,,,,,,,,,,,,,,,,,,,,,,,,1,0,0,数据缺失,,
408:WLP5035X,408:WLP5035X:confirmed,408,WLP5035X,沃勒创精,,,eidc,confirmed,high,旅居车,passenger_vehicle,suv_mpv,in_scope,(二)41,民用改装车生产企业,,,,,,,,,,,,,,,,,,,,,,,,,,,,,,,1,0,0,数据缺失,,
408:WLP5036X,408:WLP5036X:confirmed,408,WLP5036X,沃勒创精,,,eidc,confirmed,high,旅居车,passenger_vehicle,suv_mpv,in_scope,(二)41,民用改装车生产企业,,,,,,,,,,,,,,,,,,,,,,,,,,,,,,,1,0,0,数据缺失,,
408:WSJ5020X,408:WSJ5020X:confirmed,408,WSJ5020X,威士捷,,纯电动,eidc,confirmed,high,纯电动旅居车,passenger_vehicle,suv_mpv,in_scope,(十五)526,民用改装车生产企业,,,,,,,,,,,,,,,,,,,,,,,,,,,,,,,1,0,0,数据缺失,,
408:WSJ5072X,408:WSJ5072X:confirmed,408,WSJ5072X,威士捷,,插电式混合动力,eidc,confirmed,high,插电式增程混合动力旅居车,passenger_vehicle,suv_mpv,in_scope,(十五)526,民用改装车生产企业,,,,,4500/5000/5500,4500.0,100.464,100.464,642,642.0,350,350.0,,,,,,,,,,,,,,,28.7,156.5,3.48,14.3,1,1,0,全数据,,插电式混合动力商用车
408:WTF5042X,408:WTF5042X:confirmed,408,WTF5042X,威尔特芬,,,eidc,confirmed,high,旅居车,passenger_vehicle,suv_mpv,in_scope,(十七)241,民用改装车生产企业,,,,,,,,,,,,,,,,,,,,,,,,,,,,,,,1,0,0,数据缺失,,
408:WWW5040X,408:WWW5040X:confirmed,408,WWW5040X,亿多星,,纯电动,eidc,confirmed,high,纯电动旅居车,passenger_vehicle,suv_mpv,in_scope,(十七)209,民用改装车生产企业,,,,,,,,,,,,,,,,,,,,,,,,,,,,,,,1,0,0,数据缺失,,
408:YGM7000,408:YGM7000:confirmed,408,YGM7000,领途,,纯电动,eidc,confirmed,high,纯电动轿车,passenger_vehicle,sedan,in_scope,134,一、汽车生产企业,,,,,,,,,,,,,,,,,,,,,,,,,,,,,,,1,0,0,数据缺失,,
408:ZFL5070X,408:ZFL5070X:confirmed,408,ZFL5070X,中房行,,,eidc,confirmed,high,旅居车,passenger_vehicle,suv_mpv,in_scope,(十五)514,民用改装车生产企业,,,,,,,,,,,,,,,,,,,,,,,,,,,,,,,1,0,0,数据缺失,,
408:ZHZ5091X,408:ZHZ5091X:confirmed,408,ZHZ5091X,中海州,,,eidc,confirmed,high,旅居车,passenger_vehicle,suv_mpv,in_scope,(十五)470,民用改装车生产企业,,,,,,,,,,,,,,,,,,,,,,,,,,,,,,,1,0,0,数据缺失,,
408:ZHZ5143X,408:ZHZ5143X:confirmed,408,ZHZ5143X,中海州,,,eidc,confirmed,high,旅居车,passenger_vehicle,suv_mpv,in_scope,(十五)470,民用改装车生产企业,,,,,,,,,,,,,,,,,,,,,,,,,,,,,,,1,0,0,数据缺失,,
408:ZMS5033X,408:ZMS5033X:confirmed,408,ZMS5033X,沃尔兰迪,,,eidc,confirmed,high,旅居车,passenger_vehicle,suv_mpv,in_scope,(十一)69,民用改装车生产企业,,,,,,,,,,,,,,,,,,,,,,,,,,,,,,,1,0,0,数据缺失,,
409:AHC6510SHEVX0A,409:AHC6510SHEVX0A:proposed,409,AHC6510SHEVX0A,启境,启境GX7,插电式增程混合动力,miit_gov,proposed,high,插电式增程混合动力多用途乘用车,passenger_vehicle,suv_mpv,in_scope,,,5099,2006,1750,3070,2488,2488.0,51.898,51.898,358±10,358.0,270,270.0,磷酸铁锂蓄电池,LFP,磷酸铁锂,,0,0.0,,宁德时代新能源科技股份有限公司,时代广汽动力电池有限公司,宁德时代系,宁德时代系,same_group,4A15J4 / 1498ml / 广州祺盛动力总成有限公司,5,19.2,141.0~149.1,5.2,14.0~14.8,1,1,0,全数据,409_AHC6510SHEVX0A-插电式增程混合动力多用途乘用车.md,插电式混合动力乘用车
409:AHC6510SHEVX0B,409:AHC6510SHEVX0B:proposed,409,AHC6510SHEVX0B,启境,启境GX7,插电式增程混合动力,miit_gov,proposed,high,插电式增程混合动力多用途乘用车,passenger_vehicle,suv_mpv,in_scope,,,5099,2006,1750,3070,2599,2599.0,51.898,51.898,358±10,358.0,260,260.0,磷酸铁锂蓄电池,LFP,磷酸铁锂,,0,0.0,,宁德时代新能源科技股份有限公司,时代广汽动力电池有限公司,宁德时代系,宁德时代系,same_group,4A15J4 / 1498ml / 广州祺盛动力总成有限公司,5,20.0,141.0~149.1,5.01,13.4~14.2,1,1,0,全数据,409_AHC6510SHEVX0B-插电式增程混合动力多用途乘用车.md,插电式混合动力乘用车
409:AHC6510SHEVX0C,409:AHC6510SHEVX0C:proposed,409,AHC6510SHEVX0C,启境,启境GX7,插电式增程混合动力,miit_gov,proposed,high,插电式增程混合动力多用途乘用车,passenger_vehicle,suv_mpv,in_scope,,,5099,2006,1750,3070,2720,2720.0,67.1584,67.1584,400±12,400.0,305,305.0,镍钴锰三元锂蓄电池,NCM,三元锂,,0,0.0,,时代一汽动力电池有限公司,广东瑞庆时代新能源科技有限公司,宁德时代系,宁德时代系,same_group,4A15J4 / 1498ml / 广州祺盛动力总成有限公司,5,22.0,163.0~173.1,4.54,14.3~15.1,1,1,0,全数据,409_AHC6510SHEVX0C-插电式增程混合动力多用途乘用车.md,插电式混合动力乘用车
409:AHC7000BEVW0C,409:AHC7000BEVW0C:proposed,409,AHC7000BEVW0C,启境,,纯电动,miit_gov,proposed,high,纯电动轿车,passenger_vehicle,sedan,in_scope,,,5050,1980,1470,3000,,2450.0,,,,,,,镍钴锰三元锂蓄电池,NCM,三元锂,165/200/200kW,3,565.0,3电机,时代一汽动力电池有限公司,,宁德时代系,,,,5,,,,,1,0,0,仅增程/插混（纯电车型附件2未覆盖）,409_AHC7000BEVW0C-纯电动轿车.md,
409:AHC7150SHEVW0A,409:AHC7150SHEVW0A:proposed,409,AHC7150SHEVW0A,启境,启境GT7,插电式增程混合动力,miit_gov,proposed,high,插电式增程混合动力轿车,passenger_vehicle,sedan,in_scope,,,5050,1980,1480,3000,2230,2230.0,35.701,35.701,285,285.0,205,205.0,磷酸铁锂蓄电池,LFP,磷酸铁锂,,0,0.0,,时代长安动力电池有限公司,时代广汽动力电池有限公司,宁德时代系,宁德时代系,same_group,4A15J4 / 1498ml / 广州祺盛动力总成有限公司,5,17.4,125.3,5.74,12.8,1,1,0,全数据,409_AHC7150SHEVW0A-插电式增程混合动力轿车.md,插电式混合动力乘用车
409:BJ6530K811BEV,409:BJ6530K811BEV:proposed,409,BJ6530K811BEV,享界,,纯电动,miit_gov,proposed,high,纯电动多用途乘用车,passenger_vehicle,suv_mpv,in_scope,,,5335,2005,1805,3250,,2870.0,,,,,,,三元锂离子蓄电池,NCM,三元锂,160/227kW,2,387.0,2电机,四川时代新能源科技有限公司,宜宾三江时代新能源科技有限公司,宁德时代系,宁德时代系,same_group,,7,,,,,1,0,0,仅增程/插混（纯电车型附件2未覆盖）,409_BJ6530K811BEV-纯电动多用途乘用车.md,
409:BJ6530K811RSHEV,409:BJ6530K811RSHEV:proposed,409,BJ6530K811RSHEV,享界,享界V8,插电式增程混合动力,miit_gov,proposed,high,插电式增程混合动力多用途乘用车,passenger_vehicle,suv_mpv,in_scope,,,5335,2005,1825,3250,2810,2810.0,56,56.0,406,406.0,275,275.0,磷酸铁锂蓄电池,LFP,磷酸铁锂,227kW,1,227.0,单电机,中州时代新能源科技有限公司,中州时代新能源科技有限公司,宁德时代系,宁德时代系,same_company,S15T0PH / 1498ml / 北京汽车动力总成有限公司,7,20.4,137.9,4.91,14.4,1,1,0,全数据,409_BJ6530K811RSHEV-插电式增程混合动力多用途乘用车.md,插电式混合动力乘用车
409:BJ6530K812RSHEV,409:BJ6530K812RSHEV:proposed,409,BJ6530K812RSHEV,享界,享界V8,插电式增程混合动力,miit_gov,proposed,high,插电式增程混合动力多用途乘用车,passenger_vehicle,suv_mpv,in_scope,,,5335,2005,1805,3250,2895,2895.0,56,56.0,406,406.0,260,260.0,磷酸铁锂蓄电池,LFP,磷酸铁锂,,0,0.0,,中州时代新能源科技有限公司,中州时代新能源科技有限公司,宁德时代系,宁德时代系,same_company,S15T0PH / 1498ml / 北京汽车动力总成有限公司,7,21.5,137.9,4.64,14.0,1,1,0,全数据,409_BJ6530K812RSHEV-插电式增程混合动力多用途乘用车.md,插电式混合动力乘用车
409:BJ6530K815RSHEV,409:BJ6530K815RSHEV:proposed,409,BJ6530K815RSHEV,享界,享界V8,插电式增程混合动力,miit_gov,proposed,high,插电式增程混合动力多用途乘用车,passenger_vehicle,suv_mpv,in_scope,,,5335,2005,1805,3250,2895,2895.0,75.4,75.4,416,416.0,339,339.0,三元锂离子蓄电池,NCM,三元锂,,0,0.0,,江苏时代新能源科技有限公司,宜宾三江时代新能源科技有限公司,宁德时代系,宁德时代系,same_group,S15T0PH / 1498ml / 北京汽车动力总成有限公司,7,22.2,181.3,4.5,14.4,1,1,0,全数据,409_BJ6530K815RSHEV-插电式增程混合动力多用途乘用车.md,插电式混合动力乘用车
409:BJ6530K81BEV,409:BJ6530K81BEV:proposed,409,BJ6530K81BEV,享界,,纯电动,miit_gov,proposed,high,纯电动多用途乘用车,passenger_vehicle,suv_mpv,in_scope,,,5335,2005,1825,3250,,2760.0,,,,,,,三元锂离子蓄电池,NCM,三元锂,227kW,1,227.0,单电机,四川时代新能源科技有限公司,宜宾三江时代新能源科技有限公司,宁德时代系,宁德时代系,same_group,,7,,,,,1,0,0,仅增程/插混（纯电车型附件2未覆盖）,409_BJ6530K81BEV-纯电动多用途乘用车.md,
409:CC6500DL21HABEV,409:CC6500DL21HABEV:proposed,409,CC6500DL21HABEV,魏牌,,纯电动,miit_gov,proposed,high,纯电动多用途乘用车,passenger_vehicle,suv_mpv,in_scope,,,5000,2025,1808,2968,,2545.0,,,,,,,镍钴锰三元锂蓄电池,NCM,三元锂,220/320kW,2,540.0,2电机,,蜂巢能源科技股份有限公司/蜂巢能源科技股份有限公司,,蜂巢能源,,,5,,,,,1,0,0,仅增程/插混（纯电车型附件2未覆盖）,409_CC6500DL21HABEV-纯电动多用途乘用车.md,
409:EQ6500MS5F1PHEV,409:EQ6500MS5F1PHEV:proposed,409,EQ6500MS5F1PHEV,猛士,猛士X700,插电式混合动力,miit_gov,proposed,high,插电式混合动力运动型乘用车,passenger_vehicle,suv_mpv,in_scope,,,5035,1999,1910,2920,2650,2650.0,51.46,51.46,360,360.0,228,228.0,磷酸铁锂锂离子电池,LFP,磷酸铁锂,,0,0.0,,宁德时代新能源科技股份有限公司,科新动力电池系统（湖北）有限公司,宁德时代系,宁德时代系（合资）,same_group,DFMC15TE3 / 1497ml / 智新科技股份有限公司,5,22.6,142.9,4.43,13.6,1,1,0,全数据,409_EQ6500MS5F1PHEV-插电式混合动力运动型乘用车.md,插电式混合动力乘用车
409:EQ6500MS5F2PHEV,409:EQ6500MS5F2PHEV:proposed,409,EQ6500MS5F2PHEV,猛士,猛士X700,插电式混合动力,miit_gov,proposed,high,插电式混合动力运动型乘用车,passenger_vehicle,suv_mpv,in_scope,,,5035,1999,1910,2920,2750,2750.0,68.10,68.1,460,460.0,285,285.0,磷酸铁锂锂离子电池,LFP,磷酸铁锂,,0,0.0,,宁德时代新能源科技股份有限公司,科新动力电池系统（湖北）有限公司,宁德时代系,宁德时代系（合资）,same_group,DFMC15TE3 / 1497ml / 智新科技股份有限公司,5,23.9,148.0,4.19,16.7,1,1,0,全数据,409_EQ6500MS5F2PHEV-插电式混合动力运动型乘用车.md,插电式混合动力乘用车
409:EQ6530AB5F2BEV,409:EQ6530AB5F2BEV:proposed,409,EQ6530AB5F2BEV,岚图,,纯电动,miit_gov,proposed,high,纯电动多用途乘用车,passenger_vehicle,suv_mpv,in_scope,,,5325,1998,1823,3200,,3020.0,,,,,,,三元锂离子蓄电池,NCM,三元锂,175/300kW,2,475.0,2电机,中州时代新能源科技有限公司,中州时代新能源科技有限公司,宁德时代系,宁德时代系,same_company,,7,,,,,1,0,0,仅增程/插混（纯电车型附件2未覆盖）,409_EQ6530AB5F2BEV-纯电动多用途乘用车.md,
409:EQ6530AB5F2PHEV,409:EQ6530AB5F2PHEV:proposed,409,EQ6530AB5F2PHEV,岚图,岚图梦想家9,插电式混合动力,miit_gov,proposed,high,插电式混合动力多用途乘用车,passenger_vehicle,suv_mpv,in_scope,,,5325,1998,1823,3200,2919/3020,2919.0,64.8,64.8,365,365.0,300/291,300.0,三元锂离子蓄电池,NCM,三元锂,,0,0.0,,时代一汽动力电池有限公司,宁德时代新能源科技股份有限公司,宁德时代系,宁德时代系,same_group,DFMC15TE3 / 1497ml / 智新科技股份有限公司,7,21.6,177.5,4.63,12.5,2,1,0,全数据,409_EQ6530AB5F2PHEV-插电式混合动力多用途乘用车.md,插电式混合动力乘用车
409:LXA6524BEVW01,409:LXA6524BEVW01:proposed,409,LXA6524BEVW01,理想,,纯电动,miit_gov,proposed,high,纯电动多用途乘用车,passenger_vehicle,suv_mpv,in_scope,,,5225,1970,1752,3168,,,,,,,,,三元锂离子动力电池,NCM,三元锂,150/250kW,2,400.0,2电机,江苏时代新能源科技有限公司,江苏时代新能源科技有限公司,宁德时代系,宁德时代系,same_company,,6,,,,,1,0,0,仅增程/插混（纯电车型附件2未覆盖）,409_LXA6524BEVW01-纯电动多用途乘用车.md,
409:LXA6524BEVW02,409:LXA6524BEVW02:proposed,409,LXA6524BEVW02,理想,,纯电动,miit_gov,proposed,high,纯电动多用途乘用车,passenger_vehicle,suv_mpv,in_scope,,,5225,1970,1752,3168,,,,,,,,,三元锂离子动力电池,NCM,三元锂,150/250kW,2,400.0,2电机,欣旺达动力科技股份有限公司,浙江理想汽车电池有限公司,欣旺达,理想汽车电池,cross_group,,6,,,,,1,0,0,仅增程/插混（纯电车型附件2未覆盖）,409_LXA6524BEVW02-纯电动多用途乘用车.md,
409:NEQ6460REEVS59DA,409:NEQ6460REEVS59DA:proposed,409,NEQ6460REEVS59DA,爱咖,V25,插电式增程混合动力,miit_gov,proposed,high,插电式增程混合动力多用途乘用车,passenger_vehicle,suv_mpv,in_scope,,,4636,1920,1855,2820,2117,2117.0,33.679,33.679,285,285.0,150,150.0,磷酸铁锂蓄电池,LFP,磷酸铁锂,,0,0.0,,合肥国轩高科动力能源有限公司,安徽瑞露科技有限公司,国轩高科,其他,cross_group,SQRH4J15 / 1499ml / 奇瑞汽车股份有限公司,5,22.5,118.2,4.45,13.5,1,1,0,全数据,409_NEQ6460REEVS59DA-插电式增程混合动力多用途乘用车.md,插电式混合动力乘用车
409:NEQ6460REEVS59DB,409:NEQ6460REEVS59DB:proposed,409,NEQ6460REEVS59DB,爱咖,V25,插电式增程混合动力,miit_gov,proposed,high,插电式增程混合动力多用途乘用车,passenger_vehicle,suv_mpv,in_scope,,,4636,1920,1855,2820,2221/2240,2221.0,33.679,33.679,285,285.0,145,145.0,磷酸铁锂蓄电池,LFP,磷酸铁锂,,0,0.0,,合肥国轩高科动力能源有限公司,安徽瑞露科技有限公司,国轩高科,其他,cross_group,SQRH4J15 / 1499ml / 奇瑞汽车股份有限公司,5,23.2,118.2,4.31,12.8,2,1,0,全数据,409_NEQ6460REEVS59DB-插电式增程混合动力多用途乘用车.md,插电式混合动力乘用车
409:NHQ6510BEVRD,409:NHQ6510BEVRD:proposed,409,NHQ6510BEVRD,小鹏,,纯电动,miit_gov,proposed,high,纯电动多用途乘用车,passenger_vehicle,suv_mpv,in_scope,,,5120,1999,1782,3100,,,,,,,,,磷酸铁锂蓄电池,LFP,磷酸铁锂,160/270kW,2,430.0,2电机,中创新航科技集团股份有限公司,中创新航科技集团股份有限公司,中创新航,中创新航,same_company,,5,,,,,1,0,0,仅增程/插混（纯电车型附件2未覆盖）,409_NHQ6510BEVRD-纯电动多用途乘用车.md,
409:QCJ103044HEV61,409:QCJ103044HEV61:proposed,409,QCJ103044HEV61,方程豹,,插电式混合动力,miit_gov,proposed,high,插电式混合动力多用途货车,passenger_vehicle,suv_mpv,in_scope,,,5457,1971,1925,3260,2710,2710.0,32.162,32.162,247,247.0,100(WLTC),100.0,磷酸铁锂蓄电池,LFP,磷酸铁锂,,0,0.0,,西安弗迪电池有限公司,西安弗迪电池有限公司,弗迪系,弗迪系,same_company,BYD476ZQF / 1497ml / 比亚迪汽车工业有限公司,,32.2,130.2,3.11,9.1,1,1,0,全数据,409_QCJ103044HEV61-插电式混合动力多用途货车.md,插电式混合动力商用车
409:QCJ6460AHBEV11,409:QCJ6460AHBEV11:proposed,409,QCJ6460AHBEV11,方程豹,,纯电动,miit_gov,proposed,high,纯电动多用途乘用车,passenger_vehicle,suv_mpv,in_scope,,,4605,1900,1720,2745,,1920.0,,,,,,,磷酸铁锂蓄电池,LFP,磷酸铁锂,240kW,1,240.0,单电机,温州弗迪电池有限公司,西咸新区比亚迪实业有限公司,弗迪系,比亚迪汽车,same_group,,5,,,,,1,0,0,仅增程/插混（纯电车型附件2未覆盖）,409_QCJ6460AHBEV11-纯电动多用途乘用车.md,
409:QCJ6500BG6HEV13,409:QCJ6500BG6HEV13:proposed,409,QCJ6500BG6HEV13,方程豹,方程豹钛7,插电式混合动力,miit_gov,proposed,high,插电式混合动力多用途乘用车,passenger_vehicle,suv_mpv,in_scope,,,4999,1995,1865,2920,2530,2530.0,50.001,50.001,384,384.0,210,210.0,磷酸铁锂蓄电池,LFP,磷酸铁锂,,0,0.0,,绍兴弗迪电池有限公司,绍兴弗迪电池有限公司,弗迪系,弗迪系,same_company,BYD472ZQB / 1498ml / 比亚迪汽车有限公司,5,23.8,130.2,4.2,15.2,1,1,0,全数据,409_QCJ6500BG6HEV13-插电式混合动力多用途乘用车.md,插电式混合动力乘用车
409:QCJ6500BG6HEV14,409:QCJ6500BG6HEV14:proposed,409,QCJ6500BG6HEV14,方程豹,方程豹钛7,插电式混合动力,miit_gov,proposed,high,插电式混合动力多用途乘用车,passenger_vehicle,suv_mpv,in_scope,,,4999,1995,1865,2920,2350/2380,2350.0,50.001,50.001,384,384.0,230,230.0,磷酸铁锂蓄电池,LFP,磷酸铁锂,200kW,1,200.0,单电机,绍兴弗迪电池有限公司,绍兴弗迪电池有限公司,弗迪系,弗迪系,same_company,BYD472ZQB / 1498ml / 比亚迪汽车有限公司,5,21.7,130.2,4.6,16.3,2,1,0,全数据,409_QCJ6500BG6HEV14-插电式混合动力多用途乘用车.md,插电式混合动力乘用车
409:QCJ6500BG6HEV15,409:QCJ6500BG6HEV15:proposed,409,QCJ6500BG6HEV15,方程豹,方程豹钛7,插电式混合动力,miit_gov,proposed,high,插电式混合动力多用途乘用车,passenger_vehicle,suv_mpv,in_scope,,,4999,1995,1865,2920,2530,2530.0,50.001,50.001,384,384.0,210,210.0,磷酸铁锂蓄电池,LFP,磷酸铁锂,,0,0.0,,绍兴弗迪电池有限公司,绍兴弗迪电池有限公司,弗迪系,弗迪系,same_company,BYD472ZQB / 1498ml / 比亚迪汽车有限公司,5,23.8,130.2,4.2,15.2,1,1,0,全数据,409_QCJ6500BG6HEV15-插电式混合动力多用途乘用车.md,插电式混合动力乘用车
409:QCJ6500BG6HEV16,409:QCJ6500BG6HEV16:proposed,409,QCJ6500BG6HEV16,方程豹,方程豹钛7,插电式混合动力,miit_gov,proposed,high,插电式混合动力多用途乘用车,passenger_vehicle,suv_mpv,in_scope,,,4999,1995,1865,2920,2230,2230.0,26.628,26.628,220,220.0,105,105.0,磷酸铁锂蓄电池,LFP,磷酸铁锂,200kW,1,200.0,单电机,绍兴弗迪电池有限公司,绍兴弗迪电池有限公司,弗迪系,弗迪系,same_company,BYD472ZQB / 1498ml / 比亚迪汽车有限公司,5,25.4,121.0,3.94,9.9,1,1,0,全数据,409_QCJ6500BG6HEV16-插电式混合动力多用途乘用车.md,插电式混合动力乘用车
409:QCJ6520APBEV1,409:QCJ6520APBEV1:proposed,409,QCJ6520APBEV1,腾势,,纯电动,miit_gov,proposed,high,纯电动多用途乘用车,passenger_vehicle,suv_mpv,in_scope,,,5200,1999,1820,3075,,2900.0,,,,,,,磷酸铁锂蓄电池,LFP,磷酸铁锂,370kW,1,370.0,单电机,广西东盟弗迪电池有限公司,深圳比亚迪汽车实业有限公司,弗迪系,比亚迪汽车,same_group,,6,,,,,1,0,0,仅增程/插混（纯电车型附件2未覆盖）,409_QCJ6520APBEV1-纯电动多用途乘用车.md,
409:QCJ6520BUBEV1,409:QCJ6520BUBEV1:proposed,409,QCJ6520BUBEV1,腾势,,纯电动,miit_gov,proposed,high,纯电动多用途乘用车,passenger_vehicle,suv_mpv,in_scope,,,5150,1999,1820,3075,,,,,,,,,磷酸铁锂蓄电池,LFP,磷酸铁锂,370kW,1,370.0,单电机,广西东盟弗迪电池有限公司,深圳比亚迪汽车实业有限公司,弗迪系,比亚迪汽车,same_group,,5,,,,,1,0,0,仅增程/插混（纯电车型附件2未覆盖）,409_QCJ6520BUBEV1-纯电动多用途乘用车.md,
409:QCJ6520BUBEV2,409:QCJ6520BUBEV2:proposed,409,QCJ6520BUBEV2,腾势,,纯电动,miit_gov,proposed,high,纯电动多用途乘用车,passenger_vehicle,suv_mpv,in_scope,,,5150,1999,1820,3075,,2725.0,,,,,,,磷酸铁锂蓄电池,LFP,磷酸铁锂,320kW,1,320.0,单电机,无为弗迪电池有限公司,无为弗迪电池有限公司,弗迪系,弗迪系,same_company,,5,,,,,1,0,0,仅增程/插混（纯电车型附件2未覆盖）,409_QCJ6520BUBEV2-纯电动多用途乘用车.md,
409:QCJ6520BUBEV3,409:QCJ6520BUBEV3:proposed,409,QCJ6520BUBEV3,腾势,,纯电动,miit_gov,proposed,high,纯电动多用途乘用车,passenger_vehicle,suv_mpv,in_scope,,,5150,1999,1820,3075,,,,,,,,,磷酸铁锂蓄电池,LFP,磷酸铁锂,270/310/310kW,3,890.0,3电机,广西东盟弗迪电池有限公司,深圳比亚迪汽车实业有限公司,弗迪系,比亚迪汽车,same_group,,5,,,,,1,0,0,仅增程/插混（纯电车型附件2未覆盖）,409_QCJ6520BUBEV3-纯电动多用途乘用车.md,
409:QCJ6520MT6HEV13,409:QCJ6520MT6HEV13:proposed,409,QCJ6520MT6HEV13,腾势,腾势D9,插电式混合动力,miit_gov,proposed,high,插电式混合动力多用途乘用车,passenger_vehicle,suv_mpv,in_scope,,,5250,1960,1900,3110,2795,2795.0,39.690,39.69,325,325.0,145,145.0,磷酸铁锂蓄电池,LFP,磷酸铁锂,,0,0.0,,绍兴弗迪电池有限公司,西安弗迪电池有限公司,弗迪系,弗迪系,same_group,BYD472ZQB / 1498ml / 比亚迪汽车有限公司,7,27.4,122.1,3.65,11.6,1,1,0,全数据,409_QCJ6520MT6HEV13-插电式混合动力多用途乘用车.md,插电式混合动力乘用车
409:QCJ6520MT6HEV14,409:QCJ6520MT6HEV14:proposed,409,QCJ6520MT6HEV14,腾势,腾势D9,插电式混合动力,miit_gov,proposed,high,插电式混合动力多用途乘用车,passenger_vehicle,suv_mpv,in_scope,,,5250,1960,1900,3110,2695,2695.0,39.690,39.69,324,324.0,155,155.0,磷酸铁锂蓄电池,LFP,磷酸铁锂,200kW,1,200.0,单电机,绍兴弗迪电池有限公司,西安弗迪电池有限公司,弗迪系,弗迪系,same_group,BYD472ZQB / 1498ml / 比亚迪汽车有限公司,7,25.6,122.5,3.91,12.0,1,1,0,全数据,409_QCJ6520MT6HEV14-插电式混合动力多用途乘用车.md,插电式混合动力乘用车
409:QCJ7000ANBEV3,409:QCJ7000ANBEV3:proposed,409,QCJ7000ANBEV3,腾势,,纯电动,miit_gov,proposed,high,纯电动轿车,passenger_vehicle,sedan,in_scope,,,5090,1980,1510,3025,,2250.0,,,,,,,磷酸铁锂蓄电池,LFP,磷酸铁锂,320kW,1,320.0,单电机,合肥比亚迪实业有限公司,汕尾弗迪电池有限公司,比亚迪汽车,弗迪系,same_group,,5,,,,,1,0,0,仅增程/插混（纯电车型附件2未覆盖）,409_QCJ7000ANBEV3-纯电动轿车.md,
409:QCJ7000ANBEV4,409:QCJ7000ANBEV4:proposed,409,QCJ7000ANBEV4,腾势,,纯电动,miit_gov,proposed,high,纯电动轿车,passenger_vehicle,sedan,in_scope,,,5090,1980,1490,3025,,2545.0,,,,,,,磷酸铁锂蓄电池,LFP,磷酸铁锂,370kW,1,370.0,单电机,无为弗迪电池有限公司,深圳比亚迪汽车实业有限公司,弗迪系,比亚迪汽车,same_group,,5,,,,,1,0,0,仅增程/插混（纯电车型附件2未覆盖）,409_QCJ7000ANBEV4-纯电动轿车.md,
409:SKE6501DREEVR1,409:SKE6501DREEVR1:proposed,409,SKE6501DREEVR1,问界,问界M6,插电式增程混合动力,miit_gov,proposed,high,插电式增程混合动力多用途乘用车,passenger_vehicle,suv_mpv,in_scope,,,4960,1985,1736,2950,2445/2490,2445.0,51.975,51.975,302,302.0,273/261,273.0,三元锂离子蓄电池,NCM,三元锂,227kW,1,227.0,单电机,四川时代新能源科技有限公司,四川时代新能源科技有限公司,宁德时代系,宁德时代系,same_company,M15T / 1496ml / 重庆小康动力有限公司,5,19.0,172.1,5.25,12.4,2,1,0,全数据,409_SKE6501DREEVR1-插电式增程混合动力多用途乘用车.md,插电式混合动力乘用车
409:SKE6501DREEVR2,409:SKE6501DREEVR2:proposed,409,SKE6501DREEVR2,问界,问界M6,插电式增程混合动力,miit_gov,proposed,high,插电式增程混合动力多用途乘用车,passenger_vehicle,suv_mpv,in_scope,,,4960,1985,1736,2950,2470,2470.0,36.019,36.019,290,290.0,181,181.0,磷酸铁锂蓄电池,LFP,磷酸铁锂,227kW,1,227.0,单电机,四川时代新能源科技有限公司,四川时代新能源科技有限公司,宁德时代系,宁德时代系,same_company,M15T / 1496ml / 重庆小康动力有限公司,5,19.9,124.2,5.03,11.7,1,1,0,全数据,409_SKE6501DREEVR2-插电式增程混合动力多用途乘用车.md,插电式混合动力乘用车
409:SKE6522DBEVA1F,409:SKE6522DBEVA1F:proposed,409,SKE6522DBEVA1F,问界,,纯电动,miit_gov,proposed,high,纯电动多用途乘用车,passenger_vehicle,suv_mpv,in_scope,,,5190,1999,1795,3105,,,,,,,,,三元锂离子蓄电池,NCM,三元锂,160/227kW,2,387.0,2电机,江苏时代新能源科技有限公司,四川时代新能源科技有限公司,宁德时代系,宁德时代系,same_group,,5,,,,,1,0,0,仅增程/插混（纯电车型附件2未覆盖）,409_SKE6522DBEVA1F-纯电动多用途乘用车.md,
409:SKE6522DBEVA2F,409:SKE6522DBEVA2F:proposed,409,SKE6522DBEVA2F,问界,,纯电动,miit_gov,proposed,high,纯电动多用途乘用车,passenger_vehicle,suv_mpv,in_scope,,,5190,1999,1795,3105,,,,,,,,,三元锂离子蓄电池,NCM,三元锂,160/227kW,2,387.0,2电机,四川时代新能源科技有限公司,宜宾三江时代新能源科技有限公司,宁德时代系,宁德时代系,same_group,,5,,,,,1,0,0,仅增程/插混（纯电车型附件2未覆盖）,409_SKE6522DBEVA2F-纯电动多用途乘用车.md,
409:SKE6522DREEVA1F,409:SKE6522DREEVA1F:proposed,409,SKE6522DREEVA1F,问界,问界M8,插电式增程混合动力,miit_gov,proposed,high,插电式增程混合动力多用途乘用车,passenger_vehicle,suv_mpv,in_scope,,,5190,1999,1795,3105,2830/2895,2830.0,56.036,56.036,406,406.0,246,246.0,磷酸铁锂蓄电池,LFP,磷酸铁锂,170kW,1,170.0,单电机,中州时代新能源科技有限公司,宜宾三江时代新能源科技有限公司,宁德时代系,宁德时代系,same_group,HG15T / 1496ml / 重庆小康动力有限公司,5,22.8,138.0,4.39,14.3,2,1,0,全数据,409_SKE6522DREEVA1F-插电式增程混合动力多用途乘用车.md,插电式混合动力乘用车
409:SKE6522DREEVA2F,409:SKE6522DREEVA2F:proposed,409,SKE6522DREEVA2F,问界,问界M8,插电式增程混合动力,miit_gov,proposed,high,插电式增程混合动力多用途乘用车,passenger_vehicle,suv_mpv,in_scope,,,5190,1999,1795,3105,2840/2905,2840.0,75.408,75.408,416,416.0,352/345,352.0,三元锂离子蓄电池,NCM,三元锂,170kW,1,170.0,单电机,江苏时代新能源科技有限公司,宜宾三江时代新能源科技有限公司,宁德时代系,宁德时代系,same_group,HG15T / 1496ml / 重庆小康动力有限公司,5,21.4,181.3,4.67,14.6,2,1,0,全数据,409_SKE6522DREEVA2F-插电式增程混合动力多用途乘用车.md,插电式混合动力乘用车
409:SQR6500BEVEHY6,409:SQR6500BEVEHY6:proposed,409,SQR6500BEVEHY6,智界,,纯电动,miit_gov,proposed,high,纯电动多用途乘用车,passenger_vehicle,suv_mpv,in_scope,,,4982,1981,1634,2950,,2275.0,,,,,,,磷酸铁锂蓄电池,LFP,磷酸铁锂,227kW,1,227.0,单电机,中创新航科技集团股份有限公司,中创新航科技集团股份有限公司,中创新航,中创新航,same_company,,5,,,,,1,0,0,仅增程/插混（纯电车型附件2未覆盖）,409_SQR6500BEVEHY6-纯电动多用途乘用车.md,
409:SQR6500BEVEHY7,409:SQR6500BEVEHY7:proposed,409,SQR6500BEVEHY7,智界,,纯电动,miit_gov,proposed,high,纯电动多用途乘用车,passenger_vehicle,suv_mpv,in_scope,,,4982,1981,1634,2950,,2220.0,,,,,,,三元锂蓄电池,NCM,三元锂,227kW,1,227.0,单电机,江苏时代新能源科技有限公司,江苏时代新能源科技有限公司,宁德时代系,宁德时代系,same_company,,5,,,,,1,0,0,仅增程/插混（纯电车型附件2未覆盖）,409_SQR6500BEVEHY7-纯电动多用途乘用车.md,
409:SQR6500BEVEHY8,409:SQR6500BEVEHY8:proposed,409,SQR6500BEVEHY8,智界,,纯电动,miit_gov,proposed,high,纯电动多用途乘用车,passenger_vehicle,suv_mpv,in_scope,,,4982,1981,1634,2950,,2340.0,,,,,,,三元锂蓄电池,NCM,三元锂,150/227kW,2,377.0,2电机,江苏时代新能源科技有限公司,江苏时代新能源科技有限公司,宁德时代系,宁德时代系,same_company,,5,,,,,1,0,0,仅增程/插混（纯电车型附件2未覆盖）,409_SQR6500BEVEHY8-纯电动多用途乘用车.md,
409:SQR6540REEVEHV3,409:SQR6540REEVEHV3:proposed,409,SQR6540REEVEHV3,智界,智界V9,插电式增程混合动力,miit_gov,proposed,high,插电式增程混合动力多用途乘用车,passenger_vehicle,suv_mpv,in_scope,,,5359,2009,1859,3250,2940,2940.0,53.480,53.48,297,297.0,210,210.0,三元锂离子蓄电池,NCM,三元锂,,0,0.0,,欣旺达动力科技股份有限公司,欣旺达动力科技股份有限公司,欣旺达,欣旺达,same_company,SQRH4J15 / 1499ml / 奇瑞汽车股份有限公司,7,25.5,180.1,3.93,10.1,1,1,0,全数据,409_SQR6540REEVEHV3-插电式增程混合动力多用途乘用车.md,插电式混合动力乘用车
409:SQR6540REEVEHV4,409:SQR6540REEVEHV4:proposed,409,SQR6540REEVEHV4,智界,智界V9,插电式增程混合动力,miit_gov,proposed,high,插电式增程混合动力多用途乘用车,passenger_vehicle,suv_mpv,in_scope,,,5359,2009,1879,3250,2790,2790.0,53.480,53.48,297,297.0,223,223.0,三元锂离子蓄电池,NCM,三元锂,,0,0.0,,欣旺达动力科技股份有限公司,欣旺达动力科技股份有限公司,欣旺达,欣旺达,same_company,SQRH4J15 / 1499ml / 奇瑞汽车股份有限公司,7,24.0,180.1,4.17,10.6,1,1,0,全数据,409_SQR6540REEVEHV4-插电式增程混合动力多用途乘用车.md,插电式混合动力乘用车
409:TSL6480BEVBA6,409:TSL6480BEVBA6:proposed,409,TSL6480BEVBA6,特斯拉,,纯电动,miit_gov,proposed,high,纯电动多用途乘用车,passenger_vehicle,suv_mpv,in_scope,,,4796,1920,1611,2890,,2027.0,,,,,,,三元锂离子电池,NCM,三元锂,176/291kW,2,467.0,2电机,爱尔集新能源（南京）有限公司,特斯拉（上海）有限公司,LG新能源,其他,cross_group,,5,,,,,1,0,0,仅增程/插混（纯电车型附件2未覆盖）,409_TSL6480BEVBA6-纯电动多用途乘用车.md,
409:XMA6500KREEVA1,409:XMA6500KREEVA1:proposed,409,XMA6500KREEVA1,小米,小米澎程N70,插电式增程混合动力,miit_gov,proposed,high,插电式增程混合动力多用途乘用车,passenger_vehicle,suv_mpv,in_scope,,,4960,1998,1765,2950,2561/2610,2561.0,76.0,76.0,400,400.0,380/375,380.0,三元锂离子电池,NCM,三元锂,210/100kW,2,310.0,2电机,中创新航科技集团股份有限公司,中创新航科技集团股份有限公司,中创新航,中创新航,same_company,M15DRE / 1499ml / 112kW / 哈尔滨东安汽车动力股份有限公司,5,20.0,190.0,5.0,15.6,2,1,0,全数据,409_XMA6500KREEVA1-多用途乘用车.md,插电式混合动力乘用车
409:XMA6500KREEVF3,409:XMA6500KREEVF3:proposed,409,XMA6500KREEVF3,小米,小米澎程N70,插电式增程混合动力,miit_gov,proposed,high,插电式增程混合动力多用途乘用车,passenger_vehicle,suv_mpv,in_scope,,,4960,1998,1785,2950,2453/2505,2453.0,52.0,52.0,380,380.0,270/265,270.0,磷酸铁锂电池,LFP,磷酸铁锂,210kW,1,210.0,单电机,南昌欣旺达新能源有限公司,南昌欣旺达新能源有限公司,欣旺达,欣旺达,same_company,M15DRE / 1499ml / 112kW / 哈尔滨东安汽车动力股份有限公司,5,19.3,136.8,5.19,15.5,2,1,0,全数据,409_XMA6500KREEVF3-多用途乘用车.md,插电式混合动力乘用车
409:XMA6530KREEVA1,409:XMA6530KREEVA1:proposed,409,XMA6530KREEVA1,小米,小米澎程N90,插电式增程混合动力,miit_gov,proposed,high,插电式增程混合动力多用途乘用车,passenger_vehicle,suv_mpv,in_scope,,,5285,1998,1825,3080,2800,2800.0,76.0,76.0,400,400.0,370,370.0,三元锂离子电池,NCM,三元锂,210/100kW,2,310.0,2电机,中创新航科技集团股份有限公司,中创新航科技集团股份有限公司,中创新航,中创新航,same_company,M15DRE / 1499ml / 112kW / 哈尔滨东安汽车动力股份有限公司,7,20.5,190.0,4.87,14.3,1,1,0,全数据,409_XMA6530KREEVA1-多用途乘用车.md,插电式混合动力乘用车
410:CC6530DC21HABEV,410:CC6530DC21HABEV:proposed,410,CC6530DC21HABEV,魏牌,魏牌V9X,纯电动,miit_gov,proposed,high,纯电动多用途乘用车,passenger_vehicle,suv_mpv,in_scope,,,5299,2025,1825,3150,,,,,,,,,镍钴锰三元锂蓄电池,NCM,三元锂,220/320kW,2,540.0,2电机,蜂巢能源科技股份有限公司,蜂巢能源科技股份有限公司,蜂巢能源,蜂巢能源,same_company,,6,,,,,1,0,0,仅增程/插混（纯电车型附件2未覆盖）,410_CC6530DC21HABEV-纯电动多用途乘用车.md,
410:CC6531BD24DHEV,410:CC6531BD24DHEV:proposed,410,CC6531BD24DHEV,魏牌,魏牌高山8,插电式混合动力,miit_gov,proposed,high,混合动力多用途乘用车,passenger_vehicle,suv_mpv,in_scope,,,5280,1960,1900,3145,,2660.0,,,,,,,镍钴锰三元锂蓄电池,NCM,三元锂,,0,0.0,,,菲格智能科技有限公司,,其他,,GW4N20B / 1998ml / 长城汽车股份有限公司,7,,,,,1,0,0,数据缺失,410_CC6531BD24DHEV-混合动力多用途乘用车.md,
410:CC6542BD24CPHEV,410:CC6542BD24CPHEV:proposed,410,CC6542BD24CPHEV,魏牌,魏牌高山9,插电式混合动力,miit_gov,proposed,high,插电式混合动力多用途乘用车,passenger_vehicle,suv_mpv,in_scope,,,5410,1960,1890,3275,,2960.0,,,,,,,镍钴锰三元锂蓄电池,NCM,三元锂,,0,0.0,,蜂巢能源科技股份有限公司,蜂巢能源科技(大冶)有限公司,蜂巢能源,蜂巢能源,same_group,GW4N20B / 1998ml / 长城汽车股份有限公司,6,,,,,1,0,0,数据缺失,410_CC6542BD24CPHEV-插电式混合动力多用途乘用车.md,
410:EQ6500MS5F0REEV,410:EQ6500MS5F0REEV:proposed,410,EQ6500MS5F0REEV,猛士,X700,插电式增程混合动力,miit_gov,proposed,high,插电式增程混合动力运动型乘用车,passenger_vehicle,suv_mpv,in_scope,,,5035,1999,1890,2920,2500,2500.0,51.46,51.46,360,360.0,244,244.0,磷酸铁锂锂离子电池,LFP,磷酸铁锂,,0,0.0,,宁德时代新能源科技股份有限公司,科新动力电池系统（湖北）有限公司,宁德时代系,宁德时代系（合资）,same_group,DFMC15TPE / 1497ml / 智新科技股份有限公司,5,21.1,142.9,4.74,14.4,1,1,0,全数据,410_EQ6500MS5F0REEV-插电式增程混合动力运动型乘用车.md,插电式混合动力乘用车
410:EQ6500MS5F3PHEV,410:EQ6500MS5F3PHEV:proposed,410,EQ6500MS5F3PHEV,猛士,X700,插电式混合动力,miit_gov,proposed,high,插电式混合动力运动型乘用车,passenger_vehicle,suv_mpv,in_scope,,,5035,1999,1910,2920,2650,2650.0,51.46,51.46,360,360.0,228,228.0,磷酸铁锂锂离子电池,LFP,磷酸铁锂,,0,0.0,,宁德时代新能源科技股份有限公司,科新动力电池系统（湖北）有限公司,宁德时代系,宁德时代系（合资）,same_group,DFMC15TE3 / 1497ml / 智新科技股份有限公司,5,22.6,142.9,4.43,13.6,1,1,0,全数据,410_EQ6500MS5F3PHEV-插电式混合动力运动型乘用车.md,插电式混合动力乘用车
410:FZ7000BEVB05J,410:FZ7000BEVB05J:proposed,410,FZ7000BEVB05J,零跑,零跑B01,纯电动,miit_gov,proposed,high,纯电动轿车,passenger_vehicle,sedan,in_scope,,,4430,1880,1510,2735,,1750.0,,,,,,,磷酸铁锂蓄电池,LFP,磷酸铁锂,185kW,1,185.0,单电机,湖北亿纬动力有限公司,凌骁能源科技（湖州）有限公司,其他,其他,same_group,,5,,,,,1,0,0,仅增程/插混（纯电车型附件2未覆盖）,410_FZ7000BEVB05J-纯电动轿车.md,
410:FZ7000BEVB05K,410:FZ7000BEVB05K:proposed,410,FZ7000BEVB05K,零跑,零跑B01,纯电动,miit_gov,proposed,high,纯电动轿车,passenger_vehicle,sedan,in_scope,,,4430,1880,1510,2735,,1695.0,,,,,,,磷酸铁锂蓄电池,LFP,磷酸铁锂,180kW,1,180.0,单电机,合肥国轩高科动力能源有限公司,凌骁能源科技（湖州）有限公司,国轩高科,其他,cross_group,,5,,,,,1,0,0,仅增程/插混（纯电车型附件2未覆盖）,410_FZ7000BEVB05K-纯电动轿车.md,
410:FZ7000BEVB05L,410:FZ7000BEVB05L:proposed,410,FZ7000BEVB05L,零跑,零跑B01,纯电动,miit_gov,proposed,high,纯电动轿车,passenger_vehicle,sedan,in_scope,,,4490,1880,1510,2735,,1750.0,,,,,,,磷酸铁锂蓄电池,LFP,磷酸铁锂,185kW,1,185.0,单电机,宁德时代新能源科技股份有限公司,凌骁能源科技（湖州）有限公司,宁德时代系,其他,cross_group,,5,,,,,1,0,0,仅增程/插混（纯电车型附件2未覆盖）,410_FZ7000BEVB05L-纯电动轿车.md,
410:MR7156D100,410:MR7156D100:proposed,410,MR7156D100,领克,领克03,,miit_gov,proposed,high,轿车,passenger_vehicle,sedan,in_scope,,,4700,1843,1460,2730,,,,,,,,,,,,,0,0.0,,,,,,,,5,,,,,1,0,0,数据缺失,410_MR7156D100-轿车.md,
410:NEQ6510REEVS5DL,410:NEQ6510REEVS5DL:proposed,410,NEQ6510REEVS5DL,爱咖,iCar V27 Max,插电式增程混合动力,miit_gov,proposed,high,插电式增程混合动力多用途乘用车,passenger_vehicle,suv_mpv,in_scope,,,5055,1976,1855,2910,,,,,,,,,磷酸铁锂蓄电池,LFP,磷酸铁锂,,0,0.0,,江苏时代新能源科技有限公司,芜湖奇达动力电池系统有限公司,宁德时代系,其他,cross_group,SQRH4J15 / 1499ml / 奇瑞汽车股份有限公司,5,,,,,1,0,0,数据缺失,410_NEQ6510REEVS5DL-插电式增程混合动力多用途乘用车.md,
410:SKE6522DBEVR1,410:SKE6522DBEVR1:proposed,410,SKE6522DBEVR1,问界,,纯电动,miit_gov,proposed,high,纯电动多用途乘用车,passenger_vehicle,suv_mpv,in_scope,,,5190,1999,1795,3105,,,,,,,,,三元锂离子蓄电池,NCM,三元锂,227kW,1,227.0,单电机,江苏时代新能源科技有限公司,四川时代新能源科技有限公司,宁德时代系,宁德时代系,same_group,,5,,,,,1,0,0,仅增程/插混（纯电车型附件2未覆盖）,410_SKE6522DBEVR1-纯电动多用途乘用车.md,
410:SKE6522DBEVR2,410:SKE6522DBEVR2:proposed,410,SKE6522DBEVR2,问界,,纯电动,miit_gov,proposed,high,纯电动多用途乘用车,passenger_vehicle,suv_mpv,in_scope,,,5190,1999,1795,3105,,,,,,,,,三元锂离子蓄电池,NCM,三元锂,227kW,1,227.0,单电机,四川时代新能源科技有限公司,宜宾三江时代新能源科技有限公司,宁德时代系,宁德时代系,same_group,,5,,,,,1,0,0,仅增程/插混（纯电车型附件2未覆盖）,410_SKE6522DBEVR2-纯电动多用途乘用车.md,
410:SKE6522DREEVR1,410:SKE6522DREEVR1:proposed,410,SKE6522DREEVR1,问界,问界M8,插电式增程混合动力,miit_gov,proposed,high,插电式增程混合动力多用途乘用车,passenger_vehicle,suv_mpv,in_scope,,,5190,1999,1795,3105,2725/2810,2725.0,56.036,56.036,406,406.0,256,256.0,磷酸铁锂蓄电池,LFP,磷酸铁锂,227kW,1,227.0,单电机,中州时代新能源科技有限公司,宜宾三江时代新能源科技有限公司,宁德时代系,宁德时代系,same_group,HG15T / 1496ml / 重庆小康动力有限公司,5,21.9,138.0,4.57,14.9,2,1,0,全数据,410_SKE6522DREEVR1-插电式增程混合动力多用途乘用车.md,插电式混合动力乘用车
410:SKE6522DREEVR2,410:SKE6522DREEVR2:proposed,410,SKE6522DREEVR2,问界,问界M8,插电式增程混合动力,miit_gov,proposed,high,插电式增程混合动力多用途乘用车,passenger_vehicle,suv_mpv,in_scope,,,5190,1999,1795,3105,2735/2820,2735.0,75.408,75.408,416,416.0,365/358,365.0,三元锂离子蓄电池,NCM,三元锂,227kW,1,227.0,单电机,江苏时代新能源科技有限公司,宜宾三江时代新能源科技有限公司,宁德时代系,宁德时代系,same_group,HG15T / 1496ml / 重庆小康动力有限公司,5,20.7,181.3,4.84,15.2,2,1,0,全数据,410_SKE6522DREEVR2-插电式增程混合动力多用途乘用车.md,插电式混合动力乘用车
410:SQR6500BEVEHX6,410:SQR6500BEVEHX6:proposed,410,SQR6500BEVEHX6,智界,智界RX,纯电动,miit_gov,proposed,high,纯电动多用途乘用车,passenger_vehicle,suv_mpv,in_scope,,,5020,2007,1600,3000,,2285.0,,,,,,,磷酸铁锂蓄电池,LFP,磷酸铁锂,277kW,1,277.0,单电机,,,,,,,5,,,,,1,0,0,仅增程/插混（纯电车型附件2未覆盖）,410_SQR6500BEVEHX6-纯电动多用途乘用车.md,
410:SQR6500BEVEHX7,410:SQR6500BEVEHX7:proposed,410,SQR6500BEVEHX7,智界,智界RX,纯电动,miit_gov,proposed,high,纯电动多用途乘用车,passenger_vehicle,suv_mpv,in_scope,,,5020,2007,1585,3000,,2400.0,,,,,,,三元锂蓄电池,NCM,三元锂,160/277kW,2,437.0,2电机,江苏时代新能源科技有限公司,江苏时代新能源科技有限公司,宁德时代系,宁德时代系,same_company,,5,,,,,1,0,0,仅增程/插混（纯电车型附件2未覆盖）,410_SQR6500BEVEHX7-纯电动多用途乘用车.md,
410:SQR6500BEVEHY9,410:SQR6500BEVEHY9:proposed,410,SQR6500BEVEHY9,智界,智界R7,纯电动,miit_gov,proposed,high,纯电动多用途乘用车,passenger_vehicle,suv_mpv,in_scope,,,4982,1981,1634,2950,,2190.0,,,,,,,三元锂蓄电池,NCM,三元锂,227kW,1,227.0,单电机,中创新航科技集团股份有限公司,中创新航科技集团股份有限公司,中创新航,中创新航,same_company,,5,,,,,1,0,0,仅增程/插混（纯电车型附件2未覆盖）,410_SQR6500BEVEHY9-纯电动多用途乘用车.md,
